# WaveFront *.obj file (generated by Autodesk ATF)

mtllib l2back.mtl

g l2back

v 100.750001 68.092393 66.400001
v 100.801765 68.092393 66.393186
v 100.850001 68.092393 66.373206
v 100.891423 68.092393 66.341422
v 100.923207 68.092393 66.300001
v 100.943187 68.092393 66.251765
v 100.950001 68.092393 66.200001
v 100.950001 77.092393 66.200001
v 100.943187 77.092393 66.251765
v 100.923207 77.092393 66.300001
v 100.891423 77.092393 66.341422
v 100.850001 77.092393 66.373206
v 100.801765 77.092393 66.393186
v 100.750001 77.092393 66.400001
v 100.801765 69.217393 66.393186
v 100.801765 70.342393 66.393186
v 100.801765 71.467393 66.393186
v 100.801765 72.592393 66.393186
v 100.801765 73.717393 66.393186
v 100.801765 74.842393 66.393186
v 100.801765 75.967393 66.393186
v 100.850001 69.217393 66.373206
v 100.850001 70.342393 66.373206
v 100.850001 71.467393 66.373206
v 100.850001 72.592393 66.373206
v 100.850001 73.717393 66.373206
v 100.850001 74.842393 66.373206
v 100.850001 75.967393 66.373206
v 100.891423 69.217393 66.341422
v 100.891423 70.342393 66.341422
v 100.891423 71.467393 66.341422
v 100.891423 72.592393 66.341422
v 100.891423 73.717393 66.341422
v 100.891423 74.842393 66.341422
v 100.891423 75.967393 66.341422
v 100.923207 69.217393 66.300001
v 100.923207 70.342393 66.300001
v 100.923207 71.467393 66.300001
v 100.923207 72.592393 66.300001
v 100.923207 73.717393 66.300001
v 100.923207 74.842393 66.300001
v 100.923207 75.967393 66.300001
v 100.943187 69.217393 66.251765
v 100.943187 70.342393 66.251765
v 100.943187 71.467393 66.251765
v 100.943187 72.592393 66.251765
v 100.943187 73.717393 66.251765
v 100.943187 74.842393 66.251765
v 100.943187 75.967393 66.251765
v 99.050001 68.092393 66.200001
v 99.056816 68.092393 66.251765
v 99.076796 68.092393 66.300001
v 99.108580 68.092393 66.341422
v 99.150001 68.092393 66.373206
v 99.198238 68.092393 66.393186
v 99.250001 68.092393 66.400001
v 99.250001 77.092393 66.400001
v 99.198238 77.092393 66.393186
v 99.150001 77.092393 66.373206
v 99.108580 77.092393 66.341422
v 99.076796 77.092393 66.300001
v 99.056816 77.092393 66.251765
v 99.050001 77.092393 66.200001
v 99.056816 69.217393 66.251765
v 99.056816 70.342393 66.251765
v 99.056816 71.467393 66.251765
v 99.056816 72.592393 66.251765
v 99.056816 73.717393 66.251765
v 99.056816 74.842393 66.251765
v 99.056816 75.967393 66.251765
v 99.076796 69.217393 66.300001
v 99.076796 70.342393 66.300001
v 99.076796 71.467393 66.300001
v 99.076796 72.592393 66.300001
v 99.076796 73.717393 66.300001
v 99.076796 74.842393 66.300001
v 99.076796 75.967393 66.300001
v 99.108580 69.217393 66.341422
v 99.108580 70.342393 66.341422
v 99.108580 71.467393 66.341422
v 99.108580 72.592393 66.341422
v 99.108580 73.717393 66.341422
v 99.108580 74.842393 66.341422
v 99.108580 75.967393 66.341422
v 99.150001 69.217393 66.373206
v 99.150001 70.342393 66.373206
v 99.150001 71.467393 66.373206
v 99.150001 72.592393 66.373206
v 99.150001 73.717393 66.373206
v 99.150001 74.842393 66.373206
v 99.150001 75.967393 66.373206
v 99.198238 69.217393 66.393186
v 99.198238 70.342393 66.393186
v 99.198238 71.467393 66.393186
v 99.198238 72.592393 66.393186
v 99.198238 73.717393 66.393186
v 99.198238 74.842393 66.393186
v 99.198238 75.967393 66.393186
v 99.050001 77.092393 65.275731
v 99.050001 68.092393 65.284790
v 100.401225 68.092393 65.362837
v 99.981185 68.092393 65.378938
v 99.808486 61.397193 65.378938
v 100.573417 61.397193 65.349617
v 99.636294 68.092393 65.365718
v 100.950001 77.092393 65.290534
v 100.950001 76.169723 65.291451
v 100.951956 76.246393 65.291150
v 100.951797 77.092393 65.290327
v 99.218719 68.092393 65.317511
v 99.048044 61.397193 65.291150
v 98.675313 77.092393 65.203063
v 98.675092 76.246393 65.203872
v 100.950001 68.092393 65.283321
v 100.744092 68.092393 65.323255
v 101.689800 77.092393 65.087517
v 102.388199 77.092393 64.774435
v 103.030619 77.092393 64.358407
v 103.602004 77.092393 63.849193
v 104.088961 77.092393 63.258719
v 104.480076 77.092393 62.600832
v 104.766183 77.092393 61.890959
v 104.940574 77.092393 61.145726
v 104.999162 77.092393 60.382605
v 104.940574 77.092393 59.619488
v 104.766183 77.092393 58.874259
v 104.480077 77.092393 58.164378
v 104.088961 77.092393 57.506500
v 103.602004 77.092393 56.916026
v 103.030619 77.092393 56.406812
v 102.388197 77.092393 55.990783
v 101.689800 77.092393 55.677697
v 100.951797 77.092393 55.474885
v 100.191483 77.092393 55.387114
v 99.426681 77.092393 55.416430
v 98.675313 77.092393 55.562151
v 97.955000 77.092393 55.820858
v 97.282617 77.092393 56.186484
v 96.673929 77.092393 56.650468
v 96.143200 77.092393 57.201929
v 95.702873 77.092393 57.827938
v 95.363265 77.092393 58.513836
v 95.132339 77.092393 59.243526
v 95.015507 77.092393 59.999926
v 95.015507 77.092393 60.765288
v 95.132339 77.092393 61.521682
v 95.363266 77.092393 62.251379
v 95.702872 77.092393 62.937269
v 96.143200 77.092393 63.563285
v 96.673929 77.092393 64.114746
v 97.282618 77.092393 64.578731
v 97.955001 77.092393 64.944361
v 107.717624 6.246392 87.809516
v 107.308554 6.246392 88.718432
v 107.308554 8.246391 88.718432
v 107.717624 8.246391 87.809516
v 100.000000 6.246392 93.136607
v 99.005090 6.246392 93.076427
v 99.005090 8.246391 93.076427
v 100.000000 8.246391 93.136607
v 100.994910 6.246392 76.688788
v 101.975311 6.246392 76.868453
v 101.975311 8.246391 76.868453
v 100.994910 8.246391 76.688788
v 102.926909 6.246392 77.164984
v 102.926909 8.246391 77.164984
v 103.835825 6.246392 77.574053
v 103.835825 8.246391 77.574053
v 98.024689 6.246392 92.896762
v 98.024689 8.246391 92.896762
v 108.014154 6.246392 82.907295
v 108.193819 6.246392 83.887696
v 108.193819 8.246391 83.887696
v 108.014154 8.246391 82.907295
v 104.688806 6.246392 78.089697
v 104.688806 8.246391 78.089697
v 107.717624 6.246392 81.955698
v 107.717624 8.246391 81.955698
v 105.473414 6.246392 78.704400
v 105.473414 8.246391 78.704400
v 104.688806 6.246392 91.675518
v 103.835825 6.246392 92.191162
v 103.835825 8.246391 92.191162
v 104.688806 8.246391 91.675518
v 106.178208 6.246392 79.409194
v 106.178208 8.246391 79.409194
v 96.164175 6.246392 92.191162
v 95.311194 6.246392 91.675518
v 95.311194 8.246391 91.675518
v 96.164175 8.246391 92.191162
v 106.792910 6.246392 89.571414
v 106.178208 6.246392 90.356021
v 106.178208 8.246391 90.356021
v 106.792910 8.246391 89.571414
v 106.792910 6.246392 80.193801
v 106.792910 8.246391 80.193801
v 94.526586 6.246392 91.060815
v 94.526586 8.246391 91.060815
v 93.821792 6.246392 90.356021
v 93.821792 8.246391 90.356021
v 93.207090 6.246392 80.193801
v 93.821792 6.246392 79.409194
v 93.821792 8.246391 79.409194
v 93.207090 8.246391 80.193801
v 92.691446 6.246392 81.046782
v 92.691446 8.246391 81.046782
v 92.282376 6.246392 81.955698
v 92.282376 8.246391 81.955698
v 91.985846 6.246392 82.907295
v 91.985846 8.246391 82.907295
v 91.746000 6.246392 84.882607
v 91.806181 6.246392 83.887696
v 91.806181 8.246391 83.887696
v 91.746000 8.246391 84.882607
v 91.806181 6.246392 85.877517
v 91.806181 8.246391 85.877517
v 91.985846 6.246392 86.857919
v 91.985846 8.246391 86.857919
v 108.254000 6.246392 84.882607
v 108.193819 6.246392 85.877517
v 108.193819 8.246391 85.877517
v 108.254000 8.246391 84.882607
v 108.014154 6.246392 86.857919
v 108.014154 8.246391 86.857919
v 102.926909 6.246392 92.600231
v 102.926909 8.246391 92.600231
v 105.661466 6.246392 86.146039
v 105.346000 6.246392 86.015369
v 105.075104 6.246392 85.807503
v 104.867239 6.246392 85.536608
v 104.736569 6.246392 85.221143
v 104.692000 6.246392 84.882607
v 104.736569 6.246392 84.544072
v 104.867239 6.246392 84.228609
v 105.075104 6.246392 83.957710
v 105.346000 6.246392 83.749847
v 105.661466 6.246392 83.619177
v 106.000000 6.246392 83.574607
v 106.338535 6.246392 83.619177
v 106.654000 6.246392 83.749847
v 106.924896 6.246392 83.957710
v 107.132761 6.246392 84.228609
v 107.263431 6.246392 84.544072
v 107.308000 6.246392 84.882607
v 107.263431 6.246392 85.221143
v 107.132761 6.246392 85.536608
v 106.924896 6.246392 85.807503
v 106.654000 6.246392 86.015369
v 106.338535 6.246392 86.146039
v 106.000000 6.246392 86.190608
v 99.075104 6.246392 91.807504
v 98.867239 6.246392 91.536608
v 98.736569 6.246392 91.221142
v 98.692000 6.246392 90.882608
v 98.736569 6.246392 90.544074
v 98.867239 6.246392 90.228608
v 99.075104 6.246392 89.957712
v 99.346000 6.246392 89.749846
v 99.661465 6.246392 89.619176
v 100.000000 6.246392 89.574608
v 100.338535 6.246392 89.619176
v 100.654000 6.246392 89.749846
v 100.924896 6.246392 89.957712
v 101.132761 6.246392 90.228608
v 101.263431 6.246392 90.544074
v 101.308000 6.246392 90.882608
v 101.263431 6.246392 91.221142
v 101.132761 6.246392 91.536608
v 100.924896 6.246392 91.807504
v 100.654000 6.246392 92.015369
v 100.338535 6.246392 92.146039
v 100.000000 6.246392 92.190608
v 99.661465 6.246392 92.146039
v 99.346000 6.246392 92.015369
v 100.000000 6.246392 80.190609
v 99.661465 6.246392 80.146039
v 99.346000 6.246392 80.015368
v 99.075104 6.246392 79.807503
v 98.867239 6.246392 79.536607
v 98.736569 6.246392 79.221141
v 98.692000 6.246392 78.882608
v 98.736569 6.246392 78.544073
v 98.867239 6.246392 78.228607
v 99.075104 6.246392 77.957711
v 99.346000 6.246392 77.749846
v 99.661465 6.246392 77.619176
v 100.000000 6.246392 77.574606
v 100.338535 6.246392 77.619176
v 100.654000 6.246392 77.749846
v 100.924896 6.246392 77.957711
v 101.132761 6.246392 78.228607
v 101.263431 6.246392 78.544073
v 101.308000 6.246392 78.882608
v 101.263431 6.246392 79.221141
v 101.132761 6.246392 79.536607
v 100.924896 6.246392 79.807503
v 100.654000 6.246392 80.015368
v 100.338535 6.246392 80.146039
v 94.654000 6.246392 86.015369
v 94.338534 6.246392 86.146039
v 94.000000 6.246392 86.190608
v 93.661465 6.246392 86.146039
v 93.346000 6.246392 86.015369
v 93.075104 6.246392 85.807503
v 92.867239 6.246392 85.536608
v 92.736569 6.246392 85.221143
v 92.692000 6.246392 84.882607
v 92.736569 6.246392 84.544072
v 92.867239 6.246392 84.228609
v 93.075104 6.246392 83.957710
v 93.346000 6.246392 83.749847
v 93.661465 6.246392 83.619177
v 94.000000 6.246392 83.574607
v 94.338534 6.246392 83.619177
v 94.654000 6.246392 83.749847
v 94.924896 6.246392 83.957710
v 95.132761 6.246392 84.228609
v 95.263431 6.246392 84.544072
v 95.308000 6.246392 84.882607
v 95.263431 6.246392 85.221143
v 95.132761 6.246392 85.536608
v 94.924896 6.246392 85.807503
v 107.308554 6.246392 81.046782
v 100.000000 6.246392 76.628609
v 99.005090 6.246392 76.688788
v 98.024689 6.246392 76.868453
v 97.073091 6.246392 77.164984
v 96.164175 6.246392 77.574053
v 95.311194 6.246392 78.089697
v 94.526586 6.246392 78.704400
v 92.282376 6.246392 87.809516
v 92.691446 6.246392 88.718432
v 93.207090 6.246392 89.571414
v 97.073091 6.246392 92.600231
v 100.994910 6.246392 93.076427
v 101.975311 6.246392 92.896762
v 105.473414 6.246392 91.060815
v 97.073091 8.246391 92.600231
v 93.207090 8.246391 89.571414
v 92.691446 8.246391 88.718432
v 92.282376 8.246391 87.809516
v 105.473414 8.246391 91.060815
v 107.308554 8.246391 81.046782
v 99.005090 8.246391 76.688788
v 85.709306 8.246391 74.781814
v 84.925599 8.246391 75.993714
v 86.590209 8.246391 73.638608
v 87.562315 8.246391 72.571878
v 88.619015 8.246391 71.588879
v 89.753122 8.246391 70.696294
v 90.956919 8.246391 69.900193
v 92.222221 8.246391 69.205995
v 92.747200 8.246391 68.904629
v 93.231912 8.246391 68.542032
v 93.717687 8.246391 68.162873
v 93.669255 8.246391 68.123515
v 93.766364 8.246391 68.201928
v 93.815283 8.246391 68.240676
v 95.149121 8.246391 67.804155
v 96.513271 8.246391 67.474356
v 117.141314 8.246391 81.357646
v 116.792567 8.246391 79.957190
v 116.329606 8.246391 78.590233
v 115.755583 8.246391 77.266073
v 115.074401 8.246391 75.993714
v 114.290694 8.246391 74.781814
v 113.409791 8.246391 73.638608
v 112.437685 8.246391 72.571878
v 111.380985 8.246391 71.588879
v 110.246878 8.246391 70.696294
v 109.043081 8.246391 69.900193
v 107.777779 8.246391 69.205995
v 107.252800 8.246391 68.904629
v 106.768088 8.246391 68.542032
v 106.282313 8.246391 68.162873
v 106.330745 8.246391 68.123515
v 106.233636 8.246391 68.201928
v 106.184717 8.246391 68.240676
v 104.850879 8.246391 67.804155
v 103.486729 8.246391 67.474356
v 102.100791 8.246391 67.253337
v 100.701725 8.246391 67.142479
v 100.000000 8.246391 76.628609
v 99.298275 8.246391 67.142479
v 97.899209 8.246391 67.253337
v 98.024689 8.246391 76.868453
v 97.073091 8.246391 77.164984
v 96.164175 8.246391 77.574053
v 95.311194 8.246391 78.089697
v 94.526586 8.246391 78.704400
v 84.244417 8.246391 77.266073
v 83.670394 8.246391 78.590233
v 83.207433 8.246391 79.957190
v 82.858686 8.246391 81.357646
v 82.626520 8.246391 82.782078
v 82.512519 8.246391 84.220796
v 82.517453 8.246391 85.664014
v 82.641294 8.246391 87.101917
v 82.883196 8.246391 88.524728
v 83.241514 8.246391 89.922765
v 83.713814 8.246391 91.286525
v 84.296880 8.246391 92.606728
v 84.986749 8.246391 93.874397
v 85.778726 8.246391 95.080911
v 86.667428 8.246391 96.218063
v 87.646809 8.246391 97.278117
v 88.710207 8.246391 98.253868
v 89.850391 8.246391 99.138675
v 91.059605 8.246391 99.926522
v 92.329628 8.246391 100.612050
v 93.651817 8.246391 101.190599
v 95.017183 8.246391 101.658231
v 96.416439 8.246391 102.011768
v 97.840068 8.246391 102.248801
v 99.278387 8.246391 102.367723
v 100.721613 8.246391 102.367723
v 100.994910 8.246391 93.076427
v 102.159932 8.246391 102.248801
v 103.583561 8.246391 102.011768
v 101.975311 8.246391 92.896762
v 104.982817 8.246391 101.658231
v 106.348183 8.246391 101.190599
v 107.670372 8.246391 100.612050
v 108.940395 8.246391 99.926522
v 110.149609 8.246391 99.138675
v 111.289793 8.246391 98.253868
v 112.353191 8.246391 97.278117
v 113.332572 8.246391 96.218063
v 114.221274 8.246391 95.080911
v 115.013251 8.246391 93.874397
v 115.703120 8.246391 92.606728
v 116.286186 8.246391 91.286525
v 116.758486 8.246391 89.922765
v 117.116804 8.246391 88.524728
v 117.358706 8.246391 87.101917
v 117.482547 8.246391 85.664014
v 117.373480 8.246391 82.782078
v 117.487481 8.246391 84.220796
v 109.043081 2.000389 69.900193
v 107.777779 2.000389 69.205995
v 110.246878 2.000389 70.696294
v 111.380985 2.000389 71.588879
v 112.437685 2.000389 72.571878
v 113.409791 2.000389 73.638608
v 114.290694 2.000389 74.781814
v 115.074401 2.000389 75.993714
v 115.755583 2.000389 77.266073
v 116.329606 2.000389 78.590233
v 116.792567 2.000389 79.957190
v 117.141314 2.000389 81.357646
v 117.373480 2.000389 82.782078
v 117.487481 2.000389 84.220796
v 117.482547 2.000389 85.664014
v 117.358706 2.000389 87.101917
v 117.116804 2.000389 88.524728
v 116.758486 2.000389 89.922765
v 116.286186 2.000389 91.286525
v 115.703120 2.000389 92.606728
v 115.013251 2.000389 93.874397
v 114.221274 2.000389 95.080911
v 113.332572 2.000389 96.218063
v 112.353191 2.000389 97.278117
v 111.289793 2.000389 98.253868
v 110.149609 2.000389 99.138675
v 108.940395 2.000389 99.926522
v 107.670372 2.000389 100.612050
v 106.348183 2.000389 101.190599
v 104.982817 2.000389 101.658231
v 103.583561 2.000389 102.011768
v 102.159932 2.000389 102.248801
v 100.721613 2.000389 102.367723
v 99.278387 2.000389 102.367723
v 97.840068 2.000389 102.248801
v 96.416439 2.000389 102.011768
v 95.017183 2.000389 101.658231
v 93.651817 2.000389 101.190599
v 92.329628 2.000389 100.612050
v 91.059605 2.000389 99.926522
v 89.850391 2.000389 99.138675
v 88.710207 2.000389 98.253868
v 87.646809 2.000389 97.278117
v 86.667428 2.000389 96.218063
v 85.778726 2.000389 95.080911
v 84.986749 2.000389 93.874397
v 84.296880 2.000389 92.606728
v 83.713814 2.000389 91.286525
v 83.241514 2.000389 89.922765
v 82.883196 2.000389 88.524728
v 82.641294 2.000389 87.101917
v 82.517453 2.000389 85.664014
v 82.512519 2.000389 84.220796
v 82.626520 2.000389 82.782078
v 82.858686 2.000389 81.357646
v 83.207433 2.000389 79.957190
v 83.670394 2.000389 78.590233
v 84.244417 2.000389 77.266073
v 84.925599 2.000389 75.993714
v 85.709306 2.000389 74.781814
v 86.590209 2.000389 73.638608
v 87.562315 2.000389 72.571878
v 88.619015 2.000389 71.588879
v 89.753122 2.000389 70.696294
v 90.956919 2.000389 69.900193
v 92.222221 2.000389 69.205995
v 92.867239 2.500391 84.228609
v 92.736569 2.500391 84.544072
v 93.075104 2.500391 83.957710
v 93.346000 2.500391 83.749847
v 93.661465 2.500391 83.619177
v 94.000000 2.500391 83.574607
v 94.338534 2.500391 83.619177
v 94.654000 2.500391 83.749847
v 94.924896 2.500391 83.957710
v 95.132761 2.500391 84.228609
v 95.263431 2.500391 84.544072
v 95.308000 2.500391 84.882607
v 95.263431 2.500391 85.221143
v 95.132761 2.500391 85.536608
v 94.924896 2.500391 85.807503
v 94.654000 2.500391 86.015369
v 94.338534 2.500391 86.146039
v 94.000000 2.500391 86.190608
v 93.661465 2.500391 86.146039
v 93.346000 2.500391 86.015369
v 93.075104 2.500391 85.807503
v 92.867239 2.500391 85.536608
v 92.736569 2.500391 85.221143
v 92.692000 2.500391 84.882607
v 104.867239 2.500391 84.228609
v 104.736569 2.500391 84.544072
v 105.075104 2.500391 83.957710
v 105.346000 2.500391 83.749847
v 105.661466 2.500391 83.619177
v 106.000000 2.500391 83.574607
v 106.338535 2.500391 83.619177
v 106.654000 2.500391 83.749847
v 106.924896 2.500391 83.957710
v 107.132761 2.500391 84.228609
v 107.263431 2.500391 84.544072
v 107.308000 2.500391 84.882607
v 107.263431 2.500391 85.221143
v 107.132761 2.500391 85.536608
v 106.924896 2.500391 85.807503
v 106.654000 2.500391 86.015369
v 106.338535 2.500391 86.146039
v 106.000000 2.500391 86.190608
v 105.661466 2.500391 86.146039
v 105.346000 2.500391 86.015369
v 105.075104 2.500391 85.807503
v 104.867239 2.500391 85.536608
v 104.736569 2.500391 85.221143
v 104.692000 2.500391 84.882607
v 98.867239 2.500391 90.228608
v 98.736569 2.500391 90.544074
v 99.075104 2.500391 89.957712
v 99.346000 2.500391 89.749846
v 99.661465 2.500391 89.619176
v 100.000000 2.500391 89.574608
v 100.338535 2.500391 89.619176
v 100.654000 2.500391 89.749846
v 100.924896 2.500391 89.957712
v 101.132761 2.500391 90.228608
v 101.263431 2.500391 90.544074
v 101.308000 2.500391 90.882608
v 101.263431 2.500391 91.221142
v 101.132761 2.500391 91.536608
v 100.924896 2.500391 91.807504
v 100.654000 2.500391 92.015369
v 100.338535 2.500391 92.146039
v 100.000000 2.500391 92.190608
v 99.661465 2.500391 92.146039
v 99.346000 2.500391 92.015369
v 99.075104 2.500391 91.807504
v 98.867239 2.500391 91.536608
v 98.736569 2.500391 91.221142
v 98.692000 2.500391 90.882608
v 98.867239 2.500391 78.228607
v 98.736569 2.500391 78.544073
v 99.075104 2.500391 77.957711
v 99.346000 2.500391 77.749846
v 99.661465 2.500391 77.619176
v 100.000000 2.500391 77.574606
v 100.338535 2.500391 77.619176
v 100.654000 2.500391 77.749846
v 100.924896 2.500391 77.957711
v 101.132761 2.500391 78.228607
v 101.263431 2.500391 78.544073
v 101.308000 2.500391 78.882608
v 101.263431 2.500391 79.221141
v 101.132761 2.500391 79.536607
v 100.924896 2.500391 79.807503
v 100.654000 2.500391 80.015368
v 100.338535 2.500391 80.146039
v 100.000000 2.500391 80.190609
v 99.661465 2.500391 80.146039
v 99.346000 2.500391 80.015368
v 99.075104 2.500391 79.807503
v 98.867239 2.500391 79.536607
v 98.736569 2.500391 79.221141
v 98.692000 2.500391 78.882608
v 97.558449 2.500391 78.345182
v 97.731061 2.500391 77.832885
v 98.009767 2.500391 77.369671
v 98.381534 2.500391 76.977203
v 98.828979 2.500391 76.673827
v 99.331179 2.500391 76.473732
v 99.864653 2.500391 76.386273
v 100.404455 2.500391 76.415541
v 100.925345 2.500391 76.560166
v 101.402968 2.500391 76.813385
v 101.814989 2.500391 77.163358
v 102.142143 2.500391 77.593722
v 102.369133 2.500391 78.084354
v 102.485345 2.500391 78.612309
v 102.485345 2.500391 79.152906
v 102.369133 2.500391 79.680862
v 102.142143 2.500391 80.171492
v 101.814989 2.500391 80.601857
v 101.402968 2.500391 80.951829
v 100.925345 2.500391 81.205049
v 100.404455 2.500391 81.349673
v 99.864653 2.500391 81.378942
v 99.331179 2.500391 81.291482
v 98.828979 2.500391 81.091387
v 98.381534 2.500391 80.788012
v 98.009767 2.500391 80.395544
v 97.731061 2.500391 79.932330
v 97.558449 2.500391 79.420033
v 97.500000 2.500391 78.882608
v 97.731061 0.000391 79.932330
v 97.558449 0.000391 79.420033
v 98.009767 0.000391 80.395544
v 98.381534 0.000391 80.788012
v 98.828979 0.000391 81.091387
v 99.331179 0.000391 81.291482
v 99.864653 0.000391 81.378942
v 100.404455 0.000391 81.349673
v 100.925345 0.000391 81.205049
v 101.402968 0.000391 80.951829
v 101.814989 0.000391 80.601857
v 102.142143 0.000391 80.171492
v 102.369133 0.000391 79.680862
v 102.485345 0.000391 79.152906
v 102.485345 0.000391 78.612309
v 102.369133 0.000391 78.084354
v 102.142143 0.000391 77.593722
v 101.814989 0.000391 77.163358
v 101.402968 0.000391 76.813385
v 100.925345 0.000391 76.560166
v 100.404455 0.000391 76.415541
v 99.864653 0.000391 76.386273
v 99.331179 0.000391 76.473732
v 98.828979 0.000391 76.673827
v 98.381534 0.000391 76.977203
v 98.009767 0.000391 77.369671
v 97.731061 0.000391 77.832885
v 97.558449 0.000391 78.345182
v 97.500000 0.000391 78.882608
v 97.558449 2.500391 90.345182
v 97.731061 2.500391 89.832884
v 98.009767 2.500391 89.369671
v 98.381534 2.500391 88.977202
v 98.828979 2.500391 88.673828
v 99.331179 2.500391 88.473732
v 99.864653 2.500391 88.386273
v 100.404455 2.500391 88.415542
v 100.925345 2.500391 88.560165
v 101.402968 2.500391 88.813386
v 101.814989 2.500391 89.163358
v 102.142143 2.500391 89.593723
v 102.369133 2.500391 90.084354
v 102.485345 2.500391 90.612309
v 102.485345 2.500391 91.152906
v 102.369133 2.500391 91.680862
v 102.142143 2.500391 92.171493
v 101.814989 2.500391 92.601857
v 101.402968 2.500391 92.951829
v 100.925345 2.500391 93.205049
v 100.404455 2.500391 93.349674
v 99.864653 2.500391 93.378942
v 99.331179 2.500391 93.291483
v 98.828979 2.500391 93.091388
v 98.381534 2.500391 92.788012
v 98.009767 2.500391 92.395544
v 97.731061 2.500391 91.932330
v 97.558449 2.500391 91.420033
v 97.500000 2.500391 90.882608
v 97.731061 0.000391 91.932330
v 97.558449 0.000391 91.420033
v 98.009767 0.000391 92.395544
v 98.381534 0.000391 92.788012
v 98.828979 0.000391 93.091388
v 99.331179 0.000391 93.291483
v 99.864653 0.000391 93.378942
v 100.404455 0.000391 93.349674
v 100.925345 0.000391 93.205049
v 101.402968 0.000391 92.951829
v 101.814989 0.000391 92.601857
v 102.142143 0.000391 92.171493
v 102.369133 0.000391 91.680862
v 102.485345 0.000391 91.152906
v 102.485345 0.000391 90.612309
v 102.369133 0.000391 90.084354
v 102.142143 0.000391 89.593723
v 101.814989 0.000391 89.163358
v 101.402968 0.000391 88.813386
v 100.925345 0.000391 88.560165
v 100.404455 0.000391 88.415542
v 99.864653 0.000391 88.386273
v 99.331179 0.000391 88.473732
v 98.828979 0.000391 88.673828
v 98.381534 0.000391 88.977202
v 98.009767 0.000391 89.369671
v 97.731061 0.000391 89.832884
v 97.558449 0.000391 90.345182
v 97.500000 0.000391 90.882608
v 103.558449 2.500391 84.345181
v 103.731061 2.500391 83.832884
v 104.009767 2.500391 83.369672
v 104.381534 2.500391 82.977202
v 104.828979 2.500391 82.673826
v 105.331179 2.500391 82.473733
v 105.864653 2.500391 82.386274
v 106.404455 2.500391 82.415543
v 106.925345 2.500391 82.560165
v 107.402968 2.500391 82.813385
v 107.814989 2.500391 83.163359
v 108.142143 2.500391 83.593721
v 108.369133 2.500391 84.084353
v 108.485345 2.500391 84.612310
v 108.485345 2.500391 85.152905
v 108.369133 2.500391 85.680861
v 108.142143 2.500391 86.171492
v 107.814989 2.500391 86.601857
v 107.402968 2.500391 86.951829
v 106.925345 2.500391 87.205050
v 106.404455 2.500391 87.349674
v 105.864653 2.500391 87.378942
v 105.331179 2.500391 87.291483
v 104.828979 2.500391 87.091388
v 104.381534 2.500391 86.788013
v 104.009767 2.500391 86.395544
v 103.731061 2.500391 85.932331
v 103.558449 2.500391 85.420034
v 103.500000 2.500391 84.882607
v 103.731061 0.000391 85.932331
v 103.558449 0.000391 85.420034
v 104.009767 0.000391 86.395544
v 104.381534 0.000391 86.788013
v 104.828979 0.000391 87.091388
v 105.331179 0.000391 87.291483
v 105.864653 0.000391 87.378942
v 106.404455 0.000391 87.349674
v 106.925345 0.000391 87.205050
v 107.402968 0.000391 86.951829
v 107.814989 0.000391 86.601857
v 108.142143 0.000391 86.171492
v 108.369133 0.000391 85.680861
v 108.485345 0.000391 85.152905
v 108.485345 0.000391 84.612310
v 108.369133 0.000391 84.084353
v 108.142143 0.000391 83.593721
v 107.814989 0.000391 83.163359
v 107.402968 0.000391 82.813385
v 106.925345 0.000391 82.560165
v 106.404455 0.000391 82.415543
v 105.864653 0.000391 82.386274
v 105.331179 0.000391 82.473733
v 104.828979 0.000391 82.673826
v 104.381534 0.000391 82.977202
v 104.009767 0.000391 83.369672
v 103.731061 0.000391 83.832884
v 103.558449 0.000391 84.345181
v 103.500000 0.000391 84.882607
v 91.558449 2.500391 84.345181
v 91.731061 2.500391 83.832884
v 92.009767 2.500391 83.369672
v 92.381534 2.500391 82.977202
v 92.828979 2.500391 82.673826
v 93.331179 2.500391 82.473733
v 93.864653 2.500391 82.386274
v 94.404455 2.500391 82.415543
v 94.925345 2.500391 82.560165
v 95.402968 2.500391 82.813385
v 95.814989 2.500391 83.163359
v 96.142143 2.500391 83.593721
v 96.369133 2.500391 84.084353
v 96.485345 2.500391 84.612310
v 96.485345 2.500391 85.152905
v 96.369133 2.500391 85.680861
v 96.142143 2.500391 86.171492
v 95.814989 2.500391 86.601857
v 95.402968 2.500391 86.951829
v 94.925345 2.500391 87.205050
v 94.404455 2.500391 87.349674
v 93.864653 2.500391 87.378942
v 93.331179 2.500391 87.291483
v 92.828979 2.500391 87.091388
v 92.381534 2.500391 86.788013
v 92.009767 2.500391 86.395544
v 91.731061 2.500391 85.932331
v 91.558449 2.500391 85.420034
v 91.500000 2.500391 84.882607
v 91.731061 0.000391 85.932331
v 91.558449 0.000391 85.420034
v 92.009767 0.000391 86.395544
v 92.381534 0.000391 86.788013
v 92.828979 0.000391 87.091388
v 93.331179 0.000391 87.291483
v 93.864653 0.000391 87.378942
v 94.404455 0.000391 87.349674
v 94.925345 0.000391 87.205050
v 95.402968 0.000391 86.951829
v 95.814989 0.000391 86.601857
v 96.142143 0.000391 86.171492
v 96.369133 0.000391 85.680861
v 96.485345 0.000391 85.152905
v 96.485345 0.000391 84.612310
v 96.369133 0.000391 84.084353
v 96.142143 0.000391 83.593721
v 95.814989 0.000391 83.163359
v 95.402968 0.000391 82.813385
v 94.925345 0.000391 82.560165
v 94.404455 0.000391 82.415543
v 93.864653 0.000391 82.386274
v 93.331179 0.000391 82.473733
v 92.828979 0.000391 82.673826
v 92.381534 0.000391 82.977202
v 92.009767 0.000391 83.369672
v 91.731061 0.000391 83.832884
v 91.558449 0.000391 84.345181
v 91.500000 0.000391 84.882607
v 105.000000 2.000389 60.382605
v 105.000000 11.277008 62.433271
v 105.000000 10.352562 63.559351
v 105.000000 12.267483 61.370792
v 105.000000 13.246391 60.382605
v 105.000000 2.000389 64.726963
v 105.000000 9.936076 64.140058
v 105.000000 9.558492 64.726963
v 105.014125 9.333821 65.103397
v 105.048073 2.000389 65.418639
v 105.061517 9.100764 65.509772
v 105.149704 8.872319 65.941610
v 105.191366 2.000389 66.097016
v 105.285965 8.661795 66.393695
v 105.427126 2.000389 66.749048
v 105.471508 8.486619 66.846867
v 105.707744 8.355408 67.291532
v 105.750817 2.000389 67.362194
v 105.996390 8.273757 67.722139
v 106.156216 2.000389 67.924671
v 106.635528 2.000389 68.425655
v 107.179535 2.000389 68.855519
v 90.788789 0.000391 72.416511
v 91.918748 0.000391 71.655991
v 89.729956 0.000391 73.273292
v 88.750430 0.000391 74.219718
v 102.771639 0.000391 59.234557
v 102.942356 0.000391 59.797335
v 103.000000 0.000391 60.382605
v 102.494409 0.000391 58.715897
v 102.121320 0.000391 58.261290
v 101.666711 0.000391 57.888198
v 101.148050 0.000391 57.610970
v 100.585271 0.000391 57.440252
v 100.000000 0.000391 57.382607
v 97.228361 0.000391 59.234557
v 97.000000 0.000391 60.382605
v 97.057644 0.000391 59.797335
v 97.505591 0.000391 58.715897
v 97.878680 0.000391 58.261290
v 98.333289 0.000391 57.888198
v 98.851950 0.000391 57.610970
v 99.414729 0.000391 57.440252
v 97.000000 0.000391 64.726963
v 103.000000 0.000391 64.726963
v 96.946805 0.000391 65.588295
v 103.053195 0.000391 65.588295
v 96.788030 0.000391 66.436539
v 103.211970 0.000391 66.436539
v 96.526087 0.000391 67.258797
v 103.473913 0.000391 67.258797
v 103.835043 0.000391 68.042576
v 96.164957 0.000391 68.042576
v 95.710130 0.000391 68.775964
v 95.168517 0.000391 69.447813
v 94.548351 0.000391 70.047913
v 93.859057 0.000391 70.567141
v 93.111111 0.000391 70.997608
v 84.658896 0.000391 82.668893
v 84.523785 0.000391 84.024231
v 84.912468 0.000391 81.330647
v 85.282546 0.000391 80.019832
v 85.766273 0.000391 78.746564
v 86.359911 0.000391 77.520680
v 87.058876 0.000391 76.351645
v 88.509097 0.000391 95.284970
v 87.640241 0.000391 94.236022
v 86.866828 0.000391 93.114849
v 86.194829 0.000391 91.930108
v 85.629431 0.000391 90.690944
v 85.175004 0.000391 89.406930
v 84.835054 0.000391 88.087980
v 84.612207 0.000391 86.744276
v 84.508182 0.000391 85.386199
v 109.211211 0.000391 72.416511
v 110.270044 0.000391 73.273292
v 111.249570 0.000391 74.219718
v 112.142228 0.000391 75.248485
v 112.941124 0.000391 76.351645
v 113.640089 0.000391 77.520680
v 114.233727 0.000391 78.746564
v 114.717454 0.000391 80.019832
v 115.087532 0.000391 81.330647
v 115.341104 0.000391 82.668893
v 115.476215 0.000391 84.024231
v 115.491818 0.000391 85.386199
v 115.387793 0.000391 86.744276
v 115.164946 0.000391 88.087980
v 114.824996 0.000391 89.406930
v 114.370569 0.000391 90.690944
v 113.805171 0.000391 91.930108
v 113.133172 0.000391 93.114849
v 112.359759 0.000391 94.236022
v 111.490903 0.000391 95.284970
v 110.533317 0.000391 96.253589
v 109.494392 0.000391 97.134404
v 108.382152 0.000391 97.920611
v 107.205186 0.000391 98.606138
v 105.972582 0.000391 99.185694
v 104.693857 0.000391 99.654802
v 103.378887 0.000391 100.009838
v 102.037826 0.000391 100.248064
v 100.681028 0.000391 100.367640
v 99.318972 0.000391 100.367640
v 97.962174 0.000391 100.248064
v 96.621113 0.000391 100.009838
v 95.306143 0.000391 99.654802
v 94.027418 0.000391 99.185694
v 92.794814 0.000391 98.606138
v 91.617848 0.000391 97.920611
v 87.857772 0.000391 75.248485
v 104.289870 0.000391 68.775964
v 104.831483 0.000391 69.447813
v 105.451649 0.000391 70.047913
v 106.140943 0.000391 70.567141
v 106.888889 0.000391 70.997608
v 108.081252 0.000391 71.655991
v 89.466683 0.000391 96.253589
v 90.505608 0.000391 97.134404
v 92.820465 2.000389 68.855519
v 93.364472 2.000389 68.425655
v 93.843784 2.000389 67.924671
v 94.003680 8.273769 67.722068
v 94.249183 2.000389 67.362194
v 94.291121 8.354974 67.293510
v 94.572874 2.000389 66.749048
v 94.529091 8.487079 66.845374
v 94.717477 8.666036 66.383948
v 94.808634 2.000389 66.097016
v 94.852350 8.876813 65.933280
v 94.951927 2.000389 65.418639
v 94.939389 9.104755 65.503106
v 94.986102 9.336429 65.099139
v 95.000000 2.000389 64.726963
v 95.000000 9.558492 64.726963
v 95.000000 12.267483 61.370792
v 95.000000 13.246391 60.382605
v 95.000000 2.000389 60.382605
v 95.000000 9.936076 64.140058
v 95.000000 10.352562 63.559351
v 95.000000 11.277008 62.433271
v 95.050144 1.555348 64.726963
v 95.050144 1.555348 60.382605
v 95.198062 1.132622 64.726963
v 95.198062 1.132622 60.382605
v 95.436337 0.753413 64.726963
v 95.436337 0.753413 60.382605
v 95.753020 0.436731 64.726963
v 95.753020 0.436731 60.382605
v 96.132233 0.198455 64.726963
v 96.132233 0.198455 60.382605
v 96.554958 0.050535 64.726963
v 96.554958 0.050535 60.382605
v 96.708012 0.050535 59.367161
v 96.593436 0.050535 59.869151
v 96.896125 0.050535 58.887863
v 97.153573 0.050535 58.441944
v 97.474606 0.050535 58.039384
v 97.852052 0.050535 57.689166
v 98.277479 0.050535 57.399111
v 98.741385 0.050535 57.175708
v 99.233406 0.050535 57.023940
v 99.742552 0.050535 56.947198
v 100.257448 0.050535 56.947198
v 100.766594 0.050535 57.023940
v 101.258615 0.050535 57.175708
v 101.722521 0.050535 57.399111
v 102.147948 0.050535 57.689166
v 102.525394 0.050535 58.039384
v 102.846427 0.050535 58.441944
v 103.103875 0.050535 58.887863
v 103.291988 0.050535 59.367161
v 103.406564 0.050535 59.869151
v 103.445042 0.050535 60.382605
v 96.175432 0.198455 59.806147
v 96.304067 0.198455 59.242563
v 96.515262 0.198455 58.704443
v 96.804301 0.198455 58.203816
v 97.164726 0.198455 57.751856
v 97.588486 0.198455 57.358665
v 98.066116 0.198455 57.033024
v 98.586946 0.198455 56.782207
v 99.139341 0.198455 56.611814
v 99.710961 0.198455 56.525655
v 100.289039 0.198455 56.525655
v 100.860659 0.198455 56.611814
v 101.413054 0.198455 56.782207
v 101.933884 0.198455 57.033024
v 102.411514 0.198455 57.358665
v 102.835274 0.198455 57.751856
v 103.195699 0.198455 58.203816
v 103.484738 0.198455 58.704443
v 103.695933 0.198455 59.242563
v 103.824568 0.198455 59.806147
v 103.867767 0.198455 60.382605
v 95.800456 0.436731 59.749632
v 95.941702 0.436731 59.130788
v 96.173604 0.436731 58.539915
v 96.490981 0.436731 57.990198
v 96.886744 0.436731 57.493925
v 97.352052 0.436731 57.062187
v 97.876510 0.436731 56.704617
v 98.448404 0.436731 56.429205
v 99.054958 0.436731 56.242108
v 99.682623 0.436731 56.147504
v 100.317377 0.436731 56.147504
v 100.945042 0.436731 56.242108
v 101.551596 0.436731 56.429205
v 102.123490 0.436731 56.704617
v 102.647948 0.436731 57.062187
v 103.113256 0.436731 57.493925
v 103.509019 0.436731 57.990198
v 103.826396 0.436731 58.539915
v 104.058298 0.436731 59.130788
v 104.199544 0.436731 59.749632
v 104.246980 0.436731 60.382605
v 95.487309 0.753413 59.702425
v 95.639088 0.753413 59.037447
v 95.888282 0.753413 58.402510
v 96.229325 0.753413 57.811804
v 96.654598 0.753413 57.278528
v 97.154603 0.753413 56.814594
v 97.718169 0.753413 56.430359
v 98.332707 0.753413 56.134415
v 98.984489 0.753413 55.933366
v 99.658957 0.753413 55.831709
v 100.341043 0.753413 55.831709
v 101.015511 0.753413 55.933366
v 101.667293 0.753413 56.134415
v 102.281831 0.753413 56.430359
v 102.845397 0.753413 56.814594
v 103.345402 0.753413 57.278528
v 103.770675 0.753413 57.811804
v 104.111718 0.753413 58.402510
v 104.360912 0.753413 59.037447
v 104.512691 0.753413 59.702425
v 104.563663 0.753413 60.382605
v 95.251696 1.132622 59.666915
v 95.411399 1.132622 58.967209
v 95.673604 1.132622 58.299122
v 96.032453 1.132622 57.677579
v 96.479931 1.132622 57.116461
v 97.006041 1.132622 56.628304
v 97.599031 1.132622 56.224008
v 98.245655 1.132622 55.912609
v 98.931468 1.132622 55.701065
v 99.641151 1.132622 55.594096
v 100.358849 1.132622 55.594096
v 101.068532 1.132622 55.701065
v 101.754345 1.132622 55.912609
v 102.400969 1.132622 56.224008
v 102.993959 1.132622 56.628304
v 103.520069 1.132622 57.116461
v 103.967547 1.132622 57.677579
v 104.326396 1.132622 58.299122
v 104.588601 1.132622 58.967209
v 104.748304 1.132622 59.666915
v 104.801938 1.132622 60.382605
v 95.105430 1.555348 59.644871
v 95.270052 1.555348 58.923612
v 95.540334 1.555348 58.234949
v 95.910237 1.555348 57.594252
v 96.371499 1.555348 57.015848
v 96.913815 1.555348 56.512651
v 97.525072 1.555348 56.095905
v 98.191615 1.555348 55.774918
v 98.898553 1.555348 55.556855
v 99.630097 1.555348 55.446596
v 100.369903 1.555348 55.446596
v 101.101447 1.555348 55.556855
v 101.808385 1.555348 55.774918
v 102.474928 1.555348 56.095905
v 103.086185 1.555348 56.512651
v 103.628501 1.555348 57.015848
v 104.089763 1.555348 57.594252
v 104.459666 1.555348 58.234949
v 104.729948 1.555348 58.923612
v 104.894570 1.555348 59.644871
v 104.949856 1.555348 60.382605
v 104.944154 2.000389 59.637394
v 104.777864 2.000389 58.908834
v 104.504844 2.000389 58.213186
v 104.131194 2.000389 57.566004
v 103.665259 2.000389 56.981745
v 103.117449 2.000389 56.473451
v 102.500000 2.000389 56.052480
v 101.826705 2.000389 55.728235
v 101.112605 2.000389 55.507965
v 100.373650 2.000389 55.396585
v 99.626350 2.000389 55.396585
v 98.887395 2.000389 55.507965
v 98.173295 2.000389 55.728235
v 97.500000 2.000389 56.052480
v 96.882551 2.000389 56.473451
v 96.334741 2.000389 56.981745
v 95.868806 2.000389 57.566004
v 95.495156 2.000389 58.213186
v 95.222136 2.000389 58.908834
v 95.055846 2.000389 59.637394
v 104.949856 1.555348 64.726963
v 104.801938 1.132622 64.726963
v 104.563663 0.753413 64.726963
v 104.246980 0.436731 64.726963
v 103.867767 0.198455 64.726963
v 103.445042 0.050535 64.726963
v 106.454029 0.050535 70.239999
v 106.131699 0.198455 69.485168
v 106.682707 0.198455 69.884467
v 105.865037 0.050535 69.813175
v 105.628324 0.198455 69.027281
v 105.326962 0.050535 69.323721
v 105.178781 0.198455 68.516436
v 104.846430 0.050535 68.777666
v 104.788604 0.198455 67.958932
v 104.429357 0.050535 68.181729
v 104.462600 0.198455 67.361631
v 104.080879 0.050535 67.543252
v 104.204782 0.198455 66.731887
v 103.805288 0.050535 66.870098
v 104.018324 0.198455 66.077454
v 103.605977 0.050535 66.170549
v 103.905523 0.198455 65.406392
v 106.370911 0.436731 69.190927
v 105.898665 0.436731 68.761351
v 105.476921 0.436731 68.282099
v 105.110874 0.436731 67.759070
v 104.805028 0.436731 67.198706
v 104.563153 0.436731 66.607904
v 104.388226 0.436731 65.993941
v 104.282400 0.436731 65.364375
v 103.485400 0.050535 65.453229
v 106.124429 0.753413 68.539271
v 105.725901 0.753413 68.086400
v 105.380002 0.753413 67.592163
v 105.090993 0.753413 67.062645
v 104.862432 0.753413 66.504364
v 104.697134 0.753413 65.924199
v 104.597134 0.753413 65.329289
v 105.913234 1.132622 67.939157
v 105.582497 1.132622 67.466583
v 105.306155 1.132622 66.960273
v 105.087612 1.132622 66.426461
v 104.929559 1.132622 65.871725
v 104.833941 1.132622 65.302889
v 105.708203 1.555348 67.388623
v 105.439725 1.555348 66.896720
v 105.227401 1.555348 66.378100
v 105.073845 1.555348 65.839148
v 104.980949 1.555348 65.286498
v 107.086685 0.050535 70.598936
v 107.268074 1.555348 68.974378
v 107.755491 1.555348 69.250913
v 107.689750 1.132622 69.383421
v 107.188056 1.132622 69.098783
v 107.583850 0.753413 69.596868
v 106.814296 1.555348 68.645539
v 107.059159 0.753413 69.299183
v 107.443102 0.436731 69.880555
v 106.720987 1.132622 68.760314
v 106.399746 1.555348 68.268447
v 106.887846 0.436731 69.565530
v 107.274563 0.198455 70.220256
v 106.570680 0.753413 68.945200
v 106.294295 1.132622 68.372178
v 106.029529 1.555348 67.847750
v 109.336395 0.050535 71.956816
v 108.239560 0.050535 71.231453
v 110.369729 0.050535 72.770090
v 111.332537 0.050535 73.665748
v 112.218268 0.050535 74.637690
v 113.020898 0.050535 75.679317
v 113.734969 0.050535 76.783533
v 114.355625 0.050535 77.942836
v 114.878644 0.050535 79.149342
v 115.300467 0.050535 80.394838
v 115.618228 0.050535 81.670856
v 115.829763 0.050535 82.968719
v 115.933636 0.050535 84.279602
v 115.929139 0.050535 85.594581
v 115.816302 0.050535 86.904721
v 115.595894 0.050535 88.201108
v 115.269414 0.050535 89.474924
v 114.839081 0.050535 90.717506
v 114.307823 0.050535 91.920404
v 113.679253 0.050535 93.075434
v 112.957647 0.050535 94.174743
v 112.147909 0.050535 95.210854
v 111.255552 0.050535 96.176718
v 110.286641 0.050535 97.065767
v 109.247769 0.050535 97.871956
v 108.145997 0.050535 98.589799
v 106.988823 0.050535 99.214416
v 105.784116 0.050535 99.741557
v 104.540070 0.050535 100.167638
v 103.265145 0.050535 100.489759
v 101.968012 0.050535 100.705732
v 100.657495 0.050535 100.814089
v 99.342505 0.050535 100.814089
v 98.031988 0.050535 100.705732
v 96.734855 0.050535 100.489759
v 95.459930 0.050535 100.167638
v 94.215884 0.050535 99.741557
v 93.011177 0.050535 99.214416
v 91.854003 0.050535 98.589799
v 90.752231 0.050535 97.871956
v 89.713359 0.050535 97.065767
v 88.744448 0.050535 96.176718
v 87.852091 0.050535 95.210854
v 87.042353 0.050535 94.174743
v 86.320747 0.050535 93.075434
v 85.692177 0.050535 91.920404
v 85.160919 0.050535 90.717506
v 84.730586 0.050535 89.474924
v 84.404106 0.050535 88.201108
v 84.183698 0.050535 86.904721
v 84.070861 0.050535 85.594581
v 84.066364 0.050535 84.279602
v 84.170237 0.050535 82.968719
v 84.381772 0.050535 81.670856
v 84.699533 0.050535 80.394838
v 85.121356 0.050535 79.149342
v 85.644375 0.050535 77.942836
v 86.265031 0.050535 76.783533
v 86.979102 0.050535 75.679317
v 87.781732 0.050535 74.637690
v 88.667463 0.050535 73.665748
v 89.630271 0.050535 72.770090
v 90.663605 0.050535 71.956816
v 91.760440 0.050535 71.231453
v 92.913315 0.050535 70.598936
v 108.458002 0.198455 70.869541
v 109.583916 0.198455 71.614134
v 110.644646 0.198455 72.448969
v 111.632979 0.198455 73.368371
v 112.542191 0.198455 74.366083
v 113.366101 0.198455 75.435324
v 114.099103 0.198455 76.568816
v 114.736212 0.198455 77.758853
v 115.273098 0.198455 78.997343
v 115.706104 0.198455 80.275860
v 116.032288 0.198455 81.585708
v 116.249431 0.198455 82.917981
v 116.356058 0.198455 84.263613
v 116.351442 0.198455 85.613457
v 116.235615 0.198455 86.958331
v 116.009363 0.198455 88.289086
v 115.674227 0.198455 89.596672
v 115.232486 0.198455 90.872197
v 114.687144 0.198455 92.106985
v 114.041909 0.198455 93.292638
v 113.301171 0.198455 94.421091
v 112.469968 0.198455 95.484670
v 111.553953 0.198455 96.476140
v 110.559354 0.198455 97.388760
v 109.492939 0.198455 98.216321
v 108.361959 0.198455 98.953196
v 107.174107 0.198455 99.594373
v 105.937461 0.198455 100.135487
v 104.660433 0.198455 100.572865
v 103.351708 0.198455 100.903528
v 102.020187 0.198455 101.125226
v 100.674926 0.198455 101.236453
v 99.325074 0.198455 101.236453
v 97.979813 0.198455 101.125226
v 96.648292 0.198455 100.903528
v 95.339567 0.198455 100.572865
v 94.062539 0.198455 100.135487
v 92.825893 0.198455 99.594373
v 91.638041 0.198455 98.953196
v 90.507061 0.198455 98.216321
v 89.440646 0.198455 97.388760
v 88.446047 0.198455 96.476140
v 87.530032 0.198455 95.484670
v 86.698829 0.198455 94.421091
v 85.958091 0.198455 93.292638
v 85.312856 0.198455 92.106985
v 84.767514 0.198455 90.872197
v 84.325773 0.198455 89.596672
v 83.990637 0.198455 88.289086
v 83.764385 0.198455 86.958331
v 83.648558 0.198455 85.613457
v 83.643942 0.198455 84.263613
v 83.750569 0.198455 82.917981
v 83.967712 0.198455 81.585708
v 84.293896 0.198455 80.275860
v 84.726902 0.198455 78.997343
v 85.263788 0.198455 77.758853
v 85.900897 0.198455 76.568816
v 86.633899 0.198455 75.435324
v 87.457809 0.198455 74.366083
v 88.367021 0.198455 73.368371
v 89.355354 0.198455 72.448969
v 90.416084 0.198455 71.614134
v 91.541998 0.198455 70.869541
v 92.725437 0.198455 70.220256
v 108.653960 0.436731 70.544882
v 109.805958 0.436731 71.306727
v 110.891263 0.436731 72.160907
v 111.902494 0.436731 73.101606
v 112.832772 0.436731 74.122434
v 113.675770 0.436731 75.216446
v 114.425753 0.436731 76.376202
v 115.077624 0.436731 77.593811
v 115.626948 0.436731 78.860993
v 116.069987 0.436731 80.169129
v 116.403729 0.436731 81.509326
v 116.625903 0.436731 82.872462
v 116.735001 0.436731 84.249272
v 116.730276 0.436731 85.630389
v 116.611766 0.436731 87.006421
v 116.380272 0.436731 88.368008
v 116.037371 0.436731 89.705888
v 115.585396 0.436731 91.010966
v 115.027419 0.436731 92.274361
v 114.367236 0.436731 93.487482
v 113.609337 0.436731 94.642081
v 112.758875 0.436731 95.730301
v 111.821637 0.436731 96.744741
v 110.803996 0.436731 97.678506
v 109.712874 0.436731 98.525239
v 108.555691 0.436731 99.279187
v 107.340319 0.436731 99.935217
v 106.075022 0.436731 100.488871
v 104.768407 0.436731 100.936382
v 103.429361 0.436731 101.274704
v 102.066991 0.436731 101.501539
v 100.690563 0.436731 101.615344
v 99.309437 0.436731 101.615344
v 97.933009 0.436731 101.501539
v 96.570639 0.436731 101.274704
v 95.231593 0.436731 100.936382
v 93.924978 0.436731 100.488871
v 92.659681 0.436731 99.935217
v 91.444309 0.436731 99.279187
v 90.287126 0.436731 98.525239
v 89.196004 0.436731 97.678506
v 88.178363 0.436731 96.744741
v 87.241125 0.436731 95.730301
v 86.390663 0.436731 94.642081
v 85.632764 0.436731 93.487482
v 84.972581 0.436731 92.274361
v 84.414604 0.436731 91.010966
v 83.962629 0.436731 89.705888
v 83.619728 0.436731 88.368008
v 83.388234 0.436731 87.006421
v 83.269724 0.436731 85.630389
v 83.264999 0.436731 84.249272
v 83.374097 0.436731 82.872462
v 83.596271 0.436731 81.509326
v 83.930013 0.436731 80.169129
v 84.373052 0.436731 78.860993
v 84.922376 0.436731 77.593811
v 85.574247 0.436731 76.376202
v 86.324230 0.436731 75.216446
v 87.167228 0.436731 74.122434
v 88.097506 0.436731 73.101606
v 89.108737 0.436731 72.160907
v 90.194042 0.436731 71.306727
v 91.346040 0.436731 70.544882
v 92.556898 0.436731 69.880555
v 108.817604 0.753413 70.273759
v 109.991388 0.753413 71.050010
v 111.097215 0.753413 71.920338
v 112.127569 0.753413 72.878828
v 113.075436 0.753413 73.918962
v 113.934376 0.753413 75.033660
v 114.698542 0.753413 76.215346
v 115.362740 0.753413 77.455978
v 115.922451 0.753413 78.747125
v 116.373869 0.753413 80.079999
v 116.713921 0.753413 81.445537
v 116.940297 0.753413 82.834451
v 117.051457 0.753413 84.237297
v 117.046645 0.753413 85.644530
v 116.925892 0.753413 87.046583
v 116.690022 0.753413 88.433917
v 116.340636 0.753413 89.797096
v 115.880114 0.753413 91.126852
v 115.311586 0.753413 92.414138
v 114.638919 0.753413 93.650200
v 113.866687 0.753413 94.826632
v 113.000144 0.753413 95.935429
v 112.045182 0.753413 96.969054
v 111.008298 0.753413 97.920474
v 109.896542 0.753413 98.783220
v 108.717478 0.753413 99.551424
v 107.479123 0.753413 100.219860
v 106.189900 0.753413 100.783982
v 104.858577 0.753413 101.239955
v 103.494210 0.753413 101.584677
v 102.106078 0.753413 101.815801
v 100.703621 0.753413 101.931758
v 99.296379 0.753413 101.931758
v 97.893922 0.753413 101.815801
v 96.505790 0.753413 101.584677
v 95.141423 0.753413 101.239955
v 93.810100 0.753413 100.783982
v 92.520877 0.753413 100.219860
v 91.282522 0.753413 99.551424
v 90.103458 0.753413 98.783220
v 88.991702 0.753413 97.920474
v 87.954818 0.753413 96.969054
v 86.999856 0.753413 95.935429
v 86.133313 0.753413 94.826632
v 85.361081 0.753413 93.650200
v 84.688414 0.753413 92.414138
v 84.119886 0.753413 91.126852
v 83.659364 0.753413 89.797096
v 83.309978 0.753413 88.433917
v 83.074108 0.753413 87.046583
v 82.953355 0.753413 85.644530
v 82.948543 0.753413 84.237297
v 83.059703 0.753413 82.834451
v 83.286079 0.753413 81.445537
v 83.626131 0.753413 80.079999
v 84.077549 0.753413 78.747125
v 84.637260 0.753413 77.455978
v 85.301458 0.753413 76.215346
v 86.065624 0.753413 75.033660
v 86.924564 0.753413 73.918962
v 87.872431 0.753413 72.878828
v 88.902785 0.753413 71.920338
v 90.008612 0.753413 71.050010
v 91.182396 0.753413 70.273759
v 92.416150 0.753413 69.596868
v 108.940732 1.132622 70.069761
v 110.130906 1.132622 70.856853
v 111.252177 1.132622 71.739335
v 112.296916 1.132622 72.711210
v 113.258022 1.132622 73.765864
v 114.128954 1.132622 74.896131
v 114.903792 1.132622 76.094317
v 115.577264 1.132622 77.352276
v 116.144791 1.132622 78.661449
v 116.602510 1.132622 80.012937
v 116.947311 1.132622 81.397541
v 117.176850 1.132622 82.805851
v 117.289561 1.132622 84.228284
v 117.284682 1.132622 85.655169
v 117.162243 1.132622 87.076800
v 116.923078 1.132622 88.483506
v 116.568816 1.132622 89.865721
v 116.101860 1.132622 91.214046
v 115.525395 1.132622 92.519307
v 114.843334 1.132622 93.772631
v 114.060320 1.132622 94.965488
v 113.181676 1.132622 96.089770
v 112.213380 1.132622 97.137828
v 111.162016 1.132622 98.102534
v 110.034736 1.132622 98.977326
v 108.839208 1.132622 99.756258
v 107.583560 1.132622 100.434028
v 106.276335 1.132622 101.006029
v 104.926422 1.132622 101.468366
v 103.543003 1.132622 101.817901
v 102.135487 1.132622 102.052253
v 100.713446 1.132622 102.169830
v 99.286554 1.132622 102.169830
v 97.864513 1.132622 102.052253
v 96.456997 1.132622 101.817901
v 95.073578 1.132622 101.468366
v 93.723665 1.132622 101.006029
v 92.416440 1.132622 100.434028
v 91.160792 1.132622 99.756258
v 89.965264 1.132622 98.977326
v 88.837984 1.132622 98.102534
v 87.786620 1.132622 97.137828
v 86.818324 1.132622 96.089770
v 85.939680 1.132622 94.965488
v 85.156666 1.132622 93.772631
v 84.474605 1.132622 92.519307
v 83.898140 1.132622 91.214046
v 83.431184 1.132622 89.865721
v 83.076922 1.132622 88.483506
v 82.837757 1.132622 87.076800
v 82.715318 1.132622 85.655169
v 82.710439 1.132622 84.228284
v 82.823150 1.132622 82.805851
v 83.052689 1.132622 81.397541
v 83.397490 1.132622 80.012937
v 83.855209 1.132622 78.661449
v 84.422736 1.132622 77.352276
v 85.096208 1.132622 76.094317
v 85.871046 1.132622 74.896131
v 86.741978 1.132622 73.765864
v 87.703084 1.132622 72.711210
v 88.747823 1.132622 71.739335
v 89.869094 1.132622 70.856853
v 91.059268 1.132622 70.069761
v 92.310250 1.132622 69.383421
v 109.017169 1.555348 69.943123
v 110.217518 1.555348 70.736942
v 111.348374 1.555348 71.626971
v 112.402046 1.555348 72.607155
v 113.371367 1.555348 73.670826
v 114.249747 1.555348 74.810753
v 115.031208 1.555348 76.019185
v 115.710437 1.555348 77.287896
v 116.282816 1.555348 78.608263
v 116.744450 1.555348 79.971304
v 117.092198 1.555348 81.367748
v 117.323697 1.555348 82.788095
v 117.437372 1.555348 84.222691
v 117.432451 1.555348 85.661775
v 117.308966 1.555348 87.095559
v 117.067757 1.555348 88.514292
v 116.710465 1.555348 89.908323
v 116.239519 1.555348 91.268175
v 115.658125 1.555348 92.584596
v 114.970233 1.555348 93.848634
v 114.180524 1.555348 95.051688
v 113.294369 1.555348 96.185582
v 112.317795 1.555348 97.242600
v 111.257443 1.555348 98.215554
v 110.120527 1.555348 99.097825
v 108.914776 1.555348 99.883416
v 107.648394 1.555348 100.566980
v 106.329993 1.555348 101.143870
v 104.968539 1.555348 101.610162
v 103.573293 1.555348 101.962684
v 102.153743 1.555348 102.199041
v 100.719546 1.555348 102.317623
v 99.280454 1.555348 102.317623
v 97.846257 1.555348 102.199041
v 96.426707 1.555348 101.962684
v 95.031461 1.555348 101.610162
v 93.670007 1.555348 101.143870
v 92.351606 1.555348 100.566980
v 91.085224 1.555348 99.883416
v 89.879473 1.555348 99.097825
v 88.742557 1.555348 98.215554
v 87.682205 1.555348 97.242600
v 86.705631 1.555348 96.185582
v 85.819476 1.555348 95.051688
v 85.029767 1.555348 93.848634
v 84.341875 1.555348 92.584596
v 83.760481 1.555348 91.268175
v 83.289535 1.555348 89.908323
v 82.932243 1.555348 88.514292
v 82.691034 1.555348 87.095559
v 82.567549 1.555348 85.661775
v 82.562628 1.555348 84.222691
v 82.676303 1.555348 82.788095
v 82.907802 1.555348 81.367748
v 83.255550 1.555348 79.971304
v 83.717184 1.555348 78.608263
v 84.289563 1.555348 77.287896
v 84.968792 1.555348 76.019185
v 85.750253 1.555348 74.810753
v 86.628633 1.555348 73.670826
v 87.597954 1.555348 72.607155
v 88.651626 1.555348 71.626971
v 89.782482 1.555348 70.736942
v 90.982831 1.555348 69.943123
v 92.244509 1.555348 69.250913
v 94.926155 1.555348 65.839148
v 95.019051 1.555348 65.286498
v 94.772599 1.555348 66.378100
v 94.560275 1.555348 66.896720
v 94.291797 1.555348 67.388623
v 93.970471 1.555348 67.847750
v 93.600254 1.555348 68.268447
v 93.185704 1.555348 68.645539
v 92.731926 1.555348 68.974378
v 95.166059 1.132622 65.302889
v 95.070441 1.132622 65.871725
v 94.912388 1.132622 66.426461
v 94.693845 1.132622 66.960273
v 94.417503 1.132622 67.466583
v 94.086766 1.132622 67.939157
v 93.705705 1.132622 68.372178
v 93.279013 1.132622 68.760314
v 92.811944 1.132622 69.098783
v 95.402866 0.753413 65.329289
v 95.302866 0.753413 65.924199
v 95.137568 0.753413 66.504364
v 94.909007 0.753413 67.062645
v 94.619998 0.753413 67.592163
v 94.274099 0.753413 68.086400
v 93.875571 0.753413 68.539271
v 93.429320 0.753413 68.945200
v 92.940841 0.753413 69.299183
v 95.717600 0.436731 65.364375
v 95.611774 0.436731 65.993941
v 95.436847 0.436731 66.607904
v 95.194972 0.436731 67.198706
v 94.889126 0.436731 67.759070
v 94.523079 0.436731 68.282099
v 94.101335 0.436731 68.761351
v 93.629089 0.436731 69.190927
v 93.112154 0.436731 69.565530
v 96.094477 0.198455 65.406392
v 95.981676 0.198455 66.077454
v 95.795218 0.198455 66.731887
v 95.537400 0.198455 67.361631
v 95.211396 0.198455 67.958932
v 94.821219 0.198455 68.516436
v 94.371676 0.198455 69.027281
v 93.868301 0.198455 69.485168
v 93.317293 0.198455 69.884467
v 96.514600 0.050535 65.453229
v 96.394023 0.050535 66.170549
v 96.194712 0.050535 66.870098
v 95.919121 0.050535 67.543252
v 95.570643 0.050535 68.181729
v 95.153570 0.050535 68.777666
v 94.673038 0.050535 69.323721
v 94.134963 0.050535 69.813175
v 93.545971 0.050535 70.239999
v 104.985329 16.849592 59.999862
v 104.868477 16.849592 59.243336
v 104.868477 31.698792 59.243336
v 104.637512 31.698792 58.513522
v 104.637512 16.849592 58.513522
v 104.868477 61.397193 59.243336
v 104.868477 46.547993 59.243336
v 104.637512 61.397193 58.513522
v 104.637512 46.547993 58.513522
v 104.297848 61.397193 57.827511
v 104.297848 31.698792 57.827511
v 104.297848 16.849592 57.827511
v 104.297848 46.547993 57.827511
v 103.857446 61.397193 57.201395
v 103.857446 31.698792 57.201395
v 103.857446 16.849592 57.201395
v 103.857446 46.547993 57.201395
v 103.326629 61.397193 56.649842
v 103.326629 31.698792 56.649842
v 103.326629 16.849592 56.649842
v 103.326629 46.547993 56.649842
v 102.717838 61.397193 56.185780
v 102.717838 31.698792 56.185780
v 102.717838 16.849592 56.185780
v 102.717838 46.547993 56.185780
v 102.045343 61.397193 55.820093
v 102.045343 31.698792 55.820093
v 102.045343 16.849592 55.820093
v 102.045343 46.547993 55.820093
v 101.324908 61.397193 55.561342
v 101.324908 31.698792 55.561342
v 101.324908 16.849592 55.561342
v 101.324908 46.547993 55.561342
v 100.573417 61.397193 55.415597
v 100.573417 31.698792 55.415597
v 100.573417 16.849592 55.415597
v 100.573417 46.547993 55.415597
v 99.808486 61.397193 55.386276
v 99.808486 31.698792 55.386276
v 99.808486 16.849592 55.386276
v 99.808486 46.547993 55.386276
v 99.048044 61.397193 55.474062
v 99.048044 31.698792 55.474062
v 99.048044 16.849592 55.474062
v 99.048044 46.547993 55.474062
v 98.309916 61.397193 55.676908
v 98.309916 31.698792 55.676908
v 98.309916 16.849592 55.676908
v 98.309916 46.547993 55.676908
v 97.611401 61.397193 55.990047
v 97.611401 31.698792 55.990047
v 97.611401 16.849592 55.990047
v 97.611401 46.547993 55.990047
v 96.968873 61.397193 56.406145
v 96.968873 31.698792 56.406145
v 96.968873 16.849592 56.406145
v 96.968873 46.547993 56.406145
v 96.397392 61.397193 56.915445
v 96.397392 31.698792 56.915445
v 96.397392 16.849592 56.915445
v 96.397392 46.547993 56.915445
v 95.910353 61.397193 57.506018
v 95.910353 31.698792 57.506018
v 95.910353 16.849592 57.506018
v 95.910353 46.547993 57.506018
v 95.519172 61.397193 58.164005
v 95.519172 31.698792 58.164005
v 95.519172 16.849592 58.164005
v 95.519172 46.547993 58.164005
v 95.233018 61.397193 58.874006
v 95.233018 31.698792 58.874006
v 95.233018 16.849592 58.874006
v 95.233018 46.547993 58.874006
v 95.058598 61.397193 59.619360
v 95.058598 31.698792 59.619360
v 95.058598 16.849592 59.619360
v 95.058598 46.547993 59.619360
v 104.985329 46.547993 59.999862
v 104.985329 61.397193 59.999862
v 104.985329 46.547993 60.765352
v 104.985329 31.698792 59.999862
v 104.868477 31.698792 61.521873
v 104.985329 31.698792 60.765352
v 104.868477 16.849592 61.521873
v 95.000000 31.698792 60.382605
v 95.000000 16.849592 60.382605
v 95.058598 31.698792 61.145854
v 95.058598 46.547993 61.145854
v 95.233018 46.547993 61.891212
v 95.000000 46.547993 60.382605
v 95.233018 61.397193 61.891212
v 95.519172 61.397193 62.601204
v 95.058598 61.397193 61.145854
v 95.000000 61.397193 60.382605
v 104.944154 13.246391 61.127815
v 104.985329 16.849592 60.765352
v 104.777864 13.246391 61.856384
v 104.637512 16.849592 62.251692
v 104.504844 13.246391 62.552023
v 104.985329 61.397193 60.765352
v 104.868477 46.547993 61.521873
v 104.637512 31.698792 62.251692
v 104.297848 16.849592 62.937698
v 104.131194 13.246391 63.199205
v 104.868477 61.397193 61.521873
v 104.637512 46.547993 62.251692
v 104.297848 31.698792 62.937698
v 103.857446 16.849592 63.563819
v 103.665259 13.246391 63.783474
v 104.637512 61.397193 62.251692
v 104.297848 46.547993 62.937698
v 103.857446 31.698792 63.563819
v 103.326629 16.849592 64.115372
v 103.117449 13.246391 64.291763
v 104.297848 61.397193 62.937698
v 103.857446 46.547993 63.563819
v 103.326629 31.698792 64.115372
v 102.717838 16.849592 64.579434
v 102.500000 13.246391 64.712734
v 103.857446 61.397193 63.563819
v 103.326629 46.547993 64.115372
v 102.717838 31.698792 64.579434
v 102.045343 16.849592 64.945126
v 101.826705 13.246391 65.036976
v 103.326629 61.397193 64.115372
v 102.717838 46.547993 64.579434
v 102.045343 31.698792 64.945126
v 101.324908 16.849592 65.203872
v 101.112605 13.246391 65.257246
v 102.717838 61.397193 64.579434
v 102.045343 46.547993 64.945126
v 101.324908 31.698792 65.203872
v 100.573417 16.849592 65.349617
v 100.373650 13.246391 65.368626
v 102.045343 61.397193 64.945126
v 101.324908 46.547993 65.203872
v 100.573417 31.698792 65.349617
v 99.808486 16.849592 65.378938
v 99.626350 13.246391 65.368626
v 101.324908 61.397193 65.203872
v 100.573417 46.547993 65.349617
v 99.808486 31.698792 65.378938
v 99.048044 16.849592 65.291150
v 98.887395 13.246391 65.257246
v 99.808486 46.547993 65.378938
v 99.048044 31.698792 65.291150
v 98.309916 16.849592 65.088305
v 98.173295 13.246391 65.036976
v 99.048044 46.547993 65.291150
v 98.309916 31.698792 65.088305
v 97.611401 16.849592 64.775171
v 97.500000 13.246391 64.712734
v 98.309916 46.547993 65.088305
v 97.611401 31.698792 64.775171
v 96.968873 16.849592 64.359074
v 96.882551 13.246391 64.291763
v 98.309916 61.397193 65.088305
v 97.611401 46.547993 64.775171
v 96.968873 31.698792 64.359074
v 96.397392 16.849592 63.849773
v 96.334741 13.246391 63.783474
v 97.611401 61.397193 64.775171
v 96.968873 46.547993 64.359074
v 96.397392 31.698792 63.849773
v 95.910353 16.849592 63.259201
v 95.868806 13.246391 63.199205
v 96.968873 61.397193 64.359074
v 96.397392 46.547993 63.849773
v 95.910353 31.698792 63.259201
v 95.519172 16.849592 62.601204
v 95.495156 13.246391 62.552023
v 96.397392 61.397193 63.849773
v 95.910353 46.547993 63.259201
v 95.519172 31.698792 62.601204
v 95.233018 16.849592 61.891212
v 95.222136 13.246391 61.856384
v 95.910353 61.397193 63.259201
v 95.519172 46.547993 62.601204
v 95.233018 31.698792 61.891212
v 95.058598 16.849592 61.145854
v 95.055846 13.246391 61.127815
v 104.941402 76.246393 61.145854
v 104.766982 76.246393 61.891212
v 104.480828 76.246393 62.601204
v 104.089647 76.246393 63.259201
v 103.602608 76.246393 63.849773
v 103.031127 76.246393 64.359074
v 102.388599 76.246393 64.775171
v 101.690084 76.246393 65.088305
v 97.954657 76.246393 64.945126
v 97.282162 76.246393 64.579434
v 96.673371 76.246393 64.115372
v 96.142554 76.246393 63.563819
v 95.702152 76.246393 62.937698
v 95.362488 76.246393 62.251692
v 95.131523 76.246393 61.521873
v 95.014671 76.246393 60.765352
v 95.014671 76.246393 59.999862
v 95.131523 76.246393 59.243336
v 95.362488 76.246393 58.513522
v 95.702152 76.246393 57.827511
v 96.142554 76.246393 57.201395
v 96.673371 76.246393 56.649842
v 97.282162 76.246393 56.185780
v 97.954657 76.246393 55.820093
v 98.675092 76.246393 55.561342
v 99.426583 76.246393 55.415597
v 100.191514 76.246393 55.386276
v 100.951956 76.246393 55.474062
v 101.690084 76.246393 55.676908
v 102.388599 76.246393 55.990047
v 103.031127 76.246393 56.406145
v 103.602608 76.246393 56.915445
v 104.089647 76.246393 57.506018
v 104.480828 76.246393 58.164005
v 104.766982 76.246393 58.874006
v 104.941402 76.246393 59.619360
v 105.000000 76.246393 60.382605
v 95.004157 10.976439 62.788477
v 95.497679 11.701308 63.072619
v 95.274673 11.701308 62.658205
v 95.239929 10.976439 63.226614
v 95.756934 11.701308 63.465376
v 95.654911 12.464221 62.978678
v 95.905113 12.464221 63.357716
v 95.824243 10.976439 64.030857
v 96.168080 10.976439 64.390478
v 96.375572 11.701308 64.173460
v 95.515523 10.307465 64.300575
v 104.995843 10.976439 62.788477
v 104.725327 11.701308 62.658205
v 104.760071 10.976439 63.226614
v 104.345089 12.464221 62.978678
v 104.502321 11.701308 63.072619
v 104.560306 12.464221 62.578735
v 104.243066 11.701308 63.465376
v 104.485973 10.976439 63.641858
v 104.175757 10.976439 64.030857
v 104.484477 10.307465 64.300575
v 104.115219 10.307465 64.686790
v 104.467351 9.710858 65.055089
v 104.868205 9.710858 64.635830
v 103.712528 10.307465 65.038586
v 104.030121 9.710858 65.437055
v 103.280545 10.307465 65.352421
v 104.094887 12.464221 63.357716
v 103.949647 11.701308 63.833313
v 103.831920 10.976439 64.390478
v 103.457021 10.976439 64.718008
v 103.054706 10.976439 65.010290
v 102.821848 10.307465 65.626478
v 104.818923 8.791359 66.426747
v 104.258460 8.791359 66.833897
v 105.270700 8.491109 66.993604
v 103.889924 9.201308 66.275589
v 104.401973 9.201308 65.903602
v 103.663027 8.791359 67.189651
v 102.788397 12.464221 64.606848
v 102.398514 12.464221 64.839792
v 102.485307 11.701308 65.001082
v 103.561255 9.710858 65.777678
v 103.063308 9.710858 66.075187
v 102.061305 11.701308 65.205269
v 102.179311 10.976439 65.481358
v 101.989319 12.464221 65.036850
v 102.540697 9.710858 66.326861
v 103.811715 12.464221 63.712802
v 103.624428 11.701308 64.173460
v 103.269895 11.701308 64.483199
v 102.889299 11.701308 64.759712
v 102.627586 10.976439 65.265479
v 102.340431 10.307465 65.858316
v 101.997630 9.710858 66.530681
v 101.620707 11.701308 65.370631
v 101.713489 10.976439 65.656185
v 101.840170 10.307465 66.046069
v 103.346022 9.201308 66.600556
v 102.775179 9.201308 66.875460
v 102.181992 9.201308 67.098088
v 101.438479 9.710858 66.684995
v 101.325093 10.307465 66.188221
v 100.867746 9.710858 66.788568
v 100.799348 10.307465 66.283629
v 101.233871 10.976439 65.788550
v 100.290027 9.710858 66.840563
v 100.744319 10.976439 65.877390
v 101.167059 11.701308 65.495827
v 100.267166 10.307465 66.331525
v 99.709973 9.710858 66.840563
v 100.704016 11.701308 65.579858
v 101.126303 12.464221 65.317261
v 100.248774 10.976439 65.921993
v 99.732834 10.307465 66.331525
v 99.132254 9.710858 66.788568
v 99.772914 12.464221 65.439067
v 99.320570 12.464221 65.398359
v 99.295984 11.701308 65.579858
v 100.679430 12.464221 65.398359
v 100.235303 11.701308 65.622044
v 99.751226 10.976439 65.921993
v 99.200652 10.307465 66.283629
v 98.561521 9.710858 66.684995
v 98.832941 11.701308 65.495827
v 98.766129 10.976439 65.788550
v 100.227086 12.464221 65.439067
v 99.764697 11.701308 65.622044
v 99.255681 10.976439 65.877390
v 98.674907 10.307465 66.188221
v 98.002370 9.710858 66.530681
v 98.286511 10.976439 65.656185
v 98.159830 10.307465 66.046069
v 97.659569 10.307465 65.858316
v 97.459303 9.710858 66.326861
v 96.936692 9.710858 66.075187
v 96.653978 9.201308 66.600556
v 96.110076 9.201308 66.275589
v 98.873697 12.464221 65.317261
v 98.379293 11.701308 65.370631
v 97.820689 10.976439 65.481358
v 97.178152 10.307465 65.626478
v 96.438745 9.710858 65.777678
v 95.598027 9.201308 65.903602
v 95.181077 8.791359 66.426747
v 94.729300 8.491109 66.993604
v 95.741540 8.791359 66.833897
v 96.336973 8.791359 67.189651
v 96.730105 11.701308 64.483199
v 96.844234 12.464221 64.339943
v 95.884781 10.307465 64.686790
v 95.131795 9.710858 64.635830
v 96.542979 10.976439 64.718008
v 97.110701 11.701308 64.759712
v 97.211603 12.464221 64.606848
v 97.601486 12.464221 64.839792
v 95.182373 10.307465 63.882818
v 95.514027 10.976439 63.641858
v 95.439694 12.464221 62.578735
v 95.089713 11.701308 62.225466
v 96.188285 12.464221 63.712802
v 96.502146 12.464221 64.041076
v 96.050353 11.701308 63.833313
v 95.532649 9.710858 65.055089
v 96.287472 10.307465 65.038586
v 96.945294 10.976439 65.010290
v 97.514693 11.701308 65.001082
v 98.010681 12.464221 65.036850
v 95.969879 9.710858 65.437055
v 95.120356 9.201308 65.486317
v 96.719455 10.307465 65.352421
v 97.372414 10.976439 65.265479
v 97.938695 11.701308 65.205269
v 98.435892 12.464221 65.196433
v 95.261193 12.464221 62.161112
v 95.120846 12.464221 61.729169
v 95.019783 12.464221 61.286383
v 101.564108 12.464221 65.196433
v 103.155766 12.464221 64.339943
v 103.497854 12.464221 64.041076
v 104.980217 12.464221 61.286383
v 104.910287 11.701308 62.225466
v 104.879154 12.464221 61.729169
v 104.738807 12.464221 62.161112
v 104.817627 10.307465 63.882818
v 104.879644 9.201308 65.486317
v 105.746175 8.307951 67.590230
v 105.480084 8.284927 67.995570
v 104.855321 8.375814 67.805409
v 104.257910 8.502574 67.646708
v 104.657787 8.491109 67.438853
v 103.675455 8.654206 67.513173
v 102.559085 8.982492 67.314017
v 101.255703 9.321206 67.173638
v 101.954123 9.156914 67.236905
v 100.481031 9.430137 67.135215
v 100.071218 9.449683 67.128692
v 97.907440 9.116571 67.252355
v 98.376485 9.237881 67.202582
v 97.818008 9.201308 67.098088
v 99.659981 9.439726 67.131095
v 99.245451 9.400475 67.143307
v 98.820120 9.332876 67.166684
v 97.224821 9.201308 66.875460
v 96.927004 8.829055 67.396436
v 95.342213 8.491109 67.438853
v 95.382810 8.422213 67.739489
v 95.906773 8.543086 67.606878
v 94.859056 8.328374 67.889190
v 94.335872 8.267803 68.056369
v 94.253825 8.307951 67.590230
vt -0.905400 0.010472 0.000000
vt -0.792900 0.010472 0.000000
vt -0.905400 0.015708 0.000000
vt -0.680400 0.010472 0.000000
vt -0.567900 0.010472 0.000000
vt -0.567900 0.005236 0.000000
vt -0.455400 0.005236 0.000000
vt -0.455400 0.000000 0.000000
vt -0.342900 0.000000 0.000000
vt -0.342900 -0.005236 0.000000
vt -0.230400 -0.005236 0.000000
vt -0.230400 -0.010472 0.000000
vt -0.117900 -0.010472 0.000000
vt -0.005400 -0.015708 0.000000
vt -0.005400 -0.010472 0.000000
vt -0.792900 0.005236 0.000000
vt -0.905400 0.005236 0.000000
vt -0.792900 0.000000 0.000000
vt -0.905400 0.000000 0.000000
vt -0.792900 -0.005236 0.000000
vt -0.905400 -0.005236 0.000000
vt -0.792900 -0.010472 0.000000
vt -0.905400 -0.010472 0.000000
vt -0.905400 -0.015708 0.000000
vt -0.455400 -0.010472 0.000000
vt -0.567900 -0.010472 0.000000
vt -0.680400 -0.010472 0.000000
vt -0.680400 -0.005236 0.000000
vt -0.117900 -0.005236 0.000000
vt -0.005400 -0.005236 0.000000
vt -0.117900 0.000000 0.000000
vt -0.005400 0.000000 0.000000
vt -0.117900 0.005236 0.000000
vt -0.005400 0.005236 0.000000
vt -0.117900 0.010472 0.000000
vt -0.005400 0.010472 0.000000
vt -0.005400 0.015708 0.000000
vt -0.455400 0.010472 0.000000
vt -0.342900 0.010472 0.000000
vt -0.230400 0.010472 0.000000
vt -0.230400 0.005236 0.000000
vt -0.680400 0.005236 0.000000
vt -0.680400 0.000000 0.000000
vt -0.342900 0.005236 0.000000
vt -0.567900 0.000000 0.000000
vt -0.455400 -0.005236 0.000000
vt -0.342900 -0.010472 0.000000
vt -0.230400 0.000000 0.000000
vt -0.567900 -0.005236 0.000000
vt -0.905400 0.010472 0.000000
vt -0.792900 0.010472 0.000000
vt -0.905400 0.015708 0.000000
vt -0.680400 0.010472 0.000000
vt -0.567900 0.010472 0.000000
vt -0.567900 0.005236 0.000000
vt -0.455400 0.005236 0.000000
vt -0.455400 0.000000 0.000000
vt -0.342900 0.000000 0.000000
vt -0.342900 -0.005236 0.000000
vt -0.230400 -0.005236 0.000000
vt -0.230400 -0.010472 0.000000
vt -0.117900 -0.010472 0.000000
vt -0.005400 -0.015708 0.000000
vt -0.005400 -0.010472 0.000000
vt -0.792900 0.005236 0.000000
vt -0.905400 0.005236 0.000000
vt -0.792900 0.000000 0.000000
vt -0.905400 0.000000 0.000000
vt -0.792900 -0.005236 0.000000
vt -0.905400 -0.005236 0.000000
vt -0.792900 -0.010472 0.000000
vt -0.905400 -0.010472 0.000000
vt -0.905400 -0.015708 0.000000
vt -0.455400 -0.010472 0.000000
vt -0.567900 -0.010472 0.000000
vt -0.680400 -0.010472 0.000000
vt -0.680400 -0.005236 0.000000
vt -0.117900 -0.005236 0.000000
vt -0.005400 -0.005236 0.000000
vt -0.117900 0.000000 0.000000
vt -0.005400 0.000000 0.000000
vt -0.117900 0.005236 0.000000
vt -0.005400 0.005236 0.000000
vt -0.117900 0.010472 0.000000
vt -0.005400 0.010472 0.000000
vt -0.005400 0.015708 0.000000
vt -0.455400 0.010472 0.000000
vt -0.342900 0.010472 0.000000
vt -0.230400 0.010472 0.000000
vt -0.230400 0.005236 0.000000
vt -0.680400 0.005236 0.000000
vt -0.680400 0.000000 0.000000
vt -0.342900 0.005236 0.000000
vt -0.567900 0.000000 0.000000
vt -0.455400 -0.005236 0.000000
vt -0.342900 -0.010472 0.000000
vt -0.230400 0.000000 0.000000
vt -0.567900 -0.005236 0.000000
vt 0.112427 0.005400 0.000000
vt 0.111521 0.905400 0.000000
vt 0.020000 0.005400 0.000000
vt 0.020000 0.905400 0.000000
vt 0.020000 0.005400 0.000000
vt 0.170000 0.005400 0.000000
vt 0.020000 0.905400 0.000000
vt 0.170000 0.905400 0.000000
vt -0.017257 0.669520 0.000000
vt -0.059292 0.669520 0.000000
vt 0.000000 0.000000 0.000000
vt -0.076549 0.000000 0.000000
vt -0.021017 -0.815400 0.000000
vt -0.055532 -0.815400 0.000000
vt -0.038275 -1.484921 0.000000
vt -0.000198 -0.007667 0.000000
vt 0.000000 -0.000000 0.000000
vt -0.000187 0.084600 0.000000
vt -0.000006 0.084600 0.000000
vt -0.017257 0.669520 0.000000
vt -0.059292 0.669520 0.000000
vt 0.000000 0.000000 0.000000
vt -0.076549 -0.000000 0.000000
vt -0.021017 -0.815400 0.000000
vt -0.038204 -0.815400 0.000000
vt -0.038275 -1.484921 0.000000
vt -0.076549 -0.000000 0.000000
vt -0.038376 0.084600 0.000000
vt -0.076543 0.084600 0.000000
vt 0.488332 0.905400 0.000000
vt 0.489145 0.097667 0.000000
vt 0.580000 0.905400 0.000000
vt 0.580000 0.005400 0.000000
vt 0.489053 0.005400 0.000000
vt -0.247337 0.040122 0.000000
vt -0.331053 0.095000 0.000000
vt -0.248947 -0.001882 0.000000
vt -0.331053 -0.095000 0.000000
vt -0.247625 -0.036371 0.000000
vt -0.242804 -0.078128 0.000000
vt -0.239532 -0.095000 0.000000
vt -0.243379 0.074409 0.000000
vt -0.239385 0.095000 0.000000
vt -0.336230 0.094319 0.000000
vt -0.351053 0.075000 0.000000
vt -0.351053 -0.075000 0.000000
vt -0.336230 -0.094319 0.000000
vt -0.341053 -0.092321 0.000000
vt -0.345195 -0.089142 0.000000
vt -0.348374 -0.085000 0.000000
vt -0.350372 -0.080176 0.000000
vt -0.341053 0.092321 0.000000
vt -0.345195 0.089142 0.000000
vt -0.348374 0.085000 0.000000
vt -0.350372 0.080176 0.000000
vt 0.093125 -0.207933 0.000000
vt 0.072844 -0.134133 0.000000
vt 0.093146 -0.208113 0.000000
vt -0.868138 -0.134133 0.000000
vt -0.888419 -0.207933 0.000000
vt -0.836829 -0.064293 0.000000
vt 0.041536 -0.064293 0.000000
vt -0.000067 -0.000051 0.000000
vt -0.050988 0.057088 0.000000
vt -0.744305 0.057088 0.000000
vt -0.795226 -0.000051 0.000000
vt -0.110035 0.105783 0.000000
vt -0.685257 0.105783 0.000000
vt -0.175824 0.144895 0.000000
vt -0.619470 0.144895 0.000000
vt -0.548481 0.173506 0.000000
vt -0.246811 0.173506 0.000000
vt -0.321335 0.190945 0.000000
vt -0.397647 0.196803 0.000000
vt -0.473959 0.190945 0.000000
vt -0.897196 -0.283964 0.000000
vt 0.091666 -0.398113 0.000000
vt 0.204093 -0.228113 0.000000
vt 0.204093 -0.378113 0.000000
vt 0.184093 -0.398113 0.000000
vt 0.203411 -0.383289 0.000000
vt 0.201413 -0.388113 0.000000
vt 0.198235 -0.392255 0.000000
vt 0.194093 -0.395433 0.000000
vt 0.189269 -0.397431 0.000000
vt -0.894264 -0.360445 0.000000
vt -0.879692 -0.435581 0.000000
vt 0.084399 -0.435581 0.000000
vt 0.058529 -0.507613 0.000000
vt -0.853822 -0.507613 0.000000
vt -0.817259 -0.574851 0.000000
vt 0.021966 -0.574851 0.000000
vt -0.770861 -0.635720 0.000000
vt -0.024433 -0.635720 0.000000
vt -0.079579 -0.688793 0.000000
vt -0.715714 -0.688793 0.000000
vt -0.653114 -0.732825 0.000000
vt -0.584524 -0.766786 0.000000
vt -0.210769 -0.766786 0.000000
vt -0.142180 -0.732826 0.000000
vt -0.283739 -0.789879 0.000000
vt -0.511555 -0.789879 0.000000
vt -0.435915 -0.801562 0.000000
vt -0.359379 -0.801562 0.000000
vt 0.184093 -0.208113 0.000000
vt 0.203411 -0.222936 0.000000
vt 0.201413 -0.218113 0.000000
vt 0.198235 -0.213970 0.000000
vt 0.194093 -0.210792 0.000000
vt 0.189269 -0.208794 0.000000
vt 0.000000 0.174600 0.000000
vt 0.099673 0.174600 0.000000
vt 0.000000 0.374600 0.000000
vt 0.099673 0.374600 0.000000
vt 0.000000 0.174600 0.000000
vt 0.099673 0.174600 0.000000
vt 0.000000 0.374600 0.000000
vt 0.099673 0.374600 0.000000
vt 0.000000 0.174600 0.000000
vt 0.099673 0.174600 0.000000
vt 0.000000 0.374600 0.000000
vt 0.099673 0.374600 0.000000
vt 0.000000 0.174600 0.000000
vt 0.099673 0.174600 0.000000
vt 0.000000 0.374600 0.000000
vt 0.099673 0.374600 0.000000
vt 0.000000 0.174600 0.000000
vt 0.099673 0.174600 0.000000
vt 0.000000 0.374600 0.000000
vt 0.099673 0.374600 0.000000
vt 0.000000 0.174600 0.000000
vt 0.099673 0.174600 0.000000
vt 0.000000 0.374600 0.000000
vt 0.099673 0.374600 0.000000
vt 0.000000 0.174600 0.000000
vt 0.099673 0.174600 0.000000
vt 0.000000 0.374600 0.000000
vt 0.099673 0.374600 0.000000
vt 0.000000 0.174600 0.000000
vt 0.099673 0.174600 0.000000
vt 0.000000 0.374600 0.000000
vt 0.099673 0.374600 0.000000
vt 0.000000 0.174600 0.000000
vt 0.099673 0.174600 0.000000
vt 0.000000 0.374600 0.000000
vt 0.099673 0.374600 0.000000
vt 0.000000 0.174600 0.000000
vt 0.099673 0.174600 0.000000
vt 0.000000 0.374600 0.000000
vt 0.099673 0.374600 0.000000
vt 0.000000 0.174600 0.000000
vt 0.099673 0.174600 0.000000
vt 0.000000 0.374600 0.000000
vt 0.099673 0.374600 0.000000
vt 0.000000 0.174600 0.000000
vt 0.099673 0.174600 0.000000
vt 0.000000 0.374600 0.000000
vt 0.099673 0.374600 0.000000
vt 0.000000 0.174600 0.000000
vt 0.099673 0.174600 0.000000
vt 0.000000 0.374600 0.000000
vt 0.099673 0.374600 0.000000
vt 0.000000 0.174600 0.000000
vt 0.099673 0.174600 0.000000
vt 0.000000 0.374600 0.000000
vt 0.099673 0.374600 0.000000
vt 0.000000 0.174600 0.000000
vt 0.099673 0.174600 0.000000
vt 0.000000 0.374600 0.000000
vt 0.099673 0.374600 0.000000
vt 0.000000 0.174600 0.000000
vt 0.099673 0.174600 0.000000
vt 0.000000 0.374600 0.000000
vt 0.099673 0.374600 0.000000
vt 0.000000 0.174600 0.000000
vt 0.099673 0.174600 0.000000
vt 0.000000 0.374600 0.000000
vt 0.099673 0.374600 0.000000
vt 0.000000 0.174600 0.000000
vt 0.099673 0.174600 0.000000
vt 0.000000 0.374600 0.000000
vt 0.099673 0.374600 0.000000
vt 0.000000 0.174600 0.000000
vt 0.099673 0.174600 0.000000
vt 0.000000 0.374600 0.000000
vt 0.099673 0.374600 0.000000
vt 0.000000 0.174600 0.000000
vt 0.099673 0.174600 0.000000
vt 0.000000 0.374600 0.000000
vt 0.099673 0.374600 0.000000
vt 0.000000 0.174600 0.000000
vt 0.099673 0.174600 0.000000
vt 0.000000 0.374600 0.000000
vt 0.099673 0.374600 0.000000
vt 0.000000 0.174600 0.000000
vt 0.099673 0.174600 0.000000
vt 0.000000 0.374600 0.000000
vt 0.099673 0.374600 0.000000
vt 0.000000 0.174600 0.000000
vt 0.099673 0.174600 0.000000
vt 0.000000 0.374600 0.000000
vt 0.099673 0.374600 0.000000
vt 0.000000 0.174600 0.000000
vt 0.099673 0.174600 0.000000
vt 0.000000 0.374600 0.000000
vt 0.099673 0.374600 0.000000
vt 0.000000 0.174600 0.000000
vt 0.099673 0.174600 0.000000
vt 0.000000 0.374600 0.000000
vt 0.099673 0.374600 0.000000
vt 0.000000 0.174600 0.000000
vt 0.099673 0.174600 0.000000
vt 0.000000 0.374600 0.000000
vt 0.099673 0.374600 0.000000
vt 0.000000 0.174600 0.000000
vt 0.099673 0.174600 0.000000
vt 0.000000 0.374600 0.000000
vt 0.099673 0.374600 0.000000
vt 0.000000 0.174600 0.000000
vt 0.099673 0.174600 0.000000
vt 0.000000 0.374600 0.000000
vt 0.099673 0.374600 0.000000
vt -0.613067 0.568454 0.000000
vt -0.179002 0.651674 0.000000
vt -0.600000 0.600000 0.000000
vt -0.257463 0.713144 0.000000
vt -0.342761 0.764709 0.000000
vt -0.633854 0.541364 0.000000
vt -0.218833 0.126343 0.000000
vt -0.191743 0.147130 0.000000
vt -0.108522 0.581195 0.000000
vt -0.160197 0.160197 0.000000
vt -0.047052 0.502734 0.000000
vt 0.004512 0.417436 0.000000
vt -0.126343 0.164653 0.000000
vt 0.045419 0.326544 0.000000
vt -0.092490 0.160197 0.000000
vt -0.060943 0.147130 0.000000
vt -0.239619 0.099253 0.000000
vt -0.660943 0.520577 0.000000
vt -0.252686 0.067707 0.000000
vt -0.692490 0.507510 0.000000
vt -0.726343 0.503053 0.000000
vt -0.760197 0.507510 0.000000
vt -1.195543 0.033854 0.000000
vt -0.257143 0.033854 0.000000
vt -1.200000 0.067707 0.000000
vt -0.791743 0.520577 0.000000
vt -1.213067 0.099253 0.000000
vt -1.233854 0.126343 0.000000
vt -0.818833 0.541364 0.000000
vt -1.260943 0.147130 0.000000
vt -0.839619 0.568454 0.000000
vt -1.273685 0.651674 0.000000
vt -0.852686 0.600000 0.000000
vt -1.195224 0.713144 0.000000
vt -1.109926 0.764709 0.000000
vt -0.857143 0.633854 0.000000
vt -1.019034 0.805616 0.000000
vt -0.852686 0.667707 0.000000
vt -0.839619 0.699253 0.000000
vt -0.923874 0.835269 0.000000
vt -0.818833 0.726343 0.000000
vt -0.825834 0.853235 0.000000
vt -0.791743 0.747130 0.000000
vt -0.760197 0.760197 0.000000
vt -0.726343 0.859253 0.000000
vt -0.726343 0.764654 0.000000
vt -0.692490 0.760197 0.000000
vt -0.626852 0.853235 0.000000
vt -0.660943 0.747130 0.000000
vt -0.633854 0.726343 0.000000
vt -0.528812 0.835269 0.000000
vt -0.613067 0.699253 0.000000
vt -0.433652 0.805616 0.000000
vt -0.600000 0.667707 0.000000
vt -0.595543 0.633854 0.000000
vt -0.060943 -0.079423 0.000000
vt 0.075072 -0.163678 0.000000
vt -0.033854 -0.058636 0.000000
vt 0.093039 -0.065637 0.000000
vt -0.013067 -0.031546 0.000000
vt 0.000000 0.000000 0.000000
vt 0.099057 0.033854 0.000000
vt 0.004457 0.033854 0.000000
vt 0.000000 0.067707 0.000000
vt 0.093039 0.133345 0.000000
vt -0.013067 0.099253 0.000000
vt -0.033854 0.126343 0.000000
vt 0.075072 0.231385 0.000000
vt 0.045419 -0.258837 0.000000
vt -0.092490 -0.092490 0.000000
vt -0.126343 -0.096946 0.000000
vt 0.004512 -0.349729 0.000000
vt -0.160197 -0.092490 0.000000
vt -0.047052 -0.435027 0.000000
vt -0.108522 -0.513488 0.000000
vt -0.191743 -0.079423 0.000000
vt -0.613067 -0.500747 0.000000
vt -0.218833 -0.058636 0.000000
vt -0.633854 -0.473657 0.000000
vt -0.239619 -0.031546 0.000000
vt -0.660943 -0.452870 0.000000
vt -0.252686 0.000000 0.000000
vt -0.692490 -0.439803 0.000000
vt -0.726343 -0.435346 0.000000
vt -0.760197 -0.439803 0.000000
vt -1.200000 0.000000 0.000000
vt -0.791743 -0.452870 0.000000
vt -1.213067 -0.031546 0.000000
vt -1.233854 -0.058636 0.000000
vt -0.818833 -0.473657 0.000000
vt -1.260943 -0.079423 0.000000
vt -0.839619 -0.500747 0.000000
vt -1.273685 -0.583967 0.000000
vt -0.852686 -0.532293 0.000000
vt -1.195224 -0.645437 0.000000
vt -1.109926 -0.697002 0.000000
vt -1.344164 -0.513488 0.000000
vt -1.292490 -0.092490 0.000000
vt -1.405634 -0.435027 0.000000
vt -1.457199 -0.349729 0.000000
vt -1.326343 -0.096946 0.000000
vt -1.498106 -0.258837 0.000000
vt -1.360197 -0.092490 0.000000
vt -1.391743 -0.079423 0.000000
vt -1.527759 -0.163678 0.000000
vt -1.418833 -0.058636 0.000000
vt -1.545725 -0.065637 0.000000
vt -1.439619 -0.031546 0.000000
vt -1.452686 0.000000 0.000000
vt -1.551743 0.033854 0.000000
vt -1.457143 0.033854 0.000000
vt -1.452686 0.067707 0.000000
vt -1.545725 0.133345 0.000000
vt -1.439619 0.099253 0.000000
vt -1.418833 0.126343 0.000000
vt -1.527759 0.231385 0.000000
vt -1.391743 0.147130 0.000000
vt -1.498106 0.326544 0.000000
vt -1.360197 0.160197 0.000000
vt -1.326343 0.164653 0.000000
vt -1.457199 0.417436 0.000000
vt -1.292490 0.160197 0.000000
vt -1.405634 0.502734 0.000000
vt -1.344164 0.581195 0.000000
vt -0.179002 -0.583967 0.000000
vt -0.600000 -0.532293 0.000000
vt -0.257463 -0.645437 0.000000
vt -0.342761 -0.697002 0.000000
vt -0.595543 -0.566147 0.000000
vt -0.433652 -0.737909 0.000000
vt -0.600000 -0.600000 0.000000
vt -0.613067 -0.631546 0.000000
vt -0.528812 -0.767562 0.000000
vt -0.633854 -0.658636 0.000000
vt -0.626852 -0.785528 0.000000
vt -0.660943 -0.679423 0.000000
vt -0.692490 -0.692490 0.000000
vt -0.726343 -0.791546 0.000000
vt -0.726343 -0.696947 0.000000
vt -0.760197 -0.692490 0.000000
vt -0.825834 -0.785528 0.000000
vt -0.791743 -0.679423 0.000000
vt -0.818833 -0.658636 0.000000
vt -0.923874 -0.767562 0.000000
vt -0.839619 -0.631546 0.000000
vt -1.019034 -0.737909 0.000000
vt -0.852686 -0.600000 0.000000
vt -0.857143 -0.566147 0.000000
vt 0.000000 0.174600 0.000000
vt 0.099673 0.174600 0.000000
vt 0.000000 0.374600 0.000000
vt 0.099673 0.374600 0.000000
vt 0.000000 0.174600 0.000000
vt 0.099673 0.174600 0.000000
vt 0.000000 0.374600 0.000000
vt 0.099673 0.374600 0.000000
vt 0.000000 0.174600 0.000000
vt 0.099673 0.174600 0.000000
vt 0.000000 0.374600 0.000000
vt 0.099673 0.374600 0.000000
vt 0.000000 0.174600 0.000000
vt 0.099673 0.174600 0.000000
vt 0.000000 0.374600 0.000000
vt 0.099673 0.374600 0.000000
vt 0.000000 0.174600 0.000000
vt 0.099673 0.174600 0.000000
vt 0.000000 0.374600 0.000000
vt 0.099673 0.374600 0.000000
vt 0.000000 0.174600 0.000000
vt 0.099673 0.174600 0.000000
vt 0.000000 0.374600 0.000000
vt 0.099673 0.374600 0.000000
vt 0.000000 0.174600 0.000000
vt 0.099673 0.174600 0.000000
vt 0.000000 0.374600 0.000000
vt 0.099673 0.374600 0.000000
vt 0.000000 0.174600 0.000000
vt 0.099673 0.174600 0.000000
vt 0.000000 0.374600 0.000000
vt 0.099673 0.374600 0.000000
vt 0.069507 1.407949 0.000000
vt -0.121190 0.078371 0.000000
vt 0.000000 0.000000 0.000000
vt 0.190697 1.329578 0.000000
vt -0.114321 0.088090 0.000000
vt 0.000000 0.000000 0.000000
vt -0.411691 -1.144277 0.000000
vt -0.305018 -1.241488 0.000000
vt 0.000000 0.000000 0.000000
vt 0.411691 1.144277 0.000000
vt -0.098300 0.105670 0.000000
vt 0.000000 0.000000 0.000000
vt 0.509991 1.038607 0.000000
vt -0.089258 0.113411 0.000000
vt 0.000000 0.000000 0.000000
vt -0.678859 -0.804817 0.000000
vt -0.599249 -0.925197 0.000000
vt 0.000000 0.000000 0.000000
vt 0.678859 0.804817 0.000000
vt -0.069420 0.126530 0.000000
vt 0.000000 0.000000 0.000000
vt 0.748279 0.678287 0.000000
vt -0.030137 0.052498 0.000000
vt 0.000000 0.000000 0.000000
vt -0.814676 -0.577318 0.000000
vt -0.778416 -0.625789 0.000000
vt 0.000000 0.000000 0.000000
vt -0.037916 0.048577 0.000000
vt -0.041852 0.043734 0.000000
vt 0.000000 0.000000 0.000000
vt 0.037916 -0.048577 0.000000
vt 0.003906 0.004868 0.000000
vt 0.000000 0.000000 0.000000
vt 0.034010 -0.053445 0.000000
vt 0.003875 0.004892 0.000000
vt 0.000000 0.000000 0.000000
vt 0.814676 0.577318 0.000000
vt -0.030136 0.058337 0.000000
vt 0.000000 0.000000 0.000000
vt 0.844811 0.518981 0.000000
vt -0.043652 0.133384 0.000000
vt 0.000000 0.000000 0.000000
vt -0.921443 -0.249182 0.000000
vt -0.888463 -0.385597 0.000000
vt 0.000000 0.000000 0.000000
vt -0.253005 0.894749 0.000000
vt -0.098040 -0.017966 0.000000
vt 0.000000 0.000000 0.000000
vt -0.140046 -0.034875 0.000000
vt 0.154965 -0.912716 0.000000
vt 0.000000 0.000000 0.000000
vt -0.295011 0.877841 0.000000
vt -0.095160 -0.029653 0.000000
vt 0.000000 0.000000 0.000000
vt -0.136696 -0.046296 0.000000
vt 0.199851 -0.907494 0.000000
vt 0.000000 0.000000 0.000000
vt -0.132416 -0.057402 0.000000
vt 0.336546 -0.861198 0.000000
vt 0.000000 0.000000 0.000000
vt -0.468962 0.803796 0.000000
vt -0.090892 -0.040907 0.000000
vt 0.000000 0.000000 0.000000
vt -0.127236 -0.068118 0.000000
vt 0.378071 -0.844703 0.000000
vt 0.000000 0.000000 0.000000
vt -0.505307 0.776585 0.000000
vt -0.085298 -0.051564 0.000000
vt 0.000000 0.000000 0.000000
vt -0.121190 -0.078371 0.000000
vt 0.420009 -0.828149 0.000000
vt 0.000000 0.000000 0.000000
vt -0.114321 -0.088090 0.000000
vt 0.541199 -0.749778 0.000000
vt 0.000000 0.000000 0.000000
vt -0.655519 0.661688 0.000000
vt -0.078461 -0.061470 0.000000
vt 0.000000 0.000000 0.000000
vt -0.106673 -0.097211 0.000000
vt 0.577059 -0.723158 0.000000
vt 0.000000 0.000000 0.000000
vt -0.683732 0.625948 0.000000
vt -0.070479 -0.070479 0.000000
vt 0.000000 0.000000 0.000000
vt -0.098300 -0.105670 0.000000
vt 0.613252 -0.696427 0.000000
vt 0.000000 0.000000 0.000000
vt -0.089258 -0.113411 0.000000
vt 0.711552 -0.590757 0.000000
vt 0.000000 0.000000 0.000000
vt -0.800811 0.477346 0.000000
vt -0.061470 -0.078461 0.000000
vt 0.000000 0.000000 0.000000
vt -0.079610 -0.120380 0.000000
vt 0.739340 -0.555807 0.000000
vt 0.000000 0.000000 0.000000
vt -0.818950 0.435428 0.000000
vt -0.051564 -0.085298 0.000000
vt 0.000000 0.000000 0.000000
vt -0.069420 -0.126530 0.000000
vt 0.767386 -0.520726 0.000000
vt 0.000000 0.000000 0.000000
vt 0.862295 -0.384118 0.000000
vt 0.036260 0.048471 0.000000
vt 0.000000 0.000000 0.000000
vt 0.826035 -0.432589 0.000000
vt 0.030137 0.052498 0.000000
vt 0.000000 0.000000 0.000000
vt 0.040907 0.090892 0.000000
vt -0.795899 0.485087 0.000000
vt 0.000000 0.000000 0.000000
vt 0.003936 -0.004843 0.000000
vt 0.041852 0.043734 0.000000
vt 0.000000 0.000000 0.000000
vt 0.003906 -0.004868 0.000000
vt 0.037916 0.048577 0.000000
vt 0.000000 0.000000 0.000000
vt 0.003875 -0.004892 0.000000
vt 0.034010 0.053445 0.000000
vt 0.000000 0.000000 0.000000
vt -0.030136 -0.058337 0.000000
vt 0.862295 -0.384118 0.000000
vt 0.000000 0.000000 0.000000
vt -0.043652 -0.133384 0.000000
vt 0.892431 -0.325781 0.000000
vt 0.000000 0.000000 0.000000
vt -0.936083 0.192397 0.000000
vt -0.029653 -0.095160 0.000000
vt 0.000000 0.000000 0.000000
vt -0.032980 -0.136415 0.000000
vt 0.906430 -0.287557 0.000000
vt 0.000000 0.000000 0.000000
vt -0.939410 0.151142 0.000000
vt -0.017967 -0.098040 0.000000
vt 0.000000 0.000000 0.000000
vt -0.022102 -0.138594 0.000000
vt 0.921443 -0.249182 0.000000
vt 0.000000 0.000000 0.000000
vt -0.011086 -0.139907 0.000000
vt 0.943545 -0.110588 0.000000
vt 0.000000 0.000000 0.000000
vt -0.954631 -0.029318 0.000000
vt -0.006018 -0.099491 0.000000
vt 0.000000 0.000000 0.000000
vt 0.000000 -0.140345 0.000000
vt 0.948613 -0.070173 0.000000
vt 0.000000 0.000000 0.000000
vt 0.921443 0.249182 0.000000
vt -0.022102 0.138594 0.000000
vt 0.000000 0.000000 0.000000
vt 0.943545 0.110588 0.000000
vt -0.011086 0.139907 0.000000
vt 0.000000 0.000000 0.000000
vt -0.006018 0.099491 0.000000
vt -0.954631 0.029318 0.000000
vt 0.000000 0.000000 0.000000
vt -0.069507 -1.407949 0.000000
vt 0.017967 -0.098040 0.000000
vt 0.000000 0.000000 0.000000
vt -0.087474 -1.309909 0.000000
vt 0.029653 -0.095160 0.000000
vt 0.000000 0.000000 0.000000
vt 0.158034 1.123858 0.000000
vt 0.117127 1.214749 0.000000
vt 0.000000 0.000000 0.000000
vt -0.158034 -1.123858 0.000000
vt 0.051564 -0.085298 0.000000
vt 0.000000 0.000000 0.000000
vt -0.209598 -1.038559 0.000000
vt 0.061470 -0.078461 0.000000
vt 0.000000 0.000000 0.000000
vt 0.341548 0.889619 0.000000
vt 0.271069 0.960099 0.000000
vt 0.000000 0.000000 0.000000
vt -0.341548 -0.889619 0.000000
vt 0.078461 -0.061470 0.000000
vt 0.000000 0.000000 0.000000
vt -0.420009 -0.828149 0.000000
vt 0.085298 -0.051564 0.000000
vt 0.000000 0.000000 0.000000
vt 0.127236 -0.068118 0.000000
vt 0.505307 0.776585 0.000000
vt 0.000000 0.000000 0.000000
vt -0.378071 -0.844703 0.000000
vt 0.090892 -0.040907 0.000000
vt 0.000000 0.000000 0.000000
vt 0.132416 -0.057402 0.000000
vt 0.468962 0.803796 0.000000
vt 0.000000 0.000000 0.000000
vt 0.136696 -0.046296 0.000000
vt 0.336546 0.861198 0.000000
vt 0.000000 0.000000 0.000000
vt -0.199851 -0.907494 0.000000
vt 0.095160 -0.029653 0.000000
vt 0.000000 0.000000 0.000000
vt 0.140046 -0.034875 0.000000
vt 0.295011 0.877841 0.000000
vt 0.000000 0.000000 0.000000
vt -0.154965 -0.912716 0.000000
vt 0.098040 -0.017966 0.000000
vt 0.000000 0.000000 0.000000
vt 0.142443 -0.023217 0.000000
vt 0.253005 0.894749 0.000000
vt 0.000000 0.000000 0.000000
vt 0.143872 -0.011400 0.000000
vt 0.110562 0.917966 0.000000
vt 0.000000 0.000000 0.000000
vt 0.033310 -0.929366 0.000000
vt 0.099491 -0.006018 0.000000
vt 0.000000 0.000000 0.000000
vt 0.144322 0.000493 0.000000
vt 0.066181 0.923348 0.000000
vt 0.000000 0.000000 0.000000
vt 0.078141 -0.922855 0.000000
vt 0.099491 0.006018 0.000000
vt 0.000000 0.000000 0.000000
vt 0.143790 0.012384 0.000000
vt 0.021350 0.928873 0.000000
vt 0.000000 0.000000 0.000000
vt 0.142281 0.024190 0.000000
vt -0.122440 0.916489 0.000000
vt 0.000000 0.000000 0.000000
vt 0.264721 -0.892299 0.000000
vt 0.098040 0.017966 0.000000
vt 0.000000 0.000000 0.000000
vt 0.139804 0.035832 0.000000
vt -0.166681 0.910265 0.000000
vt 0.000000 0.000000 0.000000
vt 0.306485 -0.874433 0.000000
vt 0.095160 0.029653 0.000000
vt 0.000000 0.000000 0.000000
vt 0.136376 0.047230 0.000000
vt -0.211325 0.904086 0.000000
vt 0.000000 0.000000 0.000000
vt 0.132020 0.058307 0.000000
vt -0.347701 0.856856 0.000000
vt 0.000000 0.000000 0.000000
vt 0.479721 -0.798550 0.000000
vt 0.090892 0.040907 0.000000
vt 0.000000 0.000000 0.000000
vt 0.126767 0.068987 0.000000
vt -0.388830 0.839457 0.000000
vt 0.000000 0.000000 0.000000
vt 0.515597 -0.770470 0.000000
vt 0.085298 0.051564 0.000000
vt 0.000000 0.000000 0.000000
vt 0.120651 0.079198 0.000000
vt -0.430298 0.822034 0.000000
vt 0.000000 0.000000 0.000000
vt 0.113715 0.088870 0.000000
vt -0.550950 0.742836 0.000000
vt 0.000000 0.000000 0.000000
vt 0.664665 -0.653966 0.000000
vt 0.078461 0.061470 0.000000
vt 0.000000 0.000000 0.000000
vt 0.106005 0.097938 0.000000
vt -0.586204 0.715436 0.000000
vt 0.000000 0.000000 0.000000
vt 0.692210 -0.617498 0.000000
vt 0.070479 0.070479 0.000000
vt 0.000000 0.000000 0.000000
vt 0.097575 0.106340 0.000000
vt -0.621730 0.687978 0.000000
vt 0.000000 0.000000 0.000000
vt 0.088481 0.114018 0.000000
vt -0.719305 0.581638 0.000000
vt 0.000000 0.000000 0.000000
vt 0.807786 -0.467619 0.000000
vt 0.061470 0.078461 0.000000
vt 0.000000 0.000000 0.000000
vt 0.078785 0.120921 0.000000
vt -0.746316 0.546080 0.000000
vt 0.000000 0.000000 0.000000
vt 0.825100 -0.425159 0.000000
vt 0.051564 0.085298 0.000000
vt 0.000000 0.000000 0.000000
vt 0.068553 0.127002 0.000000
vt -0.773536 0.510457 0.000000
vt 0.000000 0.000000 0.000000
vt 0.842089 -0.383455 0.000000
vt 0.040907 0.090892 0.000000
vt 0.000000 0.000000 0.000000
vt 0.057855 0.132219 0.000000
vt -0.801182 0.474346 0.000000
vt 0.000000 0.000000 0.000000
vt 0.046763 0.136537 0.000000
vt -0.859037 0.342127 0.000000
vt 0.000000 0.000000 0.000000
vt 0.905800 -0.205591 0.000000
vt 0.029653 0.095160 0.000000
vt 0.000000 0.000000 0.000000
vt 0.035354 0.139926 0.000000
vt -0.876147 0.300751 0.000000
vt 0.000000 0.000000 0.000000
vt 0.911501 -0.160825 0.000000
vt 0.017967 0.098040 0.000000
vt 0.000000 0.000000 0.000000
vt 0.023703 0.142363 0.000000
vt -0.893534 0.258865 0.000000
vt 0.000000 0.000000 0.000000
vt 0.011892 0.143832 0.000000
vt -0.917237 0.116502 0.000000
vt 0.000000 0.000000 0.000000
vt 0.929130 0.027330 0.000000
vt 0.006018 0.099491 0.000000
vt 0.000000 0.000000 0.000000
vt 0.000000 0.144323 0.000000
vt -0.923112 0.072161 0.000000
vt 0.000000 0.000000 0.000000
vt 0.923112 0.072161 0.000000
vt -0.006018 0.099491 0.000000
vt 0.000000 0.000000 0.000000
vt -0.011892 0.143832 0.000000
vt -0.929130 0.027330 0.000000
vt 0.000000 0.000000 0.000000
vt -0.023703 0.142363 0.000000
vt -0.917237 -0.116502 0.000000
vt 0.000000 0.000000 0.000000
vt 0.893534 0.258865 0.000000
vt -0.017967 0.098040 0.000000
vt 0.000000 0.000000 0.000000
vt -0.035354 0.139926 0.000000
vt -0.911501 -0.160825 0.000000
vt 0.000000 0.000000 0.000000
vt 0.876147 0.300751 0.000000
vt -0.029653 0.095160 0.000000
vt 0.000000 0.000000 0.000000
vt -0.046763 0.136537 0.000000
vt -0.905800 -0.205591 0.000000
vt 0.000000 0.000000 0.000000
vt -0.057855 0.132219 0.000000
vt -0.859037 -0.342127 0.000000
vt 0.000000 0.000000 0.000000
vt 0.801182 0.474346 0.000000
vt -0.040907 0.090892 0.000000
vt 0.000000 0.000000 0.000000
vt -0.068553 0.127002 0.000000
vt -0.842089 -0.383455 0.000000
vt 0.000000 0.000000 0.000000
vt 0.773536 0.510457 0.000000
vt -0.051564 0.085298 0.000000
vt 0.000000 0.000000 0.000000
vt -0.078785 0.120921 0.000000
vt -0.825100 -0.425159 0.000000
vt 0.000000 0.000000 0.000000
vt 0.746316 0.546080 0.000000
vt -0.061470 0.078461 0.000000
vt 0.000000 0.000000 0.000000
vt -0.088481 0.114018 0.000000
vt -0.807786 -0.467619 0.000000
vt 0.000000 0.000000 0.000000
vt -0.097575 0.106340 0.000000
vt -0.719305 -0.581638 0.000000
vt 0.000000 0.000000 0.000000
vt 0.621730 0.687978 0.000000
vt -0.070479 0.070479 0.000000
vt 0.000000 0.000000 0.000000
vt -0.106005 0.097938 0.000000
vt -0.692210 -0.617498 0.000000
vt 0.000000 0.000000 0.000000
vt 0.586204 0.715436 0.000000
vt -0.078461 0.061470 0.000000
vt 0.000000 0.000000 0.000000
vt -0.113715 0.088870 0.000000
vt -0.664665 -0.653966 0.000000
vt 0.000000 0.000000 0.000000
vt -0.120651 0.079198 0.000000
vt -0.550950 -0.742836 0.000000
vt 0.000000 0.000000 0.000000
vt 0.430298 0.822034 0.000000
vt -0.085298 0.051564 0.000000
vt 0.000000 0.000000 0.000000
vt -0.126767 0.068987 0.000000
vt -0.515597 -0.770470 0.000000
vt 0.000000 0.000000 0.000000
vt 0.388830 0.839457 0.000000
vt -0.090892 0.040907 0.000000
vt 0.000000 0.000000 0.000000
vt -0.132020 0.058307 0.000000
vt -0.479721 -0.798550 0.000000
vt 0.000000 0.000000 0.000000
vt -0.136376 0.047230 0.000000
vt -0.347701 -0.856856 0.000000
vt 0.000000 0.000000 0.000000
vt 0.211325 0.904086 0.000000
vt -0.095160 0.029653 0.000000
vt 0.000000 0.000000 0.000000
vt -0.139804 0.035832 0.000000
vt -0.306485 -0.874433 0.000000
vt 0.000000 0.000000 0.000000
vt 0.021350 -0.928873 0.000000
vt 0.143790 -0.012384 0.000000
vt 0.000000 0.000000 0.000000
vt -0.122440 -0.916489 0.000000
vt 0.142281 -0.024190 0.000000
vt 0.000000 0.000000 0.000000
vt 0.098040 -0.017966 0.000000
vt 0.264721 0.892299 0.000000
vt 0.000000 0.000000 0.000000
vt 0.253005 -0.894749 0.000000
vt 0.142443 0.023217 0.000000
vt 0.000000 0.000000 0.000000
vt 0.110562 -0.917966 0.000000
vt 0.143872 0.011400 0.000000
vt 0.000000 0.000000 0.000000
vt 0.099491 0.006018 0.000000
vt 0.033310 0.929366 0.000000
vt 0.000000 0.000000 0.000000
vt 0.066181 -0.923348 0.000000
vt 0.144322 -0.000493 0.000000
vt 0.000000 0.000000 0.000000
vt 0.099491 -0.006018 0.000000
vt 0.078141 0.922855 0.000000
vt 0.000000 0.000000 0.000000
vt 0.000000 0.624600 0.000000
vt -0.144323 0.000000 0.000000
vt 0.000000 0.000000 0.000000
vt -0.144323 0.000000 0.000000
vt -0.144323 -0.624600 0.000000
vt 0.000000 0.000000 0.000000
vt 0.000000 0.624600 0.000000
vt -0.144323 0.000000 0.000000
vt 0.000000 0.000000 0.000000
vt -0.144323 0.000000 0.000000
vt -0.144323 -0.624600 0.000000
vt 0.000000 0.000000 0.000000
vt 0.000000 0.624600 0.000000
vt -0.144323 0.000000 0.000000
vt 0.000000 0.000000 0.000000
vt -0.144323 0.000000 0.000000
vt -0.144323 -0.624600 0.000000
vt 0.000000 0.000000 0.000000
vt 0.000000 0.624600 0.000000
vt -0.144323 0.000000 0.000000
vt 0.000000 0.000000 0.000000
vt -0.144323 0.000000 0.000000
vt -0.144323 -0.624600 0.000000
vt 0.000000 0.000000 0.000000
vt 0.000000 0.624600 0.000000
vt -0.144323 0.000000 0.000000
vt 0.000000 0.000000 0.000000
vt -0.144323 0.000000 0.000000
vt -0.144323 -0.624600 0.000000
vt 0.000000 0.000000 0.000000
vt 0.000000 0.624600 0.000000
vt -0.144323 0.000000 0.000000
vt 0.000000 0.000000 0.000000
vt -0.144323 0.000000 0.000000
vt -0.144323 -0.624600 0.000000
vt 0.000000 0.000000 0.000000
vt 0.000000 0.624600 0.000000
vt -0.144323 0.000000 0.000000
vt 0.000000 0.000000 0.000000
vt -0.144323 0.000000 0.000000
vt -0.144323 -0.624600 0.000000
vt 0.000000 0.000000 0.000000
vt 0.000000 0.624600 0.000000
vt -0.144323 0.000000 0.000000
vt 0.000000 0.000000 0.000000
vt -0.144323 0.000000 0.000000
vt -0.144323 -0.624600 0.000000
vt 0.000000 0.000000 0.000000
vt 0.000000 0.624600 0.000000
vt -0.144323 0.000000 0.000000
vt 0.000000 0.000000 0.000000
vt -0.144323 0.000000 0.000000
vt -0.144323 -0.624600 0.000000
vt 0.000000 0.000000 0.000000
vt 0.000000 0.624600 0.000000
vt -0.144323 0.000000 0.000000
vt 0.000000 0.000000 0.000000
vt -0.144323 0.000000 0.000000
vt -0.144323 -0.624600 0.000000
vt 0.000000 0.000000 0.000000
vt 0.000000 0.624600 0.000000
vt -0.144323 0.000000 0.000000
vt 0.000000 0.000000 0.000000
vt -0.144323 0.000000 0.000000
vt -0.144323 -0.624600 0.000000
vt 0.000000 0.000000 0.000000
vt 0.000000 0.624600 0.000000
vt -0.144323 0.000000 0.000000
vt 0.000000 0.000000 0.000000
vt -0.144323 0.000000 0.000000
vt -0.144323 -0.624600 0.000000
vt 0.000000 0.000000 0.000000
vt 0.000000 0.624600 0.000000
vt -0.144323 0.000000 0.000000
vt 0.000000 0.000000 0.000000
vt -0.144323 0.000000 0.000000
vt -0.144323 -0.624600 0.000000
vt 0.000000 0.000000 0.000000
vt 0.000000 0.624600 0.000000
vt -0.144323 0.000000 0.000000
vt 0.000000 0.000000 0.000000
vt -0.144323 0.000000 0.000000
vt -0.144323 -0.624600 0.000000
vt 0.000000 0.000000 0.000000
vt 0.000000 0.624600 0.000000
vt -0.144323 0.000000 0.000000
vt 0.000000 0.000000 0.000000
vt -0.144323 0.000000 0.000000
vt -0.144323 -0.624600 0.000000
vt 0.000000 0.000000 0.000000
vt 0.000000 0.624600 0.000000
vt -0.144323 0.000000 0.000000
vt 0.000000 0.000000 0.000000
vt -0.144323 0.000000 0.000000
vt -0.144323 -0.624600 0.000000
vt 0.000000 0.000000 0.000000
vt 0.000000 0.624600 0.000000
vt -0.144323 0.000000 0.000000
vt 0.000000 0.000000 0.000000
vt -0.144323 0.000000 0.000000
vt -0.144323 -0.624600 0.000000
vt 0.000000 0.000000 0.000000
vt 0.000000 0.624600 0.000000
vt -0.144323 0.000000 0.000000
vt 0.000000 0.000000 0.000000
vt -0.144323 0.000000 0.000000
vt -0.144323 -0.624600 0.000000
vt 0.000000 0.000000 0.000000
vt 0.000000 0.624600 0.000000
vt -0.144323 0.000000 0.000000
vt 0.000000 0.000000 0.000000
vt -0.144323 0.000000 0.000000
vt -0.144323 -0.624600 0.000000
vt 0.000000 0.000000 0.000000
vt 0.000000 0.624600 0.000000
vt -0.144323 0.000000 0.000000
vt 0.000000 0.000000 0.000000
vt -0.144323 0.000000 0.000000
vt -0.144323 -0.624600 0.000000
vt 0.000000 0.000000 0.000000
vt 0.000000 0.624600 0.000000
vt -0.144323 0.000000 0.000000
vt 0.000000 0.000000 0.000000
vt -0.144323 0.000000 0.000000
vt -0.144323 -0.624600 0.000000
vt 0.000000 0.000000 0.000000
vt 0.000000 0.624600 0.000000
vt -0.144323 0.000000 0.000000
vt 0.000000 0.000000 0.000000
vt -0.144323 0.000000 0.000000
vt -0.144323 -0.624600 0.000000
vt 0.000000 0.000000 0.000000
vt 0.000000 0.624600 0.000000
vt -0.144323 0.000000 0.000000
vt 0.000000 0.000000 0.000000
vt -0.144323 0.000000 0.000000
vt -0.144323 -0.624600 0.000000
vt 0.000000 0.000000 0.000000
vt 0.000000 0.624600 0.000000
vt -0.144323 0.000000 0.000000
vt 0.000000 0.000000 0.000000
vt -0.144323 0.000000 0.000000
vt -0.144323 -0.624600 0.000000
vt 0.000000 0.000000 0.000000
vt 0.000000 0.624600 0.000000
vt -0.144323 0.000000 0.000000
vt 0.000000 0.000000 0.000000
vt -0.144323 0.000000 0.000000
vt -0.144323 -0.624600 0.000000
vt 0.000000 0.000000 0.000000
vt 0.000000 0.624600 0.000000
vt -0.144323 0.000000 0.000000
vt 0.000000 0.000000 0.000000
vt -0.144323 0.000000 0.000000
vt -0.144323 -0.624600 0.000000
vt 0.000000 0.000000 0.000000
vt 0.000000 0.624600 0.000000
vt -0.144323 0.000000 0.000000
vt 0.000000 0.000000 0.000000
vt -0.144323 0.000000 0.000000
vt -0.144323 -0.624600 0.000000
vt 0.000000 0.000000 0.000000
vt 0.000000 0.624600 0.000000
vt -0.144323 0.000000 0.000000
vt 0.000000 0.000000 0.000000
vt -0.144323 0.000000 0.000000
vt -0.144323 -0.624600 0.000000
vt 0.000000 0.000000 0.000000
vt 0.000000 0.624600 0.000000
vt -0.144323 0.000000 0.000000
vt 0.000000 0.000000 0.000000
vt -0.144323 0.000000 0.000000
vt -0.144323 -0.624600 0.000000
vt 0.000000 0.000000 0.000000
vt 0.000000 0.624600 0.000000
vt -0.144323 0.000000 0.000000
vt 0.000000 0.000000 0.000000
vt -0.144323 0.000000 0.000000
vt -0.144323 -0.624600 0.000000
vt 0.000000 0.000000 0.000000
vt 0.000000 0.624600 0.000000
vt -0.144323 0.000000 0.000000
vt 0.000000 0.000000 0.000000
vt -0.144323 0.000000 0.000000
vt -0.144323 -0.624600 0.000000
vt 0.000000 0.000000 0.000000
vt 0.000000 0.624600 0.000000
vt -0.144323 0.000000 0.000000
vt 0.000000 0.000000 0.000000
vt -0.144323 0.000000 0.000000
vt -0.144323 -0.624600 0.000000
vt 0.000000 0.000000 0.000000
vt 0.000000 0.624600 0.000000
vt -0.144323 0.000000 0.000000
vt 0.000000 0.000000 0.000000
vt -0.144323 0.000000 0.000000
vt -0.144323 -0.624600 0.000000
vt 0.000000 0.000000 0.000000
vt 0.000000 0.624600 0.000000
vt -0.144323 0.000000 0.000000
vt 0.000000 0.000000 0.000000
vt -0.144323 0.000000 0.000000
vt -0.144323 -0.624600 0.000000
vt 0.000000 0.000000 0.000000
vt 0.000000 0.624600 0.000000
vt -0.144323 0.000000 0.000000
vt 0.000000 0.000000 0.000000
vt -0.144323 0.000000 0.000000
vt -0.144323 -0.624600 0.000000
vt 0.000000 0.000000 0.000000
vt 0.000000 0.624600 0.000000
vt -0.144323 0.000000 0.000000
vt 0.000000 0.000000 0.000000
vt -0.144323 0.000000 0.000000
vt -0.144323 -0.624600 0.000000
vt 0.000000 0.000000 0.000000
vt 0.000000 0.624600 0.000000
vt -0.144323 0.000000 0.000000
vt 0.000000 0.000000 0.000000
vt -0.144323 0.000000 0.000000
vt -0.144323 -0.624600 0.000000
vt 0.000000 0.000000 0.000000
vt 0.000000 0.624600 0.000000
vt -0.144323 0.000000 0.000000
vt 0.000000 0.000000 0.000000
vt -0.144323 0.000000 0.000000
vt -0.144323 -0.624600 0.000000
vt 0.000000 0.000000 0.000000
vt 0.000000 0.624600 0.000000
vt -0.144323 0.000000 0.000000
vt 0.000000 0.000000 0.000000
vt -0.144323 0.000000 0.000000
vt -0.144323 -0.624600 0.000000
vt 0.000000 0.000000 0.000000
vt 0.000000 0.624600 0.000000
vt -0.144323 0.000000 0.000000
vt 0.000000 0.000000 0.000000
vt -0.144323 0.000000 0.000000
vt -0.144323 -0.624600 0.000000
vt 0.000000 0.000000 0.000000
vt 0.000000 0.624600 0.000000
vt -0.144323 0.000000 0.000000
vt 0.000000 0.000000 0.000000
vt -0.144323 0.000000 0.000000
vt -0.144323 -0.624600 0.000000
vt 0.000000 0.000000 0.000000
vt 0.000000 0.624600 0.000000
vt -0.144323 0.000000 0.000000
vt 0.000000 0.000000 0.000000
vt -0.144323 0.000000 0.000000
vt -0.144323 -0.624600 0.000000
vt 0.000000 0.000000 0.000000
vt 0.000000 0.624600 0.000000
vt -0.144323 0.000000 0.000000
vt 0.000000 0.000000 0.000000
vt -0.144323 0.000000 0.000000
vt -0.144323 -0.624600 0.000000
vt 0.000000 0.000000 0.000000
vt 0.000000 0.624600 0.000000
vt -0.144323 0.000000 0.000000
vt 0.000000 0.000000 0.000000
vt -0.144323 0.000000 0.000000
vt -0.144323 -0.624600 0.000000
vt 0.000000 0.000000 0.000000
vt 0.000000 0.624600 0.000000
vt -0.144323 0.000000 0.000000
vt 0.000000 0.000000 0.000000
vt -0.144323 0.000000 0.000000
vt -0.144323 -0.624600 0.000000
vt 0.000000 0.000000 0.000000
vt 0.000000 0.624600 0.000000
vt -0.144323 0.000000 0.000000
vt 0.000000 0.000000 0.000000
vt -0.144323 0.000000 0.000000
vt -0.144323 -0.624600 0.000000
vt 0.000000 0.000000 0.000000
vt 0.000000 0.624600 0.000000
vt -0.144323 0.000000 0.000000
vt 0.000000 0.000000 0.000000
vt -0.144323 0.000000 0.000000
vt -0.144323 -0.624600 0.000000
vt 0.000000 0.000000 0.000000
vt 0.000000 0.624600 0.000000
vt -0.144323 0.000000 0.000000
vt 0.000000 0.000000 0.000000
vt -0.144323 0.000000 0.000000
vt -0.144323 -0.624600 0.000000
vt 0.000000 0.000000 0.000000
vt 0.000000 0.624600 0.000000
vt -0.144323 0.000000 0.000000
vt 0.000000 0.000000 0.000000
vt -0.144323 0.000000 0.000000
vt -0.144323 -0.624600 0.000000
vt 0.000000 0.000000 0.000000
vt 0.000000 0.624600 0.000000
vt -0.144323 0.000000 0.000000
vt 0.000000 0.000000 0.000000
vt -0.144323 0.000000 0.000000
vt -0.144323 -0.624600 0.000000
vt 0.000000 0.000000 0.000000
vt 0.000000 0.624600 0.000000
vt -0.144323 0.000000 0.000000
vt 0.000000 0.000000 0.000000
vt -0.144323 0.000000 0.000000
vt -0.144323 -0.624600 0.000000
vt 0.000000 0.000000 0.000000
vt 0.000000 0.624600 0.000000
vt -0.144323 0.000000 0.000000
vt 0.000000 0.000000 0.000000
vt -0.144323 0.000000 0.000000
vt -0.144323 -0.624600 0.000000
vt 0.000000 0.000000 0.000000
vt 0.000000 0.624600 0.000000
vt -0.144323 0.000000 0.000000
vt 0.000000 0.000000 0.000000
vt -0.144323 0.000000 0.000000
vt -0.144323 -0.624600 0.000000
vt 0.000000 0.000000 0.000000
vt 0.000000 0.624600 0.000000
vt -0.144323 0.000000 0.000000
vt 0.000000 0.000000 0.000000
vt -0.144323 0.000000 0.000000
vt -0.144323 -0.624600 0.000000
vt 0.000000 0.000000 0.000000
vt 0.000000 0.624600 0.000000
vt -0.144323 0.000000 0.000000
vt 0.000000 0.000000 0.000000
vt -0.144323 0.000000 0.000000
vt -0.144323 -0.624600 0.000000
vt 0.000000 0.000000 0.000000
vt 0.000000 0.624600 0.000000
vt -0.144323 0.000000 0.000000
vt 0.000000 0.000000 0.000000
vt -0.144323 0.000000 0.000000
vt -0.144323 -0.624600 0.000000
vt 0.000000 0.000000 0.000000
vt 0.000000 0.624600 0.000000
vt -0.144323 0.000000 0.000000
vt 0.000000 0.000000 0.000000
vt -0.144323 0.000000 0.000000
vt -0.144323 -0.624600 0.000000
vt 0.000000 0.000000 0.000000
vt 0.000000 0.624600 0.000000
vt -0.144323 0.000000 0.000000
vt 0.000000 0.000000 0.000000
vt -0.144323 0.000000 0.000000
vt -0.144323 -0.624600 0.000000
vt 0.000000 0.000000 0.000000
vt 0.000000 0.624600 0.000000
vt -0.144323 0.000000 0.000000
vt 0.000000 0.000000 0.000000
vt -0.144323 0.000000 0.000000
vt -0.144323 -0.624600 0.000000
vt 0.000000 0.000000 0.000000
vt 0.000000 0.624600 0.000000
vt -0.144323 0.000000 0.000000
vt 0.000000 0.000000 0.000000
vt -0.144323 0.000000 0.000000
vt -0.144323 -0.624600 0.000000
vt 0.000000 0.000000 0.000000
vt 0.000000 0.624600 0.000000
vt -0.144323 0.000000 0.000000
vt 0.000000 0.000000 0.000000
vt -0.144323 0.000000 0.000000
vt -0.144323 -0.624600 0.000000
vt 0.000000 0.000000 0.000000
vt 0.000000 0.624600 0.000000
vt -0.144323 0.000000 0.000000
vt 0.000000 0.000000 0.000000
vt -0.144323 0.000000 0.000000
vt -0.144323 -0.624600 0.000000
vt 0.000000 0.000000 0.000000
vt 0.000000 0.624600 0.000000
vt -0.144323 0.000000 0.000000
vt 0.000000 0.000000 0.000000
vt -0.144323 0.000000 0.000000
vt -0.144323 -0.624600 0.000000
vt 0.000000 0.000000 0.000000
vt 0.000000 0.624600 0.000000
vt -0.144323 0.000000 0.000000
vt 0.000000 0.000000 0.000000
vt -0.144323 0.000000 0.000000
vt -0.144323 -0.624600 0.000000
vt 0.000000 0.000000 0.000000
vt 0.000000 0.624600 0.000000
vt -0.144323 0.000000 0.000000
vt 0.000000 0.000000 0.000000
vt -0.144323 0.000000 0.000000
vt -0.144323 -0.624600 0.000000
vt 0.000000 0.000000 0.000000
vt 0.000000 0.174600 0.000000
vt 0.099673 0.174600 0.000000
vt 0.000000 0.374600 0.000000
vt 0.099673 0.374600 0.000000
vt 0.000000 0.174600 0.000000
vt 0.099673 0.174600 0.000000
vt 0.000000 0.374600 0.000000
vt 0.099673 0.374600 0.000000
vt 0.000000 0.174600 0.000000
vt 0.099673 0.174600 0.000000
vt 0.000000 0.374600 0.000000
vt 0.099673 0.374600 0.000000
vt 0.000000 0.174600 0.000000
vt 0.099673 0.174600 0.000000
vt 0.000000 0.374600 0.000000
vt 0.099673 0.374600 0.000000
vt 0.000000 0.174600 0.000000
vt 0.099673 0.174600 0.000000
vt 0.000000 0.374600 0.000000
vt 0.099673 0.374600 0.000000
vt 0.000000 0.174600 0.000000
vt 0.099673 0.174600 0.000000
vt 0.000000 0.374600 0.000000
vt 0.099673 0.374600 0.000000
vt 0.000000 0.174600 0.000000
vt 0.099673 0.174600 0.000000
vt 0.000000 0.374600 0.000000
vt 0.099673 0.374600 0.000000
vt 0.000000 0.174600 0.000000
vt 0.099673 0.174600 0.000000
vt 0.000000 0.374600 0.000000
vt 0.099673 0.374600 0.000000
vt 0.000000 0.174600 0.000000
vt 0.099673 0.174600 0.000000
vt 0.000000 0.374600 0.000000
vt 0.099673 0.374600 0.000000
vt 0.000000 0.174600 0.000000
vt 0.099673 0.174600 0.000000
vt 0.000000 0.374600 0.000000
vt 0.099673 0.374600 0.000000
vt 0.000000 0.174600 0.000000
vt 0.099673 0.174600 0.000000
vt 0.000000 0.374600 0.000000
vt 0.099673 0.374600 0.000000
vt 0.000000 0.174600 0.000000
vt 0.099673 0.174600 0.000000
vt 0.000000 0.374600 0.000000
vt 0.099673 0.374600 0.000000
vt 0.000000 0.174600 0.000000
vt 0.099673 0.174600 0.000000
vt 0.000000 0.374600 0.000000
vt 0.099673 0.374600 0.000000
vt 0.000000 0.174600 0.000000
vt 0.099673 0.174600 0.000000
vt 0.000000 0.374600 0.000000
vt 0.099673 0.374600 0.000000
vt 0.000000 0.174600 0.000000
vt 0.099673 0.174600 0.000000
vt 0.000000 0.374600 0.000000
vt 0.099673 0.374600 0.000000
vt 0.000000 0.174600 0.000000
vt 0.099673 0.174600 0.000000
vt 0.000000 0.374600 0.000000
vt 0.099673 0.374600 0.000000
vt 0.034146 0.374600 0.000000
vt 0.000000 0.374600 0.000000
vt 0.034146 0.000000 0.000000
vt 0.000000 0.000000 0.000000
vt 0.034146 0.374600 0.000000
vt 0.000000 0.374600 0.000000
vt 0.034146 0.000000 0.000000
vt 0.000000 0.000000 0.000000
vt 0.034146 0.374600 0.000000
vt 0.000000 0.374600 0.000000
vt 0.034146 0.000000 0.000000
vt 0.000000 0.000000 0.000000
vt 0.034146 0.374600 0.000000
vt 0.000000 0.374600 0.000000
vt 0.034146 0.000000 0.000000
vt 0.000000 0.000000 0.000000
vt 0.034146 0.374600 0.000000
vt 0.000000 0.374600 0.000000
vt 0.034146 0.000000 0.000000
vt 0.000000 0.000000 0.000000
vt 0.034146 0.374600 0.000000
vt 0.000000 0.374600 0.000000
vt 0.034146 0.000000 0.000000
vt 0.000000 0.000000 0.000000
vt 0.034146 0.374600 0.000000
vt 0.000000 0.374600 0.000000
vt 0.034146 0.000000 0.000000
vt 0.000000 0.000000 0.000000
vt 0.034146 0.374600 0.000000
vt 0.000000 0.374600 0.000000
vt 0.034146 0.000000 0.000000
vt 0.000000 0.000000 0.000000
vt 0.034146 0.374600 0.000000
vt 0.000000 0.374600 0.000000
vt 0.034146 0.000000 0.000000
vt 0.000000 0.000000 0.000000
vt 0.034146 0.374600 0.000000
vt 0.000000 0.374600 0.000000
vt 0.034146 0.000000 0.000000
vt 0.000000 0.000000 0.000000
vt 0.034146 0.374600 0.000000
vt 0.000000 0.374600 0.000000
vt 0.034146 0.000000 0.000000
vt 0.000000 0.000000 0.000000
vt 0.034146 0.374600 0.000000
vt 0.000000 0.374600 0.000000
vt 0.034146 0.000000 0.000000
vt 0.000000 0.000000 0.000000
vt 0.034146 0.374600 0.000000
vt 0.000000 0.374600 0.000000
vt 0.034146 0.000000 0.000000
vt 0.000000 0.000000 0.000000
vt 0.034146 0.374600 0.000000
vt 0.000000 0.374600 0.000000
vt 0.034146 0.000000 0.000000
vt 0.000000 0.000000 0.000000
vt 0.034146 0.374600 0.000000
vt 0.000000 0.374600 0.000000
vt 0.034146 0.000000 0.000000
vt 0.000000 0.000000 0.000000
vt 0.034146 0.374600 0.000000
vt 0.000000 0.374600 0.000000
vt 0.034146 0.000000 0.000000
vt 0.000000 0.000000 0.000000
vt 0.034146 0.374600 0.000000
vt 0.000000 0.374600 0.000000
vt 0.034146 0.000000 0.000000
vt 0.000000 0.000000 0.000000
vt 0.034146 0.374600 0.000000
vt 0.000000 0.374600 0.000000
vt 0.034146 0.000000 0.000000
vt 0.000000 0.000000 0.000000
vt 0.034146 0.374600 0.000000
vt 0.000000 0.374600 0.000000
vt 0.034146 0.000000 0.000000
vt 0.000000 0.000000 0.000000
vt 0.034146 0.374600 0.000000
vt 0.000000 0.374600 0.000000
vt 0.034146 0.000000 0.000000
vt 0.000000 0.000000 0.000000
vt 0.034146 0.374600 0.000000
vt 0.000000 0.374600 0.000000
vt 0.034146 0.000000 0.000000
vt 0.000000 0.000000 0.000000
vt 0.034146 0.374600 0.000000
vt 0.000000 0.374600 0.000000
vt 0.034146 0.000000 0.000000
vt 0.000000 0.000000 0.000000
vt 0.034146 0.374600 0.000000
vt 0.000000 0.374600 0.000000
vt 0.034146 0.000000 0.000000
vt 0.000000 0.000000 0.000000
vt 0.034146 0.374600 0.000000
vt 0.000000 0.374600 0.000000
vt 0.034146 0.000000 0.000000
vt 0.000000 0.000000 0.000000
vt 0.034146 0.374600 0.000000
vt 0.000000 0.374600 0.000000
vt 0.034146 0.000000 0.000000
vt 0.000000 0.000000 0.000000
vt 0.034146 0.374600 0.000000
vt 0.000000 0.374600 0.000000
vt 0.034146 0.000000 0.000000
vt 0.000000 0.000000 0.000000
vt 0.034146 0.374600 0.000000
vt 0.000000 0.374600 0.000000
vt 0.034146 0.000000 0.000000
vt 0.000000 0.000000 0.000000
vt 0.034146 0.374600 0.000000
vt 0.000000 0.374600 0.000000
vt 0.034146 0.000000 0.000000
vt 0.000000 0.000000 0.000000
vt 0.034146 0.374600 0.000000
vt 0.000000 0.374600 0.000000
vt 0.034146 0.000000 0.000000
vt 0.000000 0.000000 0.000000
vt 0.034146 0.374600 0.000000
vt 0.000000 0.374600 0.000000
vt 0.034146 0.000000 0.000000
vt 0.000000 0.000000 0.000000
vt 0.034146 0.374600 0.000000
vt 0.000000 0.374600 0.000000
vt 0.034146 0.000000 0.000000
vt 0.000000 0.000000 0.000000
vt 0.034146 0.374600 0.000000
vt 0.000000 0.374600 0.000000
vt 0.034146 0.000000 0.000000
vt 0.000000 0.000000 0.000000
vt 0.034146 0.374600 0.000000
vt 0.000000 0.374600 0.000000
vt 0.034146 0.000000 0.000000
vt 0.000000 0.000000 0.000000
vt 0.034146 0.374600 0.000000
vt 0.000000 0.374600 0.000000
vt 0.034146 0.000000 0.000000
vt 0.000000 0.000000 0.000000
vt 0.034146 0.374600 0.000000
vt 0.000000 0.374600 0.000000
vt 0.034146 0.000000 0.000000
vt 0.000000 0.000000 0.000000
vt 0.034146 0.374600 0.000000
vt 0.000000 0.374600 0.000000
vt 0.034146 0.000000 0.000000
vt 0.000000 0.000000 0.000000
vt 0.034146 0.374600 0.000000
vt 0.000000 0.374600 0.000000
vt 0.034146 0.000000 0.000000
vt 0.000000 0.000000 0.000000
vt 0.034146 0.374600 0.000000
vt 0.000000 0.374600 0.000000
vt 0.034146 0.000000 0.000000
vt 0.000000 0.000000 0.000000
vt 0.034146 0.374600 0.000000
vt 0.000000 0.374600 0.000000
vt 0.034146 0.000000 0.000000
vt 0.000000 0.000000 0.000000
vt 0.034146 0.374600 0.000000
vt 0.000000 0.374600 0.000000
vt 0.034146 0.000000 0.000000
vt 0.000000 0.000000 0.000000
vt 0.034146 0.374600 0.000000
vt 0.000000 0.374600 0.000000
vt 0.034146 0.000000 0.000000
vt 0.000000 0.000000 0.000000
vt 0.034146 0.374600 0.000000
vt 0.000000 0.374600 0.000000
vt 0.034146 0.000000 0.000000
vt 0.000000 0.000000 0.000000
vt 0.034146 0.374600 0.000000
vt 0.000000 0.374600 0.000000
vt 0.034146 0.000000 0.000000
vt 0.000000 0.000000 0.000000
vt 0.034146 0.374600 0.000000
vt 0.000000 0.374600 0.000000
vt 0.034146 0.000000 0.000000
vt 0.000000 0.000000 0.000000
vt 0.034146 0.374600 0.000000
vt 0.000000 0.374600 0.000000
vt 0.034146 0.000000 0.000000
vt 0.000000 0.000000 0.000000
vt 0.034146 0.374600 0.000000
vt 0.000000 0.374600 0.000000
vt 0.034146 0.000000 0.000000
vt 0.000000 0.000000 0.000000
vt 0.034146 0.374600 0.000000
vt 0.000000 0.374600 0.000000
vt 0.034146 0.000000 0.000000
vt 0.000000 0.000000 0.000000
vt 0.034146 0.374600 0.000000
vt 0.000000 0.374600 0.000000
vt 0.034146 0.000000 0.000000
vt 0.000000 0.000000 0.000000
vt 0.034146 0.374600 0.000000
vt 0.000000 0.374600 0.000000
vt 0.034146 0.000000 0.000000
vt 0.000000 0.000000 0.000000
vt 0.034146 0.374600 0.000000
vt 0.000000 0.374600 0.000000
vt 0.034146 0.000000 0.000000
vt 0.000000 0.000000 0.000000
vt 0.034146 0.374600 0.000000
vt 0.000000 0.374600 0.000000
vt 0.034146 0.000000 0.000000
vt 0.000000 0.000000 0.000000
vt 0.034146 0.374600 0.000000
vt 0.000000 0.374600 0.000000
vt 0.034146 0.000000 0.000000
vt 0.000000 0.000000 0.000000
vt 0.034146 0.374600 0.000000
vt 0.000000 0.374600 0.000000
vt 0.034146 0.000000 0.000000
vt 0.000000 0.000000 0.000000
vt 0.034146 0.374600 0.000000
vt 0.000000 0.374600 0.000000
vt 0.034146 0.000000 0.000000
vt 0.000000 0.000000 0.000000
vt 0.034146 0.374600 0.000000
vt 0.000000 0.374600 0.000000
vt 0.034146 0.000000 0.000000
vt 0.000000 0.000000 0.000000
vt 0.034146 0.374600 0.000000
vt 0.000000 0.374600 0.000000
vt 0.034146 0.000000 0.000000
vt 0.000000 0.000000 0.000000
vt 0.034146 0.374600 0.000000
vt 0.000000 0.374600 0.000000
vt 0.034146 0.000000 0.000000
vt 0.000000 0.000000 0.000000
vt 0.034146 0.374600 0.000000
vt 0.000000 0.374600 0.000000
vt 0.034146 0.000000 0.000000
vt 0.000000 0.000000 0.000000
vt 0.034146 0.374600 0.000000
vt 0.000000 0.374600 0.000000
vt 0.034146 0.000000 0.000000
vt 0.000000 0.000000 0.000000
vt 0.034146 0.374600 0.000000
vt 0.000000 0.374600 0.000000
vt 0.034146 0.000000 0.000000
vt 0.000000 0.000000 0.000000
vt 0.034146 0.374600 0.000000
vt 0.000000 0.374600 0.000000
vt 0.034146 0.000000 0.000000
vt 0.000000 0.000000 0.000000
vt 0.034146 0.374600 0.000000
vt 0.000000 0.374600 0.000000
vt 0.034146 0.000000 0.000000
vt 0.000000 0.000000 0.000000
vt 0.034146 0.374600 0.000000
vt 0.000000 0.374600 0.000000
vt 0.034146 0.000000 0.000000
vt 0.000000 0.000000 0.000000
vt 0.034146 0.374600 0.000000
vt 0.000000 0.374600 0.000000
vt 0.034146 0.000000 0.000000
vt 0.000000 0.000000 0.000000
vt 0.034146 0.374600 0.000000
vt 0.000000 0.374600 0.000000
vt 0.034146 0.000000 0.000000
vt 0.000000 0.000000 0.000000
vt 0.034146 0.374600 0.000000
vt 0.000000 0.374600 0.000000
vt 0.034146 0.000000 0.000000
vt 0.000000 0.000000 0.000000
vt 0.034146 0.374600 0.000000
vt 0.000000 0.374600 0.000000
vt 0.034146 0.000000 0.000000
vt 0.000000 0.000000 0.000000
vt 0.034146 0.374600 0.000000
vt 0.000000 0.374600 0.000000
vt 0.034146 0.000000 0.000000
vt 0.000000 0.000000 0.000000
vt 0.034146 0.374600 0.000000
vt 0.000000 0.374600 0.000000
vt 0.034146 0.000000 0.000000
vt 0.000000 0.000000 0.000000
vt 0.034146 0.374600 0.000000
vt 0.000000 0.374600 0.000000
vt 0.034146 0.000000 0.000000
vt 0.000000 0.000000 0.000000
vt 0.034146 0.374600 0.000000
vt 0.000000 0.374600 0.000000
vt 0.034146 0.000000 0.000000
vt 0.000000 0.000000 0.000000
vt 0.034146 0.374600 0.000000
vt 0.000000 0.374600 0.000000
vt 0.034146 0.000000 0.000000
vt 0.000000 0.000000 0.000000
vt 0.034146 0.374600 0.000000
vt 0.000000 0.374600 0.000000
vt 0.034146 0.000000 0.000000
vt 0.000000 0.000000 0.000000
vt 0.034146 0.374600 0.000000
vt 0.000000 0.374600 0.000000
vt 0.034146 0.000000 0.000000
vt 0.000000 0.000000 0.000000
vt 0.034146 0.374600 0.000000
vt 0.000000 0.374600 0.000000
vt 0.034146 0.000000 0.000000
vt 0.000000 0.000000 0.000000
vt 0.034146 0.374600 0.000000
vt 0.000000 0.374600 0.000000
vt 0.034146 0.000000 0.000000
vt 0.000000 0.000000 0.000000
vt 0.034146 0.374600 0.000000
vt 0.000000 0.374600 0.000000
vt 0.034146 0.000000 0.000000
vt 0.000000 0.000000 0.000000
vt 0.034146 0.374600 0.000000
vt 0.000000 0.374600 0.000000
vt 0.034146 0.000000 0.000000
vt 0.000000 0.000000 0.000000
vt 0.034146 0.374600 0.000000
vt 0.000000 0.374600 0.000000
vt 0.034146 0.000000 0.000000
vt 0.000000 0.000000 0.000000
vt 0.034146 0.374600 0.000000
vt 0.000000 0.374600 0.000000
vt 0.034146 0.000000 0.000000
vt 0.000000 0.000000 0.000000
vt 0.034146 0.374600 0.000000
vt 0.000000 0.374600 0.000000
vt 0.034146 0.000000 0.000000
vt 0.000000 0.000000 0.000000
vt 0.034146 0.374600 0.000000
vt 0.000000 0.374600 0.000000
vt 0.034146 0.000000 0.000000
vt 0.000000 0.000000 0.000000
vt 0.034146 0.374600 0.000000
vt 0.000000 0.374600 0.000000
vt 0.034146 0.000000 0.000000
vt 0.000000 0.000000 0.000000
vt 0.034145 0.374600 0.000000
vt 0.000000 0.374600 0.000000
vt 0.034145 0.000000 0.000000
vt 0.000000 0.000000 0.000000
vt 0.034146 0.374600 0.000000
vt 0.000000 0.374600 0.000000
vt 0.034146 0.000000 0.000000
vt 0.000000 0.000000 0.000000
vt 0.034146 0.374600 0.000000
vt 0.000000 0.374600 0.000000
vt 0.034146 0.000000 0.000000
vt 0.000000 0.000000 0.000000
vt 0.034146 0.374600 0.000000
vt 0.000000 0.374600 0.000000
vt 0.034146 0.000000 0.000000
vt 0.000000 0.000000 0.000000
vt 0.034146 0.374600 0.000000
vt 0.000000 0.374600 0.000000
vt 0.034146 0.000000 0.000000
vt 0.000000 0.000000 0.000000
vt 0.034146 0.374600 0.000000
vt 0.000000 0.374600 0.000000
vt 0.034146 0.000000 0.000000
vt 0.000000 0.000000 0.000000
vt 0.034146 0.374600 0.000000
vt 0.000000 0.374600 0.000000
vt 0.034146 0.000000 0.000000
vt 0.000000 0.000000 0.000000
vt 0.034146 0.374600 0.000000
vt 0.000000 0.374600 0.000000
vt 0.034146 0.000000 0.000000
vt 0.000000 0.000000 0.000000
vt 0.034146 0.374600 0.000000
vt 0.000000 0.374600 0.000000
vt 0.034146 0.000000 0.000000
vt 0.000000 0.000000 0.000000
vt 0.034146 0.374600 0.000000
vt 0.000000 0.374600 0.000000
vt 0.034146 0.000000 0.000000
vt 0.000000 0.000000 0.000000
vt 0.034146 0.374600 0.000000
vt 0.000000 0.374600 0.000000
vt 0.034146 0.000000 0.000000
vt 0.000000 0.000000 0.000000
vt 0.034145 0.374600 0.000000
vt 0.000000 0.374600 0.000000
vt 0.034145 0.000000 0.000000
vt 0.000000 0.000000 0.000000
vt 0.034146 0.374600 0.000000
vt 0.000000 0.374600 0.000000
vt 0.034146 0.000000 0.000000
vt 0.000000 0.000000 0.000000
vt 0.053743 -0.113355 0.000000
vt 0.033854 0.004457 0.000000
vt 0.000000 0.000000 0.000000
vt 0.051230 0.017261 0.000000
vt -0.019889 0.117812 0.000000
vt 0.000000 0.000000 0.000000
vt 0.071119 -0.100551 0.000000
vt 0.031547 0.013067 0.000000
vt 0.000000 0.000000 0.000000
vt 0.046321 0.027871 0.000000
vt -0.039572 0.113618 0.000000
vt 0.000000 0.000000 0.000000
vt 0.085894 -0.085747 0.000000
vt 0.027090 0.020787 0.000000
vt 0.000000 0.000000 0.000000
vt 0.039247 0.037177 0.000000
vt -0.058804 0.106534 0.000000
vt 0.000000 0.000000 0.000000
vt 0.098051 -0.069357 0.000000
vt 0.020787 0.027090 0.000000
vt 0.000000 0.000000 0.000000
vt 0.030338 0.044745 0.000000
vt -0.077264 0.096447 0.000000
vt 0.000000 0.000000 0.000000
vt 0.107602 -0.051702 0.000000
vt 0.013067 0.031546 0.000000
vt 0.000000 0.000000 0.000000
vt 0.020010 0.050220 0.000000
vt -0.094535 0.083249 0.000000
vt 0.000000 0.000000 0.000000
vt 0.008746 0.053347 0.000000
vt -0.114544 0.033029 0.000000
vt 0.000000 0.000000 0.000000
vt 0.123290 0.020319 0.000000
vt 0.004457 0.033854 0.000000
vt 0.000000 0.000000 0.000000
vt -0.002927 0.053980 0.000000
vt -0.118833 0.013535 0.000000
vt 0.000000 0.000000 0.000000
vt 0.115906 0.040446 0.000000
vt -0.004457 0.033854 0.000000
vt 0.000000 0.000000 0.000000
vt -0.014462 0.052089 0.000000
vt -0.120363 -0.006592 0.000000
vt 0.000000 0.000000 0.000000
vt 0.105901 0.058681 0.000000
vt -0.013067 0.031546 0.000000
vt 0.000000 0.000000 0.000000
vt -0.025322 0.047762 0.000000
vt -0.118968 -0.027135 0.000000
vt 0.000000 0.000000 0.000000
vt 0.093646 0.074897 0.000000
vt -0.020787 0.027090 0.000000
vt 0.000000 0.000000 0.000000
vt -0.034997 0.041202 0.000000
vt -0.114433 -0.047807 0.000000
vt 0.000000 0.000000 0.000000
vt 0.079435 0.089009 0.000000
vt -0.027090 0.020787 0.000000
vt 0.000000 0.000000 0.000000
vt -0.043036 0.032715 0.000000
vt -0.106525 -0.068223 0.000000
vt 0.000000 0.000000 0.000000
vt -0.049063 0.022699 0.000000
vt -0.063488 -0.100938 0.000000
vt 0.000000 0.000000 0.000000
vt 0.014425 0.123637 0.000000
vt -0.031547 0.013067 0.000000
vt 0.000000 0.000000 0.000000
vt -0.052795 0.011621 0.000000
vt -0.045972 -0.110570 0.000000
vt 0.000000 0.000000 0.000000
vt -0.006824 0.122191 0.000000
vt -0.033854 0.004457 0.000000
vt 0.000000 0.000000 0.000000
vt -0.054060 0.000000 0.000000
vt -0.027030 -0.117734 0.000000
vt 0.000000 0.000000 0.000000
vt -0.027030 0.117734 0.000000
vt -0.033853 -0.004457 0.000000
vt 0.000000 0.000000 0.000000
vt -0.052796 -0.011621 0.000000
vt -0.006824 -0.122191 0.000000
vt 0.000000 0.000000 0.000000
vt -0.045972 0.110570 0.000000
vt -0.031547 -0.013067 0.000000
vt 0.000000 0.000000 0.000000
vt -0.049063 -0.022699 0.000000
vt 0.014426 -0.123637 0.000000
vt 0.000000 0.000000 0.000000
vt -0.043036 -0.032715 0.000000
vt 0.063488 -0.100938 0.000000
vt 0.000000 0.000000 0.000000
vt -0.106525 0.068223 0.000000
vt -0.027090 -0.020787 0.000000
vt 0.000000 0.000000 0.000000
vt -0.034997 -0.041202 0.000000
vt 0.079435 -0.089009 0.000000
vt 0.000000 0.000000 0.000000
vt -0.114433 0.047807 0.000000
vt -0.020787 -0.027090 0.000000
vt 0.000000 0.000000 0.000000
vt -0.025322 -0.047762 0.000000
vt 0.093646 -0.074897 0.000000
vt 0.000000 0.000000 0.000000
vt -0.118968 0.027135 0.000000
vt -0.013067 -0.031546 0.000000
vt 0.000000 0.000000 0.000000
vt -0.014462 -0.052089 0.000000
vt 0.105901 -0.058681 0.000000
vt 0.000000 0.000000 0.000000
vt -0.120363 0.006592 0.000000
vt -0.004457 -0.033854 0.000000
vt 0.000000 0.000000 0.000000
vt -0.002927 -0.053980 0.000000
vt 0.115906 -0.040446 0.000000
vt 0.000000 0.000000 0.000000
vt -0.118833 -0.013535 0.000000
vt 0.004457 -0.033854 0.000000
vt 0.000000 0.000000 0.000000
vt 0.008746 -0.053347 0.000000
vt 0.123290 -0.020319 0.000000
vt 0.000000 0.000000 0.000000
vt 0.020010 -0.050220 0.000000
vt 0.114544 0.033029 0.000000
vt 0.000000 0.000000 0.000000
vt -0.094535 -0.083249 0.000000
vt 0.013067 -0.031546 0.000000
vt 0.000000 0.000000 0.000000
vt 0.030338 -0.044745 0.000000
vt 0.107602 0.051702 0.000000
vt 0.000000 0.000000 0.000000
vt -0.077264 -0.096447 0.000000
vt 0.020787 -0.027090 0.000000
vt 0.000000 0.000000 0.000000
vt 0.039247 -0.037177 0.000000
vt 0.098051 0.069357 0.000000
vt 0.000000 0.000000 0.000000
vt -0.058804 -0.106534 0.000000
vt 0.027090 -0.020787 0.000000
vt 0.000000 0.000000 0.000000
vt 0.046321 -0.027871 0.000000
vt 0.085894 0.085747 0.000000
vt 0.000000 0.000000 0.000000
vt -0.039572 -0.113618 0.000000
vt 0.031547 -0.013067 0.000000
vt 0.000000 0.000000 0.000000
vt 0.051230 -0.017261 0.000000
vt 0.071119 0.100551 0.000000
vt 0.000000 0.000000 0.000000
vt -0.053743 0.113355 0.000000
vt -0.053743 -0.005845 0.000000
vt 0.000000 0.000000 0.000000
vt 0.000000 0.119200 0.000000
vt -0.053742 0.005845 0.000000
vt 0.000000 0.000000 0.000000
vt -0.033853 0.004457 0.000000
vt -0.053742 -0.113355 0.000000
vt 0.000000 0.000000 0.000000
vt 0.000000 0.250000 0.000000
vt -0.054060 0.000000 0.000000
vt 0.000000 0.000000 0.000000
vt -0.054060 0.000000 0.000000
vt -0.054060 -0.250000 0.000000
vt 0.000000 0.000000 0.000000
vt 0.000000 0.250000 0.000000
vt -0.054060 0.000000 0.000000
vt 0.000000 0.000000 0.000000
vt -0.054060 0.000000 0.000000
vt -0.054060 -0.250000 0.000000
vt 0.000000 0.000000 0.000000
vt 0.000000 0.250000 0.000000
vt -0.054059 0.000000 0.000000
vt 0.000000 0.000000 0.000000
vt -0.054059 0.000000 0.000000
vt -0.054059 -0.250000 0.000000
vt 0.000000 0.000000 0.000000
vt 0.000000 0.250000 0.000000
vt -0.054060 0.000000 0.000000
vt 0.000000 0.000000 0.000000
vt -0.054060 0.000000 0.000000
vt -0.054060 -0.250000 0.000000
vt 0.000000 0.000000 0.000000
vt 0.000000 0.250000 0.000000
vt -0.054060 0.000000 0.000000
vt 0.000000 0.000000 0.000000
vt -0.054060 0.000000 0.000000
vt -0.054060 -0.250000 0.000000
vt 0.000000 0.000000 0.000000
vt 0.000000 0.250000 0.000000
vt -0.054060 0.000000 0.000000
vt 0.000000 0.000000 0.000000
vt -0.054060 0.000000 0.000000
vt -0.054060 -0.250000 0.000000
vt 0.000000 0.000000 0.000000
vt 0.000000 0.250000 0.000000
vt -0.054059 0.000000 0.000000
vt 0.000000 0.000000 0.000000
vt -0.054059 0.000000 0.000000
vt -0.054059 -0.250000 0.000000
vt 0.000000 0.000000 0.000000
vt 0.000000 0.250000 0.000000
vt -0.054059 0.000000 0.000000
vt 0.000000 0.000000 0.000000
vt -0.054059 0.000000 0.000000
vt -0.054059 -0.250000 0.000000
vt 0.000000 0.000000 0.000000
vt 0.000000 0.250000 0.000000
vt -0.054060 0.000000 0.000000
vt 0.000000 0.000000 0.000000
vt -0.054060 0.000000 0.000000
vt -0.054060 -0.250000 0.000000
vt 0.000000 0.000000 0.000000
vt 0.000000 0.250000 0.000000
vt -0.054059 0.000000 0.000000
vt 0.000000 0.000000 0.000000
vt -0.054059 0.000000 0.000000
vt -0.054059 -0.250000 0.000000
vt 0.000000 0.000000 0.000000
vt 0.000000 0.250000 0.000000
vt -0.054060 0.000000 0.000000
vt 0.000000 0.000000 0.000000
vt -0.054060 0.000000 0.000000
vt -0.054060 -0.250000 0.000000
vt 0.000000 0.000000 0.000000
vt 0.000000 0.250000 0.000000
vt -0.054059 0.000000 0.000000
vt 0.000000 0.000000 0.000000
vt -0.054059 0.000000 0.000000
vt -0.054059 -0.250000 0.000000
vt 0.000000 0.000000 0.000000
vt 0.000000 0.250000 0.000000
vt -0.054060 0.000000 0.000000
vt 0.000000 0.000000 0.000000
vt -0.054060 0.000000 0.000000
vt -0.054060 -0.250000 0.000000
vt 0.000000 0.000000 0.000000
vt 0.000000 0.250000 0.000000
vt -0.054060 0.000000 0.000000
vt 0.000000 0.000000 0.000000
vt -0.054060 0.000000 0.000000
vt -0.054060 -0.250000 0.000000
vt 0.000000 0.000000 0.000000
vt 0.000000 0.250000 0.000000
vt -0.054059 0.000000 0.000000
vt 0.000000 0.000000 0.000000
vt -0.054059 0.000000 0.000000
vt -0.054059 -0.250000 0.000000
vt 0.000000 0.000000 0.000000
vt 0.000000 0.250000 0.000000
vt -0.054060 0.000000 0.000000
vt 0.000000 0.000000 0.000000
vt -0.054060 0.000000 0.000000
vt -0.054060 -0.250000 0.000000
vt 0.000000 0.000000 0.000000
vt 0.000000 0.250000 0.000000
vt -0.054060 0.000000 0.000000
vt 0.000000 0.000000 0.000000
vt -0.054060 0.000000 0.000000
vt -0.054060 -0.250000 0.000000
vt 0.000000 0.000000 0.000000
vt 0.000000 0.250000 0.000000
vt -0.054059 0.000000 0.000000
vt 0.000000 0.000000 0.000000
vt -0.054059 0.000000 0.000000
vt -0.054059 -0.250000 0.000000
vt 0.000000 0.000000 0.000000
vt 0.000000 0.250000 0.000000
vt -0.054060 0.000000 0.000000
vt 0.000000 0.000000 0.000000
vt -0.054060 0.000000 0.000000
vt -0.054060 -0.250000 0.000000
vt 0.000000 0.000000 0.000000
vt 0.000000 0.250000 0.000000
vt -0.054059 0.000000 0.000000
vt 0.000000 0.000000 0.000000
vt -0.054059 0.000000 0.000000
vt -0.054059 -0.250000 0.000000
vt 0.000000 0.000000 0.000000
vt 0.000000 0.250000 0.000000
vt -0.054059 0.000000 0.000000
vt 0.000000 0.000000 0.000000
vt -0.054059 0.000000 0.000000
vt -0.054059 -0.250000 0.000000
vt 0.000000 0.000000 0.000000
vt 0.000000 0.250000 0.000000
vt -0.054060 0.000000 0.000000
vt 0.000000 0.000000 0.000000
vt -0.054060 0.000000 0.000000
vt -0.054060 -0.250000 0.000000
vt 0.000000 0.000000 0.000000
vt 0.000000 0.250000 0.000000
vt -0.054060 0.000000 0.000000
vt 0.000000 0.000000 0.000000
vt -0.054060 0.000000 0.000000
vt -0.054060 -0.250000 0.000000
vt 0.000000 0.000000 0.000000
vt 0.000000 0.250000 0.000000
vt -0.054060 0.000000 0.000000
vt 0.000000 0.000000 0.000000
vt -0.054060 0.000000 0.000000
vt -0.054060 -0.250000 0.000000
vt 0.000000 0.000000 0.000000
vt 0.000000 0.250000 0.000000
vt -0.054059 0.000000 0.000000
vt 0.000000 0.000000 0.000000
vt -0.054059 0.000000 0.000000
vt -0.054059 -0.250000 0.000000
vt 0.000000 0.000000 0.000000
vt 0.000000 0.250000 0.000000
vt -0.054060 0.000000 0.000000
vt 0.000000 0.000000 0.000000
vt -0.054060 0.000000 0.000000
vt -0.054060 -0.250000 0.000000
vt 0.000000 0.000000 0.000000
vt 0.000000 0.250000 0.000000
vt -0.054060 0.000000 0.000000
vt 0.000000 0.000000 0.000000
vt -0.054060 0.000000 0.000000
vt -0.054060 -0.250000 0.000000
vt 0.000000 0.000000 0.000000
vt 0.000000 0.250000 0.000000
vt -0.054060 0.000000 0.000000
vt 0.000000 0.000000 0.000000
vt -0.054060 0.000000 0.000000
vt -0.054060 -0.250000 0.000000
vt 0.000000 0.000000 0.000000
vt 0.000000 0.250000 0.000000
vt -0.054059 0.000000 0.000000
vt 0.000000 0.000000 0.000000
vt -0.054059 0.000000 0.000000
vt -0.054059 -0.250000 0.000000
vt 0.000000 0.000000 0.000000
vt 0.053743 -0.113355 0.000000
vt 0.033853 0.004457 0.000000
vt 0.000000 0.000000 0.000000
vt 0.051230 0.017261 0.000000
vt -0.019889 0.117812 0.000000
vt 0.000000 0.000000 0.000000
vt 0.071119 -0.100551 0.000000
vt 0.031547 0.013067 0.000000
vt 0.000000 0.000000 0.000000
vt 0.046321 0.027871 0.000000
vt -0.039572 0.113618 0.000000
vt 0.000000 0.000000 0.000000
vt 0.085894 -0.085747 0.000000
vt 0.027090 0.020787 0.000000
vt 0.000000 0.000000 0.000000
vt 0.039247 0.037177 0.000000
vt -0.058804 0.106534 0.000000
vt 0.000000 0.000000 0.000000
vt 0.098051 -0.069357 0.000000
vt 0.020787 0.027090 0.000000
vt 0.000000 0.000000 0.000000
vt 0.030337 0.044745 0.000000
vt -0.077264 0.096447 0.000000
vt 0.000000 0.000000 0.000000
vt 0.107602 -0.051702 0.000000
vt 0.013067 0.031546 0.000000
vt 0.000000 0.000000 0.000000
vt 0.020010 0.050220 0.000000
vt -0.094535 0.083249 0.000000
vt 0.000000 0.000000 0.000000
vt 0.008746 0.053347 0.000000
vt -0.114544 0.033029 0.000000
vt 0.000000 0.000000 0.000000
vt 0.123290 0.020319 0.000000
vt 0.004457 0.033854 0.000000
vt 0.000000 0.000000 0.000000
vt -0.002927 0.053980 0.000000
vt -0.118833 0.013535 0.000000
vt 0.000000 0.000000 0.000000
vt 0.115907 0.040446 0.000000
vt -0.004457 0.033854 0.000000
vt 0.000000 0.000000 0.000000
vt -0.014462 0.052089 0.000000
vt -0.120363 -0.006592 0.000000
vt 0.000000 0.000000 0.000000
vt 0.105901 0.058681 0.000000
vt -0.013067 0.031546 0.000000
vt 0.000000 0.000000 0.000000
vt -0.025322 0.047762 0.000000
vt -0.118968 -0.027135 0.000000
vt 0.000000 0.000000 0.000000
vt 0.093646 0.074897 0.000000
vt -0.020787 0.027090 0.000000
vt 0.000000 0.000000 0.000000
vt -0.034997 0.041202 0.000000
vt -0.114433 -0.047807 0.000000
vt 0.000000 0.000000 0.000000
vt 0.079435 0.089009 0.000000
vt -0.027090 0.020787 0.000000
vt 0.000000 0.000000 0.000000
vt -0.043036 0.032715 0.000000
vt -0.106525 -0.068223 0.000000
vt 0.000000 0.000000 0.000000
vt -0.049063 0.022699 0.000000
vt -0.063488 -0.100938 0.000000
vt 0.000000 0.000000 0.000000
vt 0.014425 0.123637 0.000000
vt -0.031547 0.013067 0.000000
vt 0.000000 0.000000 0.000000
vt -0.052796 0.011621 0.000000
vt -0.045972 -0.110570 0.000000
vt 0.000000 0.000000 0.000000
vt -0.006824 0.122191 0.000000
vt -0.033853 0.004457 0.000000
vt 0.000000 0.000000 0.000000
vt -0.054060 0.000000 0.000000
vt -0.027030 -0.117734 0.000000
vt 0.000000 0.000000 0.000000
vt -0.027030 0.117734 0.000000
vt -0.033853 -0.004457 0.000000
vt 0.000000 0.000000 0.000000
vt -0.052796 -0.011621 0.000000
vt -0.006824 -0.122191 0.000000
vt 0.000000 0.000000 0.000000
vt -0.045972 0.110570 0.000000
vt -0.031547 -0.013067 0.000000
vt 0.000000 0.000000 0.000000
vt -0.049063 -0.022699 0.000000
vt 0.014425 -0.123637 0.000000
vt 0.000000 0.000000 0.000000
vt -0.043036 -0.032715 0.000000
vt 0.063488 -0.100938 0.000000
vt 0.000000 0.000000 0.000000
vt -0.106525 0.068223 0.000000
vt -0.027090 -0.020787 0.000000
vt 0.000000 0.000000 0.000000
vt -0.034997 -0.041202 0.000000
vt 0.079435 -0.089009 0.000000
vt 0.000000 0.000000 0.000000
vt -0.114433 0.047807 0.000000
vt -0.020787 -0.027090 0.000000
vt 0.000000 0.000000 0.000000
vt -0.025322 -0.047762 0.000000
vt 0.093646 -0.074897 0.000000
vt 0.000000 0.000000 0.000000
vt -0.118968 0.027135 0.000000
vt -0.013067 -0.031546 0.000000
vt 0.000000 0.000000 0.000000
vt -0.014462 -0.052089 0.000000
vt 0.105901 -0.058681 0.000000
vt 0.000000 0.000000 0.000000
vt -0.120363 0.006592 0.000000
vt -0.004457 -0.033854 0.000000
vt 0.000000 0.000000 0.000000
vt -0.002927 -0.053980 0.000000
vt 0.115907 -0.040446 0.000000
vt 0.000000 0.000000 0.000000
vt -0.118833 -0.013535 0.000000
vt 0.004457 -0.033854 0.000000
vt 0.000000 0.000000 0.000000
vt 0.008746 -0.053347 0.000000
vt 0.123290 -0.020319 0.000000
vt 0.000000 0.000000 0.000000
vt 0.020010 -0.050220 0.000000
vt 0.114544 0.033029 0.000000
vt 0.000000 0.000000 0.000000
vt -0.094535 -0.083249 0.000000
vt 0.013067 -0.031546 0.000000
vt 0.000000 0.000000 0.000000
vt 0.030338 -0.044745 0.000000
vt 0.107602 0.051702 0.000000
vt 0.000000 0.000000 0.000000
vt -0.077264 -0.096447 0.000000
vt 0.020787 -0.027090 0.000000
vt 0.000000 0.000000 0.000000
vt 0.039247 -0.037177 0.000000
vt 0.098051 0.069357 0.000000
vt 0.000000 0.000000 0.000000
vt -0.058804 -0.106534 0.000000
vt 0.027090 -0.020787 0.000000
vt 0.000000 0.000000 0.000000
vt 0.046321 -0.027871 0.000000
vt 0.085894 0.085747 0.000000
vt 0.000000 0.000000 0.000000
vt -0.039572 -0.113618 0.000000
vt 0.031547 -0.013067 0.000000
vt 0.000000 0.000000 0.000000
vt 0.051230 -0.017261 0.000000
vt 0.071119 0.100551 0.000000
vt 0.000000 0.000000 0.000000
vt -0.053743 0.113355 0.000000
vt -0.053743 -0.005845 0.000000
vt 0.000000 0.000000 0.000000
vt 0.000000 0.119200 0.000000
vt -0.053743 0.005845 0.000000
vt 0.000000 0.000000 0.000000
vt -0.033853 0.004457 0.000000
vt -0.053743 -0.113355 0.000000
vt 0.000000 0.000000 0.000000
vt 0.000000 0.250000 0.000000
vt -0.054060 0.000000 0.000000
vt 0.000000 0.000000 0.000000
vt -0.054060 0.000000 0.000000
vt -0.054060 -0.250000 0.000000
vt 0.000000 0.000000 0.000000
vt 0.000000 0.250000 0.000000
vt -0.054060 0.000000 0.000000
vt 0.000000 0.000000 0.000000
vt -0.054060 0.000000 0.000000
vt -0.054060 -0.250000 0.000000
vt 0.000000 0.000000 0.000000
vt 0.000000 0.250000 0.000000
vt -0.054059 0.000000 0.000000
vt 0.000000 0.000000 0.000000
vt -0.054059 0.000000 0.000000
vt -0.054059 -0.250000 0.000000
vt 0.000000 0.000000 0.000000
vt 0.000000 0.250000 0.000000
vt -0.054060 0.000000 0.000000
vt 0.000000 0.000000 0.000000
vt -0.054060 0.000000 0.000000
vt -0.054060 -0.250000 0.000000
vt 0.000000 0.000000 0.000000
vt 0.000000 0.250000 0.000000
vt -0.054060 0.000000 0.000000
vt 0.000000 0.000000 0.000000
vt -0.054060 0.000000 0.000000
vt -0.054060 -0.250000 0.000000
vt 0.000000 0.000000 0.000000
vt 0.000000 0.250000 0.000000
vt -0.054060 0.000000 0.000000
vt 0.000000 0.000000 0.000000
vt -0.054060 0.000000 0.000000
vt -0.054060 -0.250000 0.000000
vt 0.000000 0.000000 0.000000
vt 0.000000 0.250000 0.000000
vt -0.054059 0.000000 0.000000
vt 0.000000 0.000000 0.000000
vt -0.054059 0.000000 0.000000
vt -0.054059 -0.250000 0.000000
vt 0.000000 0.000000 0.000000
vt 0.000000 0.250000 0.000000
vt -0.054059 0.000000 0.000000
vt 0.000000 0.000000 0.000000
vt -0.054059 0.000000 0.000000
vt -0.054059 -0.250000 0.000000
vt 0.000000 0.000000 0.000000
vt 0.000000 0.250000 0.000000
vt -0.054060 0.000000 0.000000
vt 0.000000 0.000000 0.000000
vt -0.054060 0.000000 0.000000
vt -0.054060 -0.250000 0.000000
vt 0.000000 0.000000 0.000000
vt 0.000000 0.250000 0.000000
vt -0.054059 0.000000 0.000000
vt 0.000000 0.000000 0.000000
vt -0.054059 0.000000 0.000000
vt -0.054059 -0.250000 0.000000
vt 0.000000 0.000000 0.000000
vt 0.000000 0.250000 0.000000
vt -0.054060 0.000000 0.000000
vt 0.000000 0.000000 0.000000
vt -0.054060 0.000000 0.000000
vt -0.054060 -0.250000 0.000000
vt 0.000000 0.000000 0.000000
vt 0.000000 0.250000 0.000000
vt -0.054060 0.000000 0.000000
vt 0.000000 0.000000 0.000000
vt -0.054060 0.000000 0.000000
vt -0.054060 -0.250000 0.000000
vt 0.000000 0.000000 0.000000
vt 0.000000 0.250000 0.000000
vt -0.054059 0.000000 0.000000
vt 0.000000 0.000000 0.000000
vt -0.054059 0.000000 0.000000
vt -0.054059 -0.250000 0.000000
vt 0.000000 0.000000 0.000000
vt 0.000000 0.250000 0.000000
vt -0.054060 0.000000 0.000000
vt 0.000000 0.000000 0.000000
vt -0.054060 0.000000 0.000000
vt -0.054060 -0.250000 0.000000
vt 0.000000 0.000000 0.000000
vt 0.000000 0.250000 0.000000
vt -0.054059 0.000000 0.000000
vt 0.000000 0.000000 0.000000
vt -0.054059 0.000000 0.000000
vt -0.054059 -0.250000 0.000000
vt 0.000000 0.000000 0.000000
vt 0.000000 0.250000 0.000000
vt -0.054060 0.000000 0.000000
vt 0.000000 0.000000 0.000000
vt -0.054060 0.000000 0.000000
vt -0.054060 -0.250000 0.000000
vt 0.000000 0.000000 0.000000
vt 0.000000 0.250000 0.000000
vt -0.054060 0.000000 0.000000
vt 0.000000 0.000000 0.000000
vt -0.054060 0.000000 0.000000
vt -0.054060 -0.250000 0.000000
vt 0.000000 0.000000 0.000000
vt 0.000000 0.250000 0.000000
vt -0.054059 0.000000 0.000000
vt 0.000000 0.000000 0.000000
vt -0.054059 0.000000 0.000000
vt -0.054059 -0.250000 0.000000
vt 0.000000 0.000000 0.000000
vt 0.000000 0.250000 0.000000
vt -0.054060 0.000000 0.000000
vt 0.000000 0.000000 0.000000
vt -0.054060 0.000000 0.000000
vt -0.054060 -0.250000 0.000000
vt 0.000000 0.000000 0.000000
vt 0.000000 0.250000 0.000000
vt -0.054059 0.000000 0.000000
vt 0.000000 0.000000 0.000000
vt -0.054059 0.000000 0.000000
vt -0.054059 -0.250000 0.000000
vt 0.000000 0.000000 0.000000
vt 0.000000 0.250000 0.000000
vt -0.054059 0.000000 0.000000
vt 0.000000 0.000000 0.000000
vt -0.054059 0.000000 0.000000
vt -0.054059 -0.250000 0.000000
vt 0.000000 0.000000 0.000000
vt 0.000000 0.250000 0.000000
vt -0.054060 0.000000 0.000000
vt 0.000000 0.000000 0.000000
vt -0.054060 0.000000 0.000000
vt -0.054060 -0.250000 0.000000
vt 0.000000 0.000000 0.000000
vt 0.000000 0.250000 0.000000
vt -0.054060 0.000000 0.000000
vt 0.000000 0.000000 0.000000
vt -0.054060 0.000000 0.000000
vt -0.054060 -0.250000 0.000000
vt 0.000000 0.000000 0.000000
vt 0.000000 0.250000 0.000000
vt -0.054060 0.000000 0.000000
vt 0.000000 0.000000 0.000000
vt -0.054060 0.000000 0.000000
vt -0.054060 -0.250000 0.000000
vt 0.000000 0.000000 0.000000
vt 0.000000 0.250000 0.000000
vt -0.054059 0.000000 0.000000
vt 0.000000 0.000000 0.000000
vt -0.054059 0.000000 0.000000
vt -0.054059 -0.250000 0.000000
vt 0.000000 0.000000 0.000000
vt 0.000000 0.250000 0.000000
vt -0.054060 0.000000 0.000000
vt 0.000000 0.000000 0.000000
vt -0.054060 0.000000 0.000000
vt -0.054060 -0.250000 0.000000
vt 0.000000 0.000000 0.000000
vt 0.000000 0.250000 0.000000
vt -0.054060 0.000000 0.000000
vt 0.000000 0.000000 0.000000
vt -0.054060 0.000000 0.000000
vt -0.054060 -0.250000 0.000000
vt 0.000000 0.000000 0.000000
vt 0.000000 0.250000 0.000000
vt -0.054059 0.000000 0.000000
vt 0.000000 0.000000 0.000000
vt -0.054059 0.000000 0.000000
vt -0.054059 -0.250000 0.000000
vt 0.000000 0.000000 0.000000
vt 0.000000 0.250000 0.000000
vt -0.054059 0.000000 0.000000
vt 0.000000 0.000000 0.000000
vt -0.054059 0.000000 0.000000
vt -0.054059 -0.250000 0.000000
vt 0.000000 0.000000 0.000000
vt 0.053743 -0.113355 0.000000
vt 0.033854 0.004457 0.000000
vt 0.000000 0.000000 0.000000
vt 0.051230 0.017261 0.000000
vt -0.019889 0.117812 0.000000
vt 0.000000 0.000000 0.000000
vt 0.071119 -0.100551 0.000000
vt 0.031546 0.013067 0.000000
vt 0.000000 0.000000 0.000000
vt 0.046321 0.027871 0.000000
vt -0.039572 0.113618 0.000000
vt 0.000000 0.000000 0.000000
vt 0.085894 -0.085747 0.000000
vt 0.027090 0.020787 0.000000
vt 0.000000 0.000000 0.000000
vt 0.039247 0.037177 0.000000
vt -0.058804 0.106534 0.000000
vt 0.000000 0.000000 0.000000
vt 0.098051 -0.069357 0.000000
vt 0.020786 0.027090 0.000000
vt 0.000000 0.000000 0.000000
vt 0.030338 0.044744 0.000000
vt -0.077265 0.096447 0.000000
vt 0.000000 0.000000 0.000000
vt 0.107602 -0.051702 0.000000
vt 0.013067 0.031547 0.000000
vt 0.000000 0.000000 0.000000
vt 0.020009 0.050220 0.000000
vt -0.094535 0.083249 0.000000
vt 0.000000 0.000000 0.000000
vt 0.008746 0.053347 0.000000
vt -0.114544 0.033029 0.000000
vt 0.000000 0.000000 0.000000
vt 0.123290 0.020319 0.000000
vt 0.004457 0.033853 0.000000
vt 0.000000 0.000000 0.000000
vt -0.002927 0.053980 0.000000
vt -0.118833 0.013535 0.000000
vt 0.000000 0.000000 0.000000
vt 0.115906 0.040446 0.000000
vt -0.004457 0.033853 0.000000
vt 0.000000 0.000000 0.000000
vt -0.014462 0.052089 0.000000
vt -0.120363 -0.006592 0.000000
vt 0.000000 0.000000 0.000000
vt 0.105901 0.058681 0.000000
vt -0.013067 0.031546 0.000000
vt 0.000000 0.000000 0.000000
vt -0.025322 0.047762 0.000000
vt -0.118968 -0.027135 0.000000
vt 0.000000 0.000000 0.000000
vt 0.093646 0.074897 0.000000
vt -0.020786 0.027090 0.000000
vt 0.000000 0.000000 0.000000
vt -0.034997 0.041202 0.000000
vt -0.114433 -0.047807 0.000000
vt 0.000000 0.000000 0.000000
vt 0.079435 0.089009 0.000000
vt -0.027090 0.020787 0.000000
vt 0.000000 0.000000 0.000000
vt -0.043036 0.032715 0.000000
vt -0.106525 -0.068223 0.000000
vt 0.000000 0.000000 0.000000
vt -0.049063 0.022699 0.000000
vt -0.063489 -0.100938 0.000000
vt 0.000000 0.000000 0.000000
vt 0.014426 0.123637 0.000000
vt -0.031546 0.013067 0.000000
vt 0.000000 0.000000 0.000000
vt -0.052796 0.011621 0.000000
vt -0.045972 -0.110570 0.000000
vt 0.000000 0.000000 0.000000
vt -0.006824 0.122191 0.000000
vt -0.033854 0.004457 0.000000
vt 0.000000 0.000000 0.000000
vt -0.054060 0.000000 0.000000
vt -0.027030 -0.117734 0.000000
vt 0.000000 0.000000 0.000000
vt -0.027030 0.117734 0.000000
vt -0.033854 -0.004457 0.000000
vt 0.000000 0.000000 0.000000
vt -0.052796 -0.011621 0.000000
vt -0.006824 -0.122191 0.000000
vt 0.000000 0.000000 0.000000
vt -0.045972 0.110570 0.000000
vt -0.031546 -0.013067 0.000000
vt 0.000000 0.000000 0.000000
vt -0.049063 -0.022699 0.000000
vt 0.014425 -0.123637 0.000000
vt 0.000000 0.000000 0.000000
vt -0.043036 -0.032715 0.000000
vt 0.063488 -0.100938 0.000000
vt 0.000000 0.000000 0.000000
vt -0.106525 0.068223 0.000000
vt -0.027090 -0.020787 0.000000
vt 0.000000 0.000000 0.000000
vt -0.034997 -0.041202 0.000000
vt 0.079435 -0.089009 0.000000
vt 0.000000 0.000000 0.000000
vt -0.114433 0.047807 0.000000
vt -0.020787 -0.027090 0.000000
vt 0.000000 0.000000 0.000000
vt -0.025322 -0.047762 0.000000
vt 0.093646 -0.074897 0.000000
vt 0.000000 0.000000 0.000000
vt -0.118968 0.027135 0.000000
vt -0.013067 -0.031546 0.000000
vt 0.000000 0.000000 0.000000
vt -0.014462 -0.052089 0.000000
vt 0.105901 -0.058681 0.000000
vt 0.000000 0.000000 0.000000
vt -0.120363 0.006592 0.000000
vt -0.004457 -0.033853 0.000000
vt 0.000000 0.000000 0.000000
vt -0.002927 -0.053980 0.000000
vt 0.115907 -0.040446 0.000000
vt 0.000000 0.000000 0.000000
vt -0.118833 -0.013535 0.000000
vt 0.004457 -0.033853 0.000000
vt 0.000000 0.000000 0.000000
vt 0.008746 -0.053347 0.000000
vt 0.123290 -0.020319 0.000000
vt 0.000000 0.000000 0.000000
vt 0.020010 -0.050220 0.000000
vt 0.114544 0.033029 0.000000
vt 0.000000 0.000000 0.000000
vt -0.094535 -0.083249 0.000000
vt 0.013067 -0.031547 0.000000
vt 0.000000 0.000000 0.000000
vt 0.030337 -0.044744 0.000000
vt 0.107602 0.051702 0.000000
vt 0.000000 0.000000 0.000000
vt -0.077264 -0.096447 0.000000
vt 0.020787 -0.027090 0.000000
vt 0.000000 0.000000 0.000000
vt 0.039247 -0.037177 0.000000
vt 0.098051 0.069357 0.000000
vt 0.000000 0.000000 0.000000
vt -0.058804 -0.106534 0.000000
vt 0.027090 -0.020787 0.000000
vt 0.000000 0.000000 0.000000
vt 0.046321 -0.027871 0.000000
vt 0.085894 0.085747 0.000000
vt 0.000000 0.000000 0.000000
vt -0.039572 -0.113618 0.000000
vt 0.031546 -0.013067 0.000000
vt 0.000000 0.000000 0.000000
vt 0.051230 -0.017261 0.000000
vt 0.071119 0.100551 0.000000
vt 0.000000 0.000000 0.000000
vt -0.053743 0.113355 0.000000
vt -0.053743 -0.005845 0.000000
vt 0.000000 0.000000 0.000000
vt 0.000000 0.119200 0.000000
vt -0.053743 0.005845 0.000000
vt 0.000000 0.000000 0.000000
vt -0.033854 0.004457 0.000000
vt -0.053743 -0.113355 0.000000
vt 0.000000 0.000000 0.000000
vt 0.000000 0.250000 0.000000
vt -0.054060 0.000000 0.000000
vt 0.000000 0.000000 0.000000
vt -0.054060 0.000000 0.000000
vt -0.054060 -0.250000 0.000000
vt 0.000000 0.000000 0.000000
vt 0.000000 0.250000 0.000000
vt -0.054060 0.000000 0.000000
vt 0.000000 0.000000 0.000000
vt -0.054060 0.000000 0.000000
vt -0.054060 -0.250000 0.000000
vt 0.000000 0.000000 0.000000
vt 0.000000 0.250000 0.000000
vt -0.054059 0.000000 0.000000
vt 0.000000 0.000000 0.000000
vt -0.054059 0.000000 0.000000
vt -0.054059 -0.250000 0.000000
vt 0.000000 0.000000 0.000000
vt 0.000000 0.250000 0.000000
vt -0.054060 0.000000 0.000000
vt 0.000000 0.000000 0.000000
vt -0.054060 0.000000 0.000000
vt -0.054060 -0.250000 0.000000
vt 0.000000 0.000000 0.000000
vt 0.000000 0.250000 0.000000
vt -0.054060 0.000000 0.000000
vt 0.000000 0.000000 0.000000
vt -0.054060 0.000000 0.000000
vt -0.054060 -0.250000 0.000000
vt 0.000000 0.000000 0.000000
vt 0.000000 0.250000 0.000000
vt -0.054060 0.000000 0.000000
vt 0.000000 0.000000 0.000000
vt -0.054060 0.000000 0.000000
vt -0.054060 -0.250000 0.000000
vt 0.000000 0.000000 0.000000
vt 0.000000 0.250000 0.000000
vt -0.054060 0.000000 0.000000
vt 0.000000 0.000000 0.000000
vt -0.054060 0.000000 0.000000
vt -0.054060 -0.250000 0.000000
vt 0.000000 0.000000 0.000000
vt 0.000000 0.250000 0.000000
vt -0.054059 0.000000 0.000000
vt 0.000000 0.000000 0.000000
vt -0.054059 0.000000 0.000000
vt -0.054059 -0.250000 0.000000
vt 0.000000 0.000000 0.000000
vt 0.000000 0.250000 0.000000
vt -0.054060 0.000000 0.000000
vt 0.000000 0.000000 0.000000
vt -0.054060 0.000000 0.000000
vt -0.054060 -0.250000 0.000000
vt 0.000000 0.000000 0.000000
vt 0.000000 0.250000 0.000000
vt -0.054059 0.000000 0.000000
vt 0.000000 0.000000 0.000000
vt -0.054059 0.000000 0.000000
vt -0.054059 -0.250000 0.000000
vt 0.000000 0.000000 0.000000
vt 0.000000 0.250000 0.000000
vt -0.054060 0.000000 0.000000
vt 0.000000 0.000000 0.000000
vt -0.054060 0.000000 0.000000
vt -0.054060 -0.250000 0.000000
vt 0.000000 0.000000 0.000000
vt 0.000000 0.250000 0.000000
vt -0.054059 0.000000 0.000000
vt 0.000000 0.000000 0.000000
vt -0.054059 0.000000 0.000000
vt -0.054059 -0.250000 0.000000
vt 0.000000 0.000000 0.000000
vt 0.000000 0.250000 0.000000
vt -0.054060 0.000000 0.000000
vt 0.000000 0.000000 0.000000
vt -0.054060 0.000000 0.000000
vt -0.054060 -0.250000 0.000000
vt 0.000000 0.000000 0.000000
vt 0.000000 0.250000 0.000000
vt -0.054060 0.000000 0.000000
vt 0.000000 0.000000 0.000000
vt -0.054060 0.000000 0.000000
vt -0.054060 -0.250000 0.000000
vt 0.000000 0.000000 0.000000
vt 0.000000 0.250000 0.000000
vt -0.054060 0.000000 0.000000
vt 0.000000 0.000000 0.000000
vt -0.054060 0.000000 0.000000
vt -0.054060 -0.250000 0.000000
vt 0.000000 0.000000 0.000000
vt 0.000000 0.250000 0.000000
vt -0.054060 0.000000 0.000000
vt 0.000000 0.000000 0.000000
vt -0.054060 0.000000 0.000000
vt -0.054060 -0.250000 0.000000
vt 0.000000 0.000000 0.000000
vt 0.000000 0.250000 0.000000
vt -0.054059 0.000000 0.000000
vt 0.000000 0.000000 0.000000
vt -0.054059 0.000000 0.000000
vt -0.054059 -0.250000 0.000000
vt 0.000000 0.000000 0.000000
vt 0.000000 0.250000 0.000000
vt -0.054060 0.000000 0.000000
vt 0.000000 0.000000 0.000000
vt -0.054060 0.000000 0.000000
vt -0.054060 -0.250000 0.000000
vt 0.000000 0.000000 0.000000
vt 0.000000 0.250000 0.000000
vt -0.054060 0.000000 0.000000
vt 0.000000 0.000000 0.000000
vt -0.054060 0.000000 0.000000
vt -0.054060 -0.250000 0.000000
vt 0.000000 0.000000 0.000000
vt 0.000000 0.250000 0.000000
vt -0.054059 0.000000 0.000000
vt 0.000000 0.000000 0.000000
vt -0.054059 0.000000 0.000000
vt -0.054059 -0.250000 0.000000
vt 0.000000 0.000000 0.000000
vt 0.000000 0.250000 0.000000
vt -0.054060 0.000000 0.000000
vt 0.000000 0.000000 0.000000
vt -0.054060 0.000000 0.000000
vt -0.054060 -0.250000 0.000000
vt 0.000000 0.000000 0.000000
vt 0.000000 0.250000 0.000000
vt -0.054060 0.000000 0.000000
vt 0.000000 0.000000 0.000000
vt -0.054060 0.000000 0.000000
vt -0.054060 -0.250000 0.000000
vt 0.000000 0.000000 0.000000
vt 0.000000 0.250000 0.000000
vt -0.054059 0.000000 0.000000
vt 0.000000 0.000000 0.000000
vt -0.054059 0.000000 0.000000
vt -0.054059 -0.250000 0.000000
vt 0.000000 0.000000 0.000000
vt 0.000000 0.250000 0.000000
vt -0.054060 0.000000 0.000000
vt 0.000000 0.000000 0.000000
vt -0.054060 0.000000 0.000000
vt -0.054060 -0.250000 0.000000
vt 0.000000 0.000000 0.000000
vt 0.000000 0.250000 0.000000
vt -0.054060 0.000000 0.000000
vt 0.000000 0.000000 0.000000
vt -0.054060 0.000000 0.000000
vt -0.054060 -0.250000 0.000000
vt 0.000000 0.000000 0.000000
vt 0.000000 0.250000 0.000000
vt -0.054059 0.000000 0.000000
vt 0.000000 0.000000 0.000000
vt -0.054059 0.000000 0.000000
vt -0.054059 -0.250000 0.000000
vt 0.000000 0.000000 0.000000
vt 0.000000 0.250000 0.000000
vt -0.054060 0.000000 0.000000
vt 0.000000 0.000000 0.000000
vt -0.054060 0.000000 0.000000
vt -0.054060 -0.250000 0.000000
vt 0.000000 0.000000 0.000000
vt 0.000000 0.250000 0.000000
vt -0.054060 0.000000 0.000000
vt 0.000000 0.000000 0.000000
vt -0.054060 0.000000 0.000000
vt -0.054060 -0.250000 0.000000
vt 0.000000 0.000000 0.000000
vt 0.000000 0.250000 0.000000
vt -0.054060 0.000000 0.000000
vt 0.000000 0.000000 0.000000
vt -0.054060 0.000000 0.000000
vt -0.054060 -0.250000 0.000000
vt 0.000000 0.000000 0.000000
vt 0.053743 -0.113355 0.000000
vt 0.033854 0.004457 0.000000
vt 0.000000 0.000000 0.000000
vt 0.051230 0.017261 0.000000
vt -0.019889 0.117812 0.000000
vt 0.000000 0.000000 0.000000
vt 0.071119 -0.100551 0.000000
vt 0.031546 0.013067 0.000000
vt 0.000000 0.000000 0.000000
vt 0.046321 0.027871 0.000000
vt -0.039572 0.113618 0.000000
vt 0.000000 0.000000 0.000000
vt 0.085894 -0.085747 0.000000
vt 0.027090 0.020787 0.000000
vt 0.000000 0.000000 0.000000
vt 0.039247 0.037177 0.000000
vt -0.058804 0.106534 0.000000
vt 0.000000 0.000000 0.000000
vt 0.098051 -0.069357 0.000000
vt 0.020786 0.027090 0.000000
vt 0.000000 0.000000 0.000000
vt 0.030338 0.044744 0.000000
vt -0.077265 0.096447 0.000000
vt 0.000000 0.000000 0.000000
vt 0.107602 -0.051702 0.000000
vt 0.013067 0.031546 0.000000
vt 0.000000 0.000000 0.000000
vt 0.020009 0.050220 0.000000
vt -0.094535 0.083249 0.000000
vt 0.000000 0.000000 0.000000
vt 0.008746 0.053347 0.000000
vt -0.114544 0.033029 0.000000
vt 0.000000 0.000000 0.000000
vt 0.123290 0.020319 0.000000
vt 0.004457 0.033853 0.000000
vt 0.000000 0.000000 0.000000
vt -0.002927 0.053980 0.000000
vt -0.118833 0.013535 0.000000
vt 0.000000 0.000000 0.000000
vt 0.115906 0.040446 0.000000
vt -0.004457 0.033853 0.000000
vt 0.000000 0.000000 0.000000
vt -0.014462 0.052089 0.000000
vt -0.120363 -0.006592 0.000000
vt 0.000000 0.000000 0.000000
vt 0.105901 0.058681 0.000000
vt -0.013067 0.031547 0.000000
vt 0.000000 0.000000 0.000000
vt -0.025322 0.047762 0.000000
vt -0.118968 -0.027134 0.000000
vt 0.000000 0.000000 0.000000
vt 0.093646 0.074897 0.000000
vt -0.020786 0.027090 0.000000
vt 0.000000 0.000000 0.000000
vt -0.034997 0.041202 0.000000
vt -0.114433 -0.047807 0.000000
vt 0.000000 0.000000 0.000000
vt 0.079435 0.089009 0.000000
vt -0.027090 0.020787 0.000000
vt 0.000000 0.000000 0.000000
vt -0.043036 0.032715 0.000000
vt -0.106525 -0.068223 0.000000
vt 0.000000 0.000000 0.000000
vt -0.049063 0.022699 0.000000
vt -0.063489 -0.100938 0.000000
vt 0.000000 0.000000 0.000000
vt 0.014426 0.123637 0.000000
vt -0.031546 0.013067 0.000000
vt 0.000000 0.000000 0.000000
vt -0.052796 0.011621 0.000000
vt -0.045972 -0.110570 0.000000
vt 0.000000 0.000000 0.000000
vt -0.006824 0.122191 0.000000
vt -0.033854 0.004457 0.000000
vt 0.000000 0.000000 0.000000
vt -0.054060 0.000000 0.000000
vt -0.027030 -0.117734 0.000000
vt 0.000000 0.000000 0.000000
vt -0.027030 0.117734 0.000000
vt -0.033854 -0.004457 0.000000
vt 0.000000 0.000000 0.000000
vt -0.052796 -0.011621 0.000000
vt -0.006824 -0.122191 0.000000
vt 0.000000 0.000000 0.000000
vt -0.045972 0.110570 0.000000
vt -0.031546 -0.013067 0.000000
vt 0.000000 0.000000 0.000000
vt -0.049063 -0.022699 0.000000
vt 0.014425 -0.123637 0.000000
vt 0.000000 0.000000 0.000000
vt -0.043036 -0.032715 0.000000
vt 0.063488 -0.100938 0.000000
vt 0.000000 0.000000 0.000000
vt -0.106525 0.068223 0.000000
vt -0.027090 -0.020787 0.000000
vt 0.000000 0.000000 0.000000
vt -0.034997 -0.041202 0.000000
vt 0.079435 -0.089009 0.000000
vt 0.000000 0.000000 0.000000
vt -0.114433 0.047807 0.000000
vt -0.020787 -0.027090 0.000000
vt 0.000000 0.000000 0.000000
vt -0.025322 -0.047762 0.000000
vt 0.093646 -0.074897 0.000000
vt 0.000000 0.000000 0.000000
vt -0.118968 0.027134 0.000000
vt -0.013067 -0.031547 0.000000
vt 0.000000 0.000000 0.000000
vt -0.014462 -0.052089 0.000000
vt 0.105901 -0.058681 0.000000
vt 0.000000 0.000000 0.000000
vt -0.120363 0.006592 0.000000
vt -0.004457 -0.033853 0.000000
vt 0.000000 0.000000 0.000000
vt -0.002927 -0.053980 0.000000
vt 0.115907 -0.040446 0.000000
vt 0.000000 0.000000 0.000000
vt -0.118833 -0.013535 0.000000
vt 0.004457 -0.033853 0.000000
vt 0.000000 0.000000 0.000000
vt 0.008746 -0.053347 0.000000
vt 0.123290 -0.020319 0.000000
vt 0.000000 0.000000 0.000000
vt 0.020010 -0.050220 0.000000
vt 0.114544 0.033029 0.000000
vt 0.000000 0.000000 0.000000
vt -0.094535 -0.083249 0.000000
vt 0.013067 -0.031546 0.000000
vt 0.000000 0.000000 0.000000
vt 0.030337 -0.044744 0.000000
vt 0.107602 0.051702 0.000000
vt 0.000000 0.000000 0.000000
vt -0.077264 -0.096447 0.000000
vt 0.020787 -0.027090 0.000000
vt 0.000000 0.000000 0.000000
vt 0.039247 -0.037177 0.000000
vt 0.098051 0.069357 0.000000
vt 0.000000 0.000000 0.000000
vt -0.058804 -0.106534 0.000000
vt 0.027090 -0.020787 0.000000
vt 0.000000 0.000000 0.000000
vt 0.046321 -0.027871 0.000000
vt 0.085894 0.085747 0.000000
vt 0.000000 0.000000 0.000000
vt -0.039572 -0.113618 0.000000
vt 0.031546 -0.013067 0.000000
vt 0.000000 0.000000 0.000000
vt 0.051230 -0.017261 0.000000
vt 0.071119 0.100551 0.000000
vt 0.000000 0.000000 0.000000
vt -0.053743 0.113355 0.000000
vt -0.053743 -0.005845 0.000000
vt 0.000000 0.000000 0.000000
vt 0.000000 0.119200 0.000000
vt -0.053743 0.005845 0.000000
vt 0.000000 0.000000 0.000000
vt -0.033854 0.004457 0.000000
vt -0.053743 -0.113355 0.000000
vt 0.000000 0.000000 0.000000
vt 0.000000 0.250000 0.000000
vt -0.054060 0.000000 0.000000
vt 0.000000 0.000000 0.000000
vt -0.054060 0.000000 0.000000
vt -0.054060 -0.250000 0.000000
vt 0.000000 0.000000 0.000000
vt 0.000000 0.250000 0.000000
vt -0.054060 0.000000 0.000000
vt 0.000000 0.000000 0.000000
vt -0.054060 0.000000 0.000000
vt -0.054060 -0.250000 0.000000
vt 0.000000 0.000000 0.000000
vt 0.000000 0.250000 0.000000
vt -0.054060 0.000000 0.000000
vt 0.000000 0.000000 0.000000
vt -0.054060 0.000000 0.000000
vt -0.054060 -0.250000 0.000000
vt 0.000000 0.000000 0.000000
vt 0.000000 0.250000 0.000000
vt -0.054060 0.000000 0.000000
vt 0.000000 0.000000 0.000000
vt -0.054060 0.000000 0.000000
vt -0.054060 -0.250000 0.000000
vt 0.000000 0.000000 0.000000
vt 0.000000 0.250000 0.000000
vt -0.054060 0.000000 0.000000
vt 0.000000 0.000000 0.000000
vt -0.054060 0.000000 0.000000
vt -0.054060 -0.250000 0.000000
vt 0.000000 0.000000 0.000000
vt 0.000000 0.250000 0.000000
vt -0.054060 0.000000 0.000000
vt 0.000000 0.000000 0.000000
vt -0.054060 0.000000 0.000000
vt -0.054060 -0.250000 0.000000
vt 0.000000 0.000000 0.000000
vt 0.000000 0.250000 0.000000
vt -0.054059 0.000000 0.000000
vt 0.000000 0.000000 0.000000
vt -0.054059 0.000000 0.000000
vt -0.054059 -0.250000 0.000000
vt 0.000000 0.000000 0.000000
vt 0.000000 0.250000 0.000000
vt -0.054059 0.000000 0.000000
vt 0.000000 0.000000 0.000000
vt -0.054059 0.000000 0.000000
vt -0.054059 -0.250000 0.000000
vt 0.000000 0.000000 0.000000
vt 0.000000 0.250000 0.000000
vt -0.054060 0.000000 0.000000
vt 0.000000 0.000000 0.000000
vt -0.054060 0.000000 0.000000
vt -0.054060 -0.250000 0.000000
vt 0.000000 0.000000 0.000000
vt 0.000000 0.250000 0.000000
vt -0.054059 0.000000 0.000000
vt 0.000000 0.000000 0.000000
vt -0.054059 0.000000 0.000000
vt -0.054059 -0.250000 0.000000
vt 0.000000 0.000000 0.000000
vt 0.000000 0.250000 0.000000
vt -0.054060 0.000000 0.000000
vt 0.000000 0.000000 0.000000
vt -0.054060 0.000000 0.000000
vt -0.054060 -0.250000 0.000000
vt 0.000000 0.000000 0.000000
vt 0.000000 0.250000 0.000000
vt -0.054060 0.000000 0.000000
vt 0.000000 0.000000 0.000000
vt -0.054060 0.000000 0.000000
vt -0.054060 -0.250000 0.000000
vt 0.000000 0.000000 0.000000
vt 0.000000 0.250000 0.000000
vt -0.054060 0.000000 0.000000
vt 0.000000 0.000000 0.000000
vt -0.054060 0.000000 0.000000
vt -0.054060 -0.250000 0.000000
vt 0.000000 0.000000 0.000000
vt 0.000000 0.250000 0.000000
vt -0.054060 0.000000 0.000000
vt 0.000000 0.000000 0.000000
vt -0.054060 0.000000 0.000000
vt -0.054060 -0.250000 0.000000
vt 0.000000 0.000000 0.000000
vt 0.000000 0.250000 0.000000
vt -0.054060 0.000000 0.000000
vt 0.000000 0.000000 0.000000
vt -0.054060 0.000000 0.000000
vt -0.054060 -0.250000 0.000000
vt 0.000000 0.000000 0.000000
vt 0.000000 0.250000 0.000000
vt -0.054060 0.000000 0.000000
vt 0.000000 0.000000 0.000000
vt -0.054060 0.000000 0.000000
vt -0.054060 -0.250000 0.000000
vt 0.000000 0.000000 0.000000
vt 0.000000 0.250000 0.000000
vt -0.054059 0.000000 0.000000
vt 0.000000 0.000000 0.000000
vt -0.054059 0.000000 0.000000
vt -0.054059 -0.250000 0.000000
vt 0.000000 0.000000 0.000000
vt 0.000000 0.250000 0.000000
vt -0.054060 0.000000 0.000000
vt 0.000000 0.000000 0.000000
vt -0.054060 0.000000 0.000000
vt -0.054060 -0.250000 0.000000
vt 0.000000 0.000000 0.000000
vt 0.000000 0.250000 0.000000
vt -0.054060 0.000000 0.000000
vt 0.000000 0.000000 0.000000
vt -0.054060 0.000000 0.000000
vt -0.054060 -0.250000 0.000000
vt 0.000000 0.000000 0.000000
vt 0.000000 0.250000 0.000000
vt -0.054059 0.000000 0.000000
vt 0.000000 0.000000 0.000000
vt -0.054059 0.000000 0.000000
vt -0.054059 -0.250000 0.000000
vt 0.000000 0.000000 0.000000
vt 0.000000 0.250000 0.000000
vt -0.054059 0.000000 0.000000
vt 0.000000 0.000000 0.000000
vt -0.054059 0.000000 0.000000
vt -0.054059 -0.250000 0.000000
vt 0.000000 0.000000 0.000000
vt 0.000000 0.250000 0.000000
vt -0.054060 0.000000 0.000000
vt 0.000000 0.000000 0.000000
vt -0.054060 0.000000 0.000000
vt -0.054060 -0.250000 0.000000
vt 0.000000 0.000000 0.000000
vt 0.000000 0.250000 0.000000
vt -0.054059 0.000000 0.000000
vt 0.000000 0.000000 0.000000
vt -0.054059 0.000000 0.000000
vt -0.054059 -0.250000 0.000000
vt 0.000000 0.000000 0.000000
vt 0.000000 0.250000 0.000000
vt -0.054060 0.000000 0.000000
vt 0.000000 0.000000 0.000000
vt -0.054060 0.000000 0.000000
vt -0.054060 -0.250000 0.000000
vt 0.000000 0.000000 0.000000
vt 0.000000 0.250000 0.000000
vt -0.054060 0.000000 0.000000
vt 0.000000 0.000000 0.000000
vt -0.054060 0.000000 0.000000
vt -0.054060 -0.250000 0.000000
vt 0.000000 0.000000 0.000000
vt 0.000000 0.250000 0.000000
vt -0.054059 0.000000 0.000000
vt 0.000000 0.000000 0.000000
vt -0.054059 0.000000 0.000000
vt -0.054059 -0.250000 0.000000
vt 0.000000 0.000000 0.000000
vt 0.000000 0.250000 0.000000
vt -0.054060 0.000000 0.000000
vt 0.000000 0.000000 0.000000
vt -0.054060 0.000000 0.000000
vt -0.054060 -0.250000 0.000000
vt 0.000000 0.000000 0.000000
vt 0.000000 0.250000 0.000000
vt -0.054060 0.000000 0.000000
vt 0.000000 0.000000 0.000000
vt -0.054060 0.000000 0.000000
vt -0.054060 -0.250000 0.000000
vt 0.000000 0.000000 0.000000
vt 0.000000 0.250000 0.000000
vt -0.054060 0.000000 0.000000
vt 0.000000 0.000000 0.000000
vt -0.054060 0.000000 0.000000
vt -0.054060 -0.250000 0.000000
vt 0.000000 0.000000 0.000000
vt 0.317675 -0.835217 0.000000
vt 0.112608 0.092445 0.000000
vt 0.000000 0.000000 0.000000
vt 0.205067 -0.927662 0.000000
vt 0.106248 0.099047 0.000000
vt 0.000000 0.000000 0.000000
vt 0.000000 1.124600 0.000000
vt -0.098819 1.026709 0.000000
vt 0.000000 0.000000 0.000000
vt 0.000000 -0.755810 0.000000
vt 0.058691 0.037758 0.000000
vt 0.000000 0.000000 0.000000
vt -0.058691 -0.793569 0.000000
vt 0.058071 0.041649 0.000000
vt 0.000000 0.000000 0.000000
vt 0.434436 0.000000 0.000000
vt 0.116761 0.835217 0.000000
vt 0.000000 0.000000 0.000000
vt -0.037670 -0.022467 0.000000
vt -0.000000 -0.755810 0.000000
vt 0.000000 0.000000 0.000000
vt -0.037651 0.733344 0.000000
vt -0.069334 0.000000 0.000000
vt 0.000000 0.000000 0.000000
vt -0.040913 -0.023306 0.000000
vt -0.031705 -0.733343 0.000000
vt 0.000000 0.000000 0.000000
vt -0.044075 -0.022845 0.000000
vt 0.009198 -0.710038 0.000000
vt 0.000000 0.000000 0.000000
vt -0.053268 0.687193 0.000000
vt -0.069335 0.000000 0.000000
vt 0.000000 0.000000 0.000000
vt -0.047217 -0.021052 0.000000
vt -0.016082 -0.687193 0.000000
vt 0.000000 0.000000 0.000000
vt -0.031117 0.666142 0.000000
vt -0.069335 0.000000 0.000000
vt 0.000000 0.000000 0.000000
vt -0.048968 -0.017518 0.000000
vt -0.038234 -0.666141 0.000000
vt 0.000000 0.000000 0.000000
vt -0.050352 -0.013121 0.000000
vt 0.010721 -0.648623 0.000000
vt 0.000000 0.000000 0.000000
vt -0.061074 0.635502 0.000000
vt -0.069334 0.000000 0.000000
vt 0.000000 0.000000 0.000000
vt -0.051840 -0.008165 0.000000
vt -0.008268 -0.635502 0.000000
vt 0.000000 0.000000 0.000000
vt -0.043559 0.627338 0.000000
vt -0.069335 0.000000 0.000000
vt 0.000000 0.000000 0.000000
vt -0.052239 -0.002737 0.000000
vt -0.025791 -0.627337 0.000000
vt 0.000000 0.000000 0.000000
vt -0.026433 0.624601 0.000000
vt -0.069334 0.000000 0.000000
vt 0.000000 0.000000 0.000000
vt -0.060533 0.000000 0.000000
vt -0.042910 -0.624601 0.000000
vt 0.000000 0.000000 0.000000
vt -0.017616 0.624601 0.000000
vt -0.069334 -0.000000 0.000000
vt 0.000000 0.000000 0.000000
vt -0.060533 -0.000000 0.000000
vt -0.051724 -0.624600 0.000000
vt 0.000000 0.000000 0.000000
vt -0.008804 0.624600 0.000000
vt -0.069335 0.000000 0.000000
vt 0.000000 0.000000 0.000000
vt -0.060533 0.000000 0.000000
vt -0.060533 -0.624600 0.000000
vt 0.000000 0.000000 0.000000
vt -0.473028 0.794590 0.000000
vt -0.076052 -0.112996 0.000000
vt 0.000000 0.000000 0.000000
vt -0.396976 0.907586 0.000000
vt -0.085678 -0.105883 0.000000
vt 0.000000 0.000000 0.000000
vt 0.216655 -1.111422 0.000000
vt 0.311298 -1.013470 0.000000
vt 0.000000 0.000000 0.000000
vt 0.114805 -0.022836 0.000000
vt 0.058527 -0.005764 0.000000
vt 0.000000 0.000000 0.000000
vt -0.114805 0.022836 0.000000
vt 0.051866 -0.027723 0.000000
vt 0.000000 0.000000 0.000000
vt -0.166671 0.050559 0.000000
vt 0.045461 -0.037309 0.000000
vt 0.000000 0.000000 0.000000
vt 0.249441 -0.133329 0.000000
vt 0.212132 -0.087868 0.000000
vt 0.000000 0.000000 0.000000
vt -0.249441 0.133329 0.000000
vt 0.027723 -0.051866 0.000000
vt 0.000000 0.000000 0.000000
vt -0.277164 0.185195 0.000000
vt 0.017072 -0.056278 0.000000
vt 0.000000 0.000000 0.000000
vt 0.300000 -0.300000 0.000000
vt 0.294235 -0.241473 0.000000
vt 0.000000 0.000000 0.000000
vt 0.056278 0.017072 0.000000
vt -0.058527 -0.005764 0.000000
vt 0.000000 0.000000 0.000000
vt 0.051866 0.027723 0.000000
vt -0.114805 -0.022836 0.000000
vt 0.000000 0.000000 0.000000
vt 0.045461 0.037309 0.000000
vt -0.166671 -0.050559 0.000000
vt 0.000000 0.000000 0.000000
vt 0.037309 0.045461 0.000000
vt -0.212132 -0.087868 0.000000
vt 0.000000 0.000000 0.000000
vt 0.027723 0.051866 0.000000
vt -0.249441 -0.133329 0.000000
vt 0.000000 0.000000 0.000000
vt 0.017072 0.056278 0.000000
vt -0.277164 -0.185195 0.000000
vt 0.000000 0.000000 0.000000
vt 0.005764 0.058527 0.000000
vt -0.294235 -0.241473 0.000000
vt 0.000000 0.000000 0.000000
vt -0.300000 0.300000 0.000000
vt -0.300000 -0.300000 0.000000
vt 0.000000 0.000000 0.000000
vt 0.000000 0.600000 0.000000
vt -0.434436 0.000000 0.000000
vt 0.000000 0.000000 0.000000
vt -0.434436 0.000000 0.000000
vt -0.434436 -0.600000 0.000000
vt 0.000000 0.000000 0.000000
vt 0.000000 0.600000 0.000000
vt -0.086133 -0.005320 0.000000
vt 0.000000 0.000000 0.000000
vt -0.086133 0.005320 0.000000
vt -0.086133 -0.605320 0.000000
vt 0.000000 0.000000 0.000000
vt 0.000000 0.610639 0.000000
vt -0.084824 -0.015877 0.000000
vt 0.000000 0.000000 0.000000
vt -0.084824 0.015877 0.000000
vt -0.084824 -0.626517 0.000000
vt 0.000000 0.000000 0.000000
vt 0.000000 0.642394 0.000000
vt -0.082226 -0.026194 0.000000
vt 0.000000 0.000000 0.000000
vt -0.082226 0.026194 0.000000
vt -0.082226 -0.668588 0.000000
vt 0.000000 0.000000 0.000000
vt -0.834370 -0.397039 0.000000
vt 0.078378 -0.036113 0.000000
vt 0.000000 0.000000 0.000000
vt -0.912748 -0.360926 0.000000
vt 0.000000 -0.694783 0.000000
vt 0.000000 0.000000 0.000000
vt 0.834370 -0.369970 0.000000
vt 0.912748 -0.333857 0.000000
vt 0.000000 0.000000 0.000000
vt -0.834370 0.369970 0.000000
vt -0.073339 -0.045483 0.000000
vt 0.000000 0.000000 0.000000
vt -0.761031 0.415452 0.000000
vt -0.067185 -0.054161 0.000000
vt 0.000000 0.000000 0.000000
vt 0.633836 -0.531630 0.000000
vt 0.693846 -0.469614 0.000000
vt 0.000000 0.000000 0.000000
vt -0.633836 0.531630 0.000000
vt -0.051923 -0.068929 0.000000
vt 0.000000 0.000000 0.000000
vt -0.581913 0.600560 0.000000
vt -0.043047 -0.074795 0.000000
vt 0.000000 0.000000 0.000000
vt 0.473028 -0.794590 0.000000
vt 0.538867 -0.675354 0.000000
vt 0.000000 0.000000 0.000000
vt 0.135534 0.013511 0.000000
vt -0.085838 0.697621 0.000000
vt 0.000000 0.000000 0.000000
vt 0.221371 -0.684110 0.000000
vt 0.053743 0.005845 0.000000
vt 0.000000 0.000000 0.000000
vt 0.133825 0.025357 0.000000
vt -0.167629 0.689955 0.000000
vt 0.000000 0.000000 0.000000
vt 0.131082 0.037008 0.000000
vt -0.301453 0.664598 0.000000
vt 0.000000 0.000000 0.000000
vt 0.432535 -0.627590 0.000000
vt 0.051230 0.017261 0.000000
vt 0.000000 0.000000 0.000000
vt 0.127327 0.048373 0.000000
vt -0.381305 0.644851 0.000000
vt 0.000000 0.000000 0.000000
vt 0.122588 0.059364 0.000000
vt -0.508632 0.596479 0.000000
vt 0.000000 0.000000 0.000000
vt 0.631220 -0.537115 0.000000
vt 0.046321 0.027871 0.000000
vt 0.000000 0.000000 0.000000
vt 0.116904 0.069896 0.000000
vt -0.584899 0.564986 0.000000
vt 0.000000 0.000000 0.000000
vt 0.701803 -0.495089 0.000000
vt 0.039247 0.037177 0.000000
vt 0.000000 0.000000 0.000000
vt -0.632218 0.577010 0.000000
vt -0.662556 0.532266 0.000000
vt 0.000000 0.000000 0.000000
vt -0.819358 -0.431988 0.000000
vt 0.030337 -0.044744 0.000000
vt 0.000000 0.000000 0.000000
vt 0.104895 -0.086886 0.000000
vt 0.849696 0.387244 0.000000
vt 0.000000 0.000000 0.000000
vt 0.553456 0.581494 0.000000
vt -0.118474 0.067200 0.000000
vt 0.000000 0.000000 0.000000
vt 0.671931 0.514294 0.000000
vt -0.112117 0.077341 0.000000
vt 0.000000 0.000000 0.000000
vt -0.039247 0.037177 0.000000
vt -0.784048 -0.436953 0.000000
vt 0.000000 0.000000 0.000000
vt 0.347460 0.655606 0.000000
vt -0.128401 0.045443 0.000000
vt 0.000000 0.000000 0.000000
vt 0.475861 0.610163 0.000000
vt -0.123916 0.056540 0.000000
vt 0.000000 0.000000 0.000000
vt -0.046321 0.027871 0.000000
vt -0.599778 -0.553623 0.000000
vt 0.000000 0.000000 0.000000
vt 0.132424 0.694624 0.000000
vt -0.134370 0.022285 0.000000
vt 0.000000 0.000000 0.000000
vt 0.266795 0.672339 0.000000
vt -0.131895 0.033995 0.000000
vt 0.000000 0.000000 0.000000
vt -0.051230 0.017261 0.000000
vt -0.398690 -0.638344 0.000000
vt 0.000000 0.000000 0.000000
vt -0.085838 0.697621 0.000000
vt -0.136197 -0.001560 0.000000
vt 0.000000 0.000000 0.000000
vt 0.050359 0.699182 0.000000
vt -0.135808 0.010403 0.000000
vt 0.000000 0.000000 0.000000
vt -0.053743 0.005845 0.000000
vt -0.186167 -0.688779 0.000000
vt 0.000000 0.000000 0.000000
vt 0.350367 -0.363535 0.000000
vt 0.053743 0.005845 0.000000
vt 0.000000 0.000000 0.000000
vt -0.245394 0.386641 0.000000
vt -0.296624 0.369380 0.000000
vt 0.000000 0.000000 0.000000
vt 0.245394 -0.386641 0.000000
vt 0.046321 0.027871 0.000000
vt 0.000000 0.000000 0.000000
vt 0.199073 -0.414511 0.000000
vt 0.039247 0.037177 0.000000
vt 0.000000 0.000000 0.000000
vt -0.129488 0.496433 0.000000
vt -0.159826 0.451688 0.000000
vt 0.000000 0.000000 0.000000
vt 0.999903 0.280676 0.000000
vt -0.014462 0.052089 0.000000
vt 0.000000 0.000000 0.000000
vt -0.085678 0.105883 0.000000
vt -1.014365 -0.228587 0.000000
vt 0.000000 0.000000 0.000000
vt 0.928687 0.334470 0.000000
vt -0.025322 0.047762 0.000000
vt 0.000000 0.000000 0.000000
vt -0.094643 0.097953 0.000000
vt -0.954009 -0.286708 0.000000
vt 0.000000 0.000000 0.000000
vt -0.102877 0.089266 0.000000
vt -0.859367 -0.384660 0.000000
vt 0.000000 0.000000 0.000000
vt 0.756490 0.473926 0.000000
vt -0.034997 0.041202 0.000000
vt 0.000000 0.000000 0.000000
vt -0.110316 0.079890 0.000000
vt -0.791487 -0.432724 0.000000
vt 0.000000 0.000000 0.000000
vt 0.681171 0.512614 0.000000
vt -0.043036 0.032715 0.000000
vt 0.000000 0.000000 0.000000
vt -0.116904 0.069896 0.000000
vt -0.724208 -0.479898 0.000000
vt 0.000000 0.000000 0.000000
vt -0.122588 0.059364 0.000000
vt -0.607304 -0.549795 0.000000
vt 0.000000 0.000000 0.000000
vt 0.484716 0.609158 0.000000
vt -0.049063 0.022699 0.000000
vt 0.000000 0.000000 0.000000
vt -0.127327 0.048373 0.000000
vt -0.533779 -0.586459 0.000000
vt 0.000000 0.000000 0.000000
vt -0.131082 0.037008 0.000000
vt -0.406452 -0.634832 0.000000
vt 0.000000 0.000000 0.000000
vt 0.275371 0.671840 0.000000
vt -0.052796 0.011621 0.000000
vt 0.000000 0.000000 0.000000
vt -0.133825 0.025357 0.000000
vt -0.328166 -0.660219 0.000000
vt 0.000000 0.000000 0.000000
vt -0.135534 0.013511 0.000000
vt -0.194342 -0.685576 0.000000
vt 0.000000 0.000000 0.000000
vt -0.136197 0.001560 0.000000
vt -0.058808 -0.699087 0.000000
vt 0.000000 0.000000 0.000000
vt -0.077389 0.700647 0.000000
vt -0.054060 0.000000 0.000000
vt 0.000000 0.000000 0.000000
vt -0.135808 -0.010403 0.000000
vt 0.023329 -0.700647 0.000000
vt 0.000000 0.000000 0.000000
vt -0.134370 -0.022285 0.000000
vt 0.159137 -0.690245 0.000000
vt 0.000000 0.000000 0.000000
vt -0.293507 0.667960 0.000000
vt -0.052796 -0.011621 0.000000
vt 0.000000 0.000000 0.000000
vt -0.131895 -0.033995 0.000000
vt 0.240712 -0.679581 0.000000
vt 0.000000 0.000000 0.000000
vt -0.128401 -0.045443 0.000000
vt 0.372607 -0.645586 0.000000
vt 0.000000 0.000000 0.000000
vt -0.501008 0.600144 0.000000
vt -0.049063 -0.022699 0.000000
vt 0.000000 0.000000 0.000000
vt -0.123916 -0.056540 0.000000
vt 0.451945 -0.622843 0.000000
vt 0.000000 0.000000 0.000000
vt -0.118474 -0.067200 0.000000
vt 0.575862 -0.566303 0.000000
vt 0.000000 0.000000 0.000000
vt -0.694336 0.499103 0.000000
vt -0.043036 -0.032715 0.000000
vt 0.000000 0.000000 0.000000
vt -0.112117 -0.077341 0.000000
vt 0.651299 -0.531818 0.000000
vt 0.000000 0.000000 0.000000
vt -0.104895 -0.086886 0.000000
vt 0.763417 -0.454477 0.000000
vt 0.000000 0.000000 0.000000
vt -0.868311 0.367591 0.000000
vt -0.034997 -0.041202 0.000000
vt 0.000000 0.000000 0.000000
vt -0.096862 -0.095759 0.000000
vt 0.833314 -0.408794 0.000000
vt 0.000000 0.000000 0.000000
vt -0.930176 0.313035 0.000000
vt -0.025322 -0.047762 0.000000
vt 0.000000 0.000000 0.000000
vt -0.088081 -0.103893 0.000000
vt 0.904854 -0.360797 0.000000
vt 0.000000 0.000000 0.000000
vt -0.992935 0.256905 0.000000
vt -0.014462 -0.052089 0.000000
vt 0.000000 0.000000 0.000000
vt -0.078621 -0.111224 0.000000
vt 0.978473 -0.308994 0.000000
vt 0.000000 0.000000 0.000000
vt 0.709479 0.053347 0.000000
vt 0.008746 0.053347 0.000000
vt 0.000000 0.000000 0.000000
vt 0.700733 0.000000 0.000000
vt -0.002927 0.053980 0.000000
vt 0.000000 0.000000 0.000000
vt -0.350367 0.363535 0.000000
vt -0.703660 0.053980 0.000000
vt 0.000000 0.000000 0.000000
vt 0.353293 0.309554 0.000000
vt -0.014462 0.052089 0.000000
vt 0.000000 0.000000 0.000000
vt -0.053743 0.005845 0.000000
vt -0.367756 -0.257465 0.000000
vt 0.000000 0.000000 0.000000
vt 0.314013 0.263310 0.000000
vt -0.025322 0.047762 0.000000
vt 0.000000 0.000000 0.000000
vt -0.051230 0.017261 0.000000
vt -0.339335 -0.215548 0.000000
vt 0.000000 0.000000 0.000000
vt 0.288105 0.232809 0.000000
vt -0.034997 0.041202 0.000000
vt 0.000000 0.000000 0.000000
vt -0.046321 0.027871 0.000000
vt -0.323103 -0.191607 0.000000
vt 0.000000 0.000000 0.000000
vt 0.276781 0.219478 0.000000
vt -0.043036 0.032715 0.000000
vt 0.000000 0.000000 0.000000
vt -0.039247 0.037177 0.000000
vt -0.319818 -0.186762 0.000000
vt 0.000000 0.000000 0.000000
vt 0.280571 0.223939 0.000000
vt -0.049063 0.022699 0.000000
vt 0.000000 0.000000 0.000000
vt -0.030337 0.044744 0.000000
vt -0.329634 -0.201240 0.000000
vt 0.000000 0.000000 0.000000
vt 0.299297 0.245985 0.000000
vt -0.052796 0.011621 0.000000
vt 0.000000 0.000000 0.000000
vt -0.020010 0.050220 0.000000
vt -0.352092 -0.234363 0.000000
vt 0.000000 0.000000 0.000000
vt 0.332083 0.284583 0.000000
vt -0.054060 0.000000 0.000000
vt 0.000000 0.000000 0.000000
vt -0.008746 0.053347 0.000000
vt -0.386142 -0.284583 0.000000
vt 0.000000 0.000000 0.000000
vt 0.002927 0.053980 0.000000
vt -0.377396 -0.337931 0.000000
vt 0.000000 0.000000 0.000000
vt -1.057094 0.197770 0.000000
vt -0.380323 -0.391911 0.000000
vt 0.000000 0.000000 0.000000
vt -0.676770 0.589681 0.000000
vt -0.052796 -0.011621 0.000000
vt 0.000000 0.000000 0.000000
vt -0.068553 -0.117697 0.000000
vt 0.623975 -0.601302 0.000000
vt 0.000000 0.000000 0.000000
vt -0.057956 -0.123260 0.000000
vt 0.692528 -0.483605 0.000000
vt 0.000000 0.000000 0.000000
vt -0.750483 0.360345 0.000000
vt -0.049063 -0.022699 0.000000
vt 0.000000 0.000000 0.000000
vt -0.046911 -0.127872 0.000000
vt 0.701420 -0.383044 0.000000
vt 0.000000 0.000000 0.000000
vt -0.748331 0.255171 0.000000
vt -0.043036 -0.032715 0.000000
vt 0.000000 0.000000 0.000000
vt -0.035504 -0.131497 0.000000
vt 0.705294 -0.287887 0.000000
vt 0.000000 0.000000 0.000000
vt -0.740798 0.156390 0.000000
vt -0.034997 -0.041202 0.000000
vt 0.000000 0.000000 0.000000
vt -0.023823 -0.134106 0.000000
vt 0.705801 -0.197592 0.000000
vt 0.000000 0.000000 0.000000
vt -0.729623 0.063486 0.000000
vt -0.025322 -0.047762 0.000000
vt 0.000000 0.000000 0.000000
vt -0.011958 -0.135680 0.000000
vt 0.704301 -0.111248 0.000000
vt 0.000000 0.000000 0.000000
vt -0.716259 -0.024432 0.000000
vt -0.014462 -0.052089 0.000000
vt 0.000000 0.000000 0.000000
vt -0.701797 0.027657 0.000000
vt -0.002927 -0.053980 0.000000
vt 0.000000 0.000000 0.000000
vt 0.000000 -0.136206 0.000000
vt 0.698870 -0.081637 0.000000
vt 0.000000 0.000000 0.000000
vt -0.698870 -0.054568 0.000000
vt 0.008746 -0.053347 0.000000
vt 0.000000 0.000000 0.000000
vt 0.011958 -0.135680 0.000000
vt 0.707616 0.001221 0.000000
vt 0.000000 0.000000 0.000000
vt -0.695658 -0.136901 0.000000
vt 0.020010 -0.050220 0.000000
vt 0.000000 0.000000 0.000000
vt 0.023823 -0.134106 0.000000
vt 0.715668 0.086681 0.000000
vt 0.000000 0.000000 0.000000
vt -0.691845 -0.220787 0.000000
vt 0.030338 -0.044745 0.000000
vt 0.000000 0.000000 0.000000
vt 0.035504 -0.131497 0.000000
vt 0.722183 0.176042 0.000000
vt 0.000000 0.000000 0.000000
vt -0.686679 -0.307539 0.000000
vt 0.039247 -0.037177 0.000000
vt 0.000000 0.000000 0.000000
vt 0.046911 -0.127872 0.000000
vt 0.725926 0.270362 0.000000
vt 0.000000 0.000000 0.000000
vt -0.679015 -0.398235 0.000000
vt 0.046321 -0.027871 0.000000
vt 0.000000 0.000000 0.000000
vt 0.057956 -0.123260 0.000000
vt 0.725336 0.370364 0.000000
vt 0.000000 0.000000 0.000000
vt -0.667381 -0.493625 0.000000
vt 0.051230 -0.017261 0.000000
vt 0.000000 0.000000 0.000000
vt 0.068553 -0.117697 0.000000
vt 0.718611 0.476363 0.000000
vt 0.000000 0.000000 0.000000
vt -0.008746 -0.053347 0.000000
vt 0.404109 0.369380 0.000000
vt 0.000000 0.000000 0.000000
vt 0.464085 0.439988 0.000000
vt 0.412855 0.422727 0.000000
vt 0.000000 0.000000 0.000000
vt 0.632218 -0.577010 0.000000
vt 0.020009 0.050220 0.000000
vt 0.000000 0.000000 0.000000
vt 0.612209 -0.627230 0.000000
vt 0.464085 0.439988 0.000000
vt 0.000000 0.000000 0.000000
vt -0.101803 1.095089 0.000000
vt -0.148124 1.067219 0.000000
vt 0.000000 0.000000 0.000000
vt 0.101803 -1.095089 0.000000
vt 0.039247 0.037177 0.000000
vt 0.000000 0.000000 0.000000
vt 0.062556 -1.132266 0.000000
vt 0.030338 0.044745 0.000000
vt 0.000000 0.000000 0.000000
vt -0.012209 1.227230 0.000000
vt -0.032218 1.177010 0.000000
vt 0.000000 0.000000 0.000000
vt -0.216655 1.111422 0.000000
vt -0.102877 -0.089266 0.000000
vt 0.000000 0.000000 0.000000
vt -0.113779 1.200688 0.000000
vt -0.110316 -0.079890 0.000000
vt 0.000000 0.000000 0.000000
vt -0.008746 -0.053347 0.000000
vt 0.003463 -1.280578 0.000000
vt 0.000000 0.000000 0.000000
vt 0.834370 0.397039 0.000000
vt -0.002927 0.053980 0.000000
vt 0.000000 0.000000 0.000000
vt 0.837296 0.343059 0.000000
vt -0.014462 0.052089 0.000000
vt 0.000000 0.000000 0.000000
vt -0.073339 0.045483 0.000000
vt -0.851759 -0.290970 0.000000
vt 0.000000 0.000000 0.000000
vt 0.778420 0.336452 0.000000
vt -0.025322 0.047762 0.000000
vt 0.000000 0.000000 0.000000
vt -0.067185 0.054161 0.000000
vt -0.803742 -0.288690 0.000000
vt 0.000000 0.000000 0.000000
vt 0.736557 0.342852 0.000000
vt -0.034997 0.041202 0.000000
vt 0.000000 0.000000 0.000000
vt -0.060010 0.062017 0.000000
vt -0.771554 -0.301649 0.000000
vt 0.000000 0.000000 0.000000
vt 0.711545 0.363666 0.000000
vt -0.043036 0.032715 0.000000
vt 0.000000 0.000000 0.000000
vt -0.051923 0.068929 0.000000
vt -0.754581 -0.330951 0.000000
vt 0.000000 0.000000 0.000000
vt -0.043047 0.074795 0.000000
vt -0.702658 -0.399880 0.000000
vt 0.000000 0.000000 0.000000
vt 0.659611 0.474675 0.000000
vt -0.049063 0.022699 0.000000
vt 0.000000 0.000000 0.000000
vt -0.065838 0.119236 0.000000
vt -0.708675 -0.451976 0.000000
vt 0.000000 0.000000 0.000000
vt -0.695632 -0.559591 0.000000
vt -0.642836 -0.571212 0.000000
vt 0.000000 0.000000 0.000000
vt -0.999903 -0.280676 0.000000
vt 0.076052 -0.112996 0.000000
vt 0.000000 0.000000 0.000000
vt -1.075955 -0.167680 0.000000
vt -0.695632 -0.559591 0.000000
vt 0.000000 0.000000 0.000000
vt 0.002927 -0.053980 0.000000
vt 0.380323 -0.391911 0.000000
vt 0.000000 0.000000 0.000000
vt 0.323337 -0.337931 0.000000
vt 0.377397 -0.337931 0.000000
vt 0.000000 0.000000 0.000000
vt -0.323337 0.337931 0.000000
vt -0.052796 -0.011621 0.000000
vt 0.000000 0.000000 0.000000
vt -0.270541 0.349552 0.000000
vt -0.049063 -0.022699 0.000000
vt 0.000000 0.000000 0.000000
vt 0.178442 -0.404966 0.000000
vt 0.221478 -0.372251 0.000000
vt 0.000000 0.000000 0.000000
vt -0.178442 0.404966 0.000000
vt -0.034997 -0.041202 0.000000
vt 0.000000 0.000000 0.000000
vt -0.143445 0.446168 0.000000
vt -0.025322 -0.047762 0.000000
vt 0.000000 0.000000 0.000000
vt 0.103660 -0.546020 0.000000
vt 0.118123 -0.493931 0.000000
vt 0.000000 0.000000 0.000000
vt 0.129488 -0.496433 0.000000
vt 0.020009 0.050220 0.000000
vt 0.000000 0.000000 0.000000
vt 0.109479 -0.546653 0.000000
vt 0.008746 0.053347 0.000000
vt 0.000000 0.000000 0.000000
vt 0.002927 0.053980 0.000000
vt -0.100733 0.600000 0.000000
vt 0.000000 0.000000 0.000000
vt 0.819358 0.431988 0.000000
vt -0.096862 0.095759 0.000000
vt 0.000000 0.000000 0.000000
vt 0.916220 0.336230 0.000000
vt -0.088081 0.103893 0.000000
vt 0.000000 0.000000 0.000000
vt -0.020010 0.050220 0.000000
vt -1.004302 -0.232337 0.000000
vt 0.000000 0.000000 0.000000
vt 0.984292 0.282557 0.000000
vt -0.078621 0.111224 0.000000
vt 0.000000 0.000000 0.000000
vt -0.008746 0.053347 0.000000
vt -1.062913 -0.171333 0.000000
vt 0.000000 0.000000 0.000000
vt 1.054167 0.224680 0.000000
vt 0.650058 0.594060 0.000000
vt 0.000000 0.000000 0.000000
vt 0.002927 0.053980 0.000000
vt -0.404109 0.369380 0.000000
vt 0.000000 0.000000 0.000000
vt 0.407036 -0.315399 0.000000
vt 0.053743 -0.005845 0.000000
vt 0.000000 0.000000 0.000000
vt 0.014462 0.052089 0.000000
vt -0.353293 0.309555 0.000000
vt 0.000000 0.000000 0.000000
vt 0.367756 -0.257466 0.000000
vt 0.053743 0.005845 0.000000
vt 0.000000 0.000000 0.000000
vt 0.025322 0.047762 0.000000
vt -0.314013 0.263310 0.000000
vt 0.000000 0.000000 0.000000
vt 0.339335 -0.215548 0.000000
vt 0.051230 0.017261 0.000000
vt 0.000000 0.000000 0.000000
vt 0.034997 0.041202 0.000000
vt -0.288105 0.232809 0.000000
vt 0.000000 0.000000 0.000000
vt 0.323103 -0.191607 0.000000
vt 0.046321 0.027871 0.000000
vt 0.000000 0.000000 0.000000
vt 0.043036 0.032715 0.000000
vt -0.276781 0.219478 0.000000
vt 0.000000 0.000000 0.000000
vt 0.319818 -0.186762 0.000000
vt 0.039247 0.037177 0.000000
vt 0.000000 0.000000 0.000000
vt 0.049063 0.022699 0.000000
vt -0.280571 0.223939 0.000000
vt 0.000000 0.000000 0.000000
vt 0.329634 -0.201240 0.000000
vt 0.030337 0.044745 0.000000
vt 0.000000 0.000000 0.000000
vt 0.052796 0.011621 0.000000
vt -0.299297 0.245985 0.000000
vt 0.000000 0.000000 0.000000
vt 0.352092 -0.234363 0.000000
vt 0.020010 0.050220 0.000000
vt 0.000000 0.000000 0.000000
vt 0.054060 0.000000 0.000000
vt -0.332083 0.284583 0.000000
vt 0.000000 0.000000 0.000000
vt 0.386142 -0.284583 0.000000
vt 0.709479 0.053347 0.000000
vt 0.000000 0.000000 0.000000
vt 0.052796 -0.011621 0.000000
vt 0.323337 0.337931 0.000000
vt 0.000000 0.000000 0.000000
vt 0.049063 -0.022699 0.000000
vt 0.270541 0.349552 0.000000
vt 0.000000 0.000000 0.000000
vt 0.043036 -0.032715 0.000000
vt 0.221478 0.372251 0.000000
vt 0.000000 0.000000 0.000000
vt 0.034997 -0.041202 0.000000
vt 0.178442 0.404966 0.000000
vt 0.000000 0.000000 0.000000
vt 0.025322 -0.047762 0.000000
vt 0.143444 0.446169 0.000000
vt 0.000000 0.000000 0.000000
vt 0.014462 -0.052089 0.000000
vt 0.118122 0.493931 0.000000
vt 0.000000 0.000000 0.000000
vt 0.002927 -0.053980 0.000000
vt 0.103660 0.546020 0.000000
vt 0.000000 0.000000 0.000000
vt -0.100733 -0.600000 0.000000
vt 0.008746 -0.053347 0.000000
vt 0.000000 0.000000 0.000000
vt 0.129489 0.496433 0.000000
vt 0.109479 0.546653 0.000000
vt 0.000000 0.000000 0.000000
vt -0.129489 -0.496433 0.000000
vt 0.030338 -0.044745 0.000000
vt 0.000000 0.000000 0.000000
vt -0.159826 -0.451688 0.000000
vt 0.039247 -0.037177 0.000000
vt 0.000000 0.000000 0.000000
vt 0.245394 0.386641 0.000000
vt 0.199073 0.414511 0.000000
vt 0.000000 0.000000 0.000000
vt -0.245394 -0.386641 0.000000
vt 0.051230 -0.017261 0.000000
vt 0.000000 0.000000 0.000000
vt -0.296624 -0.369380 0.000000
vt 0.053742 -0.005845 0.000000
vt 0.000000 0.000000 0.000000
vt 0.404109 0.369380 0.000000
vt 0.350367 0.363535 0.000000
vt 0.000000 0.000000 0.000000
vt -0.060533 0.000000 0.000000
vt 0.000000 -0.624600 0.000000
vt 0.000000 0.000000 0.000000
vt -0.060531 0.624600 0.000000
vt -0.069335 -0.000000 0.000000
vt 0.000000 0.000000 0.000000
vt -0.060533 0.000000 0.000000
vt -0.008808 -0.624600 0.000000
vt 0.000000 0.000000 0.000000
vt -0.051718 0.624601 0.000000
vt -0.069334 0.000000 0.000000
vt 0.000000 0.000000 0.000000
vt -0.060533 -0.000000 0.000000
vt -0.017623 -0.624601 0.000000
vt 0.000000 0.000000 0.000000
vt -0.042901 0.624601 0.000000
vt -0.069334 0.000000 0.000000
vt 0.000000 0.000000 0.000000
vt -0.052249 0.002738 0.000000
vt -0.026449 -0.624601 0.000000
vt 0.000000 0.000000 0.000000
vt -0.025785 0.627339 0.000000
vt -0.069335 -0.000000 0.000000
vt 0.000000 0.000000 0.000000
vt -0.051603 0.008121 0.000000
vt -0.043563 -0.627338 0.000000
vt 0.000000 0.000000 0.000000
vt -0.008032 0.635459 0.000000
vt -0.069334 0.000000 0.000000
vt 0.000000 0.000000 0.000000
vt -0.050740 0.013211 0.000000
vt -0.061301 -0.635459 0.000000
vt 0.000000 0.000000 0.000000
vt -0.049840 0.017896 0.000000
vt -0.010573 -0.648669 0.000000
vt 0.000000 0.000000 0.000000
vt -0.039251 0.666566 0.000000
vt -0.069335 0.000000 0.000000
vt 0.000000 0.000000 0.000000
vt -0.047042 0.021078 0.000000
vt -0.030102 -0.666565 0.000000
vt 0.000000 0.000000 0.000000
vt -0.016924 0.687643 0.000000
vt -0.069335 0.000000 0.000000
vt 0.000000 0.000000 0.000000
vt -0.043889 0.022794 0.000000
vt -0.052417 -0.687642 0.000000
vt 0.000000 0.000000 0.000000
vt -0.040666 0.023167 0.000000
vt -0.008535 -0.710437 0.000000
vt 0.000000 0.000000 0.000000
vt -0.032110 0.733605 0.000000
vt -0.069334 0.000000 0.000000
vt 0.000000 0.000000 0.000000
vt -0.037244 0.022206 0.000000
vt -0.037244 -0.733604 0.000000
vt 0.000000 0.000000 0.000000
vt 0.098819 1.026709 0.000000
vt 0.000000 1.124600 0.000000
vt 0.000000 0.000000 0.000000
vt 0.116761 -0.835217 0.000000
vt 0.058071 -0.041649 0.000000
vt 0.000000 0.000000 0.000000
vt 0.000000 0.755810 0.000000
vt -0.058691 0.793569 0.000000
vt 0.000000 0.000000 0.000000
vt -0.098819 -1.026709 0.000000
vt 0.106248 -0.099047 0.000000
vt 0.000000 0.000000 0.000000
vt -0.205067 -0.927662 0.000000
vt 0.112608 -0.092445 0.000000
vt 0.000000 0.000000 0.000000
vt 0.434436 0.000000 0.000000
vt 0.317675 0.835217 0.000000
vt 0.000000 0.000000 0.000000
vt -0.434436 0.000000 0.000000
vt 0.000000 -0.044786 0.000000
vt 0.000000 0.000000 0.000000
vt 0.000000 -0.044786 0.000000
vt 0.434436 -0.044786 0.000000
vt 0.000000 0.000000 0.000000
vt -0.434436 0.000000 0.000000
vt 0.000000 -0.044786 0.000000
vt 0.000000 0.000000 0.000000
vt 0.000000 -0.044786 0.000000
vt 0.434436 -0.044786 0.000000
vt 0.000000 0.000000 0.000000
vt -0.434436 0.000000 0.000000
vt 0.000000 -0.044786 0.000000
vt 0.000000 0.000000 0.000000
vt 0.000000 -0.044786 0.000000
vt 0.434436 -0.044786 0.000000
vt 0.000000 0.000000 0.000000
vt -0.434436 0.000000 0.000000
vt 0.000000 -0.044786 0.000000
vt 0.000000 0.000000 0.000000
vt 0.000000 -0.044786 0.000000
vt 0.434436 -0.044786 0.000000
vt 0.000000 0.000000 0.000000
vt -0.434436 0.000000 0.000000
vt 0.000000 -0.044786 0.000000
vt 0.000000 0.000000 0.000000
vt 0.000000 -0.044786 0.000000
vt 0.434436 -0.044786 0.000000
vt 0.000000 0.000000 0.000000
vt 0.434436 0.000000 0.000000
vt 0.000000 0.044786 0.000000
vt 0.000000 0.000000 0.000000
vt 0.000000 0.044786 0.000000
vt -0.434436 0.044786 0.000000
vt 0.000000 0.000000 0.000000
vt 0.434436 0.000000 0.000000
vt 0.000000 0.044786 0.000000
vt 0.000000 0.000000 0.000000
vt 0.000000 0.044786 0.000000
vt -0.434436 0.044786 0.000000
vt 0.000000 0.000000 0.000000
vt 0.050183 0.011529 0.000000
vt 0.007051 0.046711 0.000000
vt 0.000000 0.000000 0.000000
vt 0.043155 -0.035153 0.000000
vt 0.056250 0.017164 0.000000
vt 0.000000 0.000000 0.000000
vt 0.047887 0.018919 0.000000
vt 0.013038 0.052332 0.000000
vt 0.000000 0.000000 0.000000
vt 0.034882 -0.033379 0.000000
vt 0.051797 0.027852 0.000000
vt 0.000000 0.000000 0.000000
vt 0.044520 0.025868 0.000000
vt 0.016885 0.061239 0.000000
vt 0.000000 0.000000 0.000000
vt 0.040157 0.032226 0.000000
vt -0.027679 0.035337 0.000000
vt 0.000000 0.000000 0.000000
vt -0.022487 0.040554 0.000000
vt -0.067836 0.003110 0.000000
vt 0.000000 0.000000 0.000000
vt 0.034899 0.037858 0.000000
vt -0.022532 0.040529 0.000000
vt 0.000000 0.000000 0.000000
vt -0.020254 0.048238 0.000000
vt -0.057431 0.002669 0.000000
vt 0.000000 0.000000 0.000000
vt 0.028875 0.042631 0.000000
vt -0.020289 0.048224 0.000000
vt 0.000000 0.000000 0.000000
vt -0.021570 0.057523 0.000000
vt -0.049164 0.005588 0.000000
vt 0.000000 0.000000 0.000000
vt 0.022224 0.046447 0.000000
vt -0.021587 0.057517 0.000000
vt 0.000000 0.000000 0.000000
vt 0.015091 0.049229 0.000000
vt -0.043813 0.011062 0.000000
vt 0.000000 0.000000 0.000000
vt 0.058904 0.038165 0.000000
vt 0.016976 0.056307 0.000000
vt 0.000000 0.000000 0.000000
vt 0.007626 0.050922 0.000000
vt -0.041931 0.018135 0.000000
vt 0.000000 0.000000 0.000000
vt 0.049559 0.032784 0.000000
vt 0.005731 0.058530 0.000000
vt 0.000000 0.000000 0.000000
vt 0.000000 0.051490 0.000000
vt -0.043829 0.025745 0.000000
vt 0.000000 0.000000 0.000000
vt 0.043828 0.025746 0.000000
vt -0.005731 0.058530 0.000000
vt 0.000000 0.000000 0.000000
vt -0.007626 0.050922 0.000000
vt -0.049557 0.032787 0.000000
vt 0.000000 0.000000 0.000000
vt 0.041928 0.018142 0.000000
vt -0.016976 0.056307 0.000000
vt 0.000000 0.000000 0.000000
vt -0.015091 0.049229 0.000000
vt -0.058903 0.038166 0.000000
vt 0.000000 0.000000 0.000000
vt -0.022224 0.046447 0.000000
vt -0.043811 -0.011070 0.000000
vt 0.000000 0.000000 0.000000
vt -0.049164 -0.005588 0.000000
vt -0.021570 -0.057523 0.000000
vt 0.000000 0.000000 0.000000
vt -0.028875 0.042631 0.000000
vt -0.049164 -0.005593 0.000000
vt 0.000000 0.000000 0.000000
vt -0.057431 -0.002669 0.000000
vt -0.020254 -0.048238 0.000000
vt 0.000000 0.000000 0.000000
vt -0.034899 0.037858 0.000000
vt -0.057431 -0.002671 0.000000
vt 0.000000 0.000000 0.000000
vt -0.067836 -0.003110 0.000000
vt -0.022487 -0.040554 0.000000
vt 0.000000 0.000000 0.000000
vt -0.040157 0.032226 0.000000
vt -0.067836 -0.003110 0.000000
vt 0.000000 0.000000 0.000000
vt -0.044520 0.025868 0.000000
vt -0.027635 -0.035371 0.000000
vt 0.000000 0.000000 0.000000
vt -0.016914 0.061231 0.000000
vt -0.051797 0.027852 0.000000
vt 0.000000 0.000000 0.000000
vt -0.047887 0.018919 0.000000
vt -0.034849 -0.033413 0.000000
vt 0.000000 0.000000 0.000000
vt -0.013095 0.052318 0.000000
vt -0.056250 0.017164 0.000000
vt 0.000000 0.000000 0.000000
vt -0.050183 0.011529 0.000000
vt -0.043131 -0.035182 0.000000
vt 0.000000 0.000000 0.000000
vt -0.007127 0.046699 0.000000
vt -0.058524 0.005799 0.000000
vt 0.000000 0.000000 0.000000
vt -0.051344 0.003872 0.000000
vt -0.051386 -0.040914 0.000000
vt 0.000000 0.000000 0.000000
vt 0.007433 -0.044165 0.000000
vt 0.050047 0.012106 0.000000
vt 0.000000 0.000000 0.000000
vt 0.056187 0.013591 0.000000
vt 0.042614 0.056270 0.000000
vt 0.000000 0.000000 0.000000
vt 0.014240 -0.042462 0.000000
vt 0.047541 0.019774 0.000000
vt 0.000000 0.000000 0.000000
vt 0.053375 0.022200 0.000000
vt 0.033301 0.062236 0.000000
vt 0.000000 0.000000 0.000000
vt 0.020622 -0.039756 0.000000
vt 0.043921 0.026873 0.000000
vt 0.000000 0.000000 0.000000
vt 0.049309 0.030171 0.000000
vt 0.023299 0.066629 0.000000
vt 0.000000 0.000000 0.000000
vt 0.026424 -0.036160 0.000000
vt 0.039326 0.033236 0.000000
vt 0.000000 0.000000 0.000000
vt 0.044152 0.037314 0.000000
vt 0.012902 0.069396 0.000000
vt 0.000000 0.000000 0.000000
vt 0.031531 -0.031805 0.000000
vt 0.033918 0.038740 0.000000
vt 0.000000 0.000000 0.000000
vt 0.038079 0.043493 0.000000
vt 0.002386 0.070545 0.000000
vt 0.000000 0.000000 0.000000
vt 0.035862 -0.026827 0.000000
vt 0.027858 0.043303 0.000000
vt 0.000000 0.000000 0.000000
vt 0.031276 0.048616 0.000000
vt -0.008004 0.070130 0.000000
vt 0.000000 0.000000 0.000000
vt 0.039365 -0.021358 0.000000
vt 0.021301 0.046877 0.000000
vt 0.000000 0.000000 0.000000
vt 0.023915 0.052629 0.000000
vt -0.018064 0.068235 0.000000
vt 0.000000 0.000000 0.000000
vt 0.042011 -0.015518 0.000000
vt 0.014389 0.049438 0.000000
vt 0.000000 0.000000 0.000000
vt 0.016155 0.055504 0.000000
vt -0.027622 0.064956 0.000000
vt 0.000000 0.000000 0.000000
vt 0.043784 -0.009418 0.000000
vt 0.007250 0.050977 0.000000
vt 0.000000 0.000000 0.000000
vt 0.008140 0.057232 0.000000
vt -0.036534 0.060395 0.000000
vt 0.000000 0.000000 0.000000
vt 0.044674 -0.003159 0.000000
vt 0.000000 0.051490 0.000000
vt 0.000000 0.000000 0.000000
vt 0.000000 0.057808 0.000000
vt -0.044674 0.054649 0.000000
vt 0.000000 0.000000 0.000000
vt 0.044674 0.003163 0.000000
vt -0.007250 0.050977 0.000000
vt 0.000000 0.000000 0.000000
vt -0.008140 0.057232 0.000000
vt -0.051924 0.047814 0.000000
vt 0.000000 0.000000 0.000000
vt 0.043777 0.009452 0.000000
vt -0.014389 0.049438 0.000000
vt 0.000000 0.000000 0.000000
vt -0.016155 0.055504 0.000000
vt -0.058166 0.039987 0.000000
vt 0.000000 0.000000 0.000000
vt 0.041979 0.015606 0.000000
vt -0.021301 0.046877 0.000000
vt 0.000000 0.000000 0.000000
vt -0.023915 0.052629 0.000000
vt -0.063280 0.031271 0.000000
vt 0.000000 0.000000 0.000000
vt 0.039280 0.021514 0.000000
vt -0.027858 0.043303 0.000000
vt 0.000000 0.000000 0.000000
vt -0.031276 0.048616 0.000000
vt -0.067138 0.021789 0.000000
vt 0.000000 0.000000 0.000000
vt 0.035693 0.027052 0.000000
vt -0.033918 0.038740 0.000000
vt 0.000000 0.000000 0.000000
vt -0.038079 0.043493 0.000000
vt -0.069611 0.011688 0.000000
vt 0.000000 0.000000 0.000000
vt 0.031250 0.032082 0.000000
vt -0.039326 0.033236 0.000000
vt 0.000000 0.000000 0.000000
vt -0.044152 0.037314 0.000000
vt -0.070576 0.001155 0.000000
vt 0.000000 0.000000 0.000000
vt 0.026011 0.036458 0.000000
vt -0.043921 0.026873 0.000000
vt 0.000000 0.000000 0.000000
vt -0.049309 0.030171 0.000000
vt -0.069932 -0.009585 0.000000
vt 0.000000 0.000000 0.000000
vt 0.020074 0.040035 0.000000
vt -0.047541 0.019774 0.000000
vt 0.000000 0.000000 0.000000
vt -0.053375 0.022200 0.000000
vt -0.067615 -0.020261 0.000000
vt 0.000000 0.000000 0.000000
vt 0.013573 0.042679 0.000000
vt -0.050047 0.012106 0.000000
vt 0.000000 0.000000 0.000000
vt -0.056187 0.013591 0.000000
vt -0.063620 -0.030574 0.000000
vt 0.000000 0.000000 0.000000
vt 0.006686 0.044284 0.000000
vt -0.051328 0.004076 0.000000
vt 0.000000 0.000000 0.000000
vt -0.057626 0.004577 0.000000
vt -0.058014 -0.040208 0.000000
vt 0.000000 0.000000 0.000000
vt 0.002834 0.044696 0.000000
vt -0.057808 0.000000 0.000000
vt 0.000000 0.000000 0.000000
vt -0.063476 0.000000 0.000000
vt -0.060642 -0.044696 0.000000
vt 0.000000 0.000000 0.000000
vt 0.002834 0.044696 0.000000
vt -0.057808 -0.000000 0.000000
vt 0.000000 0.000000 0.000000
vt -0.063475 0.000000 0.000000
vt -0.060642 -0.044696 0.000000
vt 0.000000 0.000000 0.000000
vt 0.002834 0.044696 0.000000
vt -0.057807 0.000000 0.000000
vt 0.000000 0.000000 0.000000
vt -0.063476 -0.000000 0.000000
vt -0.060642 -0.044696 0.000000
vt 0.000000 0.000000 0.000000
vt 0.002834 0.044696 0.000000
vt -0.057808 0.000000 0.000000
vt 0.000000 0.000000 0.000000
vt -0.063476 0.000000 0.000000
vt -0.060642 -0.044696 0.000000
vt 0.000000 0.000000 0.000000
vt 0.002834 0.044696 0.000000
vt -0.057808 0.000000 0.000000
vt 0.000000 0.000000 0.000000
vt -0.063475 -0.000000 0.000000
vt -0.060642 -0.044696 0.000000
vt 0.000000 0.000000 0.000000
vt 0.002834 0.044696 0.000000
vt -0.057808 -0.000000 0.000000
vt 0.000000 0.000000 0.000000
vt -0.063475 0.000000 0.000000
vt -0.060641 -0.044696 0.000000
vt 0.000000 0.000000 0.000000
vt 0.002834 0.044696 0.000000
vt -0.057808 0.000000 0.000000
vt 0.000000 0.000000 0.000000
vt -0.063476 0.000000 0.000000
vt -0.060641 -0.044696 0.000000
vt 0.000000 0.000000 0.000000
vt 0.002834 0.044696 0.000000
vt -0.057808 -0.000000 0.000000
vt 0.000000 0.000000 0.000000
vt -0.063475 0.000000 0.000000
vt -0.060642 -0.044696 0.000000
vt 0.000000 0.000000 0.000000
vt 0.002834 0.044696 0.000000
vt -0.057808 0.000000 0.000000
vt 0.000000 0.000000 0.000000
vt -0.063475 0.000000 0.000000
vt -0.060642 -0.044696 0.000000
vt 0.000000 0.000000 0.000000
vt 0.002834 0.044696 0.000000
vt -0.057808 0.000000 0.000000
vt 0.000000 0.000000 0.000000
vt -0.063475 0.000000 0.000000
vt -0.060642 -0.044696 0.000000
vt 0.000000 0.000000 0.000000
vt 0.002834 0.044696 0.000000
vt -0.057808 0.000000 0.000000
vt 0.000000 0.000000 0.000000
vt -0.063475 0.000000 0.000000
vt -0.060642 -0.044696 0.000000
vt 0.000000 0.000000 0.000000
vt 0.002834 0.044696 0.000000
vt -0.057808 -0.000000 0.000000
vt 0.000000 0.000000 0.000000
vt -0.063475 0.000000 0.000000
vt -0.060642 -0.044696 0.000000
vt 0.000000 0.000000 0.000000
vt 0.002834 0.044696 0.000000
vt -0.057808 0.000000 0.000000
vt 0.000000 0.000000 0.000000
vt -0.063476 0.000000 0.000000
vt -0.060642 -0.044696 0.000000
vt 0.000000 0.000000 0.000000
vt 0.002834 0.044696 0.000000
vt -0.057808 0.000000 0.000000
vt 0.000000 0.000000 0.000000
vt -0.063475 0.000000 0.000000
vt -0.060642 -0.044696 0.000000
vt 0.000000 0.000000 0.000000
vt 0.002834 0.044696 0.000000
vt -0.057808 0.000000 0.000000
vt 0.000000 0.000000 0.000000
vt -0.063475 -0.000000 0.000000
vt -0.060641 -0.044696 0.000000
vt 0.000000 0.000000 0.000000
vt 0.002834 0.044696 0.000000
vt -0.057808 -0.000000 0.000000
vt 0.000000 0.000000 0.000000
vt -0.063476 0.000000 0.000000
vt -0.060642 -0.044696 0.000000
vt 0.000000 0.000000 0.000000
vt 0.002834 0.044696 0.000000
vt -0.057807 0.000000 0.000000
vt 0.000000 0.000000 0.000000
vt -0.063476 -0.000000 0.000000
vt -0.060641 -0.044696 0.000000
vt 0.000000 0.000000 0.000000
vt 0.002833 0.044696 0.000000
vt -0.057808 0.000000 0.000000
vt 0.000000 0.000000 0.000000
vt -0.063475 0.000000 0.000000
vt -0.060641 -0.044696 0.000000
vt 0.000000 0.000000 0.000000
vt 0.002834 0.044696 0.000000
vt -0.057808 0.000000 0.000000
vt 0.000000 0.000000 0.000000
vt -0.063476 -0.000000 0.000000
vt -0.060642 -0.044696 0.000000
vt 0.000000 0.000000 0.000000
vt 0.002834 0.044696 0.000000
vt -0.057807 -0.000000 0.000000
vt 0.000000 0.000000 0.000000
vt -0.063475 -0.000000 0.000000
vt -0.060641 -0.044696 0.000000
vt 0.000000 0.000000 0.000000
vt 0.002366 0.044723 0.000000
vt -0.063476 0.000000 0.000000
vt 0.000000 0.000000 0.000000
vt -0.068208 0.000000 0.000000
vt -0.065842 -0.044723 0.000000
vt 0.000000 0.000000 0.000000
vt 0.002367 0.044723 0.000000
vt -0.063475 0.000000 0.000000
vt 0.000000 0.000000 0.000000
vt -0.068209 0.000000 0.000000
vt -0.065842 -0.044723 0.000000
vt 0.000000 0.000000 0.000000
vt 0.002366 0.044723 0.000000
vt -0.063476 0.000000 0.000000
vt 0.000000 0.000000 0.000000
vt -0.068209 0.000000 0.000000
vt -0.065842 -0.044723 0.000000
vt 0.000000 0.000000 0.000000
vt 0.002366 0.044723 0.000000
vt -0.063476 -0.000000 0.000000
vt 0.000000 0.000000 0.000000
vt -0.068208 0.000000 0.000000
vt -0.065842 -0.044723 0.000000
vt 0.000000 0.000000 0.000000
vt 0.002367 0.044723 0.000000
vt -0.063475 0.000000 0.000000
vt 0.000000 0.000000 0.000000
vt -0.068208 -0.000000 0.000000
vt -0.065842 -0.044723 0.000000
vt 0.000000 0.000000 0.000000
vt 0.002367 0.044723 0.000000
vt -0.063475 0.000000 0.000000
vt 0.000000 0.000000 0.000000
vt -0.068209 0.000000 0.000000
vt -0.065842 -0.044723 0.000000
vt 0.000000 0.000000 0.000000
vt 0.002366 0.044723 0.000000
vt -0.063476 -0.000000 0.000000
vt 0.000000 0.000000 0.000000
vt -0.068209 0.000000 0.000000
vt -0.065842 -0.044723 0.000000
vt 0.000000 0.000000 0.000000
vt 0.002367 0.044723 0.000000
vt -0.063475 0.000000 0.000000
vt 0.000000 0.000000 0.000000
vt -0.068209 -0.000000 0.000000
vt -0.065842 -0.044723 0.000000
vt 0.000000 0.000000 0.000000
vt 0.002367 0.044723 0.000000
vt -0.063475 0.000000 0.000000
vt 0.000000 0.000000 0.000000
vt -0.068209 -0.000000 0.000000
vt -0.065842 -0.044723 0.000000
vt 0.000000 0.000000 0.000000
vt 0.002367 0.044723 0.000000
vt -0.063475 0.000000 0.000000
vt 0.000000 0.000000 0.000000
vt -0.068209 0.000000 0.000000
vt -0.065842 -0.044723 0.000000
vt 0.000000 0.000000 0.000000
vt 0.002366 0.044723 0.000000
vt -0.063475 0.000000 0.000000
vt 0.000000 0.000000 0.000000
vt -0.068209 0.000000 0.000000
vt -0.065842 -0.044723 0.000000
vt 0.000000 0.000000 0.000000
vt 0.002366 0.044723 0.000000
vt -0.063475 0.000000 0.000000
vt 0.000000 0.000000 0.000000
vt -0.068209 0.000000 0.000000
vt -0.065842 -0.044723 0.000000
vt 0.000000 0.000000 0.000000
vt 0.002367 0.044723 0.000000
vt -0.063476 0.000000 0.000000
vt 0.000000 0.000000 0.000000
vt -0.068209 -0.000000 0.000000
vt -0.065842 -0.044723 0.000000
vt 0.000000 0.000000 0.000000
vt 0.002367 0.044723 0.000000
vt -0.063475 0.000000 0.000000
vt 0.000000 0.000000 0.000000
vt -0.068209 0.000000 0.000000
vt -0.065842 -0.044723 0.000000
vt 0.000000 0.000000 0.000000
vt 0.002366 0.044723 0.000000
vt -0.063475 0.000000 0.000000
vt 0.000000 0.000000 0.000000
vt -0.068208 0.000000 0.000000
vt -0.065842 -0.044723 0.000000
vt 0.000000 0.000000 0.000000
vt 0.002366 0.044723 0.000000
vt -0.063476 0.000000 0.000000
vt 0.000000 0.000000 0.000000
vt -0.068208 0.000000 0.000000
vt -0.065842 -0.044723 0.000000
vt 0.000000 0.000000 0.000000
vt 0.002367 0.044723 0.000000
vt -0.063476 0.000000 0.000000
vt 0.000000 0.000000 0.000000
vt -0.068209 0.000000 0.000000
vt -0.065842 -0.044723 0.000000
vt 0.000000 0.000000 0.000000
vt 0.002367 0.044723 0.000000
vt -0.063475 -0.000000 0.000000
vt 0.000000 0.000000 0.000000
vt -0.068209 0.000000 0.000000
vt -0.065842 -0.044723 0.000000
vt 0.000000 0.000000 0.000000
vt 0.002366 0.044723 0.000000
vt -0.063476 0.000000 0.000000
vt 0.000000 0.000000 0.000000
vt -0.068208 0.000000 0.000000
vt -0.065842 -0.044723 0.000000
vt 0.000000 0.000000 0.000000
vt 0.002367 0.044723 0.000000
vt -0.063475 0.000000 0.000000
vt 0.000000 0.000000 0.000000
vt -0.068209 0.000000 0.000000
vt -0.065842 -0.044723 0.000000
vt 0.000000 0.000000 0.000000
vt 0.001781 0.044750 0.000000
vt -0.068208 -0.000000 0.000000
vt 0.000000 0.000000 0.000000
vt -0.071770 -0.000000 0.000000
vt -0.069989 -0.044750 0.000000
vt 0.000000 0.000000 0.000000
vt 0.001780 0.044750 0.000000
vt -0.068209 0.000000 0.000000
vt 0.000000 0.000000 0.000000
vt -0.071770 0.000000 0.000000
vt -0.069989 -0.044750 0.000000
vt 0.000000 0.000000 0.000000
vt 0.001780 0.044750 0.000000
vt -0.068209 0.000000 0.000000
vt 0.000000 0.000000 0.000000
vt -0.071770 -0.000000 0.000000
vt -0.069989 -0.044750 0.000000
vt 0.000000 0.000000 0.000000
vt 0.001781 0.044750 0.000000
vt -0.068208 0.000000 0.000000
vt 0.000000 0.000000 0.000000
vt -0.071770 0.000000 0.000000
vt -0.069989 -0.044750 0.000000
vt 0.000000 0.000000 0.000000
vt 0.001781 0.044750 0.000000
vt -0.068208 0.000000 0.000000
vt 0.000000 0.000000 0.000000
vt -0.071770 0.000000 0.000000
vt -0.069989 -0.044750 0.000000
vt 0.000000 0.000000 0.000000
vt 0.001781 0.044750 0.000000
vt -0.068209 0.000000 0.000000
vt 0.000000 0.000000 0.000000
vt -0.071770 -0.000000 0.000000
vt -0.069989 -0.044750 0.000000
vt 0.000000 0.000000 0.000000
vt 0.001781 0.044750 0.000000
vt -0.068209 0.000000 0.000000
vt 0.000000 0.000000 0.000000
vt -0.071770 0.000000 0.000000
vt -0.069989 -0.044750 0.000000
vt 0.000000 0.000000 0.000000
vt 0.001781 0.044750 0.000000
vt -0.068209 0.000000 0.000000
vt 0.000000 0.000000 0.000000
vt -0.071770 0.000000 0.000000
vt -0.069989 -0.044750 0.000000
vt 0.000000 0.000000 0.000000
vt 0.001781 0.044750 0.000000
vt -0.068209 -0.000000 0.000000
vt 0.000000 0.000000 0.000000
vt -0.071770 0.000000 0.000000
vt -0.069989 -0.044750 0.000000
vt 0.000000 0.000000 0.000000
vt 0.001781 0.044750 0.000000
vt -0.068209 0.000000 0.000000
vt 0.000000 0.000000 0.000000
vt -0.071770 0.000000 0.000000
vt -0.069989 -0.044750 0.000000
vt 0.000000 0.000000 0.000000
vt 0.001781 0.044750 0.000000
vt -0.068209 0.000000 0.000000
vt 0.000000 0.000000 0.000000
vt -0.071770 0.000000 0.000000
vt -0.069989 -0.044750 0.000000
vt 0.000000 0.000000 0.000000
vt 0.001781 0.044750 0.000000
vt -0.068209 -0.000000 0.000000
vt 0.000000 0.000000 0.000000
vt -0.071770 0.000000 0.000000
vt -0.069989 -0.044750 0.000000
vt 0.000000 0.000000 0.000000
vt 0.001781 0.044750 0.000000
vt -0.068209 0.000000 0.000000
vt 0.000000 0.000000 0.000000
vt -0.071770 0.000000 0.000000
vt -0.069989 -0.044750 0.000000
vt 0.000000 0.000000 0.000000
vt 0.001781 0.044750 0.000000
vt -0.068209 0.000000 0.000000
vt 0.000000 0.000000 0.000000
vt -0.071770 0.000000 0.000000
vt -0.069989 -0.044750 0.000000
vt 0.000000 0.000000 0.000000
vt 0.001781 0.044750 0.000000
vt -0.068208 0.000000 0.000000
vt 0.000000 0.000000 0.000000
vt -0.071770 0.000000 0.000000
vt -0.069989 -0.044750 0.000000
vt 0.000000 0.000000 0.000000
vt 0.001781 0.044750 0.000000
vt -0.068208 0.000000 0.000000
vt 0.000000 0.000000 0.000000
vt -0.071770 0.000000 0.000000
vt -0.069989 -0.044750 0.000000
vt 0.000000 0.000000 0.000000
vt 0.001781 0.044750 0.000000
vt -0.068209 0.000000 0.000000
vt 0.000000 0.000000 0.000000
vt -0.071770 0.000000 0.000000
vt -0.069989 -0.044750 0.000000
vt 0.000000 0.000000 0.000000
vt 0.001781 0.044750 0.000000
vt -0.068209 0.000000 0.000000
vt 0.000000 0.000000 0.000000
vt -0.071770 0.000000 0.000000
vt -0.069990 -0.044750 0.000000
vt 0.000000 0.000000 0.000000
vt 0.001781 0.044750 0.000000
vt -0.068208 0.000000 0.000000
vt 0.000000 0.000000 0.000000
vt -0.071770 0.000000 0.000000
vt -0.069989 -0.044750 0.000000
vt 0.000000 0.000000 0.000000
vt 0.001780 0.044750 0.000000
vt -0.068209 -0.000000 0.000000
vt 0.000000 0.000000 0.000000
vt -0.071770 0.000000 0.000000
vt -0.069989 -0.044750 0.000000
vt 0.000000 0.000000 0.000000
vt 0.001106 0.044772 0.000000
vt -0.071770 0.000000 0.000000
vt 0.000000 0.000000 0.000000
vt -0.073981 -0.000000 0.000000
vt -0.072876 -0.044772 0.000000
vt 0.000000 0.000000 0.000000
vt 0.001106 0.044772 0.000000
vt -0.071770 0.000000 0.000000
vt 0.000000 0.000000 0.000000
vt -0.073980 -0.000000 0.000000
vt -0.072876 -0.044772 0.000000
vt 0.000000 0.000000 0.000000
vt 0.001106 0.044772 0.000000
vt -0.071770 -0.000000 0.000000
vt 0.000000 0.000000 0.000000
vt -0.073981 0.000000 0.000000
vt -0.072876 -0.044772 0.000000
vt 0.000000 0.000000 0.000000
vt 0.001105 0.044772 0.000000
vt -0.071770 0.000000 0.000000
vt 0.000000 0.000000 0.000000
vt -0.073981 0.000000 0.000000
vt -0.072875 -0.044772 0.000000
vt 0.000000 0.000000 0.000000
vt 0.001105 0.044772 0.000000
vt -0.071770 0.000000 0.000000
vt 0.000000 0.000000 0.000000
vt -0.073981 -0.000000 0.000000
vt -0.072875 -0.044772 0.000000
vt 0.000000 0.000000 0.000000
vt 0.001105 0.044772 0.000000
vt -0.071770 0.000000 0.000000
vt 0.000000 0.000000 0.000000
vt -0.073981 0.000000 0.000000
vt -0.072875 -0.044772 0.000000
vt 0.000000 0.000000 0.000000
vt 0.001105 0.044772 0.000000
vt -0.071770 -0.000000 0.000000
vt 0.000000 0.000000 0.000000
vt -0.073981 0.000000 0.000000
vt -0.072875 -0.044772 0.000000
vt 0.000000 0.000000 0.000000
vt 0.001105 0.044772 0.000000
vt -0.071770 0.000000 0.000000
vt 0.000000 0.000000 0.000000
vt -0.073981 -0.000000 0.000000
vt -0.072875 -0.044772 0.000000
vt 0.000000 0.000000 0.000000
vt 0.001105 0.044772 0.000000
vt -0.071770 0.000000 0.000000
vt 0.000000 0.000000 0.000000
vt -0.073981 -0.000000 0.000000
vt -0.072875 -0.044772 0.000000
vt 0.000000 0.000000 0.000000
vt 0.001105 0.044772 0.000000
vt -0.071770 0.000000 0.000000
vt 0.000000 0.000000 0.000000
vt -0.073981 0.000000 0.000000
vt -0.072875 -0.044772 0.000000
vt 0.000000 0.000000 0.000000
vt 0.001105 0.044772 0.000000
vt -0.071770 0.000000 0.000000
vt 0.000000 0.000000 0.000000
vt -0.073981 0.000000 0.000000
vt -0.072875 -0.044772 0.000000
vt 0.000000 0.000000 0.000000
vt 0.001105 0.044772 0.000000
vt -0.071770 0.000000 0.000000
vt 0.000000 0.000000 0.000000
vt -0.073981 0.000000 0.000000
vt -0.072875 -0.044772 0.000000
vt 0.000000 0.000000 0.000000
vt 0.001105 0.044772 0.000000
vt -0.071770 0.000000 0.000000
vt 0.000000 0.000000 0.000000
vt -0.073981 0.000000 0.000000
vt -0.072875 -0.044772 0.000000
vt 0.000000 0.000000 0.000000
vt 0.001106 0.044772 0.000000
vt -0.071770 -0.000000 0.000000
vt 0.000000 0.000000 0.000000
vt -0.073981 0.000000 0.000000
vt -0.072875 -0.044772 0.000000
vt 0.000000 0.000000 0.000000
vt 0.001106 0.044772 0.000000
vt -0.071770 -0.000000 0.000000
vt 0.000000 0.000000 0.000000
vt -0.073981 0.000000 0.000000
vt -0.072875 -0.044772 0.000000
vt 0.000000 0.000000 0.000000
vt 0.001106 0.044772 0.000000
vt -0.071770 -0.000000 0.000000
vt 0.000000 0.000000 0.000000
vt -0.073981 0.000000 0.000000
vt -0.072875 -0.044772 0.000000
vt 0.000000 0.000000 0.000000
vt 0.001106 0.044772 0.000000
vt -0.071770 0.000000 0.000000
vt 0.000000 0.000000 0.000000
vt -0.073981 0.000000 0.000000
vt -0.072875 -0.044772 0.000000
vt 0.000000 0.000000 0.000000
vt 0.001105 0.044772 0.000000
vt -0.071770 -0.000000 0.000000
vt 0.000000 0.000000 0.000000
vt -0.073980 0.000000 0.000000
vt -0.072875 -0.044772 0.000000
vt 0.000000 0.000000 0.000000
vt 0.001105 0.044772 0.000000
vt -0.071770 0.000000 0.000000
vt 0.000000 0.000000 0.000000
vt -0.073981 0.000000 0.000000
vt -0.072875 -0.044772 0.000000
vt 0.000000 0.000000 0.000000
vt 0.001105 0.044772 0.000000
vt -0.071770 0.000000 0.000000
vt 0.000000 0.000000 0.000000
vt -0.073980 0.000000 0.000000
vt -0.072875 -0.044772 0.000000
vt 0.000000 0.000000 0.000000
vt 0.000375 -0.044784 0.000000
vt 0.074730 0.000000 0.000000
vt 0.000000 0.000000 0.000000
vt 0.073980 0.000000 0.000000
vt 0.074355 0.044784 0.000000
vt 0.000000 0.000000 0.000000
vt 0.000374 -0.044784 0.000000
vt 0.074730 0.000000 0.000000
vt 0.000000 0.000000 0.000000
vt 0.073981 -0.000000 0.000000
vt 0.074355 0.044784 0.000000
vt 0.000000 0.000000 0.000000
vt 0.000375 -0.044784 0.000000
vt 0.074731 0.000000 0.000000
vt 0.000000 0.000000 0.000000
vt 0.073980 0.000000 0.000000
vt 0.074356 0.044784 0.000000
vt 0.000000 0.000000 0.000000
vt 0.000374 -0.044784 0.000000
vt 0.074730 -0.000000 0.000000
vt 0.000000 0.000000 0.000000
vt 0.073981 0.000000 0.000000
vt 0.074356 0.044784 0.000000
vt 0.000000 0.000000 0.000000
vt 0.000375 -0.044784 0.000000
vt 0.074730 0.000000 0.000000
vt 0.000000 0.000000 0.000000
vt 0.073981 0.000000 0.000000
vt 0.074355 0.044784 0.000000
vt 0.000000 0.000000 0.000000
vt 0.000375 -0.044784 0.000000
vt 0.074730 0.000000 0.000000
vt 0.000000 0.000000 0.000000
vt 0.073981 0.000000 0.000000
vt 0.074355 0.044784 0.000000
vt 0.000000 0.000000 0.000000
vt 0.000375 -0.044784 0.000000
vt 0.074730 0.000000 0.000000
vt 0.000000 0.000000 0.000000
vt 0.073981 0.000000 0.000000
vt 0.074355 0.044784 0.000000
vt 0.000000 0.000000 0.000000
vt 0.000375 -0.044784 0.000000
vt 0.074730 -0.000000 0.000000
vt 0.000000 0.000000 0.000000
vt 0.073981 0.000000 0.000000
vt 0.074355 0.044784 0.000000
vt 0.000000 0.000000 0.000000
vt 0.000375 -0.044784 0.000000
vt 0.074730 0.000000 0.000000
vt 0.000000 0.000000 0.000000
vt 0.073981 0.000000 0.000000
vt 0.074355 0.044784 0.000000
vt 0.000000 0.000000 0.000000
vt 0.000375 -0.044784 0.000000
vt 0.074730 0.000000 0.000000
vt 0.000000 0.000000 0.000000
vt 0.073981 0.000000 0.000000
vt 0.074355 0.044784 0.000000
vt 0.000000 0.000000 0.000000
vt 0.000375 -0.044784 0.000000
vt 0.074730 0.000000 0.000000
vt 0.000000 0.000000 0.000000
vt 0.073981 0.000000 0.000000
vt 0.074355 0.044784 0.000000
vt 0.000000 0.000000 0.000000
vt 0.000375 -0.044784 0.000000
vt 0.074730 -0.000000 0.000000
vt 0.000000 0.000000 0.000000
vt 0.073981 0.000000 0.000000
vt 0.074355 0.044784 0.000000
vt 0.000000 0.000000 0.000000
vt 0.000375 -0.044784 0.000000
vt 0.074730 -0.000000 0.000000
vt 0.000000 0.000000 0.000000
vt 0.073981 -0.000000 0.000000
vt 0.074355 0.044784 0.000000
vt 0.000000 0.000000 0.000000
vt 0.000375 -0.044784 0.000000
vt 0.074730 0.000000 0.000000
vt 0.000000 0.000000 0.000000
vt 0.073981 0.000000 0.000000
vt 0.074355 0.044784 0.000000
vt 0.000000 0.000000 0.000000
vt 0.000375 -0.044784 0.000000
vt 0.074730 -0.000000 0.000000
vt 0.000000 0.000000 0.000000
vt 0.073981 0.000000 0.000000
vt 0.074355 0.044784 0.000000
vt 0.000000 0.000000 0.000000
vt 0.000375 -0.044784 0.000000
vt 0.074730 0.000000 0.000000
vt 0.000000 0.000000 0.000000
vt 0.073981 -0.000000 0.000000
vt 0.074356 0.044784 0.000000
vt 0.000000 0.000000 0.000000
vt 0.000374 -0.044784 0.000000
vt 0.074730 0.000000 0.000000
vt 0.000000 0.000000 0.000000
vt 0.073981 -0.000000 0.000000
vt 0.074355 0.044784 0.000000
vt 0.000000 0.000000 0.000000
vt 0.000375 -0.044784 0.000000
vt 0.074730 0.000000 0.000000
vt 0.000000 0.000000 0.000000
vt 0.073981 0.000000 0.000000
vt 0.074355 0.044784 0.000000
vt 0.000000 0.000000 0.000000
vt 0.000375 -0.044784 0.000000
vt 0.074731 -0.000000 0.000000
vt 0.000000 0.000000 0.000000
vt 0.073980 0.000000 0.000000
vt 0.074355 0.044784 0.000000
vt 0.000000 0.000000 0.000000
vt 0.000374 -0.044784 0.000000
vt 0.074730 0.000000 0.000000
vt 0.000000 0.000000 0.000000
vt 0.073981 -0.000000 0.000000
vt 0.074355 0.044784 0.000000
vt 0.000000 0.000000 0.000000
vt 0.000375 -0.044784 0.000000
vt 0.074730 0.000000 0.000000
vt 0.000000 0.000000 0.000000
vt -0.074355 -0.044784 0.000000
vt -0.000375 -0.044784 0.000000
vt 0.000000 0.000000 0.000000
vt 0.001105 -0.044772 0.000000
vt 0.073980 -0.000000 0.000000
vt 0.000000 0.000000 0.000000
vt -0.072875 -0.044772 0.000000
vt -0.001105 -0.044772 0.000000
vt 0.000000 0.000000 0.000000
vt 0.001780 -0.044750 0.000000
vt 0.071770 0.000000 0.000000
vt 0.000000 0.000000 0.000000
vt -0.069989 -0.044750 0.000000
vt -0.001781 -0.044750 0.000000
vt 0.000000 0.000000 0.000000
vt 0.002367 -0.044723 0.000000
vt 0.068209 0.000000 0.000000
vt 0.000000 0.000000 0.000000
vt -0.065841 -0.044723 0.000000
vt -0.002367 -0.044723 0.000000
vt 0.000000 0.000000 0.000000
vt 0.002833 -0.044696 0.000000
vt 0.063475 0.000000 0.000000
vt 0.000000 0.000000 0.000000
vt -0.060641 -0.044696 0.000000
vt -0.002834 -0.044696 0.000000
vt 0.000000 0.000000 0.000000
vt -0.006686 0.044284 0.000000
vt -0.057626 -0.004577 0.000000
vt 0.000000 0.000000 0.000000
vt 0.050940 0.048861 0.000000
vt -0.000388 0.044784 0.000000
vt 0.000000 0.000000 0.000000
vt 0.051344 0.003872 0.000000
vt -0.000042 0.044786 0.000000
vt 0.000000 0.000000 0.000000
vt 0.007127 0.046699 0.000000
vt -0.051397 0.040900 0.000000
vt 0.000000 0.000000 0.000000
vt -0.434436 0.000000 0.000000
vt -0.000000 -0.044786 0.000000
vt 0.000000 0.000000 0.000000
vt -0.000000 -0.044786 0.000000
vt 0.434436 -0.044786 0.000000
vt 0.000000 0.000000 0.000000
vt -0.434436 0.000000 0.000000
vt -0.000000 -0.044786 0.000000
vt 0.000000 0.000000 0.000000
vt -0.000000 -0.044786 0.000000
vt 0.434436 -0.044786 0.000000
vt 0.000000 0.000000 0.000000
vt -0.434436 0.000000 0.000000
vt -0.000000 -0.044786 0.000000
vt 0.000000 0.000000 0.000000
vt -0.000000 -0.044786 0.000000
vt 0.434436 -0.044786 0.000000
vt 0.000000 0.000000 0.000000
vt -0.434436 0.000000 0.000000
vt -0.000000 -0.044786 0.000000
vt 0.000000 0.000000 0.000000
vt -0.000000 -0.044786 0.000000
vt 0.434436 -0.044786 0.000000
vt 0.000000 0.000000 0.000000
vt -0.434436 0.000000 0.000000
vt -0.000000 -0.044786 0.000000
vt 0.000000 0.000000 0.000000
vt -0.000000 -0.044786 0.000000
vt 0.434436 -0.044786 0.000000
vt 0.000000 0.000000 0.000000
vt -0.434436 0.000000 0.000000
vt -0.000000 -0.044786 0.000000
vt 0.000000 0.000000 0.000000
vt -0.000000 -0.044786 0.000000
vt 0.434436 -0.044786 0.000000
vt 0.000000 0.000000 0.000000
vt -0.434436 0.000000 0.000000
vt -0.000000 -0.044786 0.000000
vt 0.000000 0.000000 0.000000
vt -0.000000 -0.044786 0.000000
vt 0.434436 -0.044786 0.000000
vt 0.000000 0.000000 0.000000
vt -0.038241 -0.023311 0.000000
vt 0.038413 -0.056169 0.000000
vt 0.000000 0.000000 0.000000
vt 0.041061 -0.060041 0.000000
vt 0.076654 -0.032858 0.000000
vt 0.000000 0.000000 0.000000
vt -0.035463 -0.027352 0.000000
vt 0.044324 -0.051632 0.000000
vt 0.000000 0.000000 0.000000
vt 0.047379 -0.055192 0.000000
vt 0.079787 -0.024280 0.000000
vt 0.000000 0.000000 0.000000
vt -0.032217 -0.031110 0.000000
vt 0.049768 -0.046408 0.000000
vt 0.000000 0.000000 0.000000
vt 0.053198 -0.049607 0.000000
vt 0.081985 -0.015297 0.000000
vt 0.000000 0.000000 0.000000
vt -0.028525 -0.034527 0.000000
vt 0.054658 -0.040534 0.000000
vt 0.000000 0.000000 0.000000
vt 0.058426 -0.043328 0.000000
vt 0.083183 -0.006007 0.000000
vt 0.000000 0.000000 0.000000
vt -0.024421 -0.037541 0.000000
vt 0.058906 -0.034068 0.000000
vt 0.000000 0.000000 0.000000
vt -0.083327 -0.003474 0.000000
vt -0.020361 -0.039890 0.000000
vt 0.000000 0.000000 0.000000
vt -0.019951 -0.040096 0.000000
vt 0.062427 -0.027082 0.000000
vt 0.000000 0.000000 0.000000
vt -0.082378 -0.013015 0.000000
vt -0.015648 -0.041963 0.000000
vt 0.000000 0.000000 0.000000
vt -0.015172 -0.042138 0.000000
vt 0.065144 -0.019667 0.000000
vt 0.000000 0.000000 0.000000
vt -0.066993 0.011933 0.000000
vt -0.077145 -0.031687 0.000000
vt 0.000000 0.000000 0.000000
vt -0.080315 -0.022471 0.000000
vt -0.010681 -0.043494 0.000000
vt 0.000000 0.000000 0.000000
vt 0.068048 0.000000 0.000000
vt 0.065944 0.044736 0.000000
vt 0.000000 0.000000 0.000000
vt -0.002104 -0.044736 0.000000
vt 0.063840 0.000000 0.000000
vt 0.000000 0.000000 0.000000
vt 0.068048 -0.000000 0.000000
vt 0.065944 0.044736 0.000000
vt 0.000000 0.000000 0.000000
vt -0.002104 -0.044736 0.000000
vt 0.063840 -0.000000 0.000000
vt 0.000000 0.000000 0.000000
vt 0.068048 0.000000 0.000000
vt 0.065944 0.044736 0.000000
vt 0.000000 0.000000 0.000000
vt -0.002104 -0.044736 0.000000
vt 0.063840 -0.000000 0.000000
vt 0.000000 0.000000 0.000000
vt 0.068048 -0.000000 0.000000
vt 0.065943 0.044736 0.000000
vt 0.000000 0.000000 0.000000
vt -0.002104 -0.044736 0.000000
vt 0.063840 0.000000 0.000000
vt 0.000000 0.000000 0.000000
vt 0.068047 -0.000000 0.000000
vt 0.065944 0.044736 0.000000
vt 0.000000 0.000000 0.000000
vt -0.002104 -0.044736 0.000000
vt 0.063840 0.000000 0.000000
vt 0.000000 0.000000 0.000000
vt 0.068048 0.000000 0.000000
vt 0.065944 0.044736 0.000000
vt 0.000000 0.000000 0.000000
vt -0.002104 -0.044736 0.000000
vt 0.063840 -0.000000 0.000000
vt 0.000000 0.000000 0.000000
vt 0.068048 -0.000000 0.000000
vt 0.065944 0.044736 0.000000
vt 0.000000 0.000000 0.000000
vt -0.002104 -0.044736 0.000000
vt 0.063840 0.000000 0.000000
vt 0.000000 0.000000 0.000000
vt 0.068048 0.000000 0.000000
vt 0.065944 0.044736 0.000000
vt 0.000000 0.000000 0.000000
vt -0.077145 -0.031687 0.000000
vt -0.005534 -0.044443 0.000000
vt 0.000000 0.000000 0.000000
vt 0.063840 0.000000 0.000000
vt 0.062083 0.044751 0.000000
vt 0.000000 0.000000 0.000000
vt -0.001757 -0.044751 0.000000
vt 0.060326 0.000000 0.000000
vt 0.000000 0.000000 0.000000
vt 0.063840 -0.000000 0.000000
vt 0.062083 0.044751 0.000000
vt 0.000000 0.000000 0.000000
vt -0.001757 -0.044751 0.000000
vt 0.060325 0.000000 0.000000
vt 0.000000 0.000000 0.000000
vt 0.063840 0.000000 0.000000
vt 0.062083 0.044751 0.000000
vt 0.000000 0.000000 0.000000
vt -0.001757 -0.044751 0.000000
vt 0.060325 0.000000 0.000000
vt 0.000000 0.000000 0.000000
vt 0.063840 0.000000 0.000000
vt 0.062083 0.044751 0.000000
vt 0.000000 0.000000 0.000000
vt -0.001757 -0.044751 0.000000
vt 0.060326 0.000000 0.000000
vt 0.000000 0.000000 0.000000
vt 0.063840 -0.000000 0.000000
vt 0.062083 0.044751 0.000000
vt 0.000000 0.000000 0.000000
vt -0.001757 -0.044751 0.000000
vt 0.060325 0.000000 0.000000
vt 0.000000 0.000000 0.000000
vt 0.063840 -0.000000 0.000000
vt 0.062083 0.044751 0.000000
vt 0.000000 0.000000 0.000000
vt -0.001757 -0.044751 0.000000
vt 0.060326 0.000000 0.000000
vt 0.000000 0.000000 0.000000
vt 0.063840 -0.000000 0.000000
vt 0.062083 0.044751 0.000000
vt 0.000000 0.000000 0.000000
vt 0.060326 0.000000 0.000000
vt 0.059003 0.044766 0.000000
vt 0.000000 0.000000 0.000000
vt -0.001322 -0.044766 0.000000
vt 0.057681 0.000000 0.000000
vt 0.000000 0.000000 0.000000
vt 0.060325 0.000000 0.000000
vt 0.059003 0.044766 0.000000
vt 0.000000 0.000000 0.000000
vt -0.001322 -0.044766 0.000000
vt 0.057681 -0.000000 0.000000
vt 0.000000 0.000000 0.000000
vt 0.060325 0.000000 0.000000
vt 0.059003 0.044766 0.000000
vt 0.000000 0.000000 0.000000
vt -0.001322 -0.044766 0.000000
vt 0.057682 0.000000 0.000000
vt 0.000000 0.000000 0.000000
vt 0.060326 0.000000 0.000000
vt 0.059004 0.044766 0.000000
vt 0.000000 0.000000 0.000000
vt -0.001322 -0.044766 0.000000
vt 0.057681 0.000000 0.000000
vt 0.000000 0.000000 0.000000
vt 0.060325 0.000000 0.000000
vt 0.059003 0.044766 0.000000
vt 0.000000 0.000000 0.000000
vt -0.001322 -0.044766 0.000000
vt 0.057682 0.000000 0.000000
vt 0.000000 0.000000 0.000000
vt 0.060326 0.000000 0.000000
vt 0.059004 0.044766 0.000000
vt 0.000000 0.000000 0.000000
vt 0.057681 -0.000000 0.000000
vt 0.056861 0.044778 0.000000
vt 0.000000 0.000000 0.000000
vt -0.000821 -0.044778 0.000000
vt 0.056040 0.000000 0.000000
vt 0.000000 0.000000 0.000000
vt 0.057681 0.000000 0.000000
vt 0.056861 0.044778 0.000000
vt 0.000000 0.000000 0.000000
vt -0.000821 -0.044778 0.000000
vt 0.056040 0.000000 0.000000
vt 0.000000 0.000000 0.000000
vt 0.057682 0.000000 0.000000
vt 0.056861 0.044778 0.000000
vt 0.000000 0.000000 0.000000
vt -0.000821 -0.044778 0.000000
vt 0.056040 0.000000 0.000000
vt 0.000000 0.000000 0.000000
vt 0.057681 -0.000000 0.000000
vt 0.056861 0.044778 0.000000
vt 0.000000 0.000000 0.000000
vt -0.000821 -0.044778 0.000000
vt 0.056040 -0.000000 0.000000
vt 0.000000 0.000000 0.000000
vt 0.057682 0.000000 0.000000
vt 0.056861 0.044778 0.000000
vt 0.000000 0.000000 0.000000
vt -0.071720 0.012131 0.000000
vt -0.013597 -0.043482 0.000000
vt 0.000000 0.000000 0.000000
vt -0.058106 0.055630 0.000000
vt -0.084805 0.015978 0.000000
vt 0.000000 0.000000 0.000000
vt -0.069923 0.020044 0.000000
vt -0.026739 -0.039624 0.000000
vt 0.000000 0.000000 0.000000
vt -0.043153 0.059690 0.000000
vt -0.082175 0.026353 0.000000
vt 0.000000 0.000000 0.000000
vt -0.067256 0.027703 0.000000
vt -0.039046 -0.033310 0.000000
vt 0.000000 0.000000 0.000000
vt -0.028169 0.061032 0.000000
vt -0.078286 0.036312 0.000000
vt 0.000000 0.000000 0.000000
vt -0.063759 0.035010 0.000000
vt -0.050127 -0.024698 0.000000
vt 0.000000 0.000000 0.000000
vt -0.013583 0.059719 0.000000
vt -0.073202 0.045703 0.000000
vt 0.000000 0.000000 0.000000
vt -0.059475 0.041876 0.000000
vt -0.059621 -0.014005 0.000000
vt 0.000000 0.000000 0.000000
vt 0.000194 0.055881 0.000000
vt -0.067008 0.054381 0.000000
vt 0.000000 0.000000 0.000000
vt -0.054461 0.048217 0.000000
vt -0.067202 -0.001500 0.000000
vt 0.000000 0.000000 0.000000
vt 0.012782 0.049707 0.000000
vt -0.059804 0.062215 0.000000
vt 0.000000 0.000000 0.000000
vt -0.048781 0.053956 0.000000
vt -0.072587 0.012503 0.000000
vt 0.000000 0.000000 0.000000
vt 0.023834 0.041437 0.000000
vt -0.051705 0.069093 0.000000
vt 0.000000 0.000000 0.000000
vt -0.042509 0.059025 0.000000
vt -0.075542 0.027649 0.000000
vt 0.000000 0.000000 0.000000
vt 0.033049 0.031359 0.000000
vt -0.042838 0.074914 0.000000
vt 0.000000 0.000000 0.000000
vt 0.075888 -0.043553 0.000000
vt 0.040166 0.019810 0.000000
vt 0.000000 0.000000 0.000000
vt 0.038321 0.023179 0.000000
vt -0.034334 0.064125 0.000000
vt 0.000000 0.000000 0.000000
vt 0.056861 0.044778 0.000000
vt 0.000821 0.044778 0.000000
vt 0.000000 0.000000 0.000000
vt 0.056040 0.000000 0.000000
vt 0.000278 0.044785 0.000000
vt 0.000000 0.000000 0.000000
vt 0.013648 0.044878 0.000000
vt -0.055687 0.044878 0.000000
vt 0.000000 0.000000 0.000000
vt 0.059004 0.044766 0.000000
vt 0.001322 0.044766 0.000000
vt 0.000000 0.000000 0.000000
vt 0.057682 -0.000000 0.000000
vt 0.056861 0.044778 0.000000
vt 0.000000 0.000000 0.000000
vt 0.056861 0.044778 0.000000
vt 0.000821 0.044778 0.000000
vt 0.000000 0.000000 0.000000
vt 0.056040 0.000000 0.000000
vt 0.014144 0.044724 0.000000
vt 0.000000 0.000000 0.000000
vt 0.027659 0.044930 0.000000
vt -0.041676 0.044930 0.000000
vt 0.000000 0.000000 0.000000
vt 0.062083 0.044751 0.000000
vt 0.001757 0.044751 0.000000
vt 0.000000 0.000000 0.000000
vt 0.060326 0.000000 0.000000
vt 0.059004 0.044766 0.000000
vt 0.000000 0.000000 0.000000
vt 0.059003 0.044766 0.000000
vt 0.001322 0.044766 0.000000
vt 0.000000 0.000000 0.000000
vt 0.057681 0.000000 0.000000
vt 0.056861 0.044778 0.000000
vt 0.000000 0.000000 0.000000
vt 0.056861 0.044778 0.000000
vt 0.000821 0.044778 0.000000
vt 0.000000 0.000000 0.000000
vt 0.056040 -0.000000 0.000000
vt 0.028020 0.044705 0.000000
vt 0.000000 0.000000 0.000000
vt 0.041675 0.044930 0.000000
vt -0.027659 0.044930 0.000000
vt 0.000000 0.000000 0.000000
vt 0.065944 0.044736 0.000000
vt 0.002104 0.044736 0.000000
vt 0.000000 0.000000 0.000000
vt 0.063840 0.000000 0.000000
vt 0.062083 0.044751 0.000000
vt 0.000000 0.000000 0.000000
vt 0.062082 0.044751 0.000000
vt 0.001757 0.044751 0.000000
vt 0.000000 0.000000 0.000000
vt 0.060325 -0.000000 0.000000
vt 0.059003 0.044766 0.000000
vt 0.000000 0.000000 0.000000
vt 0.059004 0.044766 0.000000
vt 0.001322 0.044766 0.000000
vt 0.000000 0.000000 0.000000
vt 0.057681 0.000000 0.000000
vt 0.056861 0.044778 0.000000
vt 0.000000 0.000000 0.000000
vt 0.056861 0.044778 0.000000
vt 0.000821 0.044778 0.000000
vt 0.000000 0.000000 0.000000
vt 0.056040 0.000000 0.000000
vt 0.041896 0.044724 0.000000
vt 0.000000 0.000000 0.000000
vt 0.055687 0.044878 0.000000
vt -0.013648 0.044878 0.000000
vt 0.000000 0.000000 0.000000
vt 0.072655 -0.040947 0.000000
vt 0.040536 0.019043 0.000000
vt 0.000000 0.000000 0.000000
vt 0.068048 0.000000 0.000000
vt 0.065944 0.044737 0.000000
vt 0.000000 0.000000 0.000000
vt 0.065944 0.044737 0.000000
vt 0.002104 0.044737 0.000000
vt 0.000000 0.000000 0.000000
vt 0.063840 -0.000000 0.000000
vt 0.062082 0.044751 0.000000
vt 0.000000 0.000000 0.000000
vt 0.062083 0.044751 0.000000
vt 0.001757 0.044751 0.000000
vt 0.000000 0.000000 0.000000
vt 0.060326 -0.000000 0.000000
vt 0.059004 0.044766 0.000000
vt 0.000000 0.000000 0.000000
vt 0.059003 0.044766 0.000000
vt 0.001322 0.044766 0.000000
vt 0.000000 0.000000 0.000000
vt 0.057681 0.000000 0.000000
vt 0.056861 0.044778 0.000000
vt 0.000000 0.000000 0.000000
vt 0.056861 0.044778 0.000000
vt 0.000821 0.044778 0.000000
vt 0.000000 0.000000 0.000000
vt 0.056040 0.000000 0.000000
vt 0.055762 0.044785 0.000000
vt 0.000000 0.000000 0.000000
vt 0.056040 0.000000 0.000000
vt 0.000278 0.044785 0.000000
vt 0.000000 0.000000 0.000000
vt 0.055687 -0.044878 0.000000
vt 0.069334 -0.000000 0.000000
vt 0.000000 0.000000 0.000000
vt 0.056040 0.000000 0.000000
vt 0.014144 0.044724 0.000000
vt 0.000000 0.000000 0.000000
vt 0.041676 -0.044930 0.000000
vt 0.069335 -0.000000 0.000000
vt 0.000000 0.000000 0.000000
vt 0.056040 0.000000 0.000000
vt 0.028020 0.044705 0.000000
vt 0.000000 0.000000 0.000000
vt 0.027659 -0.044930 0.000000
vt 0.069335 -0.000000 0.000000
vt 0.000000 0.000000 0.000000
vt 0.056040 0.000000 0.000000
vt 0.041896 0.044724 0.000000
vt 0.000000 0.000000 0.000000
vt 0.013648 -0.044878 0.000000
vt 0.069334 0.000000 0.000000
vt 0.000000 0.000000 0.000000
vt -0.055762 -0.044785 0.000000
vt 0.000278 -0.044785 0.000000
vt 0.000000 0.000000 0.000000
vt -0.000821 -0.044778 0.000000
vt 0.056040 0.000000 0.000000
vt 0.000000 0.000000 0.000000
vt -0.056861 -0.044778 0.000000
vt 0.000821 -0.044778 0.000000
vt 0.000000 0.000000 0.000000
vt -0.001322 -0.044766 0.000000
vt 0.057681 -0.000000 0.000000
vt 0.000000 0.000000 0.000000
vt -0.059004 -0.044766 0.000000
vt 0.001322 -0.044766 0.000000
vt 0.000000 0.000000 0.000000
vt -0.001757 -0.044751 0.000000
vt 0.060326 0.000000 0.000000
vt 0.000000 0.000000 0.000000
vt -0.062082 -0.044751 0.000000
vt 0.001757 -0.044751 0.000000
vt 0.000000 0.000000 0.000000
vt -0.002104 -0.044736 0.000000
vt 0.063840 0.000000 0.000000
vt 0.000000 0.000000 0.000000
vt -0.065944 -0.044736 0.000000
vt 0.002104 -0.044736 0.000000
vt 0.000000 0.000000 0.000000
vt -0.004970 -0.044509 0.000000
vt 0.067930 -0.004000 0.000000
vt 0.000000 0.000000 0.000000
vt -0.072900 -0.040509 0.000000
vt -0.000288 -0.044785 0.000000
vt 0.000000 0.000000 0.000000
vt -0.072625 0.004061 0.000000
vt -0.000031 -0.044786 0.000000
vt 0.000000 0.000000 0.000000
vt -0.013542 -0.043500 0.000000
vt 0.072590 -0.048853 0.000000
vt 0.000000 0.000000 0.000000
vt -0.072213 0.109897 0.000000
vt -0.042737 -0.015862 0.000000
vt 0.000000 0.000000 0.000000
vt -0.046236 -0.012542 0.000000
vt 0.029495 -0.125754 0.000000
vt 0.000000 0.000000 0.000000
vt -0.081001 0.103589 0.000000
vt -0.046234 -0.012549 0.000000
vt 0.000000 0.000000 0.000000
vt -0.050565 -0.009992 0.000000
vt 0.034799 -0.116129 0.000000
vt 0.000000 0.000000 0.000000
vt -0.089250 0.096573 0.000000
vt -0.050563 -0.009999 0.000000
vt 0.000000 0.000000 0.000000
vt -0.055620 -0.008321 0.000000
vt 0.038728 -0.106557 0.000000
vt 0.000000 0.000000 0.000000
vt -0.096902 0.088893 0.000000
vt -0.055619 -0.008327 0.000000
vt 0.000000 0.000000 0.000000
vt -0.061282 -0.007630 0.000000
vt 0.041331 -0.097199 0.000000
vt 0.000000 0.000000 0.000000
vt -0.103904 0.080598 0.000000
vt -0.061281 -0.007636 0.000000
vt 0.000000 0.000000 0.000000
vt -0.067416 -0.008008 0.000000
vt 0.042674 -0.088209 0.000000
vt 0.000000 0.000000 0.000000
vt -0.110203 0.071744 0.000000
vt -0.067415 -0.008015 0.000000
vt 0.000000 0.000000 0.000000
vt -0.073880 -0.009529 0.000000
vt 0.042841 -0.079730 0.000000
vt 0.000000 0.000000 0.000000
vt -0.115756 0.062389 0.000000
vt -0.073879 -0.009537 0.000000
vt 0.000000 0.000000 0.000000
vt -0.080520 -0.012248 0.000000
vt 0.041930 -0.071896 0.000000
vt 0.000000 0.000000 0.000000
vt -0.120522 0.052598 0.000000
vt -0.080519 -0.012259 0.000000
vt 0.000000 0.000000 0.000000
vt -0.087178 -0.016202 0.000000
vt 0.040053 -0.064825 0.000000
vt 0.000000 0.000000 0.000000
vt -0.124463 0.042436 0.000000
vt -0.087175 -0.016216 0.000000
vt 0.000000 0.000000 0.000000
vt -0.093689 -0.021411 0.000000
vt 0.037335 -0.058622 0.000000
vt 0.000000 0.000000 0.000000
vt -0.127552 0.031976 0.000000
vt -0.093685 -0.021428 0.000000
vt 0.000000 0.000000 0.000000
vt -0.099885 -0.027872 0.000000
vt 0.033912 -0.053376 0.000000
vt 0.000000 0.000000 0.000000
vt -0.129764 0.021291 0.000000
vt -0.099880 -0.027892 0.000000
vt 0.000000 0.000000 0.000000
vt -0.105600 -0.035565 0.000000
vt 0.029926 -0.049157 0.000000
vt 0.000000 0.000000 0.000000
vt -0.131083 0.010455 0.000000
vt -0.105592 -0.035587 0.000000
vt 0.000000 0.000000 0.000000
vt -0.110666 -0.044450 0.000000
vt 0.025531 -0.046020 0.000000
vt 0.000000 0.000000 0.000000
vt -0.131498 -0.000453 0.000000
vt -0.110658 -0.044470 0.000000
vt 0.000000 0.000000 0.000000
vt -0.114923 -0.054465 0.000000
vt 0.020880 -0.043999 0.000000
vt 0.000000 0.000000 0.000000
vt -0.131008 -0.011356 0.000000
vt -0.114915 -0.054481 0.000000
vt 0.000000 0.000000 0.000000
vt -0.118214 -0.065530 0.000000
vt 0.016133 -0.043110 0.000000
vt 0.000000 0.000000 0.000000
vt -0.129615 -0.022177 0.000000
vt -0.118210 -0.065538 0.000000
vt 0.000000 0.000000 0.000000
vt -0.127332 -0.032841 0.000000
vt 0.011448 -0.043350 0.000000
vt 0.000000 0.000000 0.000000
vt -0.138780 0.010508 0.000000
vt -0.131843 -0.034195 0.000000
vt 0.000000 0.000000 0.000000
vt -0.124173 -0.043279 0.000000
vt 0.006981 -0.044696 0.000000
vt 0.000000 0.000000 0.000000
vt -0.131153 0.001416 0.000000
vt -0.128313 -0.045692 0.000000
vt 0.000000 0.000000 0.000000
vt -0.120162 -0.053414 0.000000
vt 0.002884 -0.047105 0.000000
vt 0.000000 0.000000 0.000000
vt -0.123047 -0.006306 0.000000
vt -0.123786 -0.056825 0.000000
vt 0.000000 0.000000 0.000000
vt -0.115329 -0.063175 0.000000
vt -0.000694 -0.050519 0.000000
vt 0.000000 0.000000 0.000000
vt -0.114636 -0.012649 0.000000
vt -0.118300 -0.067506 0.000000
vt 0.000000 0.000000 0.000000
vt -0.109711 -0.072494 0.000000
vt -0.003617 -0.054860 0.000000
vt 0.000000 0.000000 0.000000
vt -0.106096 -0.017624 0.000000
vt -0.111901 -0.077654 0.000000
vt 0.000000 0.000000 0.000000
vt -0.103349 -0.081308 0.000000
vt -0.005756 -0.060036 0.000000
vt 0.000000 0.000000 0.000000
vt -0.097596 -0.021260 0.000000
vt -0.104641 -0.087191 0.000000
vt 0.000000 0.000000 0.000000
vt -0.096289 -0.089557 0.000000
vt -0.006995 -0.065937 0.000000
vt 0.000000 0.000000 0.000000
vt -0.089297 -0.023605 0.000000
vt -0.096578 -0.096045 0.000000
vt 0.000000 0.000000 0.000000
vt -0.088581 -0.097187 0.000000
vt -0.007231 -0.072444 0.000000
vt 0.000000 0.000000 0.000000
vt -0.081354 -0.024728 0.000000
vt -0.087779 -0.104149 0.000000
vt 0.000000 0.000000 0.000000
vt -0.080281 -0.104148 0.000000
vt -0.006377 -0.079424 0.000000
vt 0.000000 0.000000 0.000000
vt -0.073909 -0.024711 0.000000
vt -0.078311 -0.111442 0.000000
vt 0.000000 0.000000 0.000000
vt -0.071447 -0.110396 0.000000
vt -0.004357 -0.086734 0.000000
vt 0.000000 0.000000 0.000000
vt -0.067094 -0.023651 0.000000
vt -0.068250 -0.117872 0.000000
vt 0.000000 0.000000 0.000000
vt -0.062139 -0.115891 0.000000
vt -0.001116 -0.094222 0.000000
vt 0.000000 0.000000 0.000000
vt -0.061026 -0.021660 0.000000
vt -0.057674 -0.123393 0.000000
vt 0.000000 0.000000 0.000000
vt -0.052421 -0.120599 0.000000
vt 0.003384 -0.101732 0.000000
vt 0.000000 0.000000 0.000000
vt -0.055807 -0.018860 0.000000
vt -0.046664 -0.127963 0.000000
vt 0.000000 0.000000 0.000000
vt -0.042357 -0.124490 0.000000
vt 0.009168 -0.109101 0.000000
vt 0.000000 0.000000 0.000000
vt -0.051526 -0.015385 0.000000
vt -0.035304 -0.131551 0.000000
vt 0.000000 0.000000 0.000000
vt -0.032015 -0.127542 0.000000
vt 0.016237 -0.116164 0.000000
vt 0.000000 0.000000 0.000000
vt -0.048253 -0.011376 0.000000
vt -0.023682 -0.134131 0.000000
vt 0.000000 0.000000 0.000000
vt -0.021462 -0.129736 0.000000
vt 0.024578 -0.122753 0.000000
vt 0.000000 0.000000 0.000000
vt -0.046041 -0.006982 0.000000
vt -0.011885 -0.135686 0.000000
vt 0.000000 0.000000 0.000000
vt -0.010767 -0.131057 0.000000
vt 0.034158 -0.128704 0.000000
vt 0.000000 0.000000 0.000000
vt -0.000000 -0.131499 0.000000
vt 0.044926 0.002353 0.000000
vt 0.000000 0.000000 0.000000
vt 0.044926 -0.002353 0.000000
vt 0.044926 0.133852 0.000000
vt 0.000000 0.000000 0.000000
vt 0.010767 -0.131057 0.000000
vt 0.044926 -0.002353 0.000000
vt 0.000000 0.000000 0.000000
vt 0.046041 -0.006982 0.000000
vt 0.034156 0.128704 0.000000
vt 0.000000 0.000000 0.000000
vt 0.021462 -0.129736 0.000000
vt 0.046041 -0.006983 0.000000
vt 0.000000 0.000000 0.000000
vt 0.048253 -0.011376 0.000000
vt 0.024571 0.122755 0.000000
vt 0.000000 0.000000 0.000000
vt 0.032015 -0.127542 0.000000
vt 0.048252 -0.011379 0.000000
vt 0.000000 0.000000 0.000000
vt 0.051526 -0.015385 0.000000
vt 0.016222 0.116166 0.000000
vt 0.000000 0.000000 0.000000
vt 0.042357 -0.124490 0.000000
vt 0.051525 -0.015389 0.000000
vt 0.000000 0.000000 0.000000
vt 0.055807 -0.018860 0.000000
vt 0.009144 0.109103 0.000000
vt 0.000000 0.000000 0.000000
vt 0.052421 -0.120599 0.000000
vt 0.055805 -0.018867 0.000000
vt 0.000000 0.000000 0.000000
vt 0.061026 -0.021660 0.000000
vt 0.003352 0.101733 0.000000
vt 0.000000 0.000000 0.000000
vt 0.062139 -0.115891 0.000000
vt 0.061023 -0.021669 0.000000
vt 0.000000 0.000000 0.000000
vt 0.067094 -0.023651 0.000000
vt -0.001156 0.094222 0.000000
vt 0.000000 0.000000 0.000000
vt 0.071447 -0.110396 0.000000
vt 0.067090 -0.023662 0.000000
vt 0.000000 0.000000 0.000000
vt 0.073909 -0.024711 0.000000
vt -0.004402 0.086732 0.000000
vt 0.000000 0.000000 0.000000
vt 0.080281 -0.104148 0.000000
vt 0.073905 -0.024724 0.000000
vt 0.000000 0.000000 0.000000
vt 0.081354 -0.024728 0.000000
vt -0.006425 0.079420 0.000000
vt 0.000000 0.000000 0.000000
vt 0.088581 -0.097187 0.000000
vt 0.081350 -0.024743 0.000000
vt 0.000000 0.000000 0.000000
vt 0.089297 -0.023605 0.000000
vt -0.007281 0.072439 0.000000
vt 0.000000 0.000000 0.000000
vt 0.096289 -0.089557 0.000000
vt 0.089293 -0.023620 0.000000
vt 0.000000 0.000000 0.000000
vt 0.097596 -0.021260 0.000000
vt -0.007045 0.065932 0.000000
vt 0.000000 0.000000 0.000000
vt 0.103349 -0.081308 0.000000
vt 0.097593 -0.021272 0.000000
vt 0.000000 0.000000 0.000000
vt 0.106096 -0.017624 0.000000
vt -0.005805 0.060031 0.000000
vt 0.000000 0.000000 0.000000
vt 0.109711 -0.072494 0.000000
vt 0.106094 -0.017634 0.000000
vt 0.000000 0.000000 0.000000
vt 0.114636 -0.012649 0.000000
vt -0.003664 0.054857 0.000000
vt 0.000000 0.000000 0.000000
vt 0.115329 -0.063175 0.000000
vt 0.114635 -0.012655 0.000000
vt 0.000000 0.000000 0.000000
vt 0.123047 -0.006306 0.000000
vt -0.000739 0.050519 0.000000
vt 0.000000 0.000000 0.000000
vt 0.120162 -0.053414 0.000000
vt 0.123046 -0.006309 0.000000
vt 0.000000 0.000000 0.000000
vt 0.131153 0.001416 0.000000
vt 0.002840 0.047108 0.000000
vt 0.000000 0.000000 0.000000
vt 0.124173 -0.043279 0.000000
vt 0.131153 0.001417 0.000000
vt 0.000000 0.000000 0.000000
vt 0.138780 0.010508 0.000000
vt 0.006937 0.044703 0.000000
vt 0.000000 0.000000 0.000000
vt 0.127332 -0.032841 0.000000
vt 0.138780 0.010509 0.000000
vt 0.000000 0.000000 0.000000
vt 0.129615 -0.022177 0.000000
vt 0.011406 0.043361 0.000000
vt 0.000000 0.000000 0.000000
vt 0.118214 -0.065530 0.000000
vt 0.134348 -0.022419 0.000000
vt 0.000000 0.000000 0.000000
vt 0.131008 -0.011356 0.000000
vt 0.016093 0.043125 0.000000
vt 0.000000 0.000000 0.000000
vt 0.114923 -0.054465 0.000000
vt 0.135803 -0.010466 0.000000
vt 0.000000 0.000000 0.000000
vt 0.131498 -0.000453 0.000000
vt 0.020840 0.044018 0.000000
vt 0.000000 0.000000 0.000000
vt 0.110666 -0.044450 0.000000
vt 0.136197 0.001570 0.000000
vt 0.000000 0.000000 0.000000
vt 0.131083 0.010455 0.000000
vt 0.025490 0.046042 0.000000
vt 0.000000 0.000000 0.000000
vt 0.105600 -0.035565 0.000000
vt 0.135526 0.013592 0.000000
vt 0.000000 0.000000 0.000000
vt 0.129764 0.021291 0.000000
vt 0.029884 0.049182 0.000000
vt 0.000000 0.000000 0.000000
vt 0.099885 -0.027872 0.000000
vt 0.133797 0.025503 0.000000
vt 0.000000 0.000000 0.000000
vt 0.127552 0.031976 0.000000
vt 0.033867 0.053404 0.000000
vt 0.000000 0.000000 0.000000
vt 0.093689 -0.021411 0.000000
vt 0.131024 0.037211 0.000000
vt 0.000000 0.000000 0.000000
vt 0.124463 0.042436 0.000000
vt 0.037288 0.058652 0.000000
vt 0.000000 0.000000 0.000000
vt 0.087178 -0.016202 0.000000
vt 0.127231 0.048623 0.000000
vt 0.000000 0.000000 0.000000
vt 0.120522 0.052598 0.000000
vt 0.040003 0.064856 0.000000
vt 0.000000 0.000000 0.000000
vt 0.080520 -0.012248 0.000000
vt 0.122450 0.059648 0.000000
vt 0.000000 0.000000 0.000000
vt 0.115756 0.062389 0.000000
vt 0.041878 0.071927 0.000000
vt 0.000000 0.000000 0.000000
vt 0.073880 -0.009529 0.000000
vt 0.116721 0.070201 0.000000
vt 0.000000 0.000000 0.000000
vt 0.110203 0.071744 0.000000
vt 0.042788 0.079759 0.000000
vt 0.000000 0.000000 0.000000
vt 0.067416 -0.008008 0.000000
vt 0.110090 0.080201 0.000000
vt 0.000000 0.000000 0.000000
vt 0.103904 0.080598 0.000000
vt 0.042622 0.088234 0.000000
vt 0.000000 0.000000 0.000000
vt 0.061282 -0.007630 0.000000
vt 0.102613 0.089569 0.000000
vt 0.000000 0.000000 0.000000
vt 0.096902 0.088893 0.000000
vt 0.041283 0.097220 0.000000
vt 0.000000 0.000000 0.000000
vt 0.055620 -0.008321 0.000000
vt 0.094348 0.098236 0.000000
vt 0.000000 0.000000 0.000000
vt 0.089250 0.096573 0.000000
vt 0.038687 0.106572 0.000000
vt 0.000000 0.000000 0.000000
vt 0.050565 -0.009992 0.000000
vt 0.085364 0.106137 0.000000
vt 0.000000 0.000000 0.000000
vt 0.081001 0.103589 0.000000
vt 0.034768 0.116139 0.000000
vt 0.000000 0.000000 0.000000
vt 0.046236 -0.012542 0.000000
vt 0.075731 0.113211 0.000000
vt 0.000000 0.000000 0.000000
vt 0.072213 0.109897 0.000000
vt 0.029475 0.125758 0.000000
vt 0.000000 0.000000 0.000000
vt 0.042740 -0.015854 0.000000
vt 0.065525 0.119409 0.000000
vt 0.000000 0.000000 0.000000
vt 0.062945 0.115455 0.000000
vt 0.022778 0.135264 0.000000
vt 0.000000 0.000000 0.000000
vt 0.038887 0.022217 0.000000
vt -0.069626 0.111553 0.000000
vt 0.000000 0.000000 0.000000
vt -0.071472 0.114511 0.000000
vt -0.108513 0.089337 0.000000
vt 0.000000 0.000000 0.000000
vt 0.036965 0.025286 0.000000
vt -0.078412 0.105563 0.000000
vt 0.000000 0.000000 0.000000
vt -0.080491 0.108361 0.000000
vt -0.115377 0.080276 0.000000
vt 0.000000 0.000000 0.000000
vt 0.034780 0.028216 0.000000
vt -0.086759 0.098818 0.000000
vt 0.000000 0.000000 0.000000
vt -0.089059 0.101437 0.000000
vt -0.121539 0.070602 0.000000
vt 0.000000 0.000000 0.000000
vt 0.032339 0.030983 0.000000
vt -0.094598 0.091341 0.000000
vt 0.000000 0.000000 0.000000
vt -0.097106 0.093762 0.000000
vt -0.126937 0.060358 0.000000
vt 0.000000 0.000000 0.000000
vt 0.029653 0.033563 0.000000
vt -0.101861 0.083164 0.000000
vt 0.000000 0.000000 0.000000
vt -0.104562 0.085369 0.000000
vt -0.131514 0.049601 0.000000
vt 0.000000 0.000000 0.000000
vt 0.026733 0.035932 0.000000
vt -0.108477 0.074327 0.000000
vt 0.000000 0.000000 0.000000
vt -0.111353 0.076298 0.000000
vt -0.135211 0.038395 0.000000
vt 0.000000 0.000000 0.000000
vt 0.023597 0.038065 0.000000
vt -0.114378 0.064881 0.000000
vt 0.000000 0.000000 0.000000
vt -0.117411 0.066601 0.000000
vt -0.137975 0.026816 0.000000
vt 0.000000 0.000000 0.000000
vt 0.020263 0.039940 0.000000
vt -0.119497 0.054887 0.000000
vt 0.000000 0.000000 0.000000
vt -0.122665 0.056342 0.000000
vt -0.139760 0.014947 0.000000
vt 0.000000 0.000000 0.000000
vt 0.016756 0.041533 0.000000
vt -0.123771 0.044415 0.000000
vt 0.000000 0.000000 0.000000
vt -0.127052 0.045592 0.000000
vt -0.140527 0.002882 0.000000
vt 0.000000 0.000000 0.000000
vt 0.013103 0.042826 0.000000
vt -0.127147 0.033548 0.000000
vt 0.000000 0.000000 0.000000
vt -0.130518 0.034438 0.000000
vt -0.140250 -0.009278 0.000000
vt 0.000000 0.000000 0.000000
vt 0.009333 0.043802 0.000000
vt -0.129581 0.022378 0.000000
vt 0.000000 0.000000 0.000000
vt -0.133016 0.022971 0.000000
vt -0.138914 -0.021425 0.000000
vt 0.000000 0.000000 0.000000
vt 0.005481 0.044449 0.000000
vt -0.131038 0.011002 0.000000
vt 0.000000 0.000000 0.000000
vt -0.134512 0.011293 0.000000
vt -0.136519 -0.033447 0.000000
vt 0.000000 0.000000 0.000000
vt 0.001581 0.044758 0.000000
vt -0.131498 -0.000477 0.000000
vt 0.000000 0.000000 0.000000
vt -0.134984 -0.000489 0.000000
vt -0.133079 -0.045234 0.000000
vt 0.000000 0.000000 0.000000
vt -0.002331 0.044725 0.000000
vt -0.130955 -0.011950 0.000000
vt 0.000000 0.000000 0.000000
vt -0.134427 -0.012267 0.000000
vt -0.128624 -0.056675 0.000000
vt 0.000000 0.000000 0.000000
vt -0.006219 0.044352 0.000000
vt -0.129416 -0.023313 0.000000
vt 0.000000 0.000000 0.000000
vt -0.132847 -0.023931 0.000000
vt -0.123197 -0.067665 0.000000
vt 0.000000 0.000000 0.000000
vt -0.010046 0.043645 0.000000
vt -0.126903 -0.034462 0.000000
vt 0.000000 0.000000 0.000000
vt -0.130267 -0.035376 0.000000
vt -0.116857 -0.078107 0.000000
vt 0.000000 0.000000 0.000000
vt -0.013780 0.042613 0.000000
vt -0.123450 -0.045300 0.000000
vt 0.000000 0.000000 0.000000
vt -0.126723 -0.046500 0.000000
vt -0.109670 -0.087913 0.000000
vt 0.000000 0.000000 0.000000
vt -0.017389 0.041272 0.000000
vt -0.119104 -0.055734 0.000000
vt 0.000000 0.000000 0.000000
vt -0.122261 -0.057212 0.000000
vt -0.101715 -0.097007 0.000000
vt 0.000000 0.000000 0.000000
vt -0.020844 0.039639 0.000000
vt -0.113918 -0.065686 0.000000
vt 0.000000 0.000000 0.000000
vt -0.116938 -0.067428 0.000000
vt -0.093074 -0.105326 0.000000
vt 0.000000 0.000000 0.000000
vt -0.024122 0.037735 0.000000
vt -0.107955 -0.075084 0.000000
vt 0.000000 0.000000 0.000000
vt -0.110817 -0.077075 0.000000
vt -0.083834 -0.112819 0.000000
vt 0.000000 0.000000 0.000000
vt -0.027199 0.035580 0.000000
vt -0.101283 -0.083868 0.000000
vt 0.000000 0.000000 0.000000
vt -0.103968 -0.086091 0.000000
vt -0.074083 -0.119448 0.000000
vt 0.000000 0.000000 0.000000
vt -0.030060 0.033199 0.000000
vt -0.093969 -0.091988 0.000000
vt 0.000000 0.000000 0.000000
vt -0.096460 -0.094427 0.000000
vt -0.063909 -0.125187 0.000000
vt 0.000000 0.000000 0.000000
vt -0.032688 0.030614 0.000000
vt -0.086085 -0.099405 0.000000
vt 0.000000 0.000000 0.000000
vt -0.088367 -0.102040 0.000000
vt -0.053397 -0.130019 0.000000
vt 0.000000 0.000000 0.000000
vt -0.035074 0.027849 0.000000
vt -0.077700 -0.106088 0.000000
vt 0.000000 0.000000 0.000000
vt -0.079760 -0.108901 0.000000
vt -0.042625 -0.133937 0.000000
vt 0.000000 0.000000 0.000000
vt -0.037208 0.024926 0.000000
vt -0.068880 -0.112016 0.000000
vt 0.000000 0.000000 0.000000
vt -0.070706 -0.114985 0.000000
vt -0.031672 -0.136942 0.000000
vt 0.000000 0.000000 0.000000
vt -0.039084 0.021867 0.000000
vt -0.059691 -0.117171 0.000000
vt 0.000000 0.000000 0.000000
vt -0.061274 -0.120277 0.000000
vt -0.020607 -0.139038 0.000000
vt 0.000000 0.000000 0.000000
vt -0.040698 0.018693 0.000000
vt -0.050194 -0.121542 0.000000
vt 0.000000 0.000000 0.000000
vt -0.051524 -0.124765 0.000000
vt -0.009496 -0.140236 0.000000
vt 0.000000 0.000000 0.000000
vt -0.042046 0.015423 0.000000
vt -0.040446 -0.125124 0.000000
vt 0.000000 0.000000 0.000000
vt -0.041518 -0.128442 0.000000
vt 0.001600 -0.140548 0.000000
vt 0.000000 0.000000 0.000000
vt -0.043127 0.012076 0.000000
vt -0.030502 -0.127912 0.000000
vt 0.000000 0.000000 0.000000
vt -0.031311 -0.131304 0.000000
vt 0.012625 -0.139988 0.000000
vt 0.000000 0.000000 0.000000
vt -0.043939 0.008669 0.000000
vt -0.020413 -0.129905 0.000000
vt 0.000000 0.000000 0.000000
vt -0.020955 -0.133349 0.000000
vt 0.023525 -0.138574 0.000000
vt 0.000000 0.000000 0.000000
vt -0.044481 0.005219 0.000000
vt -0.010230 -0.131100 0.000000
vt 0.000000 0.000000 0.000000
vt -0.010501 -0.134576 0.000000
vt 0.034250 -0.136320 0.000000
vt 0.000000 0.000000 0.000000
vt -0.044752 0.001743 0.000000
vt -0.000000 -0.131499 0.000000
vt 0.000000 0.000000 0.000000
vt -0.000000 -0.134985 0.000000
vt 0.044752 -0.133242 0.000000
vt 0.000000 0.000000 0.000000
vt -0.044752 -0.001744 0.000000
vt 0.010230 -0.131100 0.000000
vt 0.000000 0.000000 0.000000
vt 0.010501 -0.134576 0.000000
vt 0.054982 -0.129357 0.000000
vt 0.000000 0.000000 0.000000
vt -0.044480 -0.005225 0.000000
vt 0.020413 -0.129905 0.000000
vt 0.000000 0.000000 0.000000
vt 0.020955 -0.133349 0.000000
vt 0.064894 -0.124680 0.000000
vt 0.000000 0.000000 0.000000
vt -0.043936 -0.008685 0.000000
vt 0.030502 -0.127912 0.000000
vt 0.000000 0.000000 0.000000
vt 0.031311 -0.131304 0.000000
vt 0.074438 -0.119228 0.000000
vt 0.000000 0.000000 0.000000
vt -0.043119 -0.012106 0.000000
vt 0.040446 -0.125124 0.000000
vt 0.000000 0.000000 0.000000
vt 0.041518 -0.128442 0.000000
vt 0.083565 -0.113018 0.000000
vt 0.000000 0.000000 0.000000
vt -0.042029 -0.015471 0.000000
vt 0.050194 -0.121542 0.000000
vt 0.000000 0.000000 0.000000
vt 0.051524 -0.124765 0.000000
vt 0.092223 -0.106071 0.000000
vt 0.000000 0.000000 0.000000
vt -0.040667 -0.018761 0.000000
vt 0.059691 -0.117171 0.000000
vt 0.000000 0.000000 0.000000
vt 0.061274 -0.120277 0.000000
vt 0.100358 -0.098409 0.000000
vt 0.000000 0.000000 0.000000
vt -0.039034 -0.021957 0.000000
vt 0.068880 -0.112016 0.000000
vt 0.000000 0.000000 0.000000
vt 0.070706 -0.114985 0.000000
vt 0.107915 -0.090059 0.000000
vt 0.000000 0.000000 0.000000
vt -0.037134 -0.025036 0.000000
vt 0.077700 -0.106088 0.000000
vt 0.000000 0.000000 0.000000
vt 0.079760 -0.108901 0.000000
vt 0.114834 -0.081052 0.000000
vt 0.000000 0.000000 0.000000
vt -0.034971 -0.027979 0.000000
vt 0.086085 -0.099405 0.000000
vt 0.000000 0.000000 0.000000
vt 0.088367 -0.102040 0.000000
vt 0.121056 -0.071426 0.000000
vt 0.000000 0.000000 0.000000
vt -0.032551 -0.030760 0.000000
vt 0.093969 -0.091988 0.000000
vt 0.000000 0.000000 0.000000
vt 0.096460 -0.094427 0.000000
vt 0.126520 -0.061227 0.000000
vt 0.000000 0.000000 0.000000
vt -0.029885 -0.033357 0.000000
vt 0.101283 -0.083868 0.000000
vt 0.000000 0.000000 0.000000
vt 0.103968 -0.086091 0.000000
vt 0.131167 -0.050511 0.000000
vt 0.000000 0.000000 0.000000
vt -0.026984 -0.035744 0.000000
vt 0.107955 -0.075084 0.000000
vt 0.000000 0.000000 0.000000
vt 0.110817 -0.077075 0.000000
vt 0.134939 -0.039340 0.000000
vt 0.000000 0.000000 0.000000
vt -0.023865 -0.037898 0.000000
vt 0.113918 -0.065686 0.000000
vt 0.000000 0.000000 0.000000
vt 0.116938 -0.067428 0.000000
vt 0.137782 -0.027788 0.000000
vt 0.000000 0.000000 0.000000
vt -0.020546 -0.039795 0.000000
vt 0.119104 -0.055734 0.000000
vt 0.000000 0.000000 0.000000
vt 0.122261 -0.057212 0.000000
vt 0.139650 -0.015940 0.000000
vt 0.000000 0.000000 0.000000
vt -0.017053 -0.041412 0.000000
vt 0.123450 -0.045300 0.000000
vt 0.000000 0.000000 0.000000
vt 0.126723 -0.046500 0.000000
vt 0.140503 -0.003887 0.000000
vt 0.000000 0.000000 0.000000
vt -0.013410 -0.042731 0.000000
vt 0.126903 -0.034462 0.000000
vt 0.000000 0.000000 0.000000
vt 0.130267 -0.035376 0.000000
vt 0.140313 0.008269 0.000000
vt 0.000000 0.000000 0.000000
vt -0.009649 -0.043734 0.000000
vt 0.129416 -0.023313 0.000000
vt 0.000000 0.000000 0.000000
vt 0.132847 -0.023931 0.000000
vt 0.139065 0.020421 0.000000
vt 0.000000 0.000000 0.000000
vt -0.005803 -0.044408 0.000000
vt 0.130955 -0.011950 0.000000
vt 0.000000 0.000000 0.000000
vt 0.134427 -0.012267 0.000000
vt 0.136758 0.032458 0.000000
vt 0.000000 0.000000 0.000000
vt -0.001905 -0.044745 0.000000
vt 0.131498 -0.000477 0.000000
vt 0.000000 0.000000 0.000000
vt 0.134984 -0.000489 0.000000
vt 0.133403 0.044269 0.000000
vt 0.000000 0.000000 0.000000
vt 0.002007 -0.044741 0.000000
vt 0.131038 0.011002 0.000000
vt 0.000000 0.000000 0.000000
vt 0.134512 0.011293 0.000000
vt 0.129031 0.055742 0.000000
vt 0.000000 0.000000 0.000000
vt 0.005898 -0.044396 0.000000
vt 0.129581 0.022378 0.000000
vt 0.000000 0.000000 0.000000
vt 0.133016 0.022971 0.000000
vt 0.123683 0.066773 0.000000
vt 0.000000 0.000000 0.000000
vt 0.009732 -0.043716 0.000000
vt 0.127147 0.033549 0.000000
vt 0.000000 0.000000 0.000000
vt 0.130518 0.034438 0.000000
vt 0.117415 0.077264 0.000000
vt 0.000000 0.000000 0.000000
vt 0.013475 -0.042711 0.000000
vt 0.123771 0.044415 0.000000
vt 0.000000 0.000000 0.000000
vt 0.127052 0.045592 0.000000
vt 0.110296 0.087126 0.000000
vt 0.000000 0.000000 0.000000
vt 0.017095 -0.041395 0.000000
vt 0.119497 0.054887 0.000000
vt 0.000000 0.000000 0.000000
vt 0.122665 0.056342 0.000000
vt 0.102402 0.096282 0.000000
vt 0.000000 0.000000 0.000000
vt 0.020564 -0.039785 0.000000
vt 0.114378 0.064881 0.000000
vt 0.000000 0.000000 0.000000
vt 0.117411 0.066601 0.000000
vt 0.093814 0.104667 0.000000
vt 0.000000 0.000000 0.000000
vt 0.023857 -0.037903 0.000000
vt 0.108477 0.074327 0.000000
vt 0.000000 0.000000 0.000000
vt 0.111353 0.076298 0.000000
vt 0.084620 0.112230 0.000000
vt 0.000000 0.000000 0.000000
vt 0.026952 -0.035768 0.000000
vt 0.101861 0.083164 0.000000
vt 0.000000 0.000000 0.000000
vt 0.104562 0.085369 0.000000
vt 0.074909 0.118932 0.000000
vt 0.000000 0.000000 0.000000
vt 0.029831 -0.033404 0.000000
vt 0.094598 0.091341 0.000000
vt 0.000000 0.000000 0.000000
vt 0.097106 0.093762 0.000000
vt 0.064767 0.124745 0.000000
vt 0.000000 0.000000 0.000000
vt 0.032480 -0.030836 0.000000
vt 0.086759 0.098818 0.000000
vt 0.000000 0.000000 0.000000
vt 0.089059 0.101437 0.000000
vt 0.054279 0.129653 0.000000
vt 0.000000 0.000000 0.000000
vt 0.034886 -0.028085 0.000000
vt 0.078412 0.105563 0.000000
vt 0.000000 0.000000 0.000000
vt 0.080491 0.108361 0.000000
vt 0.043526 0.133647 0.000000
vt 0.000000 0.000000 0.000000
vt 0.037041 -0.025174 0.000000
vt 0.069626 0.111553 0.000000
vt 0.000000 0.000000 0.000000
vt 0.071472 0.114511 0.000000
vt 0.032585 0.136727 0.000000
vt 0.000000 0.000000 0.000000
vt 0.038939 -0.022126 0.000000
vt 0.060466 0.116773 0.000000
vt 0.000000 0.000000 0.000000
vt 0.062069 0.119869 0.000000
vt 0.021527 0.138898 0.000000
vt 0.000000 0.000000 0.000000
vt 0.001564 0.044759 0.000000
vt -0.134985 0.000000 0.000000
vt 0.000000 0.000000 0.000000
vt -0.138113 -0.000000 0.000000
vt -0.136549 -0.044759 0.000000
vt 0.000000 0.000000 0.000000
vt 0.001564 0.044759 0.000000
vt -0.134985 0.000000 0.000000
vt 0.000000 0.000000 0.000000
vt -0.138113 0.000000 0.000000
vt -0.136549 -0.044758 0.000000
vt 0.000000 0.000000 0.000000
vt 0.001563 0.044758 0.000000
vt -0.134985 0.000000 0.000000
vt 0.000000 0.000000 0.000000
vt -0.138112 0.000000 0.000000
vt -0.136549 -0.044759 0.000000
vt 0.000000 0.000000 0.000000
vt 0.001564 0.044759 0.000000
vt -0.134985 -0.000000 0.000000
vt 0.000000 0.000000 0.000000
vt -0.138112 -0.000000 0.000000
vt -0.136549 -0.044759 0.000000
vt 0.000000 0.000000 0.000000
vt 0.001564 0.044759 0.000000
vt -0.134985 0.000000 0.000000
vt 0.000000 0.000000 0.000000
vt -0.138113 -0.000000 0.000000
vt -0.136549 -0.044759 0.000000
vt 0.000000 0.000000 0.000000
vt 0.001564 0.044759 0.000000
vt -0.134985 -0.000000 0.000000
vt 0.000000 0.000000 0.000000
vt -0.138113 0.000000 0.000000
vt -0.136549 -0.044758 0.000000
vt 0.000000 0.000000 0.000000
vt 0.001564 0.044758 0.000000
vt -0.134985 0.000000 0.000000
vt 0.000000 0.000000 0.000000
vt -0.138112 -0.000000 0.000000
vt -0.136549 -0.044758 0.000000
vt 0.000000 0.000000 0.000000
vt 0.001563 0.044758 0.000000
vt -0.134985 0.000000 0.000000
vt 0.000000 0.000000 0.000000
vt -0.138113 0.000000 0.000000
vt -0.136549 -0.044758 0.000000
vt 0.000000 0.000000 0.000000
vt 0.001564 0.044758 0.000000
vt -0.134985 -0.000000 0.000000
vt 0.000000 0.000000 0.000000
vt -0.138112 -0.000000 0.000000
vt -0.136549 -0.044759 0.000000
vt 0.000000 0.000000 0.000000
vt 0.001564 0.044759 0.000000
vt -0.134985 -0.000000 0.000000
vt 0.000000 0.000000 0.000000
vt -0.138113 -0.000000 0.000000
vt -0.136549 -0.044759 0.000000
vt 0.000000 0.000000 0.000000
vt 0.001564 0.044759 0.000000
vt -0.134985 0.000000 0.000000
vt 0.000000 0.000000 0.000000
vt -0.138112 -0.000000 0.000000
vt -0.136549 -0.044759 0.000000
vt 0.000000 0.000000 0.000000
vt 0.001564 0.044759 0.000000
vt -0.134985 0.000000 0.000000
vt 0.000000 0.000000 0.000000
vt -0.138113 0.000000 0.000000
vt -0.136549 -0.044759 0.000000
vt 0.000000 0.000000 0.000000
vt 0.001564 0.044759 0.000000
vt -0.134985 0.000000 0.000000
vt 0.000000 0.000000 0.000000
vt -0.138113 0.000000 0.000000
vt -0.136549 -0.044759 0.000000
vt 0.000000 0.000000 0.000000
vt 0.001564 0.044759 0.000000
vt -0.134985 0.000000 0.000000
vt 0.000000 0.000000 0.000000
vt -0.138113 0.000000 0.000000
vt -0.136549 -0.044759 0.000000
vt 0.000000 0.000000 0.000000
vt 0.001564 0.044759 0.000000
vt -0.134985 0.000000 0.000000
vt 0.000000 0.000000 0.000000
vt -0.138113 0.000000 0.000000
vt -0.136549 -0.044759 0.000000
vt 0.000000 0.000000 0.000000
vt 0.001564 0.044759 0.000000
vt -0.134985 -0.000000 0.000000
vt 0.000000 0.000000 0.000000
vt -0.138112 0.000000 0.000000
vt -0.136549 -0.044758 0.000000
vt 0.000000 0.000000 0.000000
vt 0.001564 0.044758 0.000000
vt -0.134985 0.000000 0.000000
vt 0.000000 0.000000 0.000000
vt -0.138113 0.000000 0.000000
vt -0.136549 -0.044759 0.000000
vt 0.000000 0.000000 0.000000
vt 0.001564 0.044759 0.000000
vt -0.134985 0.000000 0.000000
vt 0.000000 0.000000 0.000000
vt -0.138112 0.000000 0.000000
vt -0.136549 -0.044759 0.000000
vt 0.000000 0.000000 0.000000
vt 0.001564 0.044759 0.000000
vt -0.134985 0.000000 0.000000
vt 0.000000 0.000000 0.000000
vt -0.138112 -0.000000 0.000000
vt -0.136549 -0.044759 0.000000
vt 0.000000 0.000000 0.000000
vt 0.001564 0.044759 0.000000
vt -0.134985 0.000000 0.000000
vt 0.000000 0.000000 0.000000
vt -0.138113 0.000000 0.000000
vt -0.136549 -0.044759 0.000000
vt 0.000000 0.000000 0.000000
vt 0.001564 0.044759 0.000000
vt -0.134985 -0.000000 0.000000
vt 0.000000 0.000000 0.000000
vt -0.138113 0.000000 0.000000
vt -0.136549 -0.044759 0.000000
vt 0.000000 0.000000 0.000000
vt 0.001564 0.044759 0.000000
vt -0.134985 0.000000 0.000000
vt 0.000000 0.000000 0.000000
vt -0.138112 -0.000000 0.000000
vt -0.136549 -0.044758 0.000000
vt 0.000000 0.000000 0.000000
vt 0.001564 0.044758 0.000000
vt -0.134985 0.000000 0.000000
vt 0.000000 0.000000 0.000000
vt -0.138113 0.000000 0.000000
vt -0.136549 -0.044759 0.000000
vt 0.000000 0.000000 0.000000
vt 0.001564 0.044759 0.000000
vt -0.134985 0.000000 0.000000
vt 0.000000 0.000000 0.000000
vt -0.138112 0.000000 0.000000
vt -0.136549 -0.044759 0.000000
vt 0.000000 0.000000 0.000000
vt 0.001564 0.044759 0.000000
vt -0.134985 0.000000 0.000000
vt 0.000000 0.000000 0.000000
vt -0.138113 0.000000 0.000000
vt -0.136549 -0.044759 0.000000
vt 0.000000 0.000000 0.000000
vt 0.001564 0.044759 0.000000
vt -0.134985 0.000000 0.000000
vt 0.000000 0.000000 0.000000
vt -0.138112 0.000000 0.000000
vt -0.136549 -0.044758 0.000000
vt 0.000000 0.000000 0.000000
vt 0.001564 0.044758 0.000000
vt -0.134985 0.000000 0.000000
vt 0.000000 0.000000 0.000000
vt -0.138113 0.000000 0.000000
vt -0.136549 -0.044759 0.000000
vt 0.000000 0.000000 0.000000
vt 0.001564 0.044759 0.000000
vt -0.134985 0.000000 0.000000
vt 0.000000 0.000000 0.000000
vt -0.138113 0.000000 0.000000
vt -0.136549 -0.044759 0.000000
vt 0.000000 0.000000 0.000000
vt 0.001564 0.044759 0.000000
vt -0.134985 -0.000000 0.000000
vt 0.000000 0.000000 0.000000
vt -0.138112 0.000000 0.000000
vt -0.136549 -0.044759 0.000000
vt 0.000000 0.000000 0.000000
vt 0.001564 0.044759 0.000000
vt -0.134985 0.000000 0.000000
vt 0.000000 0.000000 0.000000
vt -0.138113 0.000000 0.000000
vt -0.136549 -0.044759 0.000000
vt 0.000000 0.000000 0.000000
vt 0.001564 0.044759 0.000000
vt -0.134985 0.000000 0.000000
vt 0.000000 0.000000 0.000000
vt -0.138112 0.000000 0.000000
vt -0.136549 -0.044759 0.000000
vt 0.000000 0.000000 0.000000
vt 0.001564 0.044759 0.000000
vt -0.134985 0.000000 0.000000
vt 0.000000 0.000000 0.000000
vt -0.138113 0.000000 0.000000
vt -0.136549 -0.044759 0.000000
vt 0.000000 0.000000 0.000000
vt 0.001564 0.044759 0.000000
vt -0.134985 0.000000 0.000000
vt 0.000000 0.000000 0.000000
vt -0.138112 0.000000 0.000000
vt -0.136549 -0.044759 0.000000
vt 0.000000 0.000000 0.000000
vt 0.001564 0.044759 0.000000
vt -0.134985 0.000000 0.000000
vt 0.000000 0.000000 0.000000
vt -0.138113 0.000000 0.000000
vt -0.136549 -0.044759 0.000000
vt 0.000000 0.000000 0.000000
vt 0.001564 0.044759 0.000000
vt -0.134985 -0.000000 0.000000
vt 0.000000 0.000000 0.000000
vt -0.138112 0.000000 0.000000
vt -0.136549 -0.044759 0.000000
vt 0.000000 0.000000 0.000000
vt 0.001564 0.044759 0.000000
vt -0.134985 0.000000 0.000000
vt 0.000000 0.000000 0.000000
vt -0.138113 0.000000 0.000000
vt -0.136549 -0.044759 0.000000
vt 0.000000 0.000000 0.000000
vt 0.001564 0.044759 0.000000
vt -0.134985 0.000000 0.000000
vt 0.000000 0.000000 0.000000
vt -0.138113 0.000000 0.000000
vt -0.136549 -0.044758 0.000000
vt 0.000000 0.000000 0.000000
vt 0.001564 0.044758 0.000000
vt -0.134985 0.000000 0.000000
vt 0.000000 0.000000 0.000000
vt -0.138112 0.000000 0.000000
vt -0.136549 -0.044759 0.000000
vt 0.000000 0.000000 0.000000
vt 0.001564 0.044759 0.000000
vt -0.134985 0.000000 0.000000
vt 0.000000 0.000000 0.000000
vt -0.138113 0.000000 0.000000
vt -0.136549 -0.044759 0.000000
vt 0.000000 0.000000 0.000000
vt 0.001564 0.044759 0.000000
vt -0.134985 -0.000000 0.000000
vt 0.000000 0.000000 0.000000
vt -0.138112 0.000000 0.000000
vt -0.136549 -0.044759 0.000000
vt 0.000000 0.000000 0.000000
vt 0.001564 0.044759 0.000000
vt -0.134985 0.000000 0.000000
vt 0.000000 0.000000 0.000000
vt -0.138113 0.000000 0.000000
vt -0.136549 -0.044758 0.000000
vt 0.000000 0.000000 0.000000
vt 0.001564 0.044758 0.000000
vt -0.134985 -0.000000 0.000000
vt 0.000000 0.000000 0.000000
vt -0.138112 0.000000 0.000000
vt -0.136549 -0.044759 0.000000
vt 0.000000 0.000000 0.000000
vt 0.001564 0.044759 0.000000
vt -0.134985 0.000000 0.000000
vt 0.000000 0.000000 0.000000
vt -0.138113 -0.000000 0.000000
vt -0.136549 -0.044759 0.000000
vt 0.000000 0.000000 0.000000
vt 0.001564 0.044759 0.000000
vt -0.134985 0.000000 0.000000
vt 0.000000 0.000000 0.000000
vt -0.138113 0.000000 0.000000
vt -0.136549 -0.044759 0.000000
vt 0.000000 0.000000 0.000000
vt 0.001564 0.044759 0.000000
vt -0.134985 -0.000000 0.000000
vt 0.000000 0.000000 0.000000
vt -0.138112 -0.000000 0.000000
vt -0.136549 -0.044759 0.000000
vt 0.000000 0.000000 0.000000
vt 0.001564 0.044759 0.000000
vt -0.134985 0.000000 0.000000
vt 0.000000 0.000000 0.000000
vt -0.138112 0.000000 0.000000
vt -0.136549 -0.044759 0.000000
vt 0.000000 0.000000 0.000000
vt 0.001564 0.044759 0.000000
vt -0.134985 0.000000 0.000000
vt 0.000000 0.000000 0.000000
vt -0.138113 0.000000 0.000000
vt -0.136549 -0.044758 0.000000
vt 0.000000 0.000000 0.000000
vt 0.001564 0.044758 0.000000
vt -0.134985 -0.000000 0.000000
vt 0.000000 0.000000 0.000000
vt -0.138112 0.000000 0.000000
vt -0.136549 -0.044759 0.000000
vt 0.000000 0.000000 0.000000
vt 0.001564 0.044759 0.000000
vt -0.134985 0.000000 0.000000
vt 0.000000 0.000000 0.000000
vt -0.138113 0.000000 0.000000
vt -0.136549 -0.044759 0.000000
vt 0.000000 0.000000 0.000000
vt 0.001564 0.044759 0.000000
vt -0.134985 -0.000000 0.000000
vt 0.000000 0.000000 0.000000
vt -0.138113 0.000000 0.000000
vt -0.136549 -0.044759 0.000000
vt 0.000000 0.000000 0.000000
vt 0.001564 0.044759 0.000000
vt -0.134985 -0.000000 0.000000
vt 0.000000 0.000000 0.000000
vt -0.138113 0.000000 0.000000
vt -0.136549 -0.044759 0.000000
vt 0.000000 0.000000 0.000000
vt 0.001564 0.044759 0.000000
vt -0.134985 0.000000 0.000000
vt 0.000000 0.000000 0.000000
vt -0.138113 0.000000 0.000000
vt -0.136549 -0.044759 0.000000
vt 0.000000 0.000000 0.000000
vt 0.001563 0.044759 0.000000
vt -0.134985 0.000000 0.000000
vt 0.000000 0.000000 0.000000
vt -0.138112 -0.000000 0.000000
vt -0.136549 -0.044759 0.000000
vt 0.000000 0.000000 0.000000
vt 0.001564 0.044759 0.000000
vt -0.134985 0.000000 0.000000
vt 0.000000 0.000000 0.000000
vt -0.138113 -0.000000 0.000000
vt -0.136549 -0.044759 0.000000
vt 0.000000 0.000000 0.000000
vt 0.001564 0.044759 0.000000
vt -0.134985 0.000000 0.000000
vt 0.000000 0.000000 0.000000
vt -0.138112 0.000000 0.000000
vt -0.136549 -0.044758 0.000000
vt 0.000000 0.000000 0.000000
vt 0.001564 0.044758 0.000000
vt -0.134985 0.000000 0.000000
vt 0.000000 0.000000 0.000000
vt -0.138113 0.000000 0.000000
vt -0.136549 -0.044758 0.000000
vt 0.000000 0.000000 0.000000
vt 0.001564 0.044758 0.000000
vt -0.134985 0.000000 0.000000
vt 0.000000 0.000000 0.000000
vt -0.138112 -0.000000 0.000000
vt -0.136549 -0.044758 0.000000
vt 0.000000 0.000000 0.000000
vt 0.001564 0.044758 0.000000
vt -0.134985 0.000000 0.000000
vt 0.000000 0.000000 0.000000
vt -0.138113 0.000000 0.000000
vt -0.136549 -0.044759 0.000000
vt 0.000000 0.000000 0.000000
vt 0.001564 0.044759 0.000000
vt -0.134985 -0.000000 0.000000
vt 0.000000 0.000000 0.000000
vt -0.138113 -0.000000 0.000000
vt -0.136549 -0.044759 0.000000
vt 0.000000 0.000000 0.000000
vt 0.001564 0.044759 0.000000
vt -0.134985 0.000000 0.000000
vt 0.000000 0.000000 0.000000
vt -0.138112 0.000000 0.000000
vt -0.136549 -0.044759 0.000000
vt 0.000000 0.000000 0.000000
vt 0.001564 0.044759 0.000000
vt -0.134985 0.000000 0.000000
vt 0.000000 0.000000 0.000000
vt -0.138112 0.000000 0.000000
vt -0.136549 -0.044758 0.000000
vt 0.000000 0.000000 0.000000
vt 0.001564 0.044758 0.000000
vt -0.134985 0.000000 0.000000
vt 0.000000 0.000000 0.000000
vt -0.138113 0.000000 0.000000
vt -0.136549 -0.044759 0.000000
vt 0.000000 0.000000 0.000000
vt 0.001564 0.044759 0.000000
vt -0.134985 0.000000 0.000000
vt 0.000000 0.000000 0.000000
vt -0.138113 0.000000 0.000000
vt -0.136549 -0.044759 0.000000
vt 0.000000 0.000000 0.000000
vt 0.001564 0.044759 0.000000
vt -0.134985 0.000000 0.000000
vt 0.000000 0.000000 0.000000
vt -0.138113 0.000000 0.000000
vt -0.136549 -0.044759 0.000000
vt 0.000000 0.000000 0.000000
vt 0.001306 0.044766 0.000000
vt -0.138113 -0.000000 0.000000
vt 0.000000 0.000000 0.000000
vt -0.140724 0.000000 0.000000
vt -0.139418 -0.044767 0.000000
vt 0.000000 0.000000 0.000000
vt 0.001306 0.044767 0.000000
vt -0.138113 -0.000000 0.000000
vt 0.000000 0.000000 0.000000
vt -0.140724 -0.000000 0.000000
vt -0.139418 -0.044767 0.000000
vt 0.000000 0.000000 0.000000
vt 0.001306 0.044767 0.000000
vt -0.138112 -0.000000 0.000000
vt 0.000000 0.000000 0.000000
vt -0.140724 0.000000 0.000000
vt -0.139419 -0.044767 0.000000
vt 0.000000 0.000000 0.000000
vt 0.001306 0.044767 0.000000
vt -0.138112 -0.000000 0.000000
vt 0.000000 0.000000 0.000000
vt -0.140724 0.000000 0.000000
vt -0.139418 -0.044766 0.000000
vt 0.000000 0.000000 0.000000
vt 0.001306 0.044766 0.000000
vt -0.138113 -0.000000 0.000000
vt 0.000000 0.000000 0.000000
vt -0.140724 0.000000 0.000000
vt -0.139418 -0.044767 0.000000
vt 0.000000 0.000000 0.000000
vt 0.001306 0.044767 0.000000
vt -0.138113 0.000000 0.000000
vt 0.000000 0.000000 0.000000
vt -0.140724 0.000000 0.000000
vt -0.139419 -0.044767 0.000000
vt 0.000000 0.000000 0.000000
vt 0.001306 0.044767 0.000000
vt -0.138112 -0.000000 0.000000
vt 0.000000 0.000000 0.000000
vt -0.140724 0.000000 0.000000
vt -0.139418 -0.044767 0.000000
vt 0.000000 0.000000 0.000000
vt 0.001306 0.044767 0.000000
vt -0.138113 0.000000 0.000000
vt 0.000000 0.000000 0.000000
vt -0.140724 0.000000 0.000000
vt -0.139419 -0.044767 0.000000
vt 0.000000 0.000000 0.000000
vt 0.001306 0.044767 0.000000
vt -0.138112 0.000000 0.000000
vt 0.000000 0.000000 0.000000
vt -0.140724 0.000000 0.000000
vt -0.139418 -0.044767 0.000000
vt 0.000000 0.000000 0.000000
vt 0.001306 0.044767 0.000000
vt -0.138113 0.000000 0.000000
vt 0.000000 0.000000 0.000000
vt -0.140724 0.000000 0.000000
vt -0.139418 -0.044767 0.000000
vt 0.000000 0.000000 0.000000
vt 0.001306 0.044767 0.000000
vt -0.138112 0.000000 0.000000
vt 0.000000 0.000000 0.000000
vt -0.140724 0.000000 0.000000
vt -0.139418 -0.044767 0.000000
vt 0.000000 0.000000 0.000000
vt 0.001306 0.044767 0.000000
vt -0.138113 -0.000000 0.000000
vt 0.000000 0.000000 0.000000
vt -0.140724 -0.000000 0.000000
vt -0.139418 -0.044767 0.000000
vt 0.000000 0.000000 0.000000
vt 0.001306 0.044767 0.000000
vt -0.138113 0.000000 0.000000
vt 0.000000 0.000000 0.000000
vt -0.140724 -0.000000 0.000000
vt -0.139418 -0.044767 0.000000
vt 0.000000 0.000000 0.000000
vt 0.001306 0.044767 0.000000
vt -0.138113 0.000000 0.000000
vt 0.000000 0.000000 0.000000
vt -0.140724 0.000000 0.000000
vt -0.139418 -0.044767 0.000000
vt 0.000000 0.000000 0.000000
vt 0.001306 0.044767 0.000000
vt -0.138113 0.000000 0.000000
vt 0.000000 0.000000 0.000000
vt -0.140724 -0.000000 0.000000
vt -0.139418 -0.044767 0.000000
vt 0.000000 0.000000 0.000000
vt 0.001306 0.044767 0.000000
vt -0.138112 0.000000 0.000000
vt 0.000000 0.000000 0.000000
vt -0.140724 0.000000 0.000000
vt -0.139418 -0.044767 0.000000
vt 0.000000 0.000000 0.000000
vt 0.001306 0.044767 0.000000
vt -0.138113 0.000000 0.000000
vt 0.000000 0.000000 0.000000
vt -0.140724 0.000000 0.000000
vt -0.139418 -0.044767 0.000000
vt 0.000000 0.000000 0.000000
vt 0.001306 0.044767 0.000000
vt -0.138112 0.000000 0.000000
vt 0.000000 0.000000 0.000000
vt -0.140724 -0.000000 0.000000
vt -0.139418 -0.044767 0.000000
vt 0.000000 0.000000 0.000000
vt 0.001306 0.044767 0.000000
vt -0.138112 -0.000000 0.000000
vt 0.000000 0.000000 0.000000
vt -0.140724 0.000000 0.000000
vt -0.139418 -0.044767 0.000000
vt 0.000000 0.000000 0.000000
vt 0.001306 0.044767 0.000000
vt -0.138113 0.000000 0.000000
vt 0.000000 0.000000 0.000000
vt -0.140724 0.000000 0.000000
vt -0.139418 -0.044767 0.000000
vt 0.000000 0.000000 0.000000
vt 0.001306 0.044767 0.000000
vt -0.138113 0.000000 0.000000
vt 0.000000 0.000000 0.000000
vt -0.140724 -0.000000 0.000000
vt -0.139418 -0.044767 0.000000
vt 0.000000 0.000000 0.000000
vt 0.001306 0.044767 0.000000
vt -0.138112 -0.000000 0.000000
vt 0.000000 0.000000 0.000000
vt -0.140724 0.000000 0.000000
vt -0.139418 -0.044767 0.000000
vt 0.000000 0.000000 0.000000
vt 0.001306 0.044767 0.000000
vt -0.138113 -0.000000 0.000000
vt 0.000000 0.000000 0.000000
vt -0.140724 0.000000 0.000000
vt -0.139418 -0.044767 0.000000
vt 0.000000 0.000000 0.000000
vt 0.001306 0.044767 0.000000
vt -0.138112 0.000000 0.000000
vt 0.000000 0.000000 0.000000
vt -0.140724 0.000000 0.000000
vt -0.139418 -0.044767 0.000000
vt 0.000000 0.000000 0.000000
vt 0.001306 0.044767 0.000000
vt -0.138113 0.000000 0.000000
vt 0.000000 0.000000 0.000000
vt -0.140724 0.000000 0.000000
vt -0.139418 -0.044767 0.000000
vt 0.000000 0.000000 0.000000
vt 0.001306 0.044767 0.000000
vt -0.138112 0.000000 0.000000
vt 0.000000 0.000000 0.000000
vt -0.140724 0.000000 0.000000
vt -0.139418 -0.044767 0.000000
vt 0.000000 0.000000 0.000000
vt 0.001306 0.044767 0.000000
vt -0.138113 0.000000 0.000000
vt 0.000000 0.000000 0.000000
vt -0.140724 -0.000000 0.000000
vt -0.139418 -0.044767 0.000000
vt 0.000000 0.000000 0.000000
vt 0.001306 0.044767 0.000000
vt -0.138113 0.000000 0.000000
vt 0.000000 0.000000 0.000000
vt -0.140724 0.000000 0.000000
vt -0.139418 -0.044767 0.000000
vt 0.000000 0.000000 0.000000
vt 0.001306 0.044767 0.000000
vt -0.138112 0.000000 0.000000
vt 0.000000 0.000000 0.000000
vt -0.140724 0.000000 0.000000
vt -0.139418 -0.044767 0.000000
vt 0.000000 0.000000 0.000000
vt 0.001306 0.044767 0.000000
vt -0.138113 0.000000 0.000000
vt 0.000000 0.000000 0.000000
vt -0.140724 -0.000000 0.000000
vt -0.139418 -0.044767 0.000000
vt 0.000000 0.000000 0.000000
vt 0.001306 0.044767 0.000000
vt -0.138112 0.000000 0.000000
vt 0.000000 0.000000 0.000000
vt -0.140724 0.000000 0.000000
vt -0.139418 -0.044767 0.000000
vt 0.000000 0.000000 0.000000
vt 0.001306 0.044767 0.000000
vt -0.138113 0.000000 0.000000
vt 0.000000 0.000000 0.000000
vt -0.140724 0.000000 0.000000
vt -0.139418 -0.044767 0.000000
vt 0.000000 0.000000 0.000000
vt 0.001306 0.044767 0.000000
vt -0.138112 0.000000 0.000000
vt 0.000000 0.000000 0.000000
vt -0.140724 0.000000 0.000000
vt -0.139418 -0.044767 0.000000
vt 0.000000 0.000000 0.000000
vt 0.001306 0.044767 0.000000
vt -0.138113 0.000000 0.000000
vt 0.000000 0.000000 0.000000
vt -0.140724 0.000000 0.000000
vt -0.139418 -0.044767 0.000000
vt 0.000000 0.000000 0.000000
vt 0.001306 0.044767 0.000000
vt -0.138112 -0.000000 0.000000
vt 0.000000 0.000000 0.000000
vt -0.140724 -0.000000 0.000000
vt -0.139418 -0.044767 0.000000
vt 0.000000 0.000000 0.000000
vt 0.001306 0.044767 0.000000
vt -0.138113 0.000000 0.000000
vt 0.000000 0.000000 0.000000
vt -0.140724 0.000000 0.000000
vt -0.139418 -0.044767 0.000000
vt 0.000000 0.000000 0.000000
vt 0.001306 0.044767 0.000000
vt -0.138113 0.000000 0.000000
vt 0.000000 0.000000 0.000000
vt -0.140724 0.000000 0.000000
vt -0.139418 -0.044767 0.000000
vt 0.000000 0.000000 0.000000
vt 0.001306 0.044767 0.000000
vt -0.138112 0.000000 0.000000
vt 0.000000 0.000000 0.000000
vt -0.140724 0.000000 0.000000
vt -0.139418 -0.044767 0.000000
vt 0.000000 0.000000 0.000000
vt 0.001306 0.044767 0.000000
vt -0.138113 0.000000 0.000000
vt 0.000000 0.000000 0.000000
vt -0.140724 0.000000 0.000000
vt -0.139418 -0.044767 0.000000
vt 0.000000 0.000000 0.000000
vt 0.001306 0.044767 0.000000
vt -0.138112 -0.000000 0.000000
vt 0.000000 0.000000 0.000000
vt -0.140724 -0.000000 0.000000
vt -0.139418 -0.044767 0.000000
vt 0.000000 0.000000 0.000000
vt 0.001306 0.044767 0.000000
vt -0.138113 0.000000 0.000000
vt 0.000000 0.000000 0.000000
vt -0.140724 0.000000 0.000000
vt -0.139418 -0.044767 0.000000
vt 0.000000 0.000000 0.000000
vt 0.001306 0.044767 0.000000
vt -0.138112 0.000000 0.000000
vt 0.000000 0.000000 0.000000
vt -0.140724 0.000000 0.000000
vt -0.139418 -0.044767 0.000000
vt 0.000000 0.000000 0.000000
vt 0.001306 0.044767 0.000000
vt -0.138113 0.000000 0.000000
vt 0.000000 0.000000 0.000000
vt -0.140724 0.000000 0.000000
vt -0.139418 -0.044767 0.000000
vt 0.000000 0.000000 0.000000
vt 0.001306 0.044767 0.000000
vt -0.138113 0.000000 0.000000
vt 0.000000 0.000000 0.000000
vt -0.140724 0.000000 0.000000
vt -0.139419 -0.044767 0.000000
vt 0.000000 0.000000 0.000000
vt 0.001306 0.044767 0.000000
vt -0.138112 -0.000000 0.000000
vt 0.000000 0.000000 0.000000
vt -0.140724 0.000000 0.000000
vt -0.139418 -0.044767 0.000000
vt 0.000000 0.000000 0.000000
vt 0.001306 0.044767 0.000000
vt -0.138112 0.000000 0.000000
vt 0.000000 0.000000 0.000000
vt -0.140724 0.000000 0.000000
vt -0.139418 -0.044767 0.000000
vt 0.000000 0.000000 0.000000
vt 0.001306 0.044767 0.000000
vt -0.138113 0.000000 0.000000
vt 0.000000 0.000000 0.000000
vt -0.140724 0.000000 0.000000
vt -0.139418 -0.044767 0.000000
vt 0.000000 0.000000 0.000000
vt 0.001306 0.044767 0.000000
vt -0.138112 0.000000 0.000000
vt 0.000000 0.000000 0.000000
vt -0.140724 0.000000 0.000000
vt -0.139418 -0.044767 0.000000
vt 0.000000 0.000000 0.000000
vt 0.001306 0.044767 0.000000
vt -0.138113 0.000000 0.000000
vt 0.000000 0.000000 0.000000
vt -0.140724 0.000000 0.000000
vt -0.139418 -0.044767 0.000000
vt 0.000000 0.000000 0.000000
vt 0.001306 0.044767 0.000000
vt -0.138113 0.000000 0.000000
vt 0.000000 0.000000 0.000000
vt -0.140724 0.000000 0.000000
vt -0.139418 -0.044767 0.000000
vt 0.000000 0.000000 0.000000
vt 0.001306 0.044767 0.000000
vt -0.138113 -0.000000 0.000000
vt 0.000000 0.000000 0.000000
vt -0.140724 0.000000 0.000000
vt -0.139418 -0.044767 0.000000
vt 0.000000 0.000000 0.000000
vt 0.001306 0.044767 0.000000
vt -0.138113 -0.000000 0.000000
vt 0.000000 0.000000 0.000000
vt -0.140724 0.000000 0.000000
vt -0.139418 -0.044767 0.000000
vt 0.000000 0.000000 0.000000
vt 0.001306 0.044767 0.000000
vt -0.138112 0.000000 0.000000
vt 0.000000 0.000000 0.000000
vt -0.140724 0.000000 0.000000
vt -0.139418 -0.044767 0.000000
vt 0.000000 0.000000 0.000000
vt 0.001306 0.044767 0.000000
vt -0.138113 0.000000 0.000000
vt 0.000000 0.000000 0.000000
vt -0.140724 0.000000 0.000000
vt -0.139418 -0.044767 0.000000
vt 0.000000 0.000000 0.000000
vt 0.001306 0.044767 0.000000
vt -0.138112 0.000000 0.000000
vt 0.000000 0.000000 0.000000
vt -0.140724 0.000000 0.000000
vt -0.139418 -0.044767 0.000000
vt 0.000000 0.000000 0.000000
vt 0.001306 0.044767 0.000000
vt -0.138113 0.000000 0.000000
vt 0.000000 0.000000 0.000000
vt -0.140724 -0.000000 0.000000
vt -0.139418 -0.044767 0.000000
vt 0.000000 0.000000 0.000000
vt 0.001306 0.044767 0.000000
vt -0.138112 0.000000 0.000000
vt 0.000000 0.000000 0.000000
vt -0.140724 0.000000 0.000000
vt -0.139418 -0.044767 0.000000
vt 0.000000 0.000000 0.000000
vt 0.001306 0.044767 0.000000
vt -0.138113 -0.000000 0.000000
vt 0.000000 0.000000 0.000000
vt -0.140724 0.000000 0.000000
vt -0.139418 -0.044767 0.000000
vt 0.000000 0.000000 0.000000
vt 0.001306 0.044767 0.000000
vt -0.138113 0.000000 0.000000
vt 0.000000 0.000000 0.000000
vt -0.140724 0.000000 0.000000
vt -0.139418 -0.044766 0.000000
vt 0.000000 0.000000 0.000000
vt 0.001306 0.044766 0.000000
vt -0.138112 0.000000 0.000000
vt 0.000000 0.000000 0.000000
vt -0.140724 0.000000 0.000000
vt -0.139418 -0.044767 0.000000
vt 0.000000 0.000000 0.000000
vt 0.001306 0.044767 0.000000
vt -0.138112 0.000000 0.000000
vt 0.000000 0.000000 0.000000
vt -0.140724 -0.000000 0.000000
vt -0.139418 -0.044767 0.000000
vt 0.000000 0.000000 0.000000
vt 0.001306 0.044767 0.000000
vt -0.138113 0.000000 0.000000
vt 0.000000 0.000000 0.000000
vt -0.140724 0.000000 0.000000
vt -0.139418 -0.044767 0.000000
vt 0.000000 0.000000 0.000000
vt 0.001306 0.044767 0.000000
vt -0.138113 -0.000000 0.000000
vt 0.000000 0.000000 0.000000
vt -0.140724 0.000000 0.000000
vt -0.139418 -0.044766 0.000000
vt 0.000000 0.000000 0.000000
vt 0.001306 0.044766 0.000000
vt -0.138113 0.000000 0.000000
vt 0.000000 0.000000 0.000000
vt -0.140724 0.000000 0.000000
vt -0.139418 -0.044767 0.000000
vt 0.000000 0.000000 0.000000
vt 0.000983 0.044775 0.000000
vt -0.140724 0.000000 0.000000
vt 0.000000 0.000000 0.000000
vt -0.142689 0.000000 0.000000
vt -0.141707 -0.044775 0.000000
vt 0.000000 0.000000 0.000000
vt 0.000983 0.044775 0.000000
vt -0.140724 0.000000 0.000000
vt 0.000000 0.000000 0.000000
vt -0.142689 -0.000000 0.000000
vt -0.141707 -0.044775 0.000000
vt 0.000000 0.000000 0.000000
vt 0.000982 0.044775 0.000000
vt -0.140724 -0.000000 0.000000
vt 0.000000 0.000000 0.000000
vt -0.142689 0.000000 0.000000
vt -0.141707 -0.044775 0.000000
vt 0.000000 0.000000 0.000000
vt 0.000982 0.044775 0.000000
vt -0.140724 0.000000 0.000000
vt 0.000000 0.000000 0.000000
vt -0.142689 0.000000 0.000000
vt -0.141707 -0.044775 0.000000
vt 0.000000 0.000000 0.000000
vt 0.000983 0.044775 0.000000
vt -0.140724 -0.000000 0.000000
vt 0.000000 0.000000 0.000000
vt -0.142689 0.000000 0.000000
vt -0.141707 -0.044775 0.000000
vt 0.000000 0.000000 0.000000
vt 0.000983 0.044775 0.000000
vt -0.140724 0.000000 0.000000
vt 0.000000 0.000000 0.000000
vt -0.142689 -0.000000 0.000000
vt -0.141707 -0.044775 0.000000
vt 0.000000 0.000000 0.000000
vt 0.000982 0.044775 0.000000
vt -0.140724 0.000000 0.000000
vt 0.000000 0.000000 0.000000
vt -0.142689 0.000000 0.000000
vt -0.141707 -0.044775 0.000000
vt 0.000000 0.000000 0.000000
vt 0.000982 0.044775 0.000000
vt -0.140724 -0.000000 0.000000
vt 0.000000 0.000000 0.000000
vt -0.142689 0.000000 0.000000
vt -0.141707 -0.044775 0.000000
vt 0.000000 0.000000 0.000000
vt 0.000983 0.044775 0.000000
vt -0.140724 0.000000 0.000000
vt 0.000000 0.000000 0.000000
vt -0.142689 -0.000000 0.000000
vt -0.141707 -0.044775 0.000000
vt 0.000000 0.000000 0.000000
vt 0.000983 0.044775 0.000000
vt -0.140724 -0.000000 0.000000
vt 0.000000 0.000000 0.000000
vt -0.142689 0.000000 0.000000
vt -0.141707 -0.044775 0.000000
vt 0.000000 0.000000 0.000000
vt 0.000983 0.044775 0.000000
vt -0.140724 0.000000 0.000000
vt 0.000000 0.000000 0.000000
vt -0.142689 -0.000000 0.000000
vt -0.141707 -0.044775 0.000000
vt 0.000000 0.000000 0.000000
vt 0.000983 0.044775 0.000000
vt -0.140724 0.000000 0.000000
vt 0.000000 0.000000 0.000000
vt -0.142689 0.000000 0.000000
vt -0.141707 -0.044775 0.000000
vt 0.000000 0.000000 0.000000
vt 0.000983 0.044775 0.000000
vt -0.140724 0.000000 0.000000
vt 0.000000 0.000000 0.000000
vt -0.142689 0.000000 0.000000
vt -0.141707 -0.044775 0.000000
vt 0.000000 0.000000 0.000000
vt 0.000983 0.044775 0.000000
vt -0.140724 -0.000000 0.000000
vt 0.000000 0.000000 0.000000
vt -0.142689 0.000000 0.000000
vt -0.141707 -0.044775 0.000000
vt 0.000000 0.000000 0.000000
vt 0.000983 0.044775 0.000000
vt -0.140724 0.000000 0.000000
vt 0.000000 0.000000 0.000000
vt -0.142689 -0.000000 0.000000
vt -0.141707 -0.044775 0.000000
vt 0.000000 0.000000 0.000000
vt 0.000983 0.044775 0.000000
vt -0.140724 -0.000000 0.000000
vt 0.000000 0.000000 0.000000
vt -0.142689 0.000000 0.000000
vt -0.141707 -0.044775 0.000000
vt 0.000000 0.000000 0.000000
vt 0.000983 0.044775 0.000000
vt -0.140724 0.000000 0.000000
vt 0.000000 0.000000 0.000000
vt -0.142689 0.000000 0.000000
vt -0.141707 -0.044775 0.000000
vt 0.000000 0.000000 0.000000
vt 0.000982 0.044775 0.000000
vt -0.140724 -0.000000 0.000000
vt 0.000000 0.000000 0.000000
vt -0.142689 0.000000 0.000000
vt -0.141707 -0.044775 0.000000
vt 0.000000 0.000000 0.000000
vt 0.000983 0.044775 0.000000
vt -0.140724 0.000000 0.000000
vt 0.000000 0.000000 0.000000
vt -0.142689 0.000000 0.000000
vt -0.141707 -0.044775 0.000000
vt 0.000000 0.000000 0.000000
vt 0.000982 0.044775 0.000000
vt -0.140724 0.000000 0.000000
vt 0.000000 0.000000 0.000000
vt -0.142689 0.000000 0.000000
vt -0.141707 -0.044775 0.000000
vt 0.000000 0.000000 0.000000
vt 0.000983 0.044775 0.000000
vt -0.140724 0.000000 0.000000
vt 0.000000 0.000000 0.000000
vt -0.142689 -0.000000 0.000000
vt -0.141707 -0.044775 0.000000
vt 0.000000 0.000000 0.000000
vt 0.000983 0.044775 0.000000
vt -0.140724 0.000000 0.000000
vt 0.000000 0.000000 0.000000
vt -0.142689 -0.000000 0.000000
vt -0.141707 -0.044775 0.000000
vt 0.000000 0.000000 0.000000
vt 0.000983 0.044775 0.000000
vt -0.140724 -0.000000 0.000000
vt 0.000000 0.000000 0.000000
vt -0.142689 0.000000 0.000000
vt -0.141707 -0.044775 0.000000
vt 0.000000 0.000000 0.000000
vt 0.000982 0.044775 0.000000
vt -0.140724 0.000000 0.000000
vt 0.000000 0.000000 0.000000
vt -0.142689 0.000000 0.000000
vt -0.141707 -0.044775 0.000000
vt 0.000000 0.000000 0.000000
vt 0.000983 0.044775 0.000000
vt -0.140724 0.000000 0.000000
vt 0.000000 0.000000 0.000000
vt -0.142689 0.000000 0.000000
vt -0.141707 -0.044775 0.000000
vt 0.000000 0.000000 0.000000
vt 0.000983 0.044775 0.000000
vt -0.140724 0.000000 0.000000
vt 0.000000 0.000000 0.000000
vt -0.142689 0.000000 0.000000
vt -0.141707 -0.044775 0.000000
vt 0.000000 0.000000 0.000000
vt 0.000982 0.044775 0.000000
vt -0.140724 -0.000000 0.000000
vt 0.000000 0.000000 0.000000
vt -0.142689 0.000000 0.000000
vt -0.141707 -0.044775 0.000000
vt 0.000000 0.000000 0.000000
vt 0.000982 0.044775 0.000000
vt -0.140724 -0.000000 0.000000
vt 0.000000 0.000000 0.000000
vt -0.142689 -0.000000 0.000000
vt -0.141707 -0.044775 0.000000
vt 0.000000 0.000000 0.000000
vt 0.000983 0.044775 0.000000
vt -0.140724 0.000000 0.000000
vt 0.000000 0.000000 0.000000
vt -0.142689 -0.000000 0.000000
vt -0.141707 -0.044775 0.000000
vt 0.000000 0.000000 0.000000
vt 0.000983 0.044775 0.000000
vt -0.140724 -0.000000 0.000000
vt 0.000000 0.000000 0.000000
vt -0.142689 0.000000 0.000000
vt -0.141707 -0.044775 0.000000
vt 0.000000 0.000000 0.000000
vt 0.000983 0.044775 0.000000
vt -0.140724 0.000000 0.000000
vt 0.000000 0.000000 0.000000
vt -0.142689 -0.000000 0.000000
vt -0.141707 -0.044775 0.000000
vt 0.000000 0.000000 0.000000
vt 0.000983 0.044775 0.000000
vt -0.140724 0.000000 0.000000
vt 0.000000 0.000000 0.000000
vt -0.142689 0.000000 0.000000
vt -0.141707 -0.044775 0.000000
vt 0.000000 0.000000 0.000000
vt 0.000983 0.044775 0.000000
vt -0.140724 0.000000 0.000000
vt 0.000000 0.000000 0.000000
vt -0.142689 0.000000 0.000000
vt -0.141707 -0.044775 0.000000
vt 0.000000 0.000000 0.000000
vt 0.000983 0.044775 0.000000
vt -0.140724 0.000000 0.000000
vt 0.000000 0.000000 0.000000
vt -0.142689 0.000000 0.000000
vt -0.141707 -0.044775 0.000000
vt 0.000000 0.000000 0.000000
vt 0.000982 0.044775 0.000000
vt -0.140724 0.000000 0.000000
vt 0.000000 0.000000 0.000000
vt -0.142689 0.000000 0.000000
vt -0.141707 -0.044775 0.000000
vt 0.000000 0.000000 0.000000
vt 0.000982 0.044775 0.000000
vt -0.140724 0.000000 0.000000
vt 0.000000 0.000000 0.000000
vt -0.142689 0.000000 0.000000
vt -0.141707 -0.044775 0.000000
vt 0.000000 0.000000 0.000000
vt 0.000983 0.044775 0.000000
vt -0.140724 -0.000000 0.000000
vt 0.000000 0.000000 0.000000
vt -0.142689 0.000000 0.000000
vt -0.141707 -0.044775 0.000000
vt 0.000000 0.000000 0.000000
vt 0.000983 0.044775 0.000000
vt -0.140724 0.000000 0.000000
vt 0.000000 0.000000 0.000000
vt -0.142689 -0.000000 0.000000
vt -0.141707 -0.044775 0.000000
vt 0.000000 0.000000 0.000000
vt 0.000983 0.044775 0.000000
vt -0.140724 0.000000 0.000000
vt 0.000000 0.000000 0.000000
vt -0.142689 -0.000000 0.000000
vt -0.141707 -0.044775 0.000000
vt 0.000000 0.000000 0.000000
vt 0.000983 0.044775 0.000000
vt -0.140724 -0.000000 0.000000
vt 0.000000 0.000000 0.000000
vt -0.142689 -0.000000 0.000000
vt -0.141707 -0.044775 0.000000
vt 0.000000 0.000000 0.000000
vt 0.000983 0.044775 0.000000
vt -0.140724 0.000000 0.000000
vt 0.000000 0.000000 0.000000
vt -0.142689 0.000000 0.000000
vt -0.141707 -0.044775 0.000000
vt 0.000000 0.000000 0.000000
vt 0.000982 0.044775 0.000000
vt -0.140724 0.000000 0.000000
vt 0.000000 0.000000 0.000000
vt -0.142689 0.000000 0.000000
vt -0.141707 -0.044775 0.000000
vt 0.000000 0.000000 0.000000
vt 0.000983 0.044775 0.000000
vt -0.140724 0.000000 0.000000
vt 0.000000 0.000000 0.000000
vt -0.142689 0.000000 0.000000
vt -0.141707 -0.044775 0.000000
vt 0.000000 0.000000 0.000000
vt 0.000982 0.044775 0.000000
vt -0.140724 0.000000 0.000000
vt 0.000000 0.000000 0.000000
vt -0.142689 0.000000 0.000000
vt -0.141707 -0.044775 0.000000
vt 0.000000 0.000000 0.000000
vt 0.000983 0.044775 0.000000
vt -0.140724 0.000000 0.000000
vt 0.000000 0.000000 0.000000
vt -0.142689 0.000000 0.000000
vt -0.141707 -0.044775 0.000000
vt 0.000000 0.000000 0.000000
vt 0.000982 0.044775 0.000000
vt -0.140724 0.000000 0.000000
vt 0.000000 0.000000 0.000000
vt -0.142689 0.000000 0.000000
vt -0.141707 -0.044775 0.000000
vt 0.000000 0.000000 0.000000
vt 0.000983 0.044775 0.000000
vt -0.140724 0.000000 0.000000
vt 0.000000 0.000000 0.000000
vt -0.142689 0.000000 0.000000
vt -0.141707 -0.044775 0.000000
vt 0.000000 0.000000 0.000000
vt 0.000982 0.044775 0.000000
vt -0.140724 -0.000000 0.000000
vt 0.000000 0.000000 0.000000
vt -0.142689 0.000000 0.000000
vt -0.141707 -0.044775 0.000000
vt 0.000000 0.000000 0.000000
vt 0.000983 0.044775 0.000000
vt -0.140724 0.000000 0.000000
vt 0.000000 0.000000 0.000000
vt -0.142689 0.000000 0.000000
vt -0.141707 -0.044775 0.000000
vt 0.000000 0.000000 0.000000
vt 0.000982 0.044775 0.000000
vt -0.140724 -0.000000 0.000000
vt 0.000000 0.000000 0.000000
vt -0.142689 0.000000 0.000000
vt -0.141707 -0.044775 0.000000
vt 0.000000 0.000000 0.000000
vt 0.000983 0.044775 0.000000
vt -0.140724 0.000000 0.000000
vt 0.000000 0.000000 0.000000
vt -0.142689 0.000000 0.000000
vt -0.141707 -0.044775 0.000000
vt 0.000000 0.000000 0.000000
vt 0.000982 0.044775 0.000000
vt -0.140724 0.000000 0.000000
vt 0.000000 0.000000 0.000000
vt -0.142689 0.000000 0.000000
vt -0.141707 -0.044775 0.000000
vt 0.000000 0.000000 0.000000
vt 0.000982 0.044775 0.000000
vt -0.140724 0.000000 0.000000
vt 0.000000 0.000000 0.000000
vt -0.142689 0.000000 0.000000
vt -0.141707 -0.044775 0.000000
vt 0.000000 0.000000 0.000000
vt 0.000982 0.044775 0.000000
vt -0.140724 0.000000 0.000000
vt 0.000000 0.000000 0.000000
vt -0.142689 0.000000 0.000000
vt -0.141707 -0.044775 0.000000
vt 0.000000 0.000000 0.000000
vt 0.000983 0.044775 0.000000
vt -0.140724 0.000000 0.000000
vt 0.000000 0.000000 0.000000
vt -0.142689 0.000000 0.000000
vt -0.141707 -0.044775 0.000000
vt 0.000000 0.000000 0.000000
vt 0.000982 0.044775 0.000000
vt -0.140724 0.000000 0.000000
vt 0.000000 0.000000 0.000000
vt -0.142689 -0.000000 0.000000
vt -0.141707 -0.044775 0.000000
vt 0.000000 0.000000 0.000000
vt 0.000983 0.044775 0.000000
vt -0.140724 0.000000 0.000000
vt 0.000000 0.000000 0.000000
vt -0.142689 0.000000 0.000000
vt -0.141707 -0.044775 0.000000
vt 0.000000 0.000000 0.000000
vt 0.000983 0.044775 0.000000
vt -0.140724 0.000000 0.000000
vt 0.000000 0.000000 0.000000
vt -0.142689 0.000000 0.000000
vt -0.141707 -0.044775 0.000000
vt 0.000000 0.000000 0.000000
vt 0.000983 0.044775 0.000000
vt -0.140724 0.000000 0.000000
vt 0.000000 0.000000 0.000000
vt -0.142689 -0.000000 0.000000
vt -0.141707 -0.044775 0.000000
vt 0.000000 0.000000 0.000000
vt 0.000982 0.044775 0.000000
vt -0.140724 0.000000 0.000000
vt 0.000000 0.000000 0.000000
vt -0.142689 0.000000 0.000000
vt -0.141707 -0.044775 0.000000
vt 0.000000 0.000000 0.000000
vt 0.000983 0.044775 0.000000
vt -0.140724 0.000000 0.000000
vt 0.000000 0.000000 0.000000
vt -0.142689 0.000000 0.000000
vt -0.141707 -0.044775 0.000000
vt 0.000000 0.000000 0.000000
vt 0.000983 0.044775 0.000000
vt -0.140724 -0.000000 0.000000
vt 0.000000 0.000000 0.000000
vt -0.142689 0.000000 0.000000
vt -0.141707 -0.044775 0.000000
vt 0.000000 0.000000 0.000000
vt 0.000982 0.044775 0.000000
vt -0.140724 -0.000000 0.000000
vt 0.000000 0.000000 0.000000
vt -0.142689 0.000000 0.000000
vt -0.141707 -0.044775 0.000000
vt 0.000000 0.000000 0.000000
vt 0.000982 0.044775 0.000000
vt -0.140724 0.000000 0.000000
vt 0.000000 0.000000 0.000000
vt -0.142689 -0.000000 0.000000
vt -0.141707 -0.044775 0.000000
vt 0.000000 0.000000 0.000000
vt 0.000610 0.044782 0.000000
vt -0.142689 0.000000 0.000000
vt 0.000000 0.000000 0.000000
vt -0.143909 0.000000 0.000000
vt -0.143299 -0.044782 0.000000
vt 0.000000 0.000000 0.000000
vt 0.000610 0.044782 0.000000
vt -0.142689 0.000000 0.000000
vt 0.000000 0.000000 0.000000
vt -0.143909 0.000000 0.000000
vt -0.143299 -0.044782 0.000000
vt 0.000000 0.000000 0.000000
vt 0.000610 0.044782 0.000000
vt -0.142689 0.000000 0.000000
vt 0.000000 0.000000 0.000000
vt -0.143909 0.000000 0.000000
vt -0.143299 -0.044782 0.000000
vt 0.000000 0.000000 0.000000
vt 0.000610 0.044782 0.000000
vt -0.142689 0.000000 0.000000
vt 0.000000 0.000000 0.000000
vt -0.143909 0.000000 0.000000
vt -0.143299 -0.044782 0.000000
vt 0.000000 0.000000 0.000000
vt 0.000610 0.044782 0.000000
vt -0.142689 -0.000000 0.000000
vt 0.000000 0.000000 0.000000
vt -0.143909 0.000000 0.000000
vt -0.143299 -0.044782 0.000000
vt 0.000000 0.000000 0.000000
vt 0.000610 0.044782 0.000000
vt -0.142689 0.000000 0.000000
vt 0.000000 0.000000 0.000000
vt -0.143909 0.000000 0.000000
vt -0.143299 -0.044782 0.000000
vt 0.000000 0.000000 0.000000
vt 0.000610 0.044782 0.000000
vt -0.142689 0.000000 0.000000
vt 0.000000 0.000000 0.000000
vt -0.143909 -0.000000 0.000000
vt -0.143299 -0.044782 0.000000
vt 0.000000 0.000000 0.000000
vt 0.000610 0.044782 0.000000
vt -0.142689 0.000000 0.000000
vt 0.000000 0.000000 0.000000
vt -0.143909 -0.000000 0.000000
vt -0.143299 -0.044782 0.000000
vt 0.000000 0.000000 0.000000
vt 0.000610 0.044782 0.000000
vt -0.142689 0.000000 0.000000
vt 0.000000 0.000000 0.000000
vt -0.143909 -0.000000 0.000000
vt -0.143299 -0.044782 0.000000
vt 0.000000 0.000000 0.000000
vt 0.000610 0.044782 0.000000
vt -0.142689 0.000000 0.000000
vt 0.000000 0.000000 0.000000
vt -0.143909 -0.000000 0.000000
vt -0.143299 -0.044782 0.000000
vt 0.000000 0.000000 0.000000
vt 0.000610 0.044782 0.000000
vt -0.142689 0.000000 0.000000
vt 0.000000 0.000000 0.000000
vt -0.143909 -0.000000 0.000000
vt -0.143299 -0.044782 0.000000
vt 0.000000 0.000000 0.000000
vt 0.000610 0.044782 0.000000
vt -0.142689 -0.000000 0.000000
vt 0.000000 0.000000 0.000000
vt -0.143909 0.000000 0.000000
vt -0.143299 -0.044782 0.000000
vt 0.000000 0.000000 0.000000
vt 0.000610 0.044782 0.000000
vt -0.142689 0.000000 0.000000
vt 0.000000 0.000000 0.000000
vt -0.143909 0.000000 0.000000
vt -0.143299 -0.044782 0.000000
vt 0.000000 0.000000 0.000000
vt 0.000610 0.044782 0.000000
vt -0.142689 0.000000 0.000000
vt 0.000000 0.000000 0.000000
vt -0.143909 0.000000 0.000000
vt -0.143299 -0.044782 0.000000
vt 0.000000 0.000000 0.000000
vt 0.000610 0.044782 0.000000
vt -0.142689 0.000000 0.000000
vt 0.000000 0.000000 0.000000
vt -0.143909 0.000000 0.000000
vt -0.143299 -0.044782 0.000000
vt 0.000000 0.000000 0.000000
vt 0.000610 0.044782 0.000000
vt -0.142689 0.000000 0.000000
vt 0.000000 0.000000 0.000000
vt -0.143909 -0.000000 0.000000
vt -0.143299 -0.044782 0.000000
vt 0.000000 0.000000 0.000000
vt 0.000610 0.044782 0.000000
vt -0.142689 0.000000 0.000000
vt 0.000000 0.000000 0.000000
vt -0.143909 0.000000 0.000000
vt -0.143299 -0.044782 0.000000
vt 0.000000 0.000000 0.000000
vt 0.000610 0.044782 0.000000
vt -0.142689 0.000000 0.000000
vt 0.000000 0.000000 0.000000
vt -0.143909 0.000000 0.000000
vt -0.143299 -0.044782 0.000000
vt 0.000000 0.000000 0.000000
vt 0.000610 0.044782 0.000000
vt -0.142689 0.000000 0.000000
vt 0.000000 0.000000 0.000000
vt -0.143909 0.000000 0.000000
vt -0.143299 -0.044782 0.000000
vt 0.000000 0.000000 0.000000
vt 0.000610 0.044782 0.000000
vt -0.142689 0.000000 0.000000
vt 0.000000 0.000000 0.000000
vt -0.143909 0.000000 0.000000
vt -0.143299 -0.044782 0.000000
vt 0.000000 0.000000 0.000000
vt 0.000610 0.044782 0.000000
vt -0.142689 0.000000 0.000000
vt 0.000000 0.000000 0.000000
vt -0.143909 0.000000 0.000000
vt -0.143299 -0.044782 0.000000
vt 0.000000 0.000000 0.000000
vt 0.000610 0.044782 0.000000
vt -0.142689 0.000000 0.000000
vt 0.000000 0.000000 0.000000
vt -0.143909 -0.000000 0.000000
vt -0.143299 -0.044782 0.000000
vt 0.000000 0.000000 0.000000
vt 0.000610 0.044782 0.000000
vt -0.142689 0.000000 0.000000
vt 0.000000 0.000000 0.000000
vt -0.143909 0.000000 0.000000
vt -0.143299 -0.044782 0.000000
vt 0.000000 0.000000 0.000000
vt 0.000610 0.044782 0.000000
vt -0.142689 -0.000000 0.000000
vt 0.000000 0.000000 0.000000
vt -0.143909 0.000000 0.000000
vt -0.143299 -0.044782 0.000000
vt 0.000000 0.000000 0.000000
vt 0.000610 0.044782 0.000000
vt -0.142689 -0.000000 0.000000
vt 0.000000 0.000000 0.000000
vt -0.143909 0.000000 0.000000
vt -0.143299 -0.044782 0.000000
vt 0.000000 0.000000 0.000000
vt 0.000610 0.044782 0.000000
vt -0.142689 0.000000 0.000000
vt 0.000000 0.000000 0.000000
vt -0.143909 0.000000 0.000000
vt -0.143299 -0.044782 0.000000
vt 0.000000 0.000000 0.000000
vt 0.000610 0.044782 0.000000
vt -0.142689 0.000000 0.000000
vt 0.000000 0.000000 0.000000
vt -0.143909 0.000000 0.000000
vt -0.143299 -0.044782 0.000000
vt 0.000000 0.000000 0.000000
vt 0.000610 0.044782 0.000000
vt -0.142689 0.000000 0.000000
vt 0.000000 0.000000 0.000000
vt -0.143909 0.000000 0.000000
vt -0.143299 -0.044782 0.000000
vt 0.000000 0.000000 0.000000
vt 0.000610 0.044782 0.000000
vt -0.142689 -0.000000 0.000000
vt 0.000000 0.000000 0.000000
vt -0.143909 -0.000000 0.000000
vt -0.143299 -0.044782 0.000000
vt 0.000000 0.000000 0.000000
vt 0.000610 0.044782 0.000000
vt -0.142689 -0.000000 0.000000
vt 0.000000 0.000000 0.000000
vt -0.143909 -0.000000 0.000000
vt -0.143299 -0.044782 0.000000
vt 0.000000 0.000000 0.000000
vt 0.000610 0.044782 0.000000
vt -0.142689 0.000000 0.000000
vt 0.000000 0.000000 0.000000
vt -0.143909 -0.000000 0.000000
vt -0.143299 -0.044782 0.000000
vt 0.000000 0.000000 0.000000
vt 0.000610 0.044782 0.000000
vt -0.142689 0.000000 0.000000
vt 0.000000 0.000000 0.000000
vt -0.143909 0.000000 0.000000
vt -0.143299 -0.044782 0.000000
vt 0.000000 0.000000 0.000000
vt 0.000610 0.044782 0.000000
vt -0.142689 0.000000 0.000000
vt 0.000000 0.000000 0.000000
vt -0.143909 0.000000 0.000000
vt -0.143299 -0.044782 0.000000
vt 0.000000 0.000000 0.000000
vt 0.000610 0.044782 0.000000
vt -0.142689 0.000000 0.000000
vt 0.000000 0.000000 0.000000
vt -0.143909 -0.000000 0.000000
vt -0.143299 -0.044782 0.000000
vt 0.000000 0.000000 0.000000
vt 0.000610 0.044782 0.000000
vt -0.142689 -0.000000 0.000000
vt 0.000000 0.000000 0.000000
vt -0.143909 0.000000 0.000000
vt -0.143299 -0.044782 0.000000
vt 0.000000 0.000000 0.000000
vt 0.000610 0.044782 0.000000
vt -0.142689 0.000000 0.000000
vt 0.000000 0.000000 0.000000
vt -0.143909 -0.000000 0.000000
vt -0.143299 -0.044782 0.000000
vt 0.000000 0.000000 0.000000
vt 0.000610 0.044782 0.000000
vt -0.142689 0.000000 0.000000
vt 0.000000 0.000000 0.000000
vt -0.143909 0.000000 0.000000
vt -0.143299 -0.044782 0.000000
vt 0.000000 0.000000 0.000000
vt 0.000610 0.044782 0.000000
vt -0.142689 0.000000 0.000000
vt 0.000000 0.000000 0.000000
vt -0.143909 0.000000 0.000000
vt -0.143299 -0.044782 0.000000
vt 0.000000 0.000000 0.000000
vt 0.000610 0.044782 0.000000
vt -0.142689 0.000000 0.000000
vt 0.000000 0.000000 0.000000
vt -0.143909 -0.000000 0.000000
vt -0.143299 -0.044782 0.000000
vt 0.000000 0.000000 0.000000
vt 0.000610 0.044782 0.000000
vt -0.142689 0.000000 0.000000
vt 0.000000 0.000000 0.000000
vt -0.143909 0.000000 0.000000
vt -0.143299 -0.044782 0.000000
vt 0.000000 0.000000 0.000000
vt 0.000610 0.044782 0.000000
vt -0.142689 0.000000 0.000000
vt 0.000000 0.000000 0.000000
vt -0.143909 -0.000000 0.000000
vt -0.143299 -0.044782 0.000000
vt 0.000000 0.000000 0.000000
vt 0.000610 0.044782 0.000000
vt -0.142689 0.000000 0.000000
vt 0.000000 0.000000 0.000000
vt -0.143909 -0.000000 0.000000
vt -0.143299 -0.044782 0.000000
vt 0.000000 0.000000 0.000000
vt 0.000610 0.044782 0.000000
vt -0.142689 -0.000000 0.000000
vt 0.000000 0.000000 0.000000
vt -0.143909 -0.000000 0.000000
vt -0.143299 -0.044782 0.000000
vt 0.000000 0.000000 0.000000
vt 0.000610 0.044782 0.000000
vt -0.142689 -0.000000 0.000000
vt 0.000000 0.000000 0.000000
vt -0.143909 0.000000 0.000000
vt -0.143299 -0.044782 0.000000
vt 0.000000 0.000000 0.000000
vt 0.000610 0.044782 0.000000
vt -0.142689 0.000000 0.000000
vt 0.000000 0.000000 0.000000
vt -0.143909 -0.000000 0.000000
vt -0.143299 -0.044782 0.000000
vt 0.000000 0.000000 0.000000
vt 0.000610 0.044782 0.000000
vt -0.142689 0.000000 0.000000
vt 0.000000 0.000000 0.000000
vt -0.143909 0.000000 0.000000
vt -0.143299 -0.044782 0.000000
vt 0.000000 0.000000 0.000000
vt 0.000610 0.044782 0.000000
vt -0.142689 0.000000 0.000000
vt 0.000000 0.000000 0.000000
vt -0.143909 0.000000 0.000000
vt -0.143299 -0.044782 0.000000
vt 0.000000 0.000000 0.000000
vt 0.000610 0.044782 0.000000
vt -0.142689 0.000000 0.000000
vt 0.000000 0.000000 0.000000
vt -0.143909 -0.000000 0.000000
vt -0.143299 -0.044782 0.000000
vt 0.000000 0.000000 0.000000
vt 0.000610 0.044782 0.000000
vt -0.142689 0.000000 0.000000
vt 0.000000 0.000000 0.000000
vt -0.143909 0.000000 0.000000
vt -0.143299 -0.044782 0.000000
vt 0.000000 0.000000 0.000000
vt 0.000610 0.044782 0.000000
vt -0.142689 0.000000 0.000000
vt 0.000000 0.000000 0.000000
vt -0.143909 0.000000 0.000000
vt -0.143299 -0.044782 0.000000
vt 0.000000 0.000000 0.000000
vt 0.000610 0.044782 0.000000
vt -0.142689 0.000000 0.000000
vt 0.000000 0.000000 0.000000
vt -0.143909 0.000000 0.000000
vt -0.143299 -0.044782 0.000000
vt 0.000000 0.000000 0.000000
vt 0.000610 0.044782 0.000000
vt -0.142689 0.000000 0.000000
vt 0.000000 0.000000 0.000000
vt -0.143909 -0.000000 0.000000
vt -0.143299 -0.044782 0.000000
vt 0.000000 0.000000 0.000000
vt 0.000610 0.044782 0.000000
vt -0.142689 0.000000 0.000000
vt 0.000000 0.000000 0.000000
vt -0.143909 0.000000 0.000000
vt -0.143299 -0.044782 0.000000
vt 0.000000 0.000000 0.000000
vt 0.000610 0.044782 0.000000
vt -0.142689 0.000000 0.000000
vt 0.000000 0.000000 0.000000
vt -0.143909 0.000000 0.000000
vt -0.143299 -0.044782 0.000000
vt 0.000000 0.000000 0.000000
vt 0.000610 0.044782 0.000000
vt -0.142689 -0.000000 0.000000
vt 0.000000 0.000000 0.000000
vt -0.143909 0.000000 0.000000
vt -0.143299 -0.044782 0.000000
vt 0.000000 0.000000 0.000000
vt 0.000610 0.044782 0.000000
vt -0.142689 -0.000000 0.000000
vt 0.000000 0.000000 0.000000
vt -0.143909 0.000000 0.000000
vt -0.143299 -0.044782 0.000000
vt 0.000000 0.000000 0.000000
vt 0.000610 0.044782 0.000000
vt -0.142689 0.000000 0.000000
vt 0.000000 0.000000 0.000000
vt -0.143909 -0.000000 0.000000
vt -0.143299 -0.044782 0.000000
vt 0.000000 0.000000 0.000000
vt 0.000610 0.044782 0.000000
vt -0.142689 0.000000 0.000000
vt 0.000000 0.000000 0.000000
vt -0.143909 0.000000 0.000000
vt -0.143299 -0.044782 0.000000
vt 0.000000 0.000000 0.000000
vt 0.000610 0.044782 0.000000
vt -0.142689 0.000000 0.000000
vt 0.000000 0.000000 0.000000
vt -0.143909 -0.000000 0.000000
vt -0.143299 -0.044782 0.000000
vt 0.000000 0.000000 0.000000
vt 0.000610 0.044782 0.000000
vt -0.142689 -0.000000 0.000000
vt 0.000000 0.000000 0.000000
vt -0.143909 0.000000 0.000000
vt -0.143299 -0.044782 0.000000
vt 0.000000 0.000000 0.000000
vt 0.000610 0.044782 0.000000
vt -0.142689 -0.000000 0.000000
vt 0.000000 0.000000 0.000000
vt -0.143909 0.000000 0.000000
vt -0.143299 -0.044782 0.000000
vt 0.000000 0.000000 0.000000
vt 0.000610 0.044782 0.000000
vt -0.142689 0.000000 0.000000
vt 0.000000 0.000000 0.000000
vt -0.143909 0.000000 0.000000
vt -0.143299 -0.044782 0.000000
vt 0.000000 0.000000 0.000000
vt 0.000610 0.044782 0.000000
vt -0.142689 0.000000 0.000000
vt 0.000000 0.000000 0.000000
vt -0.143909 0.000000 0.000000
vt -0.143299 -0.044782 0.000000
vt 0.000000 0.000000 0.000000
vt 0.000610 0.044782 0.000000
vt -0.142689 0.000000 0.000000
vt 0.000000 0.000000 0.000000
vt -0.143909 0.000000 0.000000
vt -0.143299 -0.044782 0.000000
vt 0.000000 0.000000 0.000000
vt 0.000207 -0.044785 0.000000
vt 0.144323 -0.000000 0.000000
vt 0.000000 0.000000 0.000000
vt 0.143909 -0.000000 0.000000
vt 0.144116 0.044785 0.000000
vt 0.000000 0.000000 0.000000
vt 0.000207 -0.044785 0.000000
vt 0.144323 0.000000 0.000000
vt 0.000000 0.000000 0.000000
vt 0.143909 0.000000 0.000000
vt 0.144116 0.044785 0.000000
vt 0.000000 0.000000 0.000000
vt 0.000207 -0.044785 0.000000
vt 0.144323 0.000000 0.000000
vt 0.000000 0.000000 0.000000
vt 0.143909 0.000000 0.000000
vt 0.144116 0.044785 0.000000
vt 0.000000 0.000000 0.000000
vt 0.000207 -0.044785 0.000000
vt 0.144323 0.000000 0.000000
vt 0.000000 0.000000 0.000000
vt 0.143909 0.000000 0.000000
vt 0.144116 0.044785 0.000000
vt 0.000000 0.000000 0.000000
vt 0.000207 -0.044785 0.000000
vt 0.144323 -0.000000 0.000000
vt 0.000000 0.000000 0.000000
vt 0.143909 0.000000 0.000000
vt 0.144116 0.044785 0.000000
vt 0.000000 0.000000 0.000000
vt 0.000207 -0.044785 0.000000
vt 0.144323 -0.000000 0.000000
vt 0.000000 0.000000 0.000000
vt 0.143909 0.000000 0.000000
vt 0.144116 0.044785 0.000000
vt 0.000000 0.000000 0.000000
vt 0.000207 -0.044785 0.000000
vt 0.144323 0.000000 0.000000
vt 0.000000 0.000000 0.000000
vt 0.143909 -0.000000 0.000000
vt 0.144116 0.044785 0.000000
vt 0.000000 0.000000 0.000000
vt 0.000207 -0.044785 0.000000
vt 0.144323 0.000000 0.000000
vt 0.000000 0.000000 0.000000
vt 0.143909 0.000000 0.000000
vt 0.144116 0.044785 0.000000
vt 0.000000 0.000000 0.000000
vt 0.000207 -0.044785 0.000000
vt 0.144323 0.000000 0.000000
vt 0.000000 0.000000 0.000000
vt 0.143909 0.000000 0.000000
vt 0.144116 0.044785 0.000000
vt 0.000000 0.000000 0.000000
vt 0.000207 -0.044785 0.000000
vt 0.144323 0.000000 0.000000
vt 0.000000 0.000000 0.000000
vt 0.143909 0.000000 0.000000
vt 0.144116 0.044785 0.000000
vt 0.000000 0.000000 0.000000
vt 0.000207 -0.044785 0.000000
vt 0.144323 0.000000 0.000000
vt 0.000000 0.000000 0.000000
vt 0.143909 -0.000000 0.000000
vt 0.144116 0.044785 0.000000
vt 0.000000 0.000000 0.000000
vt 0.000207 -0.044785 0.000000
vt 0.144323 0.000000 0.000000
vt 0.000000 0.000000 0.000000
vt 0.143909 0.000000 0.000000
vt 0.144116 0.044785 0.000000
vt 0.000000 0.000000 0.000000
vt 0.000207 -0.044785 0.000000
vt 0.144323 0.000000 0.000000
vt 0.000000 0.000000 0.000000
vt 0.143909 0.000000 0.000000
vt 0.144116 0.044785 0.000000
vt 0.000000 0.000000 0.000000
vt 0.000207 -0.044785 0.000000
vt 0.144323 0.000000 0.000000
vt 0.000000 0.000000 0.000000
vt 0.143909 -0.000000 0.000000
vt 0.144116 0.044785 0.000000
vt 0.000000 0.000000 0.000000
vt 0.000207 -0.044785 0.000000
vt 0.144323 0.000000 0.000000
vt 0.000000 0.000000 0.000000
vt 0.143909 0.000000 0.000000
vt 0.144116 0.044785 0.000000
vt 0.000000 0.000000 0.000000
vt 0.000207 -0.044785 0.000000
vt 0.144323 0.000000 0.000000
vt 0.000000 0.000000 0.000000
vt 0.143909 0.000000 0.000000
vt 0.144116 0.044785 0.000000
vt 0.000000 0.000000 0.000000
vt 0.000207 -0.044785 0.000000
vt 0.144323 0.000000 0.000000
vt 0.000000 0.000000 0.000000
vt 0.143909 0.000000 0.000000
vt 0.144116 0.044785 0.000000
vt 0.000000 0.000000 0.000000
vt 0.000207 -0.044785 0.000000
vt 0.144323 0.000000 0.000000
vt 0.000000 0.000000 0.000000
vt 0.143909 -0.000000 0.000000
vt 0.144116 0.044785 0.000000
vt 0.000000 0.000000 0.000000
vt 0.000207 -0.044785 0.000000
vt 0.144323 0.000000 0.000000
vt 0.000000 0.000000 0.000000
vt 0.143909 -0.000000 0.000000
vt 0.144116 0.044785 0.000000
vt 0.000000 0.000000 0.000000
vt 0.000207 -0.044785 0.000000
vt 0.144323 -0.000000 0.000000
vt 0.000000 0.000000 0.000000
vt 0.143909 0.000000 0.000000
vt 0.144116 0.044785 0.000000
vt 0.000000 0.000000 0.000000
vt 0.000207 -0.044785 0.000000
vt 0.144323 0.000000 0.000000
vt 0.000000 0.000000 0.000000
vt 0.143909 -0.000000 0.000000
vt 0.144116 0.044785 0.000000
vt 0.000000 0.000000 0.000000
vt 0.000207 -0.044785 0.000000
vt 0.144323 0.000000 0.000000
vt 0.000000 0.000000 0.000000
vt 0.143909 0.000000 0.000000
vt 0.144116 0.044785 0.000000
vt 0.000000 0.000000 0.000000
vt 0.000207 -0.044785 0.000000
vt 0.144323 -0.000000 0.000000
vt 0.000000 0.000000 0.000000
vt 0.143909 0.000000 0.000000
vt 0.144116 0.044785 0.000000
vt 0.000000 0.000000 0.000000
vt 0.000207 -0.044785 0.000000
vt 0.144323 0.000000 0.000000
vt 0.000000 0.000000 0.000000
vt 0.143909 -0.000000 0.000000
vt 0.144116 0.044785 0.000000
vt 0.000000 0.000000 0.000000
vt 0.000207 -0.044785 0.000000
vt 0.144323 -0.000000 0.000000
vt 0.000000 0.000000 0.000000
vt 0.143909 0.000000 0.000000
vt 0.144116 0.044785 0.000000
vt 0.000000 0.000000 0.000000
vt 0.000207 -0.044785 0.000000
vt 0.144323 0.000000 0.000000
vt 0.000000 0.000000 0.000000
vt 0.143909 -0.000000 0.000000
vt 0.144116 0.044785 0.000000
vt 0.000000 0.000000 0.000000
vt 0.000207 -0.044785 0.000000
vt 0.144323 -0.000000 0.000000
vt 0.000000 0.000000 0.000000
vt 0.143909 0.000000 0.000000
vt 0.144116 0.044785 0.000000
vt 0.000000 0.000000 0.000000
vt 0.000207 -0.044785 0.000000
vt 0.144323 0.000000 0.000000
vt 0.000000 0.000000 0.000000
vt 0.143909 -0.000000 0.000000
vt 0.144116 0.044785 0.000000
vt 0.000000 0.000000 0.000000
vt 0.000207 -0.044785 0.000000
vt 0.144323 0.000000 0.000000
vt 0.000000 0.000000 0.000000
vt 0.143909 0.000000 0.000000
vt 0.144116 0.044785 0.000000
vt 0.000000 0.000000 0.000000
vt 0.000207 -0.044785 0.000000
vt 0.144323 0.000000 0.000000
vt 0.000000 0.000000 0.000000
vt 0.143909 0.000000 0.000000
vt 0.144116 0.044785 0.000000
vt 0.000000 0.000000 0.000000
vt 0.000207 -0.044785 0.000000
vt 0.144323 0.000000 0.000000
vt 0.000000 0.000000 0.000000
vt 0.143909 0.000000 0.000000
vt 0.144116 0.044785 0.000000
vt 0.000000 0.000000 0.000000
vt 0.000207 -0.044785 0.000000
vt 0.144323 0.000000 0.000000
vt 0.000000 0.000000 0.000000
vt 0.143909 0.000000 0.000000
vt 0.144116 0.044785 0.000000
vt 0.000000 0.000000 0.000000
vt 0.000207 -0.044785 0.000000
vt 0.144323 0.000000 0.000000
vt 0.000000 0.000000 0.000000
vt 0.143909 0.000000 0.000000
vt 0.144116 0.044785 0.000000
vt 0.000000 0.000000 0.000000
vt 0.000207 -0.044785 0.000000
vt 0.144323 0.000000 0.000000
vt 0.000000 0.000000 0.000000
vt 0.143909 -0.000000 0.000000
vt 0.144116 0.044785 0.000000
vt 0.000000 0.000000 0.000000
vt 0.000207 -0.044785 0.000000
vt 0.144323 0.000000 0.000000
vt 0.000000 0.000000 0.000000
vt 0.143909 0.000000 0.000000
vt 0.144116 0.044785 0.000000
vt 0.000000 0.000000 0.000000
vt 0.000207 -0.044785 0.000000
vt 0.144323 0.000000 0.000000
vt 0.000000 0.000000 0.000000
vt 0.143909 0.000000 0.000000
vt 0.144116 0.044785 0.000000
vt 0.000000 0.000000 0.000000
vt 0.000207 -0.044785 0.000000
vt 0.144323 0.000000 0.000000
vt 0.000000 0.000000 0.000000
vt 0.143909 0.000000 0.000000
vt 0.144116 0.044785 0.000000
vt 0.000000 0.000000 0.000000
vt 0.000207 -0.044785 0.000000
vt 0.144323 -0.000000 0.000000
vt 0.000000 0.000000 0.000000
vt 0.143909 -0.000000 0.000000
vt 0.144116 0.044785 0.000000
vt 0.000000 0.000000 0.000000
vt 0.000207 -0.044785 0.000000
vt 0.144323 0.000000 0.000000
vt 0.000000 0.000000 0.000000
vt 0.143909 0.000000 0.000000
vt 0.144116 0.044785 0.000000
vt 0.000000 0.000000 0.000000
vt 0.000207 -0.044785 0.000000
vt 0.144323 -0.000000 0.000000
vt 0.000000 0.000000 0.000000
vt 0.143909 0.000000 0.000000
vt 0.144116 0.044785 0.000000
vt 0.000000 0.000000 0.000000
vt 0.000207 -0.044785 0.000000
vt 0.144323 0.000000 0.000000
vt 0.000000 0.000000 0.000000
vt 0.143909 -0.000000 0.000000
vt 0.144116 0.044785 0.000000
vt 0.000000 0.000000 0.000000
vt 0.000207 -0.044785 0.000000
vt 0.144323 0.000000 0.000000
vt 0.000000 0.000000 0.000000
vt 0.143909 0.000000 0.000000
vt 0.144116 0.044785 0.000000
vt 0.000000 0.000000 0.000000
vt 0.000207 -0.044785 0.000000
vt 0.144323 0.000000 0.000000
vt 0.000000 0.000000 0.000000
vt 0.143909 0.000000 0.000000
vt 0.144116 0.044785 0.000000
vt 0.000000 0.000000 0.000000
vt 0.000207 -0.044785 0.000000
vt 0.144323 0.000000 0.000000
vt 0.000000 0.000000 0.000000
vt 0.143909 0.000000 0.000000
vt 0.144116 0.044785 0.000000
vt 0.000000 0.000000 0.000000
vt 0.000207 -0.044785 0.000000
vt 0.144323 -0.000000 0.000000
vt 0.000000 0.000000 0.000000
vt 0.143909 -0.000000 0.000000
vt 0.144116 0.044785 0.000000
vt 0.000000 0.000000 0.000000
vt 0.000207 -0.044785 0.000000
vt 0.144323 0.000000 0.000000
vt 0.000000 0.000000 0.000000
vt 0.143909 0.000000 0.000000
vt 0.144116 0.044785 0.000000
vt 0.000000 0.000000 0.000000
vt 0.000207 -0.044785 0.000000
vt 0.144323 -0.000000 0.000000
vt 0.000000 0.000000 0.000000
vt 0.143909 0.000000 0.000000
vt 0.144116 0.044785 0.000000
vt 0.000000 0.000000 0.000000
vt 0.000207 -0.044785 0.000000
vt 0.144323 0.000000 0.000000
vt 0.000000 0.000000 0.000000
vt 0.143909 0.000000 0.000000
vt 0.144116 0.044785 0.000000
vt 0.000000 0.000000 0.000000
vt 0.000207 -0.044785 0.000000
vt 0.144323 0.000000 0.000000
vt 0.000000 0.000000 0.000000
vt 0.143909 0.000000 0.000000
vt 0.144116 0.044785 0.000000
vt 0.000000 0.000000 0.000000
vt 0.000207 -0.044785 0.000000
vt 0.144323 0.000000 0.000000
vt 0.000000 0.000000 0.000000
vt 0.143909 -0.000000 0.000000
vt 0.144116 0.044785 0.000000
vt 0.000000 0.000000 0.000000
vt 0.000207 -0.044785 0.000000
vt 0.144323 0.000000 0.000000
vt 0.000000 0.000000 0.000000
vt 0.143909 0.000000 0.000000
vt 0.144116 0.044785 0.000000
vt 0.000000 0.000000 0.000000
vt 0.000207 -0.044785 0.000000
vt 0.144323 -0.000000 0.000000
vt 0.000000 0.000000 0.000000
vt 0.143909 0.000000 0.000000
vt 0.144116 0.044785 0.000000
vt 0.000000 0.000000 0.000000
vt 0.000207 -0.044785 0.000000
vt 0.144323 0.000000 0.000000
vt 0.000000 0.000000 0.000000
vt 0.143909 0.000000 0.000000
vt 0.144116 0.044785 0.000000
vt 0.000000 0.000000 0.000000
vt 0.000207 -0.044785 0.000000
vt 0.144323 -0.000000 0.000000
vt 0.000000 0.000000 0.000000
vt 0.143909 0.000000 0.000000
vt 0.144116 0.044785 0.000000
vt 0.000000 0.000000 0.000000
vt 0.000207 -0.044785 0.000000
vt 0.144323 0.000000 0.000000
vt 0.000000 0.000000 0.000000
vt 0.143909 0.000000 0.000000
vt 0.144116 0.044785 0.000000
vt 0.000000 0.000000 0.000000
vt 0.000207 -0.044785 0.000000
vt 0.144323 0.000000 0.000000
vt 0.000000 0.000000 0.000000
vt 0.143909 0.000000 0.000000
vt 0.144116 0.044785 0.000000
vt 0.000000 0.000000 0.000000
vt 0.000207 -0.044785 0.000000
vt 0.144323 -0.000000 0.000000
vt 0.000000 0.000000 0.000000
vt 0.143909 0.000000 0.000000
vt 0.144116 0.044785 0.000000
vt 0.000000 0.000000 0.000000
vt 0.000207 -0.044785 0.000000
vt 0.144323 -0.000000 0.000000
vt 0.000000 0.000000 0.000000
vt 0.143909 0.000000 0.000000
vt 0.144116 0.044785 0.000000
vt 0.000000 0.000000 0.000000
vt 0.000207 -0.044785 0.000000
vt 0.144323 0.000000 0.000000
vt 0.000000 0.000000 0.000000
vt 0.143909 0.000000 0.000000
vt 0.144116 0.044785 0.000000
vt 0.000000 0.000000 0.000000
vt 0.000207 -0.044785 0.000000
vt 0.144323 0.000000 0.000000
vt 0.000000 0.000000 0.000000
vt 0.143909 0.000000 0.000000
vt 0.144116 0.044785 0.000000
vt 0.000000 0.000000 0.000000
vt 0.000207 -0.044785 0.000000
vt 0.144323 0.000000 0.000000
vt 0.000000 0.000000 0.000000
vt 0.143909 0.000000 0.000000
vt 0.144116 0.044785 0.000000
vt 0.000000 0.000000 0.000000
vt 0.000207 -0.044785 0.000000
vt 0.144323 0.000000 0.000000
vt 0.000000 0.000000 0.000000
vt 0.143909 0.000000 0.000000
vt 0.144116 0.044785 0.000000
vt 0.000000 0.000000 0.000000
vt 0.000207 -0.044785 0.000000
vt 0.144323 0.000000 0.000000
vt 0.000000 0.000000 0.000000
vt 0.143909 0.000000 0.000000
vt 0.144116 0.044785 0.000000
vt 0.000000 0.000000 0.000000
vt 0.000207 -0.044785 0.000000
vt 0.144323 -0.000000 0.000000
vt 0.000000 0.000000 0.000000
vt 0.143909 0.000000 0.000000
vt 0.144116 0.044785 0.000000
vt 0.000000 0.000000 0.000000
vt 0.000207 -0.044785 0.000000
vt 0.144323 -0.000000 0.000000
vt 0.000000 0.000000 0.000000
vt -0.144116 -0.044785 0.000000
vt -0.000207 -0.044785 0.000000
vt 0.000000 0.000000 0.000000
vt 0.000610 -0.044782 0.000000
vt 0.143909 0.000000 0.000000
vt 0.000000 0.000000 0.000000
vt -0.143299 -0.044782 0.000000
vt -0.000610 -0.044782 0.000000
vt 0.000000 0.000000 0.000000
vt 0.000982 -0.044775 0.000000
vt 0.142689 0.000000 0.000000
vt 0.000000 0.000000 0.000000
vt -0.141707 -0.044775 0.000000
vt -0.000982 -0.044775 0.000000
vt 0.000000 0.000000 0.000000
vt 0.001306 -0.044766 0.000000
vt 0.140724 -0.000000 0.000000
vt 0.000000 0.000000 0.000000
vt -0.139418 -0.044767 0.000000
vt -0.001306 -0.044767 0.000000
vt 0.000000 0.000000 0.000000
vt 0.001564 -0.044759 0.000000
vt 0.138113 0.000000 0.000000
vt 0.000000 0.000000 0.000000
vt -0.136549 -0.044759 0.000000
vt -0.001564 -0.044759 0.000000
vt 0.000000 0.000000 0.000000
vt -0.038939 -0.022126 0.000000
vt 0.062069 -0.119869 0.000000
vt 0.000000 0.000000 0.000000
vt -0.101008 0.097743 0.000000
vt -0.040542 -0.019030 0.000000
vt 0.000000 0.000000 0.000000
vt -0.062945 0.115455 0.000000
vt -0.040167 -0.019808 0.000000
vt 0.000000 0.000000 0.000000
vt -0.042740 -0.015854 0.000000
vt 0.022784 -0.135263 0.000000
vt 0.000000 0.000000 0.000000
vt 0.056040 0.000000 0.000000
vt 0.014144 0.044724 0.000000
vt 0.000000 0.000000 0.000000
vt 0.027659 0.044930 0.000000
vt -0.041676 0.044930 0.000000
vt 0.000000 0.000000 0.000000
vt 0.056040 0.000000 0.000000
vt 0.028020 0.044705 0.000000
vt 0.000000 0.000000 0.000000
vt 0.041676 0.044930 0.000000
vt -0.027659 0.044930 0.000000
vt 0.000000 0.000000 0.000000
vt 0.056040 -0.000000 0.000000
vt 0.041896 0.044724 0.000000
vt 0.000000 0.000000 0.000000
vt 0.055687 0.044878 0.000000
vt -0.013647 0.044878 0.000000
vt 0.000000 0.000000 0.000000
vt 0.056040 0.000000 0.000000
vt 0.055762 0.044785 0.000000
vt 0.000000 0.000000 0.000000
vt 0.056040 -0.000000 0.000000
vt 0.000278 0.044785 0.000000
vt 0.000000 0.000000 0.000000
vt 0.055687 -0.044878 0.000000
vt 0.069335 0.000000 0.000000
vt 0.000000 0.000000 0.000000
vt 0.056040 0.000000 0.000000
vt 0.014144 0.044724 0.000000
vt 0.000000 0.000000 0.000000
vt 0.041675 -0.044930 0.000000
vt 0.069334 -0.000000 0.000000
vt 0.000000 0.000000 0.000000
vt 0.056040 0.000000 0.000000
vt 0.028020 0.044705 0.000000
vt 0.000000 0.000000 0.000000
vt 0.027659 -0.044930 0.000000
vt 0.069334 0.000000 0.000000
vt 0.000000 0.000000 0.000000
vt 0.056040 -0.000000 0.000000
vt 0.041896 0.044724 0.000000
vt 0.000000 0.000000 0.000000
vt 0.013648 -0.044878 0.000000
vt 0.069335 -0.000000 0.000000
vt 0.000000 0.000000 0.000000
vt 0.056040 0.000000 0.000000
vt 0.055762 0.044785 0.000000
vt 0.000000 0.000000 0.000000
vt -0.000820 -0.044778 0.000000
vt 0.056040 0.000000 0.000000
vt 0.000000 0.000000 0.000000
vt 0.057682 0.000000 0.000000
vt 0.056861 0.044778 0.000000
vt 0.000000 0.000000 0.000000
vt -0.000821 -0.044778 0.000000
vt 0.056040 0.000000 0.000000
vt 0.000000 0.000000 0.000000
vt 0.057681 0.000000 0.000000
vt 0.056861 0.044778 0.000000
vt 0.000000 0.000000 0.000000
vt -0.000821 -0.044778 0.000000
vt 0.056040 -0.000000 0.000000
vt 0.000000 0.000000 0.000000
vt 0.057682 -0.000000 0.000000
vt 0.056861 0.044778 0.000000
vt 0.000000 0.000000 0.000000
vt -0.000821 -0.044778 0.000000
vt 0.056040 0.000000 0.000000
vt 0.000000 0.000000 0.000000
vt 0.057681 0.000000 0.000000
vt 0.056861 0.044778 0.000000
vt 0.000000 0.000000 0.000000
vt -0.000821 -0.044778 0.000000
vt 0.056040 0.000000 0.000000
vt 0.000000 0.000000 0.000000
vt 0.057681 0.000000 0.000000
vt 0.056861 0.044778 0.000000
vt 0.000000 0.000000 0.000000
vt -0.000821 -0.044778 0.000000
vt 0.056040 0.000000 0.000000
vt 0.000000 0.000000 0.000000
vt 0.057681 -0.000000 0.000000
vt 0.056861 0.044778 0.000000
vt 0.000000 0.000000 0.000000
vt -0.000821 -0.044778 0.000000
vt 0.056040 0.000000 0.000000
vt 0.000000 0.000000 0.000000
vt 0.057681 -0.000000 0.000000
vt 0.056861 0.044778 0.000000
vt 0.000000 0.000000 0.000000
vt -0.000821 -0.044778 0.000000
vt 0.056040 0.000000 0.000000
vt 0.000000 0.000000 0.000000
vt 0.057681 0.000000 0.000000
vt 0.056861 0.044778 0.000000
vt 0.000000 0.000000 0.000000
vt -0.000821 -0.044778 0.000000
vt 0.056040 0.000000 0.000000
vt 0.000000 0.000000 0.000000
vt 0.057682 0.000000 0.000000
vt 0.056861 0.044778 0.000000
vt 0.000000 0.000000 0.000000
vt -0.001322 -0.044766 0.000000
vt 0.057682 0.000000 0.000000
vt 0.000000 0.000000 0.000000
vt 0.060326 0.000000 0.000000
vt 0.059004 0.044766 0.000000
vt 0.000000 0.000000 0.000000
vt -0.001322 -0.044766 0.000000
vt 0.057681 0.000000 0.000000
vt 0.000000 0.000000 0.000000
vt 0.060325 0.000000 0.000000
vt 0.059003 0.044766 0.000000
vt 0.000000 0.000000 0.000000
vt -0.001322 -0.044766 0.000000
vt 0.057682 0.000000 0.000000
vt 0.000000 0.000000 0.000000
vt 0.060326 -0.000000 0.000000
vt 0.059004 0.044766 0.000000
vt 0.000000 0.000000 0.000000
vt -0.001322 -0.044766 0.000000
vt 0.057681 -0.000000 0.000000
vt 0.000000 0.000000 0.000000
vt 0.060325 0.000000 0.000000
vt 0.059004 0.044766 0.000000
vt 0.000000 0.000000 0.000000
vt -0.001322 -0.044766 0.000000
vt 0.057681 -0.000000 0.000000
vt 0.000000 0.000000 0.000000
vt 0.060325 0.000000 0.000000
vt 0.059004 0.044766 0.000000
vt 0.000000 0.000000 0.000000
vt -0.001322 -0.044766 0.000000
vt 0.057681 0.000000 0.000000
vt 0.000000 0.000000 0.000000
vt 0.060326 -0.000000 0.000000
vt 0.059004 0.044766 0.000000
vt 0.000000 0.000000 0.000000
vt -0.001322 -0.044766 0.000000
vt 0.057681 -0.000000 0.000000
vt 0.000000 0.000000 0.000000
vt 0.060326 0.000000 0.000000
vt 0.059003 0.044766 0.000000
vt 0.000000 0.000000 0.000000
vt -0.001322 -0.044766 0.000000
vt 0.057681 -0.000000 0.000000
vt 0.000000 0.000000 0.000000
vt 0.060325 0.000000 0.000000
vt 0.059003 0.044766 0.000000
vt 0.000000 0.000000 0.000000
vt -0.001322 -0.044766 0.000000
vt 0.057682 0.000000 0.000000
vt 0.000000 0.000000 0.000000
vt 0.060326 -0.000000 0.000000
vt 0.059004 0.044766 0.000000
vt 0.000000 0.000000 0.000000
vt -0.001757 -0.044751 0.000000
vt 0.060326 0.000000 0.000000
vt 0.000000 0.000000 0.000000
vt 0.063840 0.000000 0.000000
vt 0.062083 0.044751 0.000000
vt 0.000000 0.000000 0.000000
vt -0.001757 -0.044751 0.000000
vt 0.060325 0.000000 0.000000
vt 0.000000 0.000000 0.000000
vt 0.063840 0.000000 0.000000
vt 0.062082 0.044751 0.000000
vt 0.000000 0.000000 0.000000
vt -0.001757 -0.044751 0.000000
vt 0.060326 0.000000 0.000000
vt 0.000000 0.000000 0.000000
vt 0.063840 -0.000000 0.000000
vt 0.062083 0.044751 0.000000
vt 0.000000 0.000000 0.000000
vt -0.001757 -0.044751 0.000000
vt 0.060325 -0.000000 0.000000
vt 0.000000 0.000000 0.000000
vt 0.063840 -0.000000 0.000000
vt 0.062083 0.044751 0.000000
vt 0.000000 0.000000 0.000000
vt -0.001757 -0.044751 0.000000
vt 0.060325 0.000000 0.000000
vt 0.000000 0.000000 0.000000
vt 0.063840 0.000000 0.000000
vt 0.062082 0.044751 0.000000
vt 0.000000 0.000000 0.000000
vt -0.001757 -0.044751 0.000000
vt 0.060326 -0.000000 0.000000
vt 0.000000 0.000000 0.000000
vt 0.063840 0.000000 0.000000
vt 0.062083 0.044751 0.000000
vt 0.000000 0.000000 0.000000
vt -0.001757 -0.044751 0.000000
vt 0.060326 0.000000 0.000000
vt 0.000000 0.000000 0.000000
vt 0.063840 0.000000 0.000000
vt 0.062083 0.044751 0.000000
vt 0.000000 0.000000 0.000000
vt -0.001757 -0.044751 0.000000
vt 0.060325 -0.000000 0.000000
vt 0.000000 0.000000 0.000000
vt 0.063840 0.000000 0.000000
vt 0.062083 0.044751 0.000000
vt 0.000000 0.000000 0.000000
vt -0.001757 -0.044751 0.000000
vt 0.060326 0.000000 0.000000
vt 0.000000 0.000000 0.000000
vt 0.063840 0.000000 0.000000
vt 0.062083 0.044751 0.000000
vt 0.000000 0.000000 0.000000
vt -0.002104 -0.044736 0.000000
vt 0.063840 0.000000 0.000000
vt 0.000000 0.000000 0.000000
vt 0.068048 0.000000 0.000000
vt 0.065944 0.044736 0.000000
vt 0.000000 0.000000 0.000000
vt -0.002104 -0.044736 0.000000
vt 0.063840 0.000000 0.000000
vt 0.000000 0.000000 0.000000
vt 0.068048 -0.000000 0.000000
vt 0.065944 0.044736 0.000000
vt 0.000000 0.000000 0.000000
vt -0.002104 -0.044736 0.000000
vt 0.063840 0.000000 0.000000
vt 0.000000 0.000000 0.000000
vt 0.068048 -0.000000 0.000000
vt 0.065944 0.044736 0.000000
vt 0.000000 0.000000 0.000000
vt -0.002104 -0.044736 0.000000
vt 0.063840 0.000000 0.000000
vt 0.000000 0.000000 0.000000
vt 0.068047 0.000000 0.000000
vt 0.065944 0.044736 0.000000
vt 0.000000 0.000000 0.000000
vt -0.002104 -0.044736 0.000000
vt 0.063840 -0.000000 0.000000
vt 0.000000 0.000000 0.000000
vt 0.068048 -0.000000 0.000000
vt 0.065944 0.044736 0.000000
vt 0.000000 0.000000 0.000000
vt -0.002104 -0.044736 0.000000
vt 0.063840 0.000000 0.000000
vt 0.000000 0.000000 0.000000
vt 0.068048 0.000000 0.000000
vt 0.065944 0.044736 0.000000
vt 0.000000 0.000000 0.000000
vt -0.002104 -0.044737 0.000000
vt 0.063840 0.000000 0.000000
vt 0.000000 0.000000 0.000000
vt 0.068048 0.000000 0.000000
vt 0.065944 0.044736 0.000000
vt 0.000000 0.000000 0.000000
vt -0.002104 -0.044736 0.000000
vt 0.063840 0.000000 0.000000
vt 0.000000 0.000000 0.000000
vt 0.068048 0.000000 0.000000
vt 0.065944 0.044737 0.000000
vt 0.000000 0.000000 0.000000
vt -0.002104 -0.044737 0.000000
vt 0.063840 0.000000 0.000000
vt 0.000000 0.000000 0.000000
vt 0.068048 -0.000000 0.000000
vt 0.065944 0.044736 0.000000
vt 0.000000 0.000000 0.000000
vt -0.005534 0.044443 0.000000
vt -0.066993 -0.011933 0.000000
vt 0.000000 0.000000 0.000000
vt -0.071611 -0.012755 0.000000
vt -0.061460 -0.056375 0.000000
vt 0.000000 0.000000 0.000000
vt -0.010681 0.043494 0.000000
vt -0.065144 -0.019667 0.000000
vt 0.000000 0.000000 0.000000
vt -0.069635 -0.021023 0.000000
vt -0.054463 -0.063161 0.000000
vt 0.000000 0.000000 0.000000
vt -0.015648 0.041963 0.000000
vt -0.062427 -0.027082 0.000000
vt 0.000000 0.000000 0.000000
vt -0.066730 -0.028948 0.000000
vt -0.046779 -0.069045 0.000000
vt 0.000000 0.000000 0.000000
vt -0.020361 0.039890 0.000000
vt -0.058906 -0.034068 0.000000
vt 0.000000 0.000000 0.000000
vt -0.062966 -0.036416 0.000000
vt -0.038545 -0.073958 0.000000
vt 0.000000 0.000000 0.000000
vt -0.024757 0.037321 0.000000
vt -0.054658 -0.040534 0.000000
vt 0.000000 0.000000 0.000000
vt -0.058426 -0.043328 0.000000
vt -0.029901 -0.077855 0.000000
vt 0.000000 0.000000 0.000000
vt -0.028786 0.034309 0.000000
vt -0.049768 -0.046407 0.000000
vt 0.000000 0.000000 0.000000
vt -0.053198 -0.049607 0.000000
vt -0.020982 -0.080717 0.000000
vt 0.000000 0.000000 0.000000
vt -0.032407 0.030911 0.000000
vt -0.044323 -0.051632 0.000000
vt 0.000000 0.000000 0.000000
vt -0.047379 -0.055192 0.000000
vt -0.011916 -0.082544 0.000000
vt 0.000000 0.000000 0.000000
vt -0.035593 0.027183 0.000000
vt -0.038413 -0.056169 0.000000
vt 0.000000 0.000000 0.000000
vt -0.041061 -0.060041 0.000000
vt -0.002820 -0.083352 0.000000
vt 0.000000 0.000000 0.000000
vt -0.038321 0.023179 0.000000
vt -0.032120 -0.059990 0.000000
vt 0.000000 0.000000 0.000000
vt -0.034334 -0.064125 0.000000
vt 0.006201 -0.083168 0.000000
vt 0.000000 0.000000 0.000000
vt 0.035722 0.063363 0.000000
vt -0.040166 0.019810 0.000000
vt 0.000000 0.000000 0.000000
vt 0.075887 0.043556 0.000000
vt 0.042838 0.074914 0.000000
vt 0.000000 0.000000 0.000000
vt 0.042509 0.059025 0.000000
vt -0.033033 0.031375 0.000000
vt 0.000000 0.000000 0.000000
vt 0.075539 0.027656 0.000000
vt 0.051705 0.069093 0.000000
vt 0.000000 0.000000 0.000000
vt 0.048781 0.053956 0.000000
vt -0.023805 0.041453 0.000000
vt 0.000000 0.000000 0.000000
vt 0.072586 0.012509 0.000000
vt 0.059804 0.062215 0.000000
vt 0.000000 0.000000 0.000000
vt 0.054461 0.048217 0.000000
vt -0.012741 0.049717 0.000000
vt 0.000000 0.000000 0.000000
vt 0.067202 -0.001501 0.000000
vt 0.067008 0.054381 0.000000
vt 0.000000 0.000000 0.000000
vt 0.059475 0.041876 0.000000
vt -0.000146 0.055881 0.000000
vt 0.000000 0.000000 0.000000
vt 0.059619 -0.014016 0.000000
vt 0.073202 0.045703 0.000000
vt 0.000000 0.000000 0.000000
vt 0.063759 0.035010 0.000000
vt 0.013632 0.059708 0.000000
vt 0.000000 0.000000 0.000000
vt 0.050117 -0.024719 0.000000
vt 0.078286 0.036312 0.000000
vt 0.000000 0.000000 0.000000
vt 0.067256 0.027703 0.000000
vt 0.028211 0.061012 0.000000
vt 0.000000 0.000000 0.000000
vt 0.039022 -0.033338 0.000000
vt 0.082175 0.026353 0.000000
vt 0.000000 0.000000 0.000000
vt 0.069923 0.020044 0.000000
vt 0.043183 0.059669 0.000000
vt 0.000000 0.000000 0.000000
vt 0.026699 -0.039651 0.000000
vt 0.084805 0.015978 0.000000
vt 0.000000 0.000000 0.000000
vt 0.071720 0.012131 0.000000
vt 0.058123 0.055613 0.000000
vt 0.000000 0.000000 0.000000
vt 0.013542 -0.043500 0.000000
vt 0.086131 0.005354 0.000000
vt 0.000000 0.000000 0.000000
vt -0.072594 -0.048847 0.000000
vt 0.000031 -0.044786 0.000000
vt 0.000000 0.000000 0.000000
vt 0.004970 -0.044509 0.000000
vt 0.072613 0.004276 0.000000
vt 0.000000 0.000000 0.000000
vt -0.067642 -0.048785 0.000000
vt 0.000288 -0.044785 0.000000
vt 0.000000 0.000000 0.000000
vt -0.002104 0.044736 0.000000
vt -0.068048 0.000000 0.000000
vt 0.000000 0.000000 0.000000
vt 0.065944 0.044736 0.000000
vt 0.002104 0.044736 0.000000
vt 0.000000 0.000000 0.000000
vt -0.001757 0.044751 0.000000
vt -0.063840 -0.000000 0.000000
vt 0.000000 0.000000 0.000000
vt 0.062083 0.044751 0.000000
vt 0.001757 0.044751 0.000000
vt 0.000000 0.000000 0.000000
vt -0.001322 0.044766 0.000000
vt -0.060326 0.000000 0.000000
vt 0.000000 0.000000 0.000000
vt 0.059003 0.044766 0.000000
vt 0.001322 0.044766 0.000000
vt 0.000000 0.000000 0.000000
vt -0.000821 0.044778 0.000000
vt -0.057681 0.000000 0.000000
vt 0.000000 0.000000 0.000000
vt 0.056861 0.044778 0.000000
vt 0.000821 0.044778 0.000000
vt 0.000000 0.000000 0.000000
vt 0.056040 0.000000 0.000000
vt 0.000278 0.044785 0.000000
vt 0.000000 0.000000 0.000000
vt 0.013648 0.044878 0.000000
vt -0.055687 0.044878 0.000000
vt 0.000000 0.000000 0.000000
vt -0.076550 -1.484920 0.000000
vt -0.000000 -1.484920 0.000000
vt 0.000000 0.000000 0.000000
vt 0.076549 0.000000 0.000000
vt 0.000000 0.000000 0.000000
vt -0.076549 -1.484920 0.000000
vt -0.000000 -1.484920 0.000000
vt 0.000000 0.000000 0.000000
vt -0.076549 0.000000 0.000000
vt -0.076549 -1.484920 0.000000
vt 0.000000 0.000000 0.000000
vt -0.076550 0.000000 0.000000
vt -0.076550 -1.484920 0.000000
vt 0.000000 0.000000 0.000000
vt -0.076549 -1.484920 0.000000
vt -0.000000 -1.484920 0.000000
vt 0.000000 0.000000 0.000000
vt -0.000000 -1.484920 0.000000
vt 0.076550 0.000000 0.000000
vt 0.000000 0.000000 0.000000
vt -0.076550 -1.484920 0.000000
vt -0.000000 -1.484920 0.000000
vt 0.000000 0.000000 0.000000
vt -0.076549 0.000000 0.000000
vt -0.076549 -1.484920 0.000000
vt 0.000000 0.000000 0.000000
vt -0.076550 -1.484920 0.000000
vt -0.000000 -1.484920 0.000000
vt 0.000000 0.000000 0.000000
vt -0.000000 -1.484920 0.000000
vt 0.076549 0.000000 0.000000
vt 0.000000 0.000000 0.000000
vt -0.076549 -1.484920 0.000000
vt -0.000000 -1.484920 0.000000
vt 0.000000 0.000000 0.000000
vt -0.076549 0.000000 0.000000
vt -0.076549 -1.484920 0.000000
vt 0.000000 0.000000 0.000000
vt -0.076549 -1.484920 0.000000
vt -0.000000 -1.484920 0.000000
vt 0.000000 0.000000 0.000000
vt -0.000000 -1.484920 0.000000
vt 0.076549 0.000000 0.000000
vt 0.000000 0.000000 0.000000
vt -0.076549 -1.484920 0.000000
vt -0.000000 -1.484920 0.000000
vt 0.000000 0.000000 0.000000
vt -0.076549 0.000000 0.000000
vt -0.076549 -1.484920 0.000000
vt 0.000000 0.000000 0.000000
vt -0.076549 -1.484920 0.000000
vt -0.000000 -1.484920 0.000000
vt 0.000000 0.000000 0.000000
vt -0.000000 -1.484920 0.000000
vt 0.076549 0.000000 0.000000
vt 0.000000 0.000000 0.000000
vt -0.076549 -1.484920 0.000000
vt -0.000000 -1.484920 0.000000
vt 0.000000 0.000000 0.000000
vt -0.076549 0.000000 0.000000
vt -0.076549 -1.484920 0.000000
vt 0.000000 0.000000 0.000000
vt -0.076549 -1.484920 0.000000
vt -0.000000 -1.484920 0.000000
vt 0.000000 0.000000 0.000000
vt -0.000000 -1.484920 0.000000
vt 0.076549 0.000000 0.000000
vt 0.000000 0.000000 0.000000
vt -0.076549 -1.484920 0.000000
vt -0.000000 -1.484920 0.000000
vt 0.000000 0.000000 0.000000
vt -0.076549 0.000000 0.000000
vt -0.076549 -1.484920 0.000000
vt 0.000000 0.000000 0.000000
vt -0.076549 -1.484920 0.000000
vt -0.000000 -1.484920 0.000000
vt 0.000000 0.000000 0.000000
vt -0.000000 -1.484920 0.000000
vt 0.076549 0.000000 0.000000
vt 0.000000 0.000000 0.000000
vt -0.076549 -1.484920 0.000000
vt -0.000000 -1.484920 0.000000
vt 0.000000 0.000000 0.000000
vt -0.076549 0.000000 0.000000
vt -0.076549 -1.484920 0.000000
vt 0.000000 0.000000 0.000000
vt -0.076549 -1.484920 0.000000
vt -0.000000 -1.484920 0.000000
vt 0.000000 0.000000 0.000000
vt -0.000000 -1.484920 0.000000
vt 0.076549 0.000000 0.000000
vt 0.000000 0.000000 0.000000
vt -0.076549 -1.484920 0.000000
vt -0.000000 -1.484920 0.000000
vt 0.000000 0.000000 0.000000
vt -0.076549 0.000000 0.000000
vt -0.076549 -1.484920 0.000000
vt 0.000000 0.000000 0.000000
vt -0.076549 -1.484920 0.000000
vt -0.000000 -1.484920 0.000000
vt 0.000000 0.000000 0.000000
vt -0.000000 -1.484920 0.000000
vt 0.076549 0.000000 0.000000
vt 0.000000 0.000000 0.000000
vt -0.076549 -1.484920 0.000000
vt -0.000000 -1.484920 0.000000
vt 0.000000 0.000000 0.000000
vt -0.076549 0.000000 0.000000
vt -0.076549 -1.484920 0.000000
vt 0.000000 0.000000 0.000000
vt -0.076549 -1.484920 0.000000
vt -0.000000 -1.484920 0.000000
vt 0.000000 0.000000 0.000000
vt 0.000000 -1.484920 0.000000
vt 0.076549 0.000000 0.000000
vt 0.000000 0.000000 0.000000
vt -0.076549 -1.484920 0.000000
vt 0.000000 -1.484920 0.000000
vt 0.000000 0.000000 0.000000
vt -0.076549 0.000000 0.000000
vt -0.076549 -1.484920 0.000000
vt 0.000000 0.000000 0.000000
vt -0.076549 -1.484920 0.000000
vt 0.000000 -1.484920 0.000000
vt 0.000000 0.000000 0.000000
vt 0.000000 -1.484920 0.000000
vt 0.076549 0.000000 0.000000
vt 0.000000 0.000000 0.000000
vt -0.076549 -1.484920 0.000000
vt 0.000000 -1.484920 0.000000
vt 0.000000 0.000000 0.000000
vt -0.076549 0.000000 0.000000
vt -0.076549 -1.484920 0.000000
vt 0.000000 0.000000 0.000000
vt -0.076549 -1.484920 0.000000
vt 0.000000 -1.484920 0.000000
vt 0.000000 0.000000 0.000000
vt 0.000000 -1.484920 0.000000
vt 0.076549 0.000000 0.000000
vt 0.000000 0.000000 0.000000
vt -0.076549 -1.484920 0.000000
vt 0.000000 -1.484920 0.000000
vt 0.000000 0.000000 0.000000
vt -0.076549 0.000000 0.000000
vt -0.076549 -1.484920 0.000000
vt 0.000000 0.000000 0.000000
vt -0.076549 -1.484920 0.000000
vt 0.000000 -1.484920 0.000000
vt 0.000000 0.000000 0.000000
vt 0.000000 -1.484920 0.000000
vt 0.076549 0.000000 0.000000
vt 0.000000 0.000000 0.000000
vt -0.076549 -1.484920 0.000000
vt 0.000000 -1.484920 0.000000
vt 0.000000 0.000000 0.000000
vt -0.076549 0.000000 0.000000
vt -0.076549 -1.484920 0.000000
vt 0.000000 0.000000 0.000000
vt -0.076549 -1.484920 0.000000
vt 0.000000 -1.484920 0.000000
vt 0.000000 0.000000 0.000000
vt 0.000000 -1.484920 0.000000
vt 0.076549 0.000000 0.000000
vt 0.000000 0.000000 0.000000
vt -0.076549 -1.484920 0.000000
vt 0.000000 -1.484920 0.000000
vt 0.000000 0.000000 0.000000
vt -0.076549 0.000000 0.000000
vt -0.076549 -1.484920 0.000000
vt 0.000000 0.000000 0.000000
vt -0.076549 -1.484920 0.000000
vt 0.000000 -1.484920 0.000000
vt 0.000000 0.000000 0.000000
vt 0.000000 -1.484920 0.000000
vt 0.076549 0.000000 0.000000
vt 0.000000 0.000000 0.000000
vt -0.076549 -1.484920 0.000000
vt 0.000000 -1.484920 0.000000
vt 0.000000 0.000000 0.000000
vt -0.076549 0.000000 0.000000
vt -0.076549 -1.484920 0.000000
vt 0.000000 0.000000 0.000000
vt -0.076549 -1.484920 0.000000
vt 0.000000 -1.484920 0.000000
vt 0.000000 0.000000 0.000000
vt 0.000000 -1.484920 0.000000
vt 0.076549 0.000000 0.000000
vt 0.000000 0.000000 0.000000
vt -0.076549 -1.484920 0.000000
vt 0.000000 -1.484920 0.000000
vt 0.000000 0.000000 0.000000
vt -0.076550 0.000000 0.000000
vt -0.076550 -1.484920 0.000000
vt 0.000000 0.000000 0.000000
vt -0.076549 -1.484920 0.000000
vt 0.000000 -1.484920 0.000000
vt 0.000000 0.000000 0.000000
vt 0.000000 -1.484920 0.000000
vt 0.076550 0.000000 0.000000
vt 0.000000 0.000000 0.000000
vt -0.076550 -1.484920 0.000000
vt 0.000000 -1.484920 0.000000
vt 0.000000 0.000000 0.000000
vt -0.076549 0.000000 0.000000
vt -0.076549 -1.484920 0.000000
vt 0.000000 0.000000 0.000000
vt -0.076550 -1.484920 0.000000
vt 0.000000 -1.484920 0.000000
vt 0.000000 0.000000 0.000000
vt 0.000000 -1.484920 0.000000
vt 0.076549 0.000000 0.000000
vt 0.000000 0.000000 0.000000
vt -0.076549 -1.484920 0.000000
vt 0.000000 -1.484920 0.000000
vt 0.000000 0.000000 0.000000
vt -0.076549 -1.484920 0.000000
vt 0.000000 -1.484920 0.000000
vt 0.000000 0.000000 0.000000
vt 0.000000 1.484920 0.000000
vt -0.076550 0.000000 0.000000
vt 0.000000 0.000000 0.000000
vt 0.076549 0.000000 0.000000
vt 0.076549 1.484920 0.000000
vt 0.000000 0.000000 0.000000
vt 0.076550 1.484920 0.000000
vt 0.000000 1.484920 0.000000
vt 0.000000 0.000000 0.000000
vt 0.076550 1.484920 0.000000
vt 0.000000 1.484920 0.000000
vt 0.000000 0.000000 0.000000
vt -0.076549 -1.484920 0.000000
vt 0.000000 -1.484920 0.000000
vt 0.000000 0.000000 0.000000
vt 0.000000 -1.484920 0.000000
vt 0.076549 0.000000 0.000000
vt 0.000000 0.000000 0.000000
vt 0.000000 1.484920 0.000000
vt -0.076549 0.000000 0.000000
vt 0.000000 0.000000 0.000000
vt -0.076549 0.000000 0.000000
vt -0.076549 -1.484920 0.000000
vt 0.000000 0.000000 0.000000
vt 0.000000 1.484920 0.000000
vt -0.076550 0.000000 0.000000
vt 0.000000 0.000000 0.000000
vt -0.076550 0.000000 0.000000
vt -0.076550 -1.484920 0.000000
vt 0.000000 0.000000 0.000000
vt 0.000000 1.484920 0.000000
vt -0.076549 0.000000 0.000000
vt 0.000000 0.000000 0.000000
vt -0.076549 0.000000 0.000000
vt -0.076549 -1.484920 0.000000
vt 0.000000 0.000000 0.000000
vt 0.000000 1.484920 0.000000
vt -0.076549 0.000000 0.000000
vt 0.000000 0.000000 0.000000
vt -0.076549 0.000000 0.000000
vt -0.076549 -1.484920 0.000000
vt 0.000000 0.000000 0.000000
vt 0.000000 1.484920 0.000000
vt -0.076549 0.000000 0.000000
vt 0.000000 0.000000 0.000000
vt -0.076549 0.000000 0.000000
vt -0.076549 -1.484920 0.000000
vt 0.000000 0.000000 0.000000
vt 0.000000 1.484920 0.000000
vt -0.076549 0.000000 0.000000
vt 0.000000 0.000000 0.000000
vt -0.076549 0.000000 0.000000
vt -0.076549 -1.484920 0.000000
vt 0.000000 0.000000 0.000000
vt 0.000000 1.484920 0.000000
vt -0.076549 0.000000 0.000000
vt 0.000000 0.000000 0.000000
vt -0.076549 0.000000 0.000000
vt -0.076549 -1.484920 0.000000
vt 0.000000 0.000000 0.000000
vt 0.000000 1.484920 0.000000
vt -0.076549 0.000000 0.000000
vt 0.000000 0.000000 0.000000
vt -0.076549 0.000000 0.000000
vt -0.076549 -1.484920 0.000000
vt 0.000000 0.000000 0.000000
vt 0.000000 1.484920 0.000000
vt -0.076549 0.000000 0.000000
vt 0.000000 0.000000 0.000000
vt -0.076549 0.000000 0.000000
vt -0.076549 -1.484920 0.000000
vt 0.000000 0.000000 0.000000
vt 0.000000 1.484920 0.000000
vt -0.076549 0.000000 0.000000
vt 0.000000 0.000000 0.000000
vt -0.076549 0.000000 0.000000
vt -0.076549 -1.484920 0.000000
vt 0.000000 0.000000 0.000000
vt 0.000000 1.484920 0.000000
vt -0.076549 0.000000 0.000000
vt 0.000000 0.000000 0.000000
vt -0.076549 0.000000 0.000000
vt -0.076549 -1.484920 0.000000
vt 0.000000 0.000000 0.000000
vt 0.000000 1.484920 0.000000
vt -0.076549 0.000000 0.000000
vt 0.000000 0.000000 0.000000
vt -0.076549 0.000000 0.000000
vt -0.076549 -1.484920 0.000000
vt 0.000000 0.000000 0.000000
vt 0.000000 1.484920 0.000000
vt -0.076549 0.000000 0.000000
vt 0.000000 0.000000 0.000000
vt -0.076549 0.000000 0.000000
vt -0.076549 -1.484920 0.000000
vt 0.000000 0.000000 0.000000
vt 0.000000 1.484920 0.000000
vt -0.076549 0.000000 0.000000
vt 0.000000 0.000000 0.000000
vt -0.076549 0.000000 0.000000
vt -0.076549 -1.484920 0.000000
vt 0.000000 0.000000 0.000000
vt 0.000000 1.484920 0.000000
vt -0.076549 0.000000 0.000000
vt 0.000000 0.000000 0.000000
vt -0.076549 0.000000 0.000000
vt -0.076549 -1.484920 0.000000
vt 0.000000 0.000000 0.000000
vt 0.000000 1.484920 0.000000
vt -0.076549 0.000000 0.000000
vt 0.000000 0.000000 0.000000
vt -0.076549 0.000000 0.000000
vt -0.076549 -1.484920 0.000000
vt 0.000000 0.000000 0.000000
vt 0.000000 1.484920 0.000000
vt -0.076550 0.000000 0.000000
vt 0.000000 0.000000 0.000000
vt -0.076550 0.000000 0.000000
vt -0.076550 -1.484920 0.000000
vt 0.000000 0.000000 0.000000
vt 0.000000 1.484920 0.000000
vt -0.076549 0.000000 0.000000
vt 0.000000 0.000000 0.000000
vt -0.076549 0.000000 0.000000
vt -0.076549 -1.484920 0.000000
vt 0.000000 0.000000 0.000000
vt 0.000000 1.484920 0.000000
vt -0.076550 0.000000 0.000000
vt 0.000000 0.000000 0.000000
vt -0.076550 0.000000 0.000000
vt -0.076550 -1.484920 0.000000
vt 0.000000 0.000000 0.000000
vt 0.000000 1.484920 0.000000
vt -0.076549 0.000000 0.000000
vt 0.000000 0.000000 0.000000
vt -0.076549 0.000000 0.000000
vt -0.076549 -1.484920 0.000000
vt 0.000000 0.000000 0.000000
vt -0.076550 0.000000 0.000000
vt -0.076550 -1.484920 0.000000
vt 0.000000 0.000000 0.000000
vt -0.076549 0.000000 0.000000
vt -0.076549 -1.484920 0.000000
vt 0.000000 0.000000 0.000000
vt 0.000000 1.484920 0.000000
vt -0.076550 0.000000 0.000000
vt 0.000000 0.000000 0.000000
vt -0.076550 0.000000 0.000000
vt -0.076550 -1.484920 0.000000
vt 0.000000 0.000000 0.000000
vt -0.076549 0.000000 0.000000
vt -0.076549 -1.484920 0.000000
vt 0.000000 0.000000 0.000000
vt 0.000000 1.484920 0.000000
vt -0.076549 0.000000 0.000000
vt 0.000000 0.000000 0.000000
vt -0.076549 0.000000 0.000000
vt -0.076549 -1.484920 0.000000
vt 0.000000 0.000000 0.000000
vt 0.000000 1.484920 0.000000
vt -0.076550 0.000000 0.000000
vt 0.000000 0.000000 0.000000
vt -0.076550 0.000000 0.000000
vt -0.076550 -1.484920 0.000000
vt 0.000000 0.000000 0.000000
vt -0.001819 1.484920 0.000000
vt -0.074730 0.000000 0.000000
vt 0.000000 0.000000 0.000000
vt -0.076549 0.000000 0.000000
vt -0.072910 -1.484920 0.000000
vt 0.000000 0.000000 0.000000
vt -0.003640 1.484920 0.000000
vt -0.074731 0.000000 0.000000
vt 0.000000 0.000000 0.000000
vt -0.076550 0.000000 0.000000
vt -0.071090 -1.484920 0.000000
vt 0.000000 0.000000 0.000000
vt -0.005460 1.484920 0.000000
vt -0.074730 -0.000000 0.000000
vt 0.000000 0.000000 0.000000
vt -0.076549 0.000000 0.000000
vt -0.069269 -1.484920 0.000000
vt 0.000000 0.000000 0.000000
vt -0.007280 1.484920 0.000000
vt -0.074730 0.000000 0.000000
vt 0.000000 0.000000 0.000000
vt -0.076549 0.000000 0.000000
vt -0.067448 -1.484920 0.000000
vt 0.000000 0.000000 0.000000
vt -0.009102 1.484920 0.000000
vt -0.074730 -0.000000 0.000000
vt 0.000000 0.000000 0.000000
vt -0.076549 0.000000 0.000000
vt -0.065627 -1.484920 0.000000
vt 0.000000 0.000000 0.000000
vt -0.010924 1.484920 0.000000
vt -0.074730 0.000000 0.000000
vt 0.000000 0.000000 0.000000
vt -0.076549 0.000000 0.000000
vt -0.063805 -1.484920 0.000000
vt 0.000000 0.000000 0.000000
vt -0.012746 1.484920 0.000000
vt -0.074730 0.000000 0.000000
vt 0.000000 0.000000 0.000000
vt -0.076549 0.000000 0.000000
vt -0.061983 -1.484921 0.000000
vt 0.000000 0.000000 0.000000
vt -0.014568 1.484921 0.000000
vt -0.074730 -0.000000 0.000000
vt 0.000000 0.000000 0.000000
vt -0.076549 0.000000 0.000000
vt -0.060160 -1.484921 0.000000
vt 0.000000 0.000000 0.000000
vt -0.016391 1.484921 0.000000
vt -0.074730 0.000000 0.000000
vt 0.000000 0.000000 0.000000
vt -0.076549 0.000000 0.000000
vt -0.058338 -1.484921 0.000000
vt 0.000000 0.000000 0.000000
vt -0.018214 1.484921 0.000000
vt -0.074730 0.000000 0.000000
vt 0.000000 0.000000 0.000000
vt -0.076549 -0.000000 0.000000
vt -0.056514 -1.484921 0.000000
vt 0.000000 0.000000 0.000000
vt -0.020037 1.484921 0.000000
vt -0.074730 0.000000 0.000000
vt 0.000000 0.000000 0.000000
vt -0.076549 0.000000 0.000000
vt -0.054691 -1.484921 0.000000
vt 0.000000 0.000000 0.000000
vt -0.021860 1.484921 0.000000
vt -0.074730 0.000000 0.000000
vt 0.000000 0.000000 0.000000
vt -0.076549 0.000000 0.000000
vt -0.052867 -1.484921 0.000000
vt 0.000000 0.000000 0.000000
vt -0.023684 1.484921 0.000000
vt -0.074730 -0.000000 0.000000
vt 0.000000 0.000000 0.000000
vt -0.076549 0.000000 0.000000
vt -0.051044 -1.484921 0.000000
vt 0.000000 0.000000 0.000000
vt -0.025508 1.484921 0.000000
vt -0.074730 0.000000 0.000000
vt 0.000000 0.000000 0.000000
vt -0.076549 0.000000 0.000000
vt -0.049220 -1.484921 0.000000
vt 0.000000 0.000000 0.000000
vt -0.027332 1.484921 0.000000
vt -0.074730 0.000000 0.000000
vt 0.000000 0.000000 0.000000
vt -0.076549 0.000000 0.000000
vt -0.047396 -1.484921 0.000000
vt 0.000000 0.000000 0.000000
vt -0.029156 1.484921 0.000000
vt -0.074730 -0.000000 0.000000
vt 0.000000 0.000000 0.000000
vt -0.076549 0.000000 0.000000
vt -0.045572 -1.484921 0.000000
vt 0.000000 0.000000 0.000000
vt -0.030980 1.484921 0.000000
vt -0.074730 -0.000000 0.000000
vt 0.000000 0.000000 0.000000
vt -0.076550 0.000000 0.000000
vt -0.043748 -1.484921 0.000000
vt 0.000000 0.000000 0.000000
vt -0.032804 1.484921 0.000000
vt -0.074731 0.000000 0.000000
vt 0.000000 0.000000 0.000000
vt -0.076549 -0.000000 0.000000
vt -0.041924 -1.484921 0.000000
vt 0.000000 0.000000 0.000000
vt -0.034628 1.484921 0.000000
vt -0.074730 0.000000 0.000000
vt 0.000000 0.000000 0.000000
vt -0.076550 0.000000 0.000000
vt -0.040099 -1.484921 0.000000
vt 0.000000 0.000000 0.000000
vt -0.036453 -0.360323 0.000000
vt 0.038277 -0.360323 0.000000
vt 0.000000 0.000000 0.000000
vt -0.036453 1.484921 0.000000
vt -0.074730 0.000000 0.000000
vt 0.000000 0.000000 0.000000
vt 0.038302 1.484920 0.000000
vt 0.000000 1.124600 0.000000
vt 0.000000 0.000000 0.000000
vt 0.000000 1.484920 0.000000
vt -0.038302 -0.360320 0.000000
vt 0.000000 0.000000 0.000000
vt 0.038224 1.845242 0.000000
vt -0.038300 0.360320 0.000000
vt 0.000000 0.000000 0.000000
vt -0.076549 0.000000 0.000000
vt -0.076549 -1.484920 0.000000
vt 0.000000 0.000000 0.000000
vt 0.000000 1.484920 0.000000
vt -0.036479 -0.360320 0.000000
vt 0.000000 0.000000 0.000000
vt -0.076525 -1.484921 0.000000
vt -0.036402 -1.845242 0.000000
vt 0.000000 0.000000 0.000000
vt -0.040102 0.360323 0.000000
vt -0.074731 0.000000 0.000000
vt 0.000000 0.000000 0.000000
vt 0.000000 1.484920 0.000000
vt -0.034657 -0.360320 0.000000
vt 0.000000 0.000000 0.000000
vt -0.076527 -1.484921 0.000000
vt -0.034581 -1.845242 0.000000
vt 0.000000 0.000000 0.000000
vt -0.032804 -0.360323 0.000000
vt 0.041926 -0.360323 0.000000
vt 0.000000 0.000000 0.000000
vt -0.076549 0.000000 0.000000
vt -0.076549 -1.484920 0.000000
vt 0.000000 0.000000 0.000000
vt -0.076549 -1.484920 0.000000
vt 0.000000 -1.484920 0.000000
vt 0.000000 0.000000 0.000000
vt -0.076549 0.000000 0.000000
vt -0.076549 -1.484920 0.000000
vt 0.000000 0.000000 0.000000
vt -0.076549 -1.484920 0.000000
vt 0.000000 -1.484920 0.000000
vt 0.000000 0.000000 0.000000
vt -0.076549 0.000000 0.000000
vt -0.076549 -1.484920 0.000000
vt 0.000000 0.000000 0.000000
vt -0.076549 -1.484920 0.000000
vt 0.000000 -1.484920 0.000000
vt 0.000000 0.000000 0.000000
vt -0.076549 0.000000 0.000000
vt -0.032801 -0.360323 0.000000
vt 0.000000 0.000000 0.000000
vt -0.030980 -0.360323 0.000000
vt 0.043750 -0.360323 0.000000
vt 0.000000 0.000000 0.000000
vt -0.076549 0.000000 0.000000
vt -0.076549 -1.484920 0.000000
vt 0.000000 0.000000 0.000000
vt -0.076549 -1.484920 0.000000
vt 0.000000 -1.484920 0.000000
vt 0.000000 0.000000 0.000000
vt -0.076549 0.000000 0.000000
vt -0.076549 -1.484920 0.000000
vt 0.000000 0.000000 0.000000
vt -0.076549 -1.484920 0.000000
vt 0.000000 -1.484920 0.000000
vt 0.000000 0.000000 0.000000
vt -0.076549 0.000000 0.000000
vt -0.076549 -1.484920 0.000000
vt 0.000000 0.000000 0.000000
vt -0.076549 -1.484920 0.000000
vt 0.000000 -1.484920 0.000000
vt 0.000000 0.000000 0.000000
vt -0.076549 0.000000 0.000000
vt -0.030977 -0.360323 0.000000
vt 0.000000 0.000000 0.000000
vt -0.029156 -0.360323 0.000000
vt 0.045575 -0.360323 0.000000
vt 0.000000 0.000000 0.000000
vt -0.076549 0.000000 0.000000
vt -0.076549 -1.484920 0.000000
vt 0.000000 0.000000 0.000000
vt -0.076549 -1.484920 0.000000
vt 0.000000 -1.484920 0.000000
vt 0.000000 0.000000 0.000000
vt -0.076549 0.000000 0.000000
vt -0.076549 -1.484920 0.000000
vt 0.000000 0.000000 0.000000
vt -0.076549 -1.484920 0.000000
vt 0.000000 -1.484920 0.000000
vt 0.000000 0.000000 0.000000
vt -0.076549 0.000000 0.000000
vt -0.076549 -1.484920 0.000000
vt 0.000000 0.000000 0.000000
vt -0.076549 -1.484920 0.000000
vt 0.000000 -1.484920 0.000000
vt 0.000000 0.000000 0.000000
vt -0.076549 -0.000000 0.000000
vt -0.029153 -0.360323 0.000000
vt 0.000000 0.000000 0.000000
vt -0.027332 -0.360322 0.000000
vt 0.047398 -0.360322 0.000000
vt 0.000000 0.000000 0.000000
vt -0.076549 0.000000 0.000000
vt -0.076549 -1.484920 0.000000
vt 0.000000 0.000000 0.000000
vt -0.076549 -1.484920 0.000000
vt 0.000000 -1.484920 0.000000
vt 0.000000 0.000000 0.000000
vt -0.076549 0.000000 0.000000
vt -0.076549 -1.484920 0.000000
vt 0.000000 0.000000 0.000000
vt -0.076549 -1.484920 0.000000
vt 0.000000 -1.484920 0.000000
vt 0.000000 0.000000 0.000000
vt -0.076549 0.000000 0.000000
vt -0.076549 -1.484920 0.000000
vt 0.000000 0.000000 0.000000
vt -0.076549 -1.484920 0.000000
vt 0.000000 -1.484920 0.000000
vt 0.000000 0.000000 0.000000
vt -0.076549 0.000000 0.000000
vt -0.027329 -0.360323 0.000000
vt 0.000000 0.000000 0.000000
vt -0.025508 -0.360322 0.000000
vt 0.049223 -0.360322 0.000000
vt 0.000000 0.000000 0.000000
vt -0.076549 0.000000 0.000000
vt -0.076549 -1.484920 0.000000
vt 0.000000 0.000000 0.000000
vt -0.076549 -1.484920 0.000000
vt 0.000000 -1.484920 0.000000
vt 0.000000 0.000000 0.000000
vt -0.076549 0.000000 0.000000
vt -0.076549 -1.484920 0.000000
vt 0.000000 0.000000 0.000000
vt -0.076549 -1.484920 0.000000
vt 0.000000 -1.484920 0.000000
vt 0.000000 0.000000 0.000000
vt -0.076549 0.000000 0.000000
vt -0.076549 -1.484920 0.000000
vt 0.000000 0.000000 0.000000
vt -0.076549 -1.484920 0.000000
vt 0.000000 -1.484920 0.000000
vt 0.000000 0.000000 0.000000
vt -0.076549 0.000000 0.000000
vt -0.025505 -0.360322 0.000000
vt 0.000000 0.000000 0.000000
vt -0.023684 -0.360322 0.000000
vt 0.051046 -0.360322 0.000000
vt 0.000000 0.000000 0.000000
vt -0.076549 0.000000 0.000000
vt -0.076549 -1.484920 0.000000
vt 0.000000 0.000000 0.000000
vt -0.076549 -1.484920 0.000000
vt 0.000000 -1.484920 0.000000
vt 0.000000 0.000000 0.000000
vt -0.076549 0.000000 0.000000
vt -0.076549 -1.484920 0.000000
vt 0.000000 0.000000 0.000000
vt -0.076549 -1.484920 0.000000
vt 0.000000 -1.484920 0.000000
vt 0.000000 0.000000 0.000000
vt -0.076549 0.000000 0.000000
vt -0.076549 -1.484920 0.000000
vt 0.000000 0.000000 0.000000
vt -0.076549 -1.484920 0.000000
vt 0.000000 -1.484920 0.000000
vt 0.000000 0.000000 0.000000
vt -0.076549 0.000000 0.000000
vt -0.023682 -0.360322 0.000000
vt 0.000000 0.000000 0.000000
vt -0.021860 -0.360322 0.000000
vt 0.052870 -0.360322 0.000000
vt 0.000000 0.000000 0.000000
vt -0.076549 0.000000 0.000000
vt -0.076549 -1.484920 0.000000
vt 0.000000 0.000000 0.000000
vt -0.076549 -1.484920 0.000000
vt 0.000000 -1.484920 0.000000
vt 0.000000 0.000000 0.000000
vt -0.076549 0.000000 0.000000
vt -0.076549 -1.484920 0.000000
vt 0.000000 0.000000 0.000000
vt -0.076549 -1.484920 0.000000
vt 0.000000 -1.484920 0.000000
vt 0.000000 0.000000 0.000000
vt -0.076549 0.000000 0.000000
vt -0.076549 -1.484920 0.000000
vt 0.000000 0.000000 0.000000
vt -0.076549 -1.484920 0.000000
vt 0.000000 -1.484920 0.000000
vt 0.000000 0.000000 0.000000
vt -0.076549 0.000000 0.000000
vt -0.021858 -0.360322 0.000000
vt 0.000000 0.000000 0.000000
vt -0.020037 -0.360322 0.000000
vt 0.054693 -0.360322 0.000000
vt 0.000000 0.000000 0.000000
vt -0.076549 0.000000 0.000000
vt -0.076549 -1.484920 0.000000
vt 0.000000 0.000000 0.000000
vt -0.076549 -1.484920 0.000000
vt 0.000000 -1.484920 0.000000
vt 0.000000 0.000000 0.000000
vt -0.076549 0.000000 0.000000
vt -0.076549 -1.484920 0.000000
vt 0.000000 0.000000 0.000000
vt -0.076549 -1.484920 0.000000
vt 0.000000 -1.484920 0.000000
vt 0.000000 0.000000 0.000000
vt -0.076549 0.000000 0.000000
vt -0.076549 -1.484920 0.000000
vt 0.000000 0.000000 0.000000
vt -0.076549 -1.484920 0.000000
vt 0.000000 -1.484920 0.000000
vt 0.000000 0.000000 0.000000
vt -0.076549 0.000000 0.000000
vt -0.020035 -0.360322 0.000000
vt 0.000000 0.000000 0.000000
vt -0.018214 -0.360322 0.000000
vt 0.056516 -0.360322 0.000000
vt 0.000000 0.000000 0.000000
vt -0.076549 0.000000 0.000000
vt -0.076549 -1.484920 0.000000
vt 0.000000 0.000000 0.000000
vt -0.076549 -1.484920 0.000000
vt 0.000000 -1.484920 0.000000
vt 0.000000 0.000000 0.000000
vt -0.076549 0.000000 0.000000
vt -0.076549 -1.484920 0.000000
vt 0.000000 0.000000 0.000000
vt -0.076549 -1.484920 0.000000
vt 0.000000 -1.484920 0.000000
vt 0.000000 0.000000 0.000000
vt -0.076549 0.000000 0.000000
vt -0.076549 -1.484920 0.000000
vt 0.000000 0.000000 0.000000
vt -0.076549 -1.484920 0.000000
vt 0.000000 -1.484920 0.000000
vt 0.000000 0.000000 0.000000
vt -0.076549 0.000000 0.000000
vt -0.018212 -0.360322 0.000000
vt 0.000000 0.000000 0.000000
vt -0.016391 -0.360321 0.000000
vt 0.058339 -0.360321 0.000000
vt 0.000000 0.000000 0.000000
vt -0.076549 0.000000 0.000000
vt -0.076549 -1.484920 0.000000
vt 0.000000 0.000000 0.000000
vt -0.076549 -1.484920 0.000000
vt 0.000000 -1.484920 0.000000
vt 0.000000 0.000000 0.000000
vt -0.076549 0.000000 0.000000
vt -0.076549 -1.484920 0.000000
vt 0.000000 0.000000 0.000000
vt -0.076549 -1.484920 0.000000
vt 0.000000 -1.484920 0.000000
vt 0.000000 0.000000 0.000000
vt -0.076549 0.000000 0.000000
vt -0.076549 -1.484920 0.000000
vt 0.000000 0.000000 0.000000
vt -0.076549 -1.484920 0.000000
vt 0.000000 -1.484920 0.000000
vt 0.000000 0.000000 0.000000
vt -0.076549 0.000000 0.000000
vt -0.016389 -0.360321 0.000000
vt 0.000000 0.000000 0.000000
vt -0.014568 -0.360321 0.000000
vt 0.060162 -0.360321 0.000000
vt 0.000000 0.000000 0.000000
vt -0.076549 0.000000 0.000000
vt -0.076549 -1.484920 0.000000
vt 0.000000 0.000000 0.000000
vt -0.076549 -1.484920 0.000000
vt 0.000000 -1.484920 0.000000
vt 0.000000 0.000000 0.000000
vt -0.076549 0.000000 0.000000
vt -0.076549 -1.484920 0.000000
vt 0.000000 0.000000 0.000000
vt -0.076549 -1.484920 0.000000
vt 0.000000 -1.484920 0.000000
vt 0.000000 0.000000 0.000000
vt -0.076549 0.000000 0.000000
vt -0.076549 -1.484920 0.000000
vt 0.000000 0.000000 0.000000
vt -0.076549 -1.484920 0.000000
vt 0.000000 -1.484920 0.000000
vt 0.000000 0.000000 0.000000
vt -0.076549 0.000000 0.000000
vt -0.014566 -0.360321 0.000000
vt 0.000000 0.000000 0.000000
vt -0.012746 -0.360321 0.000000
vt 0.061984 -0.360321 0.000000
vt 0.000000 0.000000 0.000000
vt -0.076549 0.000000 0.000000
vt -0.076549 -1.484920 0.000000
vt 0.000000 0.000000 0.000000
vt -0.076549 -1.484920 0.000000
vt 0.000000 -1.484920 0.000000
vt 0.000000 0.000000 0.000000
vt -0.076549 0.000000 0.000000
vt -0.076549 -1.484920 0.000000
vt 0.000000 0.000000 0.000000
vt -0.076549 -1.484920 0.000000
vt 0.000000 -1.484920 0.000000
vt 0.000000 0.000000 0.000000
vt -0.076549 0.000000 0.000000
vt -0.076549 -1.484920 0.000000
vt 0.000000 0.000000 0.000000
vt -0.076549 -1.484920 0.000000
vt 0.000000 -1.484920 0.000000
vt 0.000000 0.000000 0.000000
vt -0.076549 0.000000 0.000000
vt -0.012744 -0.360321 0.000000
vt 0.000000 0.000000 0.000000
vt -0.010924 -0.360321 0.000000
vt 0.063806 -0.360321 0.000000
vt 0.000000 0.000000 0.000000
vt -0.076549 0.000000 0.000000
vt -0.076549 -1.484920 0.000000
vt 0.000000 0.000000 0.000000
vt -0.076549 -1.484920 0.000000
vt 0.000000 -1.484920 0.000000
vt 0.000000 0.000000 0.000000
vt -0.076549 0.000000 0.000000
vt -0.076549 -1.484920 0.000000
vt 0.000000 0.000000 0.000000
vt -0.076549 -1.484920 0.000000
vt 0.000000 -1.484920 0.000000
vt 0.000000 0.000000 0.000000
vt -0.076549 0.000000 0.000000
vt -0.076549 -1.484920 0.000000
vt 0.000000 0.000000 0.000000
vt -0.076549 -1.484920 0.000000
vt 0.000000 -1.484920 0.000000
vt 0.000000 0.000000 0.000000
vt -0.076549 0.000000 0.000000
vt -0.010923 -0.360321 0.000000
vt 0.000000 0.000000 0.000000
vt -0.009102 -0.360321 0.000000
vt 0.065628 -0.360321 0.000000
vt 0.000000 0.000000 0.000000
vt -0.076549 0.000000 0.000000
vt -0.076549 -1.484920 0.000000
vt 0.000000 0.000000 0.000000
vt -0.076549 -1.484920 0.000000
vt 0.000000 -1.484920 0.000000
vt 0.000000 0.000000 0.000000
vt -0.076549 0.000000 0.000000
vt -0.076549 -1.484920 0.000000
vt 0.000000 0.000000 0.000000
vt -0.076549 -1.484920 0.000000
vt 0.000000 -1.484920 0.000000
vt 0.000000 0.000000 0.000000
vt -0.076549 0.000000 0.000000
vt -0.076549 -1.484920 0.000000
vt 0.000000 0.000000 0.000000
vt -0.076549 -1.484920 0.000000
vt 0.000000 -1.484920 0.000000
vt 0.000000 0.000000 0.000000
vt -0.076549 -0.000000 0.000000
vt -0.009101 -0.360321 0.000000
vt 0.000000 0.000000 0.000000
vt -0.007281 -0.360320 0.000000
vt 0.067449 -0.360320 0.000000
vt 0.000000 0.000000 0.000000
vt -0.076549 0.000000 0.000000
vt -0.076549 -1.484920 0.000000
vt 0.000000 0.000000 0.000000
vt -0.076549 -1.484920 0.000000
vt 0.000000 -1.484920 0.000000
vt 0.000000 0.000000 0.000000
vt -0.076549 0.000000 0.000000
vt -0.076549 -1.484920 0.000000
vt 0.000000 0.000000 0.000000
vt -0.076549 -1.484920 0.000000
vt 0.000000 -1.484920 0.000000
vt 0.000000 0.000000 0.000000
vt -0.076549 0.000000 0.000000
vt -0.076549 -1.484920 0.000000
vt 0.000000 0.000000 0.000000
vt -0.076550 -1.484920 0.000000
vt 0.000000 -1.484920 0.000000
vt 0.000000 0.000000 0.000000
vt -0.076550 0.000000 0.000000
vt -0.007280 -0.360320 0.000000
vt 0.000000 0.000000 0.000000
vt -0.005460 -0.360320 0.000000
vt 0.069270 -0.360320 0.000000
vt 0.000000 0.000000 0.000000
vt -0.076549 0.000000 0.000000
vt -0.076549 -1.484920 0.000000
vt 0.000000 0.000000 0.000000
vt -0.076549 -1.484920 0.000000
vt 0.000000 -1.484920 0.000000
vt 0.000000 0.000000 0.000000
vt -0.076549 0.000000 0.000000
vt -0.076549 -1.484920 0.000000
vt 0.000000 0.000000 0.000000
vt -0.076550 -1.484920 0.000000
vt 0.000000 -1.484920 0.000000
vt 0.000000 0.000000 0.000000
vt -0.076550 0.000000 0.000000
vt -0.076550 -1.484920 0.000000
vt 0.000000 0.000000 0.000000
vt -0.076549 -1.484920 0.000000
vt 0.000000 -1.484920 0.000000
vt 0.000000 0.000000 0.000000
vt -0.076549 -0.000000 0.000000
vt -0.005459 -0.360320 0.000000
vt 0.000000 0.000000 0.000000
vt -0.003640 -0.360320 0.000000
vt 0.071090 -0.360320 0.000000
vt 0.000000 0.000000 0.000000
vt -0.076549 0.000000 0.000000
vt -0.076549 -1.484920 0.000000
vt 0.000000 0.000000 0.000000
vt -0.076550 -1.484920 0.000000
vt 0.000000 -1.484920 0.000000
vt 0.000000 0.000000 0.000000
vt -0.076550 0.000000 0.000000
vt -0.076550 -1.484920 0.000000
vt 0.000000 0.000000 0.000000
vt -0.076549 -1.484920 0.000000
vt 0.000000 -1.484920 0.000000
vt 0.000000 0.000000 0.000000
vt -0.076549 0.000000 0.000000
vt -0.076549 -1.484920 0.000000
vt 0.000000 0.000000 0.000000
vt -0.076549 -1.484920 0.000000
vt 0.000000 -1.484920 0.000000
vt 0.000000 0.000000 0.000000
vt -0.076549 0.000000 0.000000
vt -0.003639 -0.360320 0.000000
vt 0.000000 0.000000 0.000000
vt -0.001820 -0.360320 0.000000
vt 0.072911 -0.360320 0.000000
vt 0.000000 0.000000 0.000000
vt -0.076550 0.000000 0.000000
vt -0.076550 -1.484920 0.000000
vt 0.000000 0.000000 0.000000
vt -0.076549 -1.484920 0.000000
vt 0.000000 -1.484920 0.000000
vt 0.000000 0.000000 0.000000
vt -0.076549 0.000000 0.000000
vt -0.076549 -1.484920 0.000000
vt 0.000000 0.000000 0.000000
vt -0.076549 -1.484920 0.000000
vt 0.000000 -1.484920 0.000000
vt 0.000000 0.000000 0.000000
vt -0.076549 0.000000 0.000000
vt -0.076549 -1.484920 0.000000
vt 0.000000 0.000000 0.000000
vt -0.076550 -1.484920 0.000000
vt 0.000000 -1.484920 0.000000
vt 0.000000 0.000000 0.000000
vt -0.076550 0.000000 0.000000
vt -0.001820 -0.360320 0.000000
vt 0.000000 0.000000 0.000000
vt 0.000000 -0.360320 0.000000
vt 0.074730 -0.360320 0.000000
vt 0.000000 0.000000 0.000000
vt 0.000000 -1.484920 0.000000
vt 0.076549 0.000000 0.000000
vt 0.000000 0.000000 0.000000
vt -0.076549 -1.484920 0.000000
vt 0.000000 -1.484920 0.000000
vt 0.000000 0.000000 0.000000
vt 0.000000 -1.484920 0.000000
vt 0.076549 0.000000 0.000000
vt 0.000000 0.000000 0.000000
vt -0.076549 -1.484920 0.000000
vt 0.000000 -1.484920 0.000000
vt 0.000000 0.000000 0.000000
vt 0.000000 -1.484920 0.000000
vt 0.076549 0.000000 0.000000
vt 0.000000 0.000000 0.000000
vt -0.076549 -1.484920 0.000000
vt 0.000000 -1.484920 0.000000
vt 0.000000 0.000000 0.000000
vt 0.001819 -1.484920 0.000000
vt 0.076549 0.000000 0.000000
vt 0.000000 0.000000 0.000000
vt -0.074730 -1.484920 0.000000
vt 0.000000 -0.360320 0.000000
vt 0.000000 0.000000 0.000000
vt 0.074730 0.000000 0.000000
vt 0.074730 1.124600 0.000000
vt 0.000000 0.000000 0.000000
vt -0.038275 1.484921 0.000000
vt -0.076549 -0.000000 0.000000
vt 0.000000 0.000000 0.000000
vt -0.038274 -1.484921 0.000000
vt 0.000000 -0.000000 0.000000
vt -0.076549 -0.000000 0.000000
vt -0.000006 0.084600 0.000000
vt -0.076543 0.084600 0.000000
vt -0.038275 1.484921 0.000000
vt -0.076549 -0.000000 0.000000
vt 0.000000 0.000000 0.000000
vt -0.038274 -1.484921 0.000000
vt 0.000000 -0.000000 0.000000
vt -0.076549 -0.000000 0.000000
vt -0.076542 0.084600 0.000000
vt -0.000006 0.084600 0.000000
vt -0.038274 1.484921 0.000000
vt -0.076549 0.000000 0.000000
vt 0.000000 0.000000 0.000000
vt -0.038275 -1.484921 0.000000
vt 0.000000 -0.000000 0.000000
vt -0.076550 -0.000000 0.000000
vt -0.000006 0.084600 0.000000
vt -0.076543 0.084600 0.000000
vt -0.038275 1.484921 0.000000
vt -0.076549 0.000000 0.000000
vt 0.000000 0.000000 0.000000
vt -0.038275 -1.484921 0.000000
vt 0.000000 -0.000000 0.000000
vt -0.076549 -0.000000 0.000000
vt -0.000006 0.084600 0.000000
vt -0.076543 0.084600 0.000000
vt -0.038275 1.484921 0.000000
vt -0.076549 -0.000000 0.000000
vt 0.000000 0.000000 0.000000
vt -0.038274 -1.484921 0.000000
vt 0.000000 -0.000000 0.000000
vt -0.076549 -0.000000 0.000000
vt -0.000006 0.084600 0.000000
vt -0.076543 0.084600 0.000000
vt -0.038275 1.484921 0.000000
vt -0.076549 0.000000 0.000000
vt 0.000000 0.000000 0.000000
vt -0.038275 -1.484921 0.000000
vt 0.000000 -0.000000 0.000000
vt -0.076549 -0.000000 0.000000
vt -0.076543 0.084600 0.000000
vt -0.000006 0.084600 0.000000
vt -0.038275 1.484921 0.000000
vt -0.076549 0.000000 0.000000
vt 0.000000 0.000000 0.000000
vt -0.038275 -1.484921 0.000000
vt 0.000000 -0.000000 0.000000
vt -0.076549 -0.000000 0.000000
vt -0.000006 0.084600 0.000000
vt -0.076543 0.084600 0.000000
vt -0.038275 1.484921 0.000000
vt -0.076549 -0.000000 0.000000
vt 0.000000 0.000000 0.000000
vt -0.038275 -1.484921 0.000000
vt 0.000000 -0.000000 0.000000
vt -0.076549 -0.000000 0.000000
vt -0.000006 0.084600 0.000000
vt -0.076543 0.084600 0.000000
vt -0.059292 0.669520 0.000000
vt -0.076549 0.000000 0.000000
vt -0.038318 0.669520 0.000000
vt 0.000000 0.000000 0.000000
vt -0.038275 1.484921 0.000000
vt -0.038472 1.477254 0.000000
vt -0.021017 -0.815400 0.000000
vt -0.055532 -0.815400 0.000000
vt -0.038275 -1.484921 0.000000
vt -0.038275 1.484921 0.000000
vt -0.076549 0.000000 0.000000
vt 0.000000 0.000000 0.000000
vt -0.038275 -1.484921 0.000000
vt 0.000000 -0.000000 0.000000
vt -0.076549 -0.000000 0.000000
vt -0.000007 0.084600 0.000000
vt -0.076543 0.084600 0.000000
vt -0.038275 1.484921 0.000000
vt -0.076549 0.000000 0.000000
vt 0.000000 0.000000 0.000000
vt -0.038275 -1.484921 0.000000
vt 0.000000 -0.000000 0.000000
vt -0.076549 -0.000000 0.000000
vt -0.076543 0.084600 0.000000
vt -0.000006 0.084600 0.000000
vt -0.038275 1.484921 0.000000
vt -0.076549 -0.000000 0.000000
vt 0.000000 0.000000 0.000000
vt -0.038274 -1.484921 0.000000
vt 0.000000 -0.000000 0.000000
vt -0.076549 -0.000000 0.000000
vt -0.076543 0.084600 0.000000
vt -0.000006 0.084600 0.000000
vt -0.038275 1.484921 0.000000
vt -0.076549 0.000000 0.000000
vt 0.000000 0.000000 0.000000
vt -0.038274 -1.484921 0.000000
vt 0.000000 -0.000000 0.000000
vt -0.076549 -0.000000 0.000000
vt -0.000006 0.084600 0.000000
vt -0.076543 0.084600 0.000000
vt -0.038275 1.484921 0.000000
vt -0.076549 -0.000000 0.000000
vt 0.000000 0.000000 0.000000
vt -0.038275 -1.484921 0.000000
vt 0.000000 -0.000000 0.000000
vt -0.076549 0.000000 0.000000
vt -0.000006 0.084600 0.000000
vt -0.076543 0.084600 0.000000
vt -0.038275 1.484921 0.000000
vt -0.076550 0.000000 0.000000
vt 0.000000 0.000000 0.000000
vt -0.038275 -1.484921 0.000000
vt 0.000000 0.000000 0.000000
vt -0.076549 -0.000000 0.000000
vt -0.076543 0.084600 0.000000
vt -0.000006 0.084600 0.000000
vt -0.038274 1.484921 0.000000
vt -0.076549 -0.000000 0.000000
vt 0.000000 0.000000 0.000000
vt -0.038274 -1.484921 0.000000
vt 0.000000 -0.000000 0.000000
vt -0.076549 -0.000000 0.000000
vt -0.076543 0.084600 0.000000
vt -0.000006 0.084600 0.000000
vt -0.038275 1.484921 0.000000
vt -0.076549 0.000000 0.000000
vt 0.000000 0.000000 0.000000
vt -0.038274 -1.484921 0.000000
vt 0.000000 -0.000000 0.000000
vt -0.076549 0.000000 0.000000
vt -0.000006 0.084600 0.000000
vt -0.076543 0.084600 0.000000
vt -0.038275 1.484921 0.000000
vt -0.076550 0.000000 0.000000
vt 0.000000 0.000000 0.000000
vt -0.038275 -1.484921 0.000000
vt 0.000000 0.000000 0.000000
vt -0.076549 -0.000000 0.000000
vt -0.000006 0.084600 0.000000
vt -0.076543 0.084600 0.000000
vt -0.038274 1.484921 0.000000
vt -0.076549 0.000000 0.000000
vt 0.000000 0.000000 0.000000
vt -0.038275 -1.484921 0.000000
vt 0.000000 -0.000000 0.000000
vt -0.076550 -0.000000 0.000000
vt -0.000006 0.084600 0.000000
vt -0.076543 0.084600 0.000000
vt -0.038275 1.484921 0.000000
vt -0.076549 -0.000000 0.000000
vt 0.000000 0.000000 0.000000
vt -0.038274 -1.484921 0.000000
vt 0.000000 -0.000000 0.000000
vt -0.076549 -0.000000 0.000000
vt -0.076542 0.084600 0.000000
vt -0.000006 0.084600 0.000000
vt -0.038275 1.484921 0.000000
vt -0.076550 0.000000 0.000000
vt 0.000000 0.000000 0.000000
vt -0.038275 -1.484921 0.000000
vt 0.000000 -0.000000 0.000000
vt -0.076550 0.000000 0.000000
vt -0.000006 0.084600 0.000000
vt -0.076543 0.084600 0.000000
vt -0.038275 1.484921 0.000000
vt -0.076549 0.000000 0.000000
vt 0.000000 0.000000 0.000000
vt -0.038274 -1.484921 0.000000
vt 0.000000 0.000000 0.000000
vt -0.076549 -0.000000 0.000000
vt -0.000007 0.084600 0.000000
vt -0.076542 0.084600 0.000000
vt -0.038275 1.484921 0.000000
vt -0.076549 0.000000 0.000000
vt 0.000000 0.000000 0.000000
vt -0.038275 -1.484921 0.000000
vt 0.000000 -0.000000 0.000000
vt -0.076549 -0.000000 0.000000
vt -0.076543 0.084600 0.000000
vt -0.000006 0.084600 0.000000
vt -0.038275 1.484921 0.000000
vt -0.076549 0.000000 0.000000
vt 0.000000 0.000000 0.000000
vt -0.038275 -1.484921 0.000000
vt 0.000000 -0.000000 0.000000
vt -0.076549 0.000000 0.000000
vt -0.076543 0.084600 0.000000
vt -0.000006 0.084600 0.000000
vt -0.038275 1.484921 0.000000
vt -0.076549 -0.000000 0.000000
vt 0.000000 0.000000 0.000000
vt -0.038275 -1.484921 0.000000
vt 0.000000 0.000000 0.000000
vt -0.076549 -0.000000 0.000000
vt -0.076543 0.084600 0.000000
vt -0.000006 0.084600 0.000000
vt -0.038275 1.484921 0.000000
vt -0.076549 0.000000 0.000000
vt 0.000000 0.000000 0.000000
vt -0.038275 -1.484921 0.000000
vt 0.000000 -0.000000 0.000000
vt -0.076549 0.000000 0.000000
vt -0.076543 0.084600 0.000000
vt -0.000006 0.084600 0.000000
vt -0.038275 1.484921 0.000000
vt -0.076549 0.000000 0.000000
vt 0.000000 0.000000 0.000000
vt -0.038275 -1.484921 0.000000
vt 0.000000 0.000000 0.000000
vt -0.076549 -0.000000 0.000000
vt -0.000006 0.084600 0.000000
vt -0.076543 0.084600 0.000000
vt -0.038275 1.484921 0.000000
vt -0.076549 0.000000 0.000000
vt 0.000000 0.000000 0.000000
vt -0.038275 -1.484921 0.000000
vt 0.000000 -0.000000 0.000000
vt -0.076549 -0.000000 0.000000
vt -0.000007 0.084600 0.000000
vt -0.076543 0.084600 0.000000
vt -0.038275 1.484921 0.000000
vt -0.076549 -0.000000 0.000000
vt 0.000000 0.000000 0.000000
vt -0.038275 -1.484921 0.000000
vt -0.000000 -0.000000 0.000000
vt -0.076549 -0.000000 0.000000
vt -0.000006 0.084600 0.000000
vt -0.076543 0.084600 0.000000
vt -0.038275 1.484921 0.000000
vt -0.076549 0.000000 0.000000
vt 0.000000 0.000000 0.000000
vt -0.038275 -1.484921 0.000000
vt -0.000000 -0.000000 0.000000
vt -0.076549 0.000000 0.000000
vt -0.000006 0.084600 0.000000
vt -0.076543 0.084600 0.000000
vt -0.038275 1.484921 0.000000
vt -0.076549 -0.000000 0.000000
vt 0.000000 0.000000 0.000000
vt -0.038275 -1.484921 0.000000
vt 0.000000 0.000000 0.000000
vt -0.076549 -0.000000 0.000000
vt -0.076543 0.084600 0.000000
vt -0.000006 0.084600 0.000000
vt -0.038275 1.484921 0.000000
vt -0.076549 0.000000 0.000000
vt 0.000000 0.000000 0.000000
vt -0.038275 -1.484921 0.000000
vt -0.000000 -0.000000 0.000000
vt -0.076549 -0.000000 0.000000
vt -0.076543 0.084600 0.000000
vt -0.000006 0.084600 0.000000
vt -0.038275 1.484921 0.000000
vt -0.076549 -0.000000 0.000000
vt 0.000000 0.000000 0.000000
vt -0.038275 -1.484921 0.000000
vt -0.000000 -0.000000 0.000000
vt -0.076549 -0.000000 0.000000
vt -0.000006 0.084600 0.000000
vt -0.076543 0.084600 0.000000
vt -0.038275 1.484921 0.000000
vt -0.076549 -0.000000 0.000000
vt 0.000000 0.000000 0.000000
vt -0.038275 -1.484921 0.000000
vt -0.000000 -0.000000 0.000000
vt -0.076549 -0.000000 0.000000
vt -0.076543 0.084600 0.000000
vt -0.000006 0.084600 0.000000
vt -0.038275 1.484921 0.000000
vt -0.076549 0.000000 0.000000
vt 0.000000 0.000000 0.000000
vt -0.038274 -1.484921 0.000000
vt -0.000000 -0.000000 0.000000
vt -0.076549 -0.000000 0.000000
vt -0.000006 0.084600 0.000000
vt -0.076542 0.084600 0.000000
vt -0.038275 1.484921 0.000000
vt -0.076550 0.000000 0.000000
vt 0.000000 0.000000 0.000000
vt -0.038275 -1.484921 0.000000
vt -0.000000 -0.000000 0.000000
vt -0.076550 -0.000000 0.000000
vt -0.000007 0.084600 0.000000
vt -0.076543 0.084600 0.000000
vt -0.038275 1.484921 0.000000
vt -0.076549 0.000000 0.000000
vt 0.000000 0.000000 0.000000
vt -0.038274 -1.484921 0.000000
vt -0.000000 -0.000000 0.000000
vt -0.076549 0.000000 0.000000
vt -0.076543 0.084600 0.000000
vt -0.000006 0.084600 0.000000
vt -0.038275 1.484921 0.000000
vt -0.076550 -0.000000 0.000000
vt 0.000000 0.000000 0.000000
vt -0.038275 -1.484921 0.000000
vt 0.000000 0.000000 0.000000
vt -0.076549 -0.000000 0.000000
vt -0.000006 0.084600 0.000000
vt -0.076543 0.084600 0.000000
vt -0.038274 1.484921 0.000000
vt -0.076549 0.000000 0.000000
vt 0.000000 0.000000 0.000000
vt -0.038275 -1.484921 0.000000
vt 0.000000 -0.000000 0.000000
vt -0.076550 -0.000000 0.000000
vt -0.000006 0.084600 0.000000
vt -0.076543 0.084600 0.000000
vt -0.001347 -0.078448 0.000000
vt 0.047061 -0.000000 0.000000
vt 0.000000 0.000000 0.000000
vt -0.047061 -0.000000 0.000000
vt -0.048408 -0.078448 0.000000
vt 0.000000 0.000000 0.000000
vt -0.048408 -0.078448 0.000000
vt 0.001347 -0.078448 0.000000
vt 0.000000 0.000000 0.000000
vt 0.047061 0.000000 0.000000
vt 0.046239 0.078455 0.000000
vt 0.000000 0.000000 0.000000
vt -0.000822 -0.078455 0.000000
vt 0.045417 -0.000000 0.000000
vt 0.000000 0.000000 0.000000
vt 0.047061 0.000000 0.000000
vt 0.046239 0.078455 0.000000
vt 0.000000 0.000000 0.000000
vt -0.048408 -0.078448 0.000000
vt 0.001347 -0.078448 0.000000
vt 0.000000 0.000000 0.000000
vt -0.001840 -0.078437 0.000000
vt 0.049755 -0.000000 0.000000
vt 0.000000 0.000000 0.000000
vt 0.049755 -0.000000 0.000000
vt 0.048407 0.078448 0.000000
vt 0.000000 0.000000 0.000000
vt -0.045417 -0.000000 0.000000
vt -0.046239 -0.078455 0.000000
vt 0.000000 0.000000 0.000000
vt -0.046239 -0.078455 0.000000
vt 0.000822 -0.078455 0.000000
vt 0.000000 0.000000 0.000000
vt -0.047061 0.000000 0.000000
vt -0.048408 -0.078448 0.000000
vt 0.000000 0.000000 0.000000
vt -0.048408 -0.078448 0.000000
vt 0.001347 -0.078448 0.000000
vt 0.000000 0.000000 0.000000
vt -0.049755 0.000000 0.000000
vt -0.051594 -0.078437 0.000000
vt 0.000000 0.000000 0.000000
vt -0.051594 -0.078437 0.000000
vt 0.001839 -0.078437 0.000000
vt 0.000000 0.000000 0.000000
vt -0.002286 -0.078426 0.000000
vt 0.053433 0.000000 0.000000
vt 0.000000 0.000000 0.000000
vt 0.058005 0.000000 0.000000
vt 0.055719 0.078426 0.000000
vt 0.000000 0.000000 0.000000
vt 0.058058 0.000000 0.000000
vt 0.002298 0.078425 0.000000
vt 0.000000 0.000000 0.000000
vt -0.002288 0.078426 0.000000
vt -0.055760 0.078426 0.000000
vt 0.000000 0.000000 0.000000
vt -0.002274 0.078426 0.000000
vt -0.055669 0.078426 0.000000
vt 0.000000 0.000000 0.000000
vt -0.045417 0.000000 0.000000
vt -0.046239 -0.078455 0.000000
vt 0.000000 0.000000 0.000000
vt -0.046239 -0.078455 0.000000
vt 0.000822 -0.078455 0.000000
vt 0.000000 0.000000 0.000000
vt -0.047061 0.000000 0.000000
vt -0.048408 -0.078448 0.000000
vt 0.000000 0.000000 0.000000
vt -0.048407 -0.078448 0.000000
vt 0.001347 -0.078448 0.000000
vt 0.000000 0.000000 0.000000
vt -0.049755 -0.000000 0.000000
vt -0.051594 -0.078438 0.000000
vt 0.000000 0.000000 0.000000
vt -0.049782 -0.000000 0.000000
vt 0.001840 -0.078438 0.000000
vt 0.000000 0.000000 0.000000
vt -0.051622 0.078437 0.000000
vt -0.053472 0.000000 0.000000
vt 0.000000 0.000000 0.000000
vt -0.049728 0.000000 0.000000
vt 0.001829 -0.078438 0.000000
vt 0.000000 0.000000 0.000000
vt -0.051557 0.078438 0.000000
vt -0.053395 0.000000 0.000000
vt 0.000000 0.000000 0.000000
vt -0.051594 -0.078438 0.000000
vt 0.001839 -0.078438 0.000000
vt 0.000000 0.000000 0.000000
vt -0.063292 -0.046368 0.000000
vt -0.024691 -0.103890 0.000000
vt 0.000000 0.000000 0.000000
vt -0.063291 0.000000 0.000000
vt 0.002985 -0.078402 0.000000
vt 0.000000 0.000000 0.000000
vt -0.066277 0.078402 0.000000
vt -0.069274 0.000000 0.000000
vt 0.000000 0.000000 0.000000
vt -0.066360 -0.078402 0.000000
vt 0.003001 -0.078402 0.000000
vt 0.000000 0.000000 0.000000
vt 0.046239 0.078455 0.000000
vt 0.000822 0.078455 0.000000
vt 0.000000 0.000000 0.000000
vt -0.055669 0.078426 0.000000
vt -0.057953 0.000000 0.000000
vt 0.000000 0.000000 0.000000
vt -0.002286 0.078426 0.000000
vt -0.058005 0.000000 0.000000
vt 0.000000 0.000000 0.000000
vt -0.053433 0.000000 0.000000
vt -0.055719 -0.078426 0.000000
vt 0.000000 0.000000 0.000000
vt 0.048408 0.078448 0.000000
vt 0.001347 0.078448 0.000000
vt 0.000000 0.000000 0.000000
vt -0.000822 0.078455 0.000000
vt -0.047061 -0.000000 0.000000
vt 0.000000 0.000000 0.000000
vt 0.046239 0.078455 0.000000
vt 0.000822 0.078455 0.000000
vt 0.000000 0.000000 0.000000
vt -0.002286 0.078426 0.000000
vt -0.058005 0.000000 0.000000
vt 0.000000 0.000000 0.000000
vt -0.045417 0.000000 0.000000
vt -0.046239 -0.078455 0.000000
vt 0.000000 0.000000 0.000000
vt -0.046239 -0.078455 0.000000
vt 0.000822 -0.078455 0.000000
vt 0.000000 0.000000 0.000000
vt -0.047060 0.000000 0.000000
vt -0.048407 -0.078448 0.000000
vt 0.000000 0.000000 0.000000
vt -0.047078 0.000000 0.000000
vt 0.001347 -0.078448 0.000000
vt 0.000000 0.000000 0.000000
vt -0.048425 0.078448 0.000000
vt -0.049782 -0.000000 0.000000
vt 0.000000 0.000000 0.000000
vt -0.047044 0.000000 0.000000
vt 0.001337 -0.078448 0.000000
vt 0.000000 0.000000 0.000000
vt -0.048382 0.078448 0.000000
vt -0.049728 0.000000 0.000000
vt 0.000000 0.000000 0.000000
vt -0.048407 -0.078448 0.000000
vt 0.001347 -0.078448 0.000000
vt 0.000000 0.000000 0.000000
vt -0.049755 0.000000 0.000000
vt -0.051594 -0.078438 0.000000
vt 0.000000 0.000000 0.000000
vt -0.051594 -0.078438 0.000000
vt 0.001839 -0.078438 0.000000
vt 0.000000 0.000000 0.000000
vt -0.053433 0.000000 0.000000
vt -0.055719 -0.078426 0.000000
vt 0.000000 0.000000 0.000000
vt -0.055720 -0.078426 0.000000
vt 0.002286 -0.078426 0.000000
vt 0.000000 0.000000 0.000000
vt -0.046239 -0.078455 0.000000
vt 0.000822 -0.078455 0.000000
vt 0.000000 0.000000 0.000000
vt -0.001347 -0.078448 0.000000
vt 0.047061 0.000000 0.000000
vt 0.000000 0.000000 0.000000
vt -0.048408 -0.078448 0.000000
vt 0.001347 -0.078448 0.000000
vt 0.000000 0.000000 0.000000
vt -0.001839 -0.078438 0.000000
vt 0.049755 0.000000 0.000000
vt 0.000000 0.000000 0.000000
vt -0.058005 0.000000 0.000000
vt -0.060682 -0.078413 0.000000
vt 0.000000 0.000000 0.000000
vt -0.002677 0.078413 0.000000
vt -0.063359 0.000000 0.000000
vt 0.000000 0.000000 0.000000
vt -0.058005 0.000000 0.000000
vt -0.060682 -0.078413 0.000000
vt 0.000000 0.000000 0.000000
vt -0.002676 0.078413 0.000000
vt -0.063359 -0.000000 0.000000
vt 0.000000 0.000000 0.000000
vt -0.058006 0.000000 0.000000
vt -0.060682 -0.078413 0.000000
vt 0.000000 0.000000 0.000000
vt 0.058005 -0.000000 0.000000
vt 0.055719 0.078426 0.000000
vt 0.000000 0.000000 0.000000
vt -0.051594 -0.078438 0.000000
vt 0.001839 -0.078438 0.000000
vt 0.000000 0.000000 0.000000
vt -0.053433 0.000000 0.000000
vt -0.055719 -0.078426 0.000000
vt 0.000000 0.000000 0.000000
vt -0.055719 -0.078426 0.000000
vt 0.002286 -0.078426 0.000000
vt 0.000000 0.000000 0.000000
vt -0.048408 -0.078448 0.000000
vt 0.001347 -0.078448 0.000000
vt 0.000000 0.000000 0.000000
vt -0.049755 0.000000 0.000000
vt -0.051594 -0.078438 0.000000
vt 0.000000 0.000000 0.000000
vt -0.051594 -0.078438 0.000000
vt 0.001839 -0.078438 0.000000
vt 0.000000 0.000000 0.000000
vt -0.053433 -0.000000 0.000000
vt -0.055719 -0.078426 0.000000
vt 0.000000 0.000000 0.000000
vt -0.055719 -0.078426 0.000000
vt 0.002286 -0.078426 0.000000
vt 0.000000 0.000000 0.000000
vt -0.046239 -0.078455 0.000000
vt 0.000822 -0.078455 0.000000
vt 0.000000 0.000000 0.000000
vt -0.047061 0.000000 0.000000
vt -0.048408 -0.078448 0.000000
vt 0.000000 0.000000 0.000000
vt -0.048408 -0.078448 0.000000
vt 0.001347 -0.078448 0.000000
vt 0.000000 0.000000 0.000000
vt -0.049755 0.000000 0.000000
vt -0.051594 -0.078437 0.000000
vt 0.000000 0.000000 0.000000
vt -0.051594 -0.078437 0.000000
vt 0.001839 -0.078437 0.000000
vt 0.000000 0.000000 0.000000
vt -0.053433 0.000000 0.000000
vt -0.055719 -0.078426 0.000000
vt 0.000000 0.000000 0.000000
vt -0.055719 -0.078426 0.000000
vt 0.002286 -0.078426 0.000000
vt 0.000000 0.000000 0.000000
vt 0.046239 0.078455 0.000000
vt 0.000822 0.078455 0.000000
vt 0.000000 0.000000 0.000000
vt -0.045417 -0.000000 0.000000
vt -0.046239 -0.078455 0.000000
vt 0.000000 0.000000 0.000000
vt -0.046239 -0.078455 0.000000
vt 0.000822 -0.078455 0.000000
vt 0.000000 0.000000 0.000000
vt -0.047061 0.000000 0.000000
vt -0.048408 -0.078448 0.000000
vt 0.000000 0.000000 0.000000
vt -0.048408 -0.078448 0.000000
vt 0.001347 -0.078448 0.000000
vt 0.000000 0.000000 0.000000
vt -0.049755 0.000000 0.000000
vt -0.051594 -0.078437 0.000000
vt 0.000000 0.000000 0.000000
vt -0.051594 -0.078437 0.000000
vt 0.001839 -0.078437 0.000000
vt 0.000000 0.000000 0.000000
vt -0.053433 -0.000000 0.000000
vt -0.055719 -0.078426 0.000000
vt 0.000000 0.000000 0.000000
vt -0.055719 -0.078426 0.000000
vt 0.002286 -0.078426 0.000000
vt 0.000000 0.000000 0.000000
vt 0.048408 0.078448 0.000000
vt 0.001347 0.078448 0.000000
vt 0.000000 0.000000 0.000000
vt -0.000822 0.078455 0.000000
vt -0.047061 0.000000 0.000000
vt 0.000000 0.000000 0.000000
vt -0.045417 0.000000 0.000000
vt -0.046239 -0.078455 0.000000
vt 0.000000 0.000000 0.000000
vt -0.046239 -0.078455 0.000000
vt 0.000822 -0.078455 0.000000
vt 0.000000 0.000000 0.000000
vt -0.047061 0.000000 0.000000
vt -0.048408 -0.078448 0.000000
vt 0.000000 0.000000 0.000000
vt -0.048408 -0.078448 0.000000
vt 0.001347 -0.078448 0.000000
vt 0.000000 0.000000 0.000000
vt -0.049755 0.000000 0.000000
vt -0.051594 -0.078438 0.000000
vt 0.000000 0.000000 0.000000
vt -0.051594 -0.078438 0.000000
vt 0.001839 -0.078438 0.000000
vt 0.000000 0.000000 0.000000
vt -0.053433 0.000000 0.000000
vt -0.055719 -0.078426 0.000000
vt 0.000000 0.000000 0.000000
vt -0.055720 -0.078426 0.000000
vt 0.002286 -0.078426 0.000000
vt 0.000000 0.000000 0.000000
vt 0.051594 0.078438 0.000000
vt 0.001839 0.078438 0.000000
vt 0.000000 0.000000 0.000000
vt -0.001347 0.078448 0.000000
vt -0.049755 0.000000 0.000000
vt 0.000000 0.000000 0.000000
vt 0.055719 0.078426 0.000000
vt 0.002286 0.078426 0.000000
vt 0.000000 0.000000 0.000000
vt -0.001839 0.078438 0.000000
vt -0.053433 -0.000000 0.000000
vt 0.000000 0.000000 0.000000
vt 0.060682 0.078413 0.000000
vt 0.002677 0.078413 0.000000
vt 0.000000 0.000000 0.000000
vt -0.002286 0.078426 0.000000
vt -0.058005 0.000000 0.000000
vt 0.000000 0.000000 0.000000
vt -0.002677 0.078413 0.000000
vt -0.063359 0.000000 0.000000
vt 0.000000 0.000000 0.000000
vt -0.045417 0.000000 0.000000
vt -0.046239 -0.078455 0.000000
vt 0.000000 0.000000 0.000000
vt -0.046239 -0.078455 0.000000
vt 0.000822 -0.078455 0.000000
vt 0.000000 0.000000 0.000000
vt -0.047061 0.000000 0.000000
vt -0.048408 -0.078448 0.000000
vt 0.000000 0.000000 0.000000
vt -0.048408 -0.078448 0.000000
vt 0.001347 -0.078448 0.000000
vt 0.000000 0.000000 0.000000
vt -0.049755 0.000000 0.000000
vt -0.051594 -0.078438 0.000000
vt 0.000000 0.000000 0.000000
vt -0.051594 -0.078438 0.000000
vt 0.001839 -0.078438 0.000000
vt 0.000000 0.000000 0.000000
vt -0.053433 0.000000 0.000000
vt -0.055719 -0.078426 0.000000
vt 0.000000 0.000000 0.000000
vt -0.055719 -0.078426 0.000000
vt 0.002286 -0.078426 0.000000
vt 0.000000 0.000000 0.000000
vt -0.058005 -0.000000 0.000000
vt -0.060682 -0.078413 0.000000
vt 0.000000 0.000000 0.000000
vt -0.060617 -0.078413 0.000000
vt 0.002674 -0.078413 0.000000
vt 0.000000 0.000000 0.000000
vt -0.038601 -0.057523 0.000000
vt 0.024691 -0.103890 0.000000
vt 0.000000 0.000000 0.000000
vt -0.003001 0.078402 0.000000
vt -0.069361 0.000000 0.000000
vt 0.000000 0.000000 0.000000
vt -0.063359 -0.000000 0.000000
vt -0.066360 -0.078402 0.000000
vt 0.000000 0.000000 0.000000
vt -0.002997 0.078402 0.000000
vt -0.069274 -0.000000 0.000000
vt 0.000000 0.000000 0.000000
vt -0.063291 0.000000 0.000000
vt -0.066276 -0.078402 0.000000
vt 0.000000 0.000000 0.000000
vt -0.046247 -0.078455 0.000000
vt 0.000830 -0.078455 0.000000
vt 0.000000 0.000000 0.000000
vt -0.001347 -0.078448 0.000000
vt 0.047078 0.000000 0.000000
vt 0.000000 0.000000 0.000000
vt 0.055719 0.078426 0.000000
vt 0.002286 0.078426 0.000000
vt 0.000000 0.000000 0.000000
vt 0.053433 0.000000 0.000000
vt 0.051594 0.078438 0.000000
vt 0.000000 0.000000 0.000000
vt 0.051622 0.078438 0.000000
vt 0.001840 0.078438 0.000000
vt 0.000000 0.000000 0.000000
vt 0.049782 -0.000000 0.000000
vt 0.048425 0.078448 0.000000
vt 0.000000 0.000000 0.000000
vt 0.048381 0.078448 0.000000
vt 0.001337 0.078448 0.000000
vt 0.000000 0.000000 0.000000
vt -0.045417 -0.000000 0.000000
vt -0.046239 -0.078455 0.000000
vt 0.000000 0.000000 0.000000
vt -0.000822 0.078455 0.000000
vt -0.047044 0.000000 0.000000
vt 0.000000 0.000000 0.000000
vt -0.045409 -0.000000 0.000000
vt -0.046222 -0.078455 0.000000
vt 0.000000 0.000000 0.000000
vt -0.048058 0.023744 0.000000
vt -0.003902 -0.004870 0.000000
vt 0.000000 0.000000 0.000000
vt 0.040223 -0.033461 0.000000
vt 0.044155 -0.028615 0.000000
vt 0.000000 0.000000 0.000000
vt -0.032106 0.044430 0.000000
vt -0.046550 0.024129 0.000000
vt 0.000000 0.000000 0.000000
vt 0.014118 0.020528 0.000000
vt -0.049307 0.019316 0.000000
vt 0.000000 0.000000 0.000000
vt -0.062838 0.046981 0.000000
vt -0.063425 -0.001230 0.000000
vt 0.000000 0.000000 0.000000
vt -0.000409 0.048213 0.000000
vt -0.049603 0.014026 0.000000
vt 0.000000 0.000000 0.000000
vt -0.004911 0.078305 0.000000
vt -0.057639 0.016323 0.000000
vt 0.000000 0.000000 0.000000
vt -0.010618 0.047549 0.000000
vt -0.047577 0.053322 0.000000
vt 0.000000 0.000000 0.000000
vt -0.001660 0.078441 0.000000
vt -0.037031 0.005288 0.000000
vt 0.000000 0.000000 0.000000
vt -0.048408 -0.078448 0.000000
vt 0.001347 -0.078448 0.000000
vt 0.000000 0.000000 0.000000
vt -0.049755 0.000000 0.000000
vt -0.035203 -0.073234 0.000000
vt 0.000000 0.000000 0.000000
vt -0.049755 0.000000 0.000000
vt 0.017931 -0.072481 0.000000
vt 0.000000 0.000000 0.000000
vt 0.072193 0.067993 0.000000
vt 0.105242 0.100750 0.000000
vt 0.000000 0.000000 0.000000
vt -0.002406 0.078422 0.000000
vt -0.033285 0.032518 0.000000
vt 0.000000 0.000000 0.000000
vt -0.045417 0.000000 0.000000
vt -0.046239 -0.078455 0.000000
vt 0.000000 0.000000 0.000000
vt -0.046239 -0.078455 0.000000
vt 0.000822 -0.078455 0.000000
vt 0.000000 0.000000 0.000000
vt -0.047061 0.000000 0.000000
vt -0.031479 -0.045495 0.000000
vt 0.000000 0.000000 0.000000
vt -0.083404 0.060286 0.000000
vt 0.016476 -0.045179 0.000000
vt 0.000000 0.000000 0.000000
vt 0.014657 0.078534 0.000000
vt -0.060074 0.078534 0.000000
vt 0.000000 0.000000 0.000000
vt 0.046239 0.078455 0.000000
vt 0.000821 0.078455 0.000000
vt 0.000000 0.000000 0.000000
vt 0.045417 -0.000000 0.000000
vt 0.015229 0.078425 0.000000
vt 0.000000 0.000000 0.000000
vt 0.044937 0.078576 0.000000
vt -0.029793 0.078576 0.000000
vt 0.000000 0.000000 0.000000
vt 0.048408 0.078448 0.000000
vt 0.001347 0.078448 0.000000
vt 0.000000 0.000000 0.000000
vt 0.047060 0.000000 0.000000
vt 0.046239 0.078455 0.000000
vt 0.000000 0.000000 0.000000
vt 0.046247 0.078455 0.000000
vt 0.000822 0.078455 0.000000
vt 0.000000 0.000000 0.000000
vt 0.045425 0.000000 0.000000
vt 0.045141 0.078458 0.000000
vt 0.000000 0.000000 0.000000
vt 0.045409 0.000000 0.000000
vt 0.000268 0.078458 0.000000
vt 0.000000 0.000000 0.000000
vt 0.044937 -0.078576 0.000000
vt 0.074730 -0.000000 0.000000
vt 0.000000 0.000000 0.000000
vt 0.045417 -0.000000 0.000000
vt 0.030188 0.078425 0.000000
vt 0.000000 0.000000 0.000000
vt 0.058005 0.000000 0.000000
vt 0.055719 0.078426 0.000000
vt 0.000000 0.000000 0.000000
vt 0.055760 0.078426 0.000000
vt 0.002288 0.078426 0.000000
vt 0.000000 0.000000 0.000000
vt 0.053472 0.000000 0.000000
vt 0.051622 0.078437 0.000000
vt 0.000000 0.000000 0.000000
vt 0.051557 0.078438 0.000000
vt 0.001829 0.078438 0.000000
vt 0.000000 0.000000 0.000000
vt 0.049728 0.000000 0.000000
vt 0.048382 0.078448 0.000000
vt 0.000000 0.000000 0.000000
vt 0.048408 0.078448 0.000000
vt 0.001347 0.078448 0.000000
vt 0.000000 0.000000 0.000000
vt 0.047061 -0.000000 0.000000
vt 0.046239 0.078455 0.000000
vt 0.000000 0.000000 0.000000
vt 0.046239 0.078455 0.000000
vt 0.000822 0.078455 0.000000
vt 0.000000 0.000000 0.000000
vt 0.045417 0.000000 0.000000
vt -0.014656 0.078534 0.000000
vt 0.000000 0.000000 0.000000
vt 0.014656 0.078534 0.000000
vt -0.060074 0.078534 0.000000
vt 0.000000 0.000000 0.000000
vt 0.060736 0.078413 0.000000
vt 0.002679 0.078413 0.000000
vt 0.000000 0.000000 0.000000
vt 0.058058 0.000000 0.000000
vt 0.055760 0.078425 0.000000
vt 0.000000 0.000000 0.000000
vt 0.055669 0.078426 0.000000
vt 0.002274 0.078426 0.000000
vt 0.000000 0.000000 0.000000
vt 0.053395 0.000000 0.000000
vt 0.051557 0.078438 0.000000
vt 0.000000 0.000000 0.000000
vt 0.051594 0.078438 0.000000
vt 0.001840 0.078438 0.000000
vt 0.000000 0.000000 0.000000
vt 0.049755 0.000000 0.000000
vt 0.048408 0.078448 0.000000
vt 0.000000 0.000000 0.000000
vt 0.048408 0.078448 0.000000
vt 0.001347 0.078448 0.000000
vt 0.000000 0.000000 0.000000
vt 0.047061 0.000000 0.000000
vt 0.046239 0.078455 0.000000
vt 0.000000 0.000000 0.000000
vt 0.046239 0.078455 0.000000
vt 0.000822 0.078455 0.000000
vt 0.000000 0.000000 0.000000
vt 0.045417 0.000000 0.000000
vt 0.015229 0.078425 0.000000
vt 0.000000 0.000000 0.000000
vt 0.044937 0.078576 0.000000
vt -0.029793 0.078576 0.000000
vt 0.000000 0.000000 0.000000
vt -0.074730 0.000000 0.000000
vt -0.044937 -0.078576 0.000000
vt 0.000000 0.000000 0.000000
vt -0.030188 0.078425 0.000000
vt -0.045417 -0.000000 0.000000
vt 0.000000 0.000000 0.000000
vt -0.074731 0.000000 0.000000
vt -0.014656 -0.078534 0.000000
vt 0.000000 0.000000 0.000000
vt -0.060074 0.078534 0.000000
vt -0.045417 -0.000000 0.000000
vt 0.000000 0.000000 0.000000
vt -0.074730 0.000000 0.000000
vt 0.015543 -0.078363 0.000000
vt 0.000000 0.000000 0.000000
vt 0.097368 -0.099334 0.000000
vt 0.089389 -0.079370 0.000000
vt 0.000000 0.000000 0.000000
vt 0.007789 -0.020039 0.000000
vt 0.045417 0.000000 0.000000
vt 0.000000 0.000000 0.000000
vt 0.085284 -0.057596 0.000000
vt 0.037641 0.020014 0.000000
vt 0.000000 0.000000 0.000000
vt 0.046239 -0.078455 0.000000
vt 0.045417 -0.000000 0.000000
vt 0.000000 0.000000 0.000000
vt 0.046239 0.078455 0.000000
vt 0.000822 0.078455 0.000000
vt 0.000000 0.000000 0.000000
vt 0.045417 -0.000000 0.000000
vt 0.045141 0.078458 0.000000
vt 0.000000 0.000000 0.000000
vt 0.045417 0.000000 0.000000
vt 0.000276 0.078458 0.000000
vt 0.000000 0.000000 0.000000
vt 0.044937 -0.078576 0.000000
vt 0.074730 0.000000 0.000000
vt 0.000000 0.000000 0.000000
vt 0.045417 -0.000000 0.000000
vt 0.030188 0.078425 0.000000
vt 0.000000 0.000000 0.000000
vt 0.014657 -0.078534 0.000000
vt 0.060074 -0.078534 0.000000
vt 0.000000 0.000000 0.000000
vt -0.000822 -0.078455 0.000000
vt 0.045417 0.000000 0.000000
vt 0.000000 0.000000 0.000000
vt -0.046239 -0.078455 0.000000
vt 0.000822 -0.078455 0.000000
vt 0.000000 0.000000 0.000000
vt -0.001347 -0.078448 0.000000
vt 0.047061 0.000000 0.000000
vt 0.000000 0.000000 0.000000
vt -0.048408 -0.078448 0.000000
vt 0.001347 -0.078448 0.000000
vt 0.000000 0.000000 0.000000
vt -0.001839 -0.078438 0.000000
vt 0.049755 0.000000 0.000000
vt 0.000000 0.000000 0.000000
vt -0.051594 -0.078437 0.000000
vt 0.001839 -0.078437 0.000000
vt 0.000000 0.000000 0.000000
vt 0.008741 -0.047929 0.000000
vt 0.053433 0.000000 0.000000
vt 0.000000 0.000000 0.000000
vt -0.043759 -0.048783 0.000000
vt 0.003820 -0.078366 0.000000
vt 0.000000 0.000000 0.000000
vt 0.043526 -0.054551 0.000000
vt 0.045608 -0.032538 0.000000
vt 0.000000 0.000000 0.000000
vt -0.002521 -0.021967 0.000000
vt 0.058005 0.000000 0.000000
vt 0.000000 0.000000 0.000000
vt 0.026784 -0.034100 0.000000
vt 0.059988 0.023398 0.000000
vt 0.000000 0.000000 0.000000
vt -0.033114 -0.057550 0.000000
vt 0.004709 -0.078318 0.000000
vt 0.000000 0.000000 0.000000
vt 0.024239 -0.040037 0.000000
vt 0.036285 -0.023351 0.000000
vt 0.000000 0.000000 0.000000
vt 0.026720 -0.041616 0.000000
vt 0.010620 0.017628 0.000000
vt 0.000000 0.000000 0.000000
vt 0.054205 0.060696 0.000000
vt -0.009222 0.060696 0.000000
vt 0.000000 0.000000 0.000000
vt 0.063427 -0.000000 0.000000
vt 0.060737 0.078413 0.000000
vt 0.000000 0.000000 0.000000
vt 0.060616 0.078414 0.000000
vt 0.002663 0.078414 0.000000
vt 0.000000 0.000000 0.000000
vt 0.057953 0.000000 0.000000
vt 0.055669 0.078426 0.000000
vt 0.000000 0.000000 0.000000
vt 0.055719 0.078426 0.000000
vt 0.002286 0.078426 0.000000
vt 0.000000 0.000000 0.000000
vt 0.053433 -0.000000 0.000000
vt 0.051594 0.078438 0.000000
vt 0.000000 0.000000 0.000000
vt 0.051594 0.078438 0.000000
vt 0.001839 0.078438 0.000000
vt 0.000000 0.000000 0.000000
vt 0.049755 -0.000000 0.000000
vt 0.048408 0.078448 0.000000
vt 0.000000 0.000000 0.000000
vt 0.048408 0.078448 0.000000
vt 0.001347 0.078448 0.000000
vt 0.000000 0.000000 0.000000
vt 0.047061 0.000000 0.000000
vt 0.046239 0.078455 0.000000
vt 0.000000 0.000000 0.000000
vt 0.046239 0.078455 0.000000
vt 0.000822 0.078455 0.000000
vt 0.000000 0.000000 0.000000
vt 0.045417 0.000000 0.000000
vt 0.045141 0.078458 0.000000
vt 0.000000 0.000000 0.000000
vt 0.045417 0.000000 0.000000
vt 0.000276 0.078458 0.000000
vt 0.000000 0.000000 0.000000
vt 0.044937 -0.078576 0.000000
vt 0.074730 0.000000 0.000000
vt 0.000000 0.000000 0.000000
vt 0.045417 -0.000000 0.000000
vt 0.030188 0.078425 0.000000
vt 0.000000 0.000000 0.000000
vt 0.029793 0.078576 0.000000
vt -0.044937 0.078576 0.000000
vt 0.000000 0.000000 0.000000
vt 0.046239 0.078455 0.000000
vt 0.000822 0.078455 0.000000
vt 0.000000 0.000000 0.000000
vt 0.045417 0.000000 0.000000
vt 0.030188 0.078425 0.000000
vt 0.000000 0.000000 0.000000
vt 0.045417 0.000000 0.000000
vt -0.014656 0.078534 0.000000
vt 0.000000 0.000000 0.000000
vt 0.060074 -0.078534 0.000000
vt 0.074730 -0.000000 0.000000
vt 0.000000 0.000000 0.000000
vt 0.045417 0.000000 0.000000
vt 0.015229 0.078425 0.000000
vt 0.000000 0.000000 0.000000
vt 0.029793 -0.078576 0.000000
vt 0.074730 0.000000 0.000000
vt 0.000000 0.000000 0.000000
vt 0.045409 0.000000 0.000000
vt 0.045141 0.078458 0.000000
vt 0.000000 0.000000 0.000000
vt 0.045425 0.000000 0.000000
vt 0.000284 0.078458 0.000000
vt 0.000000 0.000000 0.000000
vt 0.029793 0.078576 0.000000
vt -0.044937 0.078576 0.000000
vt 0.000000 0.000000 0.000000
vt 0.055720 0.078426 0.000000
vt 0.002286 0.078426 0.000000
vt 0.000000 0.000000 0.000000
vt 0.053433 0.000000 0.000000
vt 0.051594 0.078438 0.000000
vt 0.000000 0.000000 0.000000
vt 0.051594 0.078438 0.000000
vt 0.001839 0.078438 0.000000
vt 0.000000 0.000000 0.000000
vt 0.049755 -0.000000 0.000000
vt 0.048408 0.078448 0.000000
vt 0.000000 0.000000 0.000000
vt 0.048407 0.078448 0.000000
vt 0.001347 0.078448 0.000000
vt 0.000000 0.000000 0.000000
vt 0.047061 0.000000 0.000000
vt 0.046239 0.078455 0.000000
vt 0.000000 0.000000 0.000000
vt 0.047044 0.000000 0.000000
vt 0.000822 0.078455 0.000000
vt 0.000000 0.000000 0.000000
vt 0.046222 -0.078455 0.000000
vt 0.045409 -0.000000 0.000000
vt 0.000000 0.000000 0.000000
vt 0.047078 0.000000 0.000000
vt 0.000830 0.078455 0.000000
vt 0.000000 0.000000 0.000000
vt 0.046247 -0.078455 0.000000
vt 0.045425 -0.000000 0.000000
vt 0.000000 0.000000 0.000000
vt 0.046239 0.078455 0.000000
vt 0.000822 0.078455 0.000000
vt 0.000000 0.000000 0.000000
vt 0.045417 0.000000 0.000000
vt 0.030188 0.078425 0.000000
vt 0.000000 0.000000 0.000000
vt 0.045417 0.000000 0.000000
vt -0.014657 0.078534 0.000000
vt 0.000000 0.000000 0.000000
vt 0.060074 -0.078534 0.000000
vt 0.074731 0.000000 0.000000
vt 0.000000 0.000000 0.000000
vt 0.045417 0.000000 0.000000
vt 0.015229 0.078425 0.000000
vt 0.000000 0.000000 0.000000
vt 0.029793 -0.078576 0.000000
vt 0.074730 0.000000 0.000000
vt 0.000000 0.000000 0.000000
vt 0.045417 0.000000 0.000000
vt 0.045141 0.078458 0.000000
vt 0.000000 0.000000 0.000000
vt 0.060074 -0.078534 0.000000
vt 0.074731 0.000000 0.000000
vt 0.000000 0.000000 0.000000
vt 0.090273 0.078363 0.000000
vt 0.015543 0.078363 0.000000
vt 0.000000 0.000000 0.000000
vt -0.047643 -0.077610 0.000000
vt 0.037641 -0.020014 0.000000
vt 0.000000 0.000000 0.000000
vt -0.016476 -0.045179 0.000000
vt 0.083404 0.060286 0.000000
vt 0.000000 0.000000 0.000000
vt -0.045417 -0.000000 0.000000
vt -0.046239 -0.078455 0.000000
vt 0.000000 0.000000 0.000000
vt -0.046239 -0.078455 0.000000
vt 0.000822 -0.078455 0.000000
vt 0.000000 0.000000 0.000000
vt -0.047061 -0.000000 0.000000
vt -0.015582 -0.045495 0.000000
vt 0.000000 0.000000 0.000000
vt -0.002406 -0.078422 0.000000
vt 0.030879 -0.045904 0.000000
vt 0.000000 0.000000 0.000000
vt 0.033049 -0.032757 0.000000
vt 0.105242 -0.100750 0.000000
vt 0.000000 0.000000 0.000000
vt -0.049755 0.000000 0.000000
vt -0.067686 -0.072481 0.000000
vt 0.000000 0.000000 0.000000
vt -0.051397 -0.078567 0.000000
vt -0.014367 -0.073271 0.000000
vt 0.000000 0.000000 0.000000
vt -0.010618 -0.047549 0.000000
vt 0.036958 0.005774 0.000000
vt 0.000000 0.000000 0.000000
vt -0.089389 -0.079370 0.000000
vt -0.097368 -0.099334 0.000000
vt 0.000000 0.000000 0.000000
vt 0.007789 0.020039 0.000000
vt -0.037628 0.020039 0.000000
vt 0.000000 0.000000 0.000000
vt -0.060074 0.078534 0.000000
vt -0.045417 0.000000 0.000000
vt 0.000000 0.000000 0.000000
vt -0.015229 0.078425 0.000000
vt -0.045417 0.000000 0.000000
vt 0.000000 0.000000 0.000000
vt -0.074730 -0.000000 0.000000
vt -0.029793 -0.078576 0.000000
vt 0.000000 0.000000 0.000000
vt -0.000276 -0.078458 0.000000
vt 0.045141 -0.078458 0.000000
vt 0.000000 0.000000 0.000000
vt -0.045417 0.000000 0.000000
vt -0.046239 -0.078455 0.000000
vt 0.000000 0.000000 0.000000
vt -0.046239 -0.078455 0.000000
vt 0.000822 -0.078455 0.000000
vt 0.000000 0.000000 0.000000
vt -0.047061 0.000000 0.000000
vt -0.048407 -0.078448 0.000000
vt 0.000000 0.000000 0.000000
vt -0.048408 -0.078448 0.000000
vt 0.001347 -0.078448 0.000000
vt 0.000000 0.000000 0.000000
vt -0.049755 -0.000000 0.000000
vt -0.051594 -0.078437 0.000000
vt 0.000000 0.000000 0.000000
vt -0.051594 -0.078437 0.000000
vt 0.001839 -0.078437 0.000000
vt 0.000000 0.000000 0.000000
vt -0.053433 0.000000 0.000000
vt -0.008741 -0.047929 0.000000
vt 0.000000 0.000000 0.000000
vt -0.003820 -0.078366 0.000000
vt 0.043759 -0.048783 0.000000
vt 0.000000 0.000000 0.000000
vt -0.045608 -0.032538 0.000000
vt -0.043526 -0.054551 0.000000
vt 0.000000 0.000000 0.000000
vt -0.058005 0.000000 0.000000
vt 0.002521 -0.021967 0.000000
vt 0.000000 0.000000 0.000000
vt -0.036032 -0.022899 0.000000
vt -0.024393 -0.040274 0.000000
vt 0.000000 0.000000 0.000000
vt -0.016949 -0.059978 0.000000
vt 0.010069 -0.018330 0.000000
vt 0.000000 0.000000 0.000000
vt -0.063427 -0.000000 0.000000
vt -0.009615 -0.061580 0.000000
vt 0.000000 0.000000 0.000000
vt -0.004888 -0.078307 0.000000
vt 0.052332 -0.062842 0.000000
vt 0.000000 0.000000 0.000000
vt 0.048275 -0.034392 0.000000
vt 0.049719 0.014167 0.000000
vt 0.000000 0.000000 0.000000
vt 0.062830 0.046991 0.000000
vt 0.000460 0.048578 0.000000
vt 0.000000 0.000000 0.000000
vt 0.062371 -0.001565 0.000000
vt 0.048405 0.019019 0.000000
vt 0.000000 0.000000 0.000000
vt 0.031904 0.044317 0.000000
vt -0.014288 0.020362 0.000000
vt 0.000000 0.000000 0.000000
vt 0.044148 0.028608 0.000000
vt 0.040216 0.033454 0.000000
vt 0.000000 0.000000 0.000000
vt -0.061433 -0.048804 0.000000
vt 0.003867 -0.004898 0.000000
vt 0.000000 0.000000 0.000000
vt -0.065323 -0.043872 0.000000
vt -0.024731 -0.070492 0.000000
vt 0.000000 0.000000 0.000000
vt 0.020492 -0.089584 0.000000
vt 0.040501 -0.026758 0.000000
vt 0.000000 0.000000 0.000000
vt 0.019980 -0.040413 0.000000
vt 0.038317 0.019963 0.000000
vt 0.000000 0.000000 0.000000
vt -0.044148 -0.028608 0.000000
vt 0.003902 -0.004870 0.000000
vt 0.000000 0.000000 0.000000
vt -0.047935 -0.023970 0.000000
vt -0.061076 -0.049250 0.000000
vt 0.000000 0.000000 0.000000
vt -0.043798 -0.028910 0.000000
vt -0.013554 -0.025061 0.000000
vt 0.000000 0.000000 0.000000
vt -0.030241 -0.003866 0.000000
vt 0.020325 -0.089622 0.000000
vt 0.000000 0.000000 0.000000
vt -0.032033 -0.044224 0.000000
vt 0.049711 -0.086255 0.000000
vt 0.000000 0.000000 0.000000
vt -0.081725 0.042067 0.000000
vt -0.038296 -0.020005 0.000000
vt 0.000000 0.000000 0.000000
vt -0.024691 -0.103890 0.000000
vt 0.042213 -0.062906 0.000000
vt 0.000000 0.000000 0.000000
vt -0.067058 -0.040732 0.000000
vt 0.019201 -0.040788 0.000000
vt 0.000000 0.000000 0.000000
vt 0.033521 -0.060724 0.000000
vt 0.086259 -0.000056 0.000000
vt 0.000000 0.000000 0.000000
vt -0.053304 -0.060170 0.000000
vt -0.018166 -0.058913 0.000000
vt 0.000000 0.000000 0.000000
vt 0.004151 -0.112648 0.000000
vt 0.035138 0.001268 0.000000
vt 0.000000 0.000000 0.000000
vt -0.040720 0.084353 0.000000
vt -0.067542 0.025018 0.000000
vt 0.000000 0.000000 0.000000
vt -0.058005 0.000000 0.000000
vt -0.026709 -0.059386 0.000000
vt 0.000000 0.000000 0.000000
vt -0.034608 0.057519 0.000000
vt -0.076655 0.016080 0.000000
vt 0.000000 0.000000 0.000000
vt -0.058005 -0.000000 0.000000
vt -0.041623 -0.041865 0.000000
vt 0.000000 0.000000 0.000000
vt -0.018049 0.041174 0.000000
vt -0.040933 0.002867 0.000000
vt 0.000000 0.000000 0.000000
vt -0.058005 0.000000 0.000000
vt -0.021881 -0.038888 0.000000
vt 0.000000 0.000000 0.000000
vt 0.012846 -0.014991 0.000000
vt 0.056566 0.006470 0.000000
vt 0.000000 0.000000 0.000000
vt -0.036699 0.038347 0.000000
vt -0.041110 -0.001462 0.000000
vt 0.000000 0.000000 0.000000
vt 0.002862 0.039950 0.000000
vt -0.041253 -0.005783 0.000000
vt 0.000000 0.000000 0.000000
vt -0.058005 0.000000 0.000000
vt -0.043552 -0.046271 0.000000
vt 0.000000 0.000000 0.000000
vt -0.015457 0.045945 0.000000
vt -0.041953 -0.010007 0.000000
vt 0.000000 0.000000 0.000000
vt -0.058005 0.000000 0.000000
vt -0.023960 -0.057084 0.000000
vt 0.000000 0.000000 0.000000
vt -0.033459 0.057430 0.000000
vt -0.043162 -0.014433 0.000000
vt 0.000000 0.000000 0.000000
vt -0.058005 0.000000 0.000000
vt -0.004067 -0.072401 0.000000
vt 0.000000 0.000000 0.000000
vt -0.053444 0.072767 0.000000
vt -0.056656 -0.005627 0.000000
vt 0.000000 0.000000 0.000000
vt -0.060682 -0.078413 0.000000
vt 0.002677 -0.078413 0.000000
vt 0.000000 0.000000 0.000000
vt -0.063359 0.000000 0.000000
vt 0.013793 -0.014125 0.000000
vt 0.000000 0.000000 0.000000
vt -0.011204 -0.069723 0.000000
vt 0.076812 -0.015871 0.000000
vt 0.000000 0.000000 0.000000
vt -0.015025 -0.057191 0.000000
vt 0.015810 -0.053079 0.000000
vt 0.000000 0.000000 0.000000
vt 0.047607 -0.048588 0.000000
vt 0.030840 0.004083 0.000000
vt 0.000000 0.000000 0.000000
vt 0.046782 0.008233 0.000000
vt 0.029540 0.060732 0.000000
vt 0.000000 0.000000 0.000000
vt -0.059988 0.023396 0.000000
vt -0.027085 -0.034499 0.000000
vt 0.000000 0.000000 0.000000
vt -0.032807 0.057950 0.000000
vt -0.037522 -0.020367 0.000000
vt 0.000000 0.000000 0.000000
vt -0.058058 0.000000 0.000000
vt 0.002679 -0.078413 0.000000
vt 0.000000 0.000000 0.000000
vt -0.060737 0.078413 0.000000
vt -0.063427 -0.000000 0.000000
vt 0.000000 0.000000 0.000000
vt -0.057953 0.000000 0.000000
vt 0.002663 -0.078414 0.000000
vt 0.000000 0.000000 0.000000
vt -0.060617 0.078413 0.000000
vt -0.063291 0.000000 0.000000
vt 0.000000 0.000000 0.000000
vt -0.060682 -0.078413 0.000000
vt 0.002677 -0.078413 0.000000
vt 0.000000 0.000000 0.000000
vt -0.063359 -0.000000 0.000000
vt -0.066360 -0.078402 0.000000
vt 0.000000 0.000000 0.000000
vt -0.063359 0.000000 0.000000
vt 0.003001 -0.078402 0.000000
vt 0.000000 0.000000 0.000000
vt -0.071165 0.074068 0.000000
vt -0.107305 0.034533 0.000000
vt 0.000000 0.000000 0.000000
vt -0.063359 0.000000 0.000000
vt -0.035641 -0.039985 0.000000
vt 0.000000 0.000000 0.000000
vt -0.029562 0.038641 0.000000
vt -0.055451 0.030801 0.000000
vt 0.000000 0.000000 0.000000
vt 0.002211 0.078428 0.000000
vt -0.026172 -0.006833 0.000000
vt 0.000000 0.000000 0.000000
vt 0.022982 0.086873 0.000000
vt -0.035024 0.086873 0.000000
vt 0.000000 0.000000 0.000000
vt -0.002286 0.078426 0.000000
vt -0.058005 0.000000 0.000000
vt 0.000000 0.000000 0.000000
vt 0.055719 0.078426 0.000000
vt 0.002286 0.078426 0.000000
vt 0.000000 0.000000 0.000000
vt -0.001839 0.078438 0.000000
vt -0.053433 0.000000 0.000000
vt 0.000000 0.000000 0.000000
vt 0.051594 0.078438 0.000000
vt 0.001839 0.078438 0.000000
vt 0.000000 0.000000 0.000000
vt -0.001347 0.078448 0.000000
vt -0.049755 0.000000 0.000000
vt 0.000000 0.000000 0.000000
vt 0.048408 0.078448 0.000000
vt 0.001347 0.078448 0.000000
vt 0.000000 0.000000 0.000000
vt -0.000822 0.078455 0.000000
vt -0.047061 0.000000 0.000000
vt 0.000000 0.000000 0.000000
vt 0.046239 0.078455 0.000000
vt 0.000822 0.078455 0.000000
vt 0.000000 0.000000 0.000000
vt -0.045141 0.078458 0.000000
vt -0.045417 0.000000 0.000000
vt 0.000000 0.000000 0.000000
vt -0.000276 0.078458 0.000000
vt -0.045417 0.000000 0.000000
vt 0.000000 0.000000 0.000000
vt -0.074730 0.000000 0.000000
vt -0.044937 -0.078576 0.000000
vt 0.000000 0.000000 0.000000
vt -0.030188 0.078425 0.000000
vt -0.045417 -0.000000 0.000000
vt 0.000000 0.000000 0.000000
vt -0.074730 0.000000 0.000000
vt -0.014656 -0.078534 0.000000
vt 0.000000 0.000000 0.000000
vt 0.014656 -0.078534 0.000000
vt 0.060074 -0.078534 0.000000
vt 0.000000 0.000000 0.000000
vt -0.045417 0.000000 0.000000
vt -0.046239 -0.078455 0.000000
vt 0.000000 0.000000 0.000000
vt -0.046239 -0.078455 0.000000
vt 0.000822 -0.078455 0.000000
vt 0.000000 0.000000 0.000000
vt -0.047061 -0.000000 0.000000
vt -0.048408 -0.078448 0.000000
vt 0.000000 0.000000 0.000000
vt -0.048408 -0.078448 0.000000
vt 0.001347 -0.078448 0.000000
vt 0.000000 0.000000 0.000000
vt -0.049755 -0.000000 0.000000
vt -0.051594 -0.078438 0.000000
vt 0.000000 0.000000 0.000000
vt -0.051594 -0.078438 0.000000
vt 0.001839 -0.078438 0.000000
vt 0.000000 0.000000 0.000000
vt -0.053433 -0.000000 0.000000
vt -0.055719 -0.078426 0.000000
vt 0.000000 0.000000 0.000000
vt -0.055719 -0.078426 0.000000
vt 0.002286 -0.078426 0.000000
vt 0.000000 0.000000 0.000000
vt -0.058006 0.000000 0.000000
vt -0.060682 -0.078414 0.000000
vt 0.000000 0.000000 0.000000
vt -0.060682 -0.078413 0.000000
vt 0.002677 -0.078413 0.000000
vt 0.000000 0.000000 0.000000
vt -0.063359 0.000000 0.000000
vt -0.004228 -0.070491 0.000000
vt 0.000000 0.000000 0.000000
vt -0.003892 -0.078362 0.000000
vt 0.058328 -0.071157 0.000000
vt 0.000000 0.000000 0.000000
vt -0.017908 -0.060021 0.000000
vt 0.029975 -0.103783 0.000000
vt 0.000000 0.000000 0.000000
vt -0.033384 -0.060799 0.000000
vt 0.047732 -0.043927 0.000000
vt 0.000000 0.000000 0.000000
vt -0.081128 -0.016814 0.000000
vt -0.014011 -0.057448 0.000000
vt 0.000000 0.000000 0.000000
vt 0.024691 -0.103890 0.000000
vt 0.066904 -0.040985 0.000000
vt 0.000000 0.000000 0.000000
vt -0.043634 -0.061929 0.000000
vt 0.047372 -0.048818 0.000000
vt 0.000000 0.000000 0.000000
vt 0.032122 -0.044418 0.000000
vt 0.091000 0.013153 0.000000
vt 0.000000 0.000000 0.000000
vt -0.059332 -0.057102 0.000000
vt -0.029292 -0.060852 0.000000
vt 0.000000 0.000000 0.000000
vt 0.043588 -0.028789 0.000000
vt 0.030041 -0.003735 0.000000
vt 0.000000 0.000000 0.000000
vt 0.047942 -0.023977 0.000000
vt -0.013134 0.025273 0.000000
vt 0.000000 0.000000 0.000000
vt 0.061475 -0.048751 0.000000
vt 0.046786 0.008206 0.000000
vt 0.000000 0.000000 0.000000
vt 0.003872 0.004894 0.000000
vt -0.014623 0.056974 0.000000
vt 0.000000 0.000000 0.000000
vt -0.085136 0.002518 0.000000
vt -0.140345 0.000000 0.000000
vt 0.000000 0.000000 0.000000
vt 0.085146 -0.002146 0.000000
vt 0.054923 0.006069 0.000000
vt 0.000000 0.000000 0.000000
vt 0.030227 -0.008199 0.000000
vt 0.054473 0.009385 0.000000
vt 0.000000 0.000000 0.000000
vt 0.140345 -0.000000 0.000000
vt 0.024234 0.017600 0.000000
vt 0.000000 0.000000 0.000000
vt 0.116111 -0.017601 0.000000
vt 0.054045 0.012101 0.000000
vt 0.000000 0.000000 0.000000
vt 0.062079 -0.029673 0.000000
vt 0.104170 0.028600 0.000000
vt 0.000000 0.000000 0.000000
vt 0.140345 0.000000 0.000000
vt 0.042084 0.058278 0.000000
vt 0.000000 0.000000 0.000000
vt 0.098268 -0.058266 0.000000
vt 0.099097 0.028752 0.000000
vt 0.000000 0.000000 0.000000
vt -0.000829 -0.087018 0.000000
vt 0.047168 0.012131 0.000000
vt 0.000000 0.000000 0.000000
vt 0.140345 0.000000 0.000000
vt 0.047979 0.099157 0.000000
vt 0.000000 0.000000 0.000000
vt 0.092367 -0.099156 0.000000
vt 0.044508 0.009500 0.000000
vt 0.000000 0.000000 0.000000
vt -0.005279 0.115409 0.000000
vt -0.047876 0.108649 0.000000
vt 0.000000 0.000000 0.000000
vt 0.005283 -0.115408 0.000000
vt 0.041471 0.003925 0.000000
vt 0.000000 0.000000 0.000000
vt -0.036176 -0.119337 0.000000
vt 0.041124 0.000996 0.000000
vt 0.000000 0.000000 0.000000
vt 0.140345 0.000000 0.000000
vt 0.077294 0.120337 0.000000
vt 0.000000 0.000000 0.000000
vt 0.063065 -0.120330 0.000000
vt 0.040986 -0.001955 0.000000
vt 0.000000 0.000000 0.000000
vt 0.022078 -0.118375 0.000000
vt 0.077562 -0.010893 0.000000
vt 0.000000 0.000000 0.000000
vt 0.140345 0.000000 0.000000
vt 0.055471 0.107489 0.000000
vt 0.000000 0.000000 0.000000
vt 0.084883 -0.107482 0.000000
vt 0.070128 -0.016429 0.000000
vt 0.000000 0.000000 0.000000
vt 0.014757 -0.091053 0.000000
vt 0.060986 -0.017442 0.000000
vt 0.000000 0.000000 0.000000
vt 0.140345 0.000000 0.000000
vt 0.046213 0.073620 0.000000
vt 0.000000 0.000000 0.000000
vt 0.094136 -0.073614 0.000000
vt 0.113399 -0.032831 0.000000
vt 0.000000 0.000000 0.000000
vt -0.019264 -0.040783 0.000000
vt 0.059756 -0.015164 0.000000
vt 0.000000 0.000000 0.000000
vt 0.140345 0.000000 0.000000
vt 0.079009 0.025655 0.000000
vt 0.000000 0.000000 0.000000
vt 0.061352 -0.025618 0.000000
vt 0.061813 -0.012676 0.000000
vt 0.000000 0.000000 0.000000
vt -0.000461 -0.012942 0.000000
vt 0.065306 -0.009089 0.000000
vt 0.000000 0.000000 0.000000
vt 0.140345 -0.000000 0.000000
vt 0.065753 0.004093 0.000000
vt 0.000000 0.000000 0.000000
vn 0.025882 0.000000 0.096593
vn 0.025882 0.000000 0.096593
vn 0.000000 0.000000 0.100000
vn 0.025882 0.000000 0.096593
vn 0.025882 0.000000 0.096593
vn 0.050000 0.000000 0.086603
vn 0.050000 0.000000 0.086603
vn 0.070711 0.000000 0.070711
vn 0.070711 0.000000 0.070711
vn 0.086603 0.000000 0.050000
vn 0.086603 0.000000 0.050000
vn 0.096593 0.000000 0.025882
vn 0.096593 0.000000 0.025882
vn 0.100000 0.000000 0.000000
vn 0.096593 0.000000 0.025882
vn 0.050000 0.000000 0.086603
vn 0.050000 0.000000 0.086603
vn 0.070711 0.000000 0.070711
vn 0.070711 0.000000 0.070711
vn 0.086603 0.000000 0.050000
vn 0.086603 0.000000 0.050000
vn 0.096593 0.000000 0.025882
vn 0.096593 0.000000 0.025882
vn 0.100000 0.000000 0.000000
vn 0.096593 0.000000 0.025882
vn 0.096593 0.000000 0.025882
vn 0.096593 0.000000 0.025882
vn 0.086603 0.000000 0.050000
vn 0.086603 0.000000 0.050000
vn 0.086603 0.000000 0.050000
vn 0.070711 0.000000 0.070711
vn 0.070711 0.000000 0.070711
vn 0.050000 0.000000 0.086603
vn 0.050000 0.000000 0.086603
vn 0.025882 0.000000 0.096593
vn 0.025882 0.000000 0.096593
vn 0.000000 0.000000 0.100000
vn 0.025882 0.000000 0.096593
vn 0.025882 0.000000 0.096593
vn 0.025882 0.000000 0.096593
vn 0.050000 0.000000 0.086603
vn 0.050000 0.000000 0.086603
vn 0.070711 0.000000 0.070711
vn 0.050000 0.000000 0.086603
vn 0.070711 0.000000 0.070711
vn 0.086603 0.000000 0.050000
vn 0.096593 0.000000 0.025882
vn 0.070711 0.000000 0.070711
vn 0.086603 0.000000 0.050000
vn -0.096593 0.000000 0.025882
vn -0.096593 0.000000 0.025882
vn -0.100000 0.000000 0.000000
vn -0.096593 0.000000 0.025882
vn -0.096593 0.000000 0.025882
vn -0.086603 0.000000 0.050000
vn -0.086603 0.000000 0.050000
vn -0.070711 0.000000 0.070711
vn -0.070711 0.000000 0.070711
vn -0.050000 0.000000 0.086603
vn -0.050000 0.000000 0.086603
vn -0.025882 0.000000 0.096593
vn -0.025882 0.000000 0.096593
vn -0.000000 0.000000 0.100000
vn -0.025882 0.000000 0.096593
vn -0.086603 0.000000 0.050000
vn -0.086603 0.000000 0.050000
vn -0.070711 0.000000 0.070711
vn -0.070711 0.000000 0.070711
vn -0.050000 0.000000 0.086603
vn -0.050000 0.000000 0.086603
vn -0.025882 0.000000 0.096593
vn -0.025882 0.000000 0.096593
vn -0.000000 0.000000 0.100000
vn -0.025882 0.000000 0.096593
vn -0.025882 0.000000 0.096593
vn -0.025882 0.000000 0.096593
vn -0.050000 0.000000 0.086603
vn -0.050000 0.000000 0.086603
vn -0.050000 0.000000 0.086603
vn -0.070711 0.000000 0.070711
vn -0.070711 0.000000 0.070711
vn -0.086603 0.000000 0.050000
vn -0.086603 0.000000 0.050000
vn -0.096593 0.000000 0.025882
vn -0.096593 0.000000 0.025882
vn -0.100000 0.000000 0.000000
vn -0.096593 0.000000 0.025882
vn -0.096593 0.000000 0.025882
vn -0.096593 0.000000 0.025882
vn -0.086603 0.000000 0.050000
vn -0.086603 0.000000 0.050000
vn -0.070711 0.000000 0.070711
vn -0.086603 0.000000 0.050000
vn -0.070711 0.000000 0.070711
vn -0.050000 0.000000 0.086603
vn -0.025882 0.000000 0.096593
vn -0.070711 0.000000 0.070711
vn -0.050000 0.000000 0.086603
vn -0.100000 0.000000 0.000000
vn -0.100000 0.000000 0.000000
vn 0.003830 -0.000099 0.099927
vn 0.003830 -0.000099 0.099927
vn 0.003830 -0.000099 0.099927
vn 0.003830 -0.000099 0.099927
vn -0.003830 0.000099 0.099927
vn -0.003830 0.000099 0.099927
vn -0.003830 0.000099 0.099927
vn 0.011468 0.000099 0.099340
vn 0.011468 0.000099 0.099340
vn 0.011468 0.000099 0.099340
vn 0.011468 0.000099 0.099340
vn -0.011468 -0.000099 0.099340
vn -0.011468 -0.000099 0.099340
vn -0.011468 -0.000099 0.099340
vn -0.011468 -0.000099 0.099340
vn -0.019039 0.000099 0.098171
vn -0.019039 0.000099 0.098171
vn -0.019039 0.000099 0.098171
vn -0.019039 0.000099 0.098171
vn -0.019039 0.000099 0.098171
vn -0.019039 0.000099 0.098171
vn 0.100000 0.000000 0.000000
vn 0.100000 0.000000 0.000000
vn 0.100000 0.000000 0.000000
vn 0.000000 -0.100000 0.000000
vn 0.000000 -0.100000 0.000000
vn 0.000000 -0.100000 0.000000
vn 0.000000 -0.100000 0.000000
vn 0.000000 -0.100000 0.000000
vn 0.000000 -0.100000 0.000000
vn 0.000000 -0.100000 0.000000
vn 0.000000 -0.100000 0.000000
vn 0.000000 -0.100000 0.000000
vn 0.000000 -0.100000 0.000000
vn 0.000000 -0.100000 0.000000
vn 0.000000 -0.100000 0.000000
vn 0.000000 -0.100000 0.000000
vn 0.000000 -0.100000 0.000000
vn 0.000000 -0.100000 0.000000
vn 0.000000 -0.100000 0.000000
vn 0.000000 -0.100000 0.000000
vn 0.000000 -0.100000 0.000000
vn 0.000000 -0.100000 0.000000
vn 0.000000 -0.100000 0.000000
vn 0.000000 -0.100000 0.000000
vn 0.000000 0.100000 0.000000
vn 0.000000 0.100000 0.000000
vn 0.000000 0.100000 0.000000
vn 0.000000 0.100000 0.000000
vn 0.000000 0.100000 0.000000
vn 0.000000 0.100000 0.000000
vn 0.000000 0.100000 0.000000
vn 0.000000 0.100000 0.000000
vn 0.000000 0.100000 0.000000
vn 0.000000 0.100000 0.000000
vn 0.000000 0.100000 0.000000
vn 0.000000 0.100000 0.000000
vn 0.000000 0.100000 0.000000
vn 0.000000 0.100000 0.000000
vn 0.000000 0.100000 0.000000
vn 0.000000 0.100000 0.000000
vn 0.000000 0.100000 0.000000
vn 0.000000 0.100000 0.000000
vn 0.000000 0.100000 0.000000
vn 0.000000 0.100000 0.000000
vn 0.000000 0.100000 0.000000
vn 0.000000 0.100000 0.000000
vn 0.000000 0.100000 0.000000
vn 0.000000 0.100000 0.000000
vn 0.000000 0.100000 0.000000
vn 0.000000 0.100000 0.000000
vn 0.000000 0.100000 0.000000
vn 0.000000 0.100000 0.000000
vn 0.000000 0.100000 0.000000
vn 0.000000 0.100000 0.000000
vn 0.000000 0.100000 0.000000
vn 0.000000 0.100000 0.000000
vn 0.000000 0.100000 0.000000
vn 0.000000 0.100000 0.000000
vn 0.000000 0.100000 0.000000
vn 0.000000 0.100000 0.000000
vn 0.000000 0.100000 0.000000
vn 0.000000 0.100000 0.000000
vn 0.000000 0.100000 0.000000
vn 0.000000 0.100000 0.000000
vn 0.000000 0.100000 0.000000
vn 0.000000 0.100000 0.000000
vn 0.000000 0.100000 0.000000
vn 0.000000 0.100000 0.000000
vn 0.000000 0.100000 0.000000
vn 0.000000 0.100000 0.000000
vn 0.000000 0.100000 0.000000
vn 0.000000 0.100000 0.000000
vn 0.000000 0.100000 0.000000
vn 0.000000 0.100000 0.000000
vn 0.000000 0.100000 0.000000
vn 0.000000 0.100000 0.000000
vn 0.000000 0.100000 0.000000
vn 0.000000 0.100000 0.000000
vn 0.000000 0.100000 0.000000
vn -0.091190 0.000000 -0.041041
vn -0.091190 0.000000 -0.041041
vn -0.091190 0.000000 -0.041041
vn -0.091190 0.000000 -0.041041
vn 0.006038 0.000000 -0.099818
vn 0.006038 0.000000 -0.099818
vn 0.006038 0.000000 -0.099818
vn 0.006038 0.000000 -0.099818
vn -0.018025 0.000000 0.098362
vn -0.018025 0.000000 0.098362
vn -0.018025 0.000000 0.098362
vn -0.018025 0.000000 0.098362
vn -0.029750 0.000000 0.095472
vn -0.029750 0.000000 0.095472
vn -0.029750 0.000000 0.095472
vn -0.029750 0.000000 0.095472
vn -0.041041 0.000000 0.091190
vn -0.041041 0.000000 0.091190
vn -0.041041 0.000000 0.091190
vn -0.041041 0.000000 0.091190
vn 0.018025 0.000000 -0.098362
vn 0.018025 0.000000 -0.098362
vn 0.018025 0.000000 -0.098362
vn 0.018025 0.000000 -0.098362
vn -0.098362 0.000000 0.018025
vn -0.098362 0.000000 0.018025
vn -0.098362 0.000000 0.018025
vn -0.098362 0.000000 0.018025
vn -0.051734 0.000000 0.085578
vn -0.051734 0.000000 0.085578
vn -0.051734 0.000000 0.085578
vn -0.051734 0.000000 0.085578
vn -0.095472 0.000000 0.029750
vn -0.095472 0.000000 0.029750
vn -0.095472 0.000000 0.029750
vn -0.095472 0.000000 0.029750
vn -0.061672 0.000000 0.078718
vn -0.061672 0.000000 0.078718
vn -0.061672 0.000000 0.078718
vn -0.061672 0.000000 0.078718
vn -0.051734 0.000000 -0.085578
vn -0.051734 0.000000 -0.085578
vn -0.051734 0.000000 -0.085578
vn -0.051734 0.000000 -0.085578
vn -0.070711 0.000000 0.070711
vn -0.070711 0.000000 0.070711
vn -0.070711 0.000000 0.070711
vn -0.070711 0.000000 0.070711
vn 0.051734 0.000000 -0.085578
vn 0.051734 0.000000 -0.085578
vn 0.051734 0.000000 -0.085578
vn 0.051734 0.000000 -0.085578
vn -0.078718 0.000000 -0.061672
vn -0.078718 0.000000 -0.061672
vn -0.078718 0.000000 -0.061672
vn -0.078718 0.000000 -0.061672
vn -0.078718 0.000000 0.061672
vn -0.078718 0.000000 0.061672
vn -0.078718 0.000000 0.061672
vn -0.078718 0.000000 0.061672
vn 0.061672 0.000000 -0.078718
vn 0.061672 0.000000 -0.078718
vn 0.061672 0.000000 -0.078718
vn 0.061672 0.000000 -0.078718
vn 0.070711 0.000000 -0.070711
vn 0.070711 0.000000 -0.070711
vn 0.070711 0.000000 -0.070711
vn 0.070711 0.000000 -0.070711
vn 0.078718 0.000000 0.061672
vn 0.078718 0.000000 0.061672
vn 0.078718 0.000000 0.061672
vn 0.078718 0.000000 0.061672
vn 0.085578 0.000000 0.051734
vn 0.085578 0.000000 0.051734
vn 0.085578 0.000000 0.051734
vn 0.085578 0.000000 0.051734
vn 0.091190 0.000000 0.041041
vn 0.091190 0.000000 0.041041
vn 0.091190 0.000000 0.041041
vn 0.091190 0.000000 0.041041
vn 0.095472 0.000000 0.029750
vn 0.095472 0.000000 0.029750
vn 0.095472 0.000000 0.029750
vn 0.095472 0.000000 0.029750
vn 0.099818 0.000000 0.006038
vn 0.099818 0.000000 0.006038
vn 0.099818 0.000000 0.006038
vn 0.099818 0.000000 0.006038
vn 0.099818 0.000000 -0.006038
vn 0.099818 0.000000 -0.006038
vn 0.099818 0.000000 -0.006038
vn 0.099818 0.000000 -0.006038
vn 0.098362 0.000000 -0.018025
vn 0.098362 0.000000 -0.018025
vn 0.098362 0.000000 -0.018025
vn 0.098362 0.000000 -0.018025
vn -0.099818 0.000000 -0.006038
vn -0.099818 0.000000 -0.006038
vn -0.099818 0.000000 -0.006038
vn -0.099818 0.000000 -0.006038
vn -0.098362 0.000000 -0.018025
vn -0.098362 0.000000 -0.018025
vn -0.098362 0.000000 -0.018025
vn -0.098362 0.000000 -0.018025
vn -0.095472 0.000000 -0.029750
vn -0.095472 0.000000 -0.029750
vn -0.095472 0.000000 -0.029750
vn -0.095472 0.000000 -0.029750
vn -0.041041 0.000000 -0.091190
vn -0.041041 0.000000 -0.091190
vn -0.041041 0.000000 -0.091190
vn -0.041041 0.000000 -0.091190
vn 0.000000 0.100000 0.000000
vn 0.000000 0.100000 0.000000
vn 0.000000 0.100000 0.000000
vn 0.000000 0.100000 0.000000
vn 0.000000 0.100000 0.000000
vn 0.000000 0.100000 0.000000
vn 0.000000 0.100000 0.000000
vn 0.000000 0.100000 0.000000
vn 0.000000 0.100000 0.000000
vn 0.000000 0.100000 0.000000
vn 0.000000 0.100000 0.000000
vn 0.000000 0.100000 0.000000
vn 0.000000 0.100000 0.000000
vn 0.000000 0.100000 0.000000
vn 0.000000 0.100000 0.000000
vn 0.000000 0.100000 0.000000
vn 0.000000 0.100000 0.000000
vn 0.000000 0.100000 0.000000
vn 0.000000 0.100000 0.000000
vn 0.000000 0.100000 0.000000
vn 0.000000 0.100000 0.000000
vn 0.000000 0.100000 0.000000
vn 0.000000 0.100000 0.000000
vn 0.000000 0.100000 0.000000
vn 0.000000 0.100000 0.000000
vn 0.000000 0.100000 0.000000
vn 0.000000 0.100000 0.000000
vn 0.000000 0.100000 0.000000
vn 0.000000 0.100000 0.000000
vn 0.000000 0.100000 0.000000
vn 0.000000 0.100000 0.000000
vn 0.000000 0.100000 0.000000
vn 0.000000 0.100000 0.000000
vn 0.000000 0.100000 0.000000
vn 0.000000 0.100000 0.000000
vn 0.000000 0.100000 0.000000
vn 0.000000 0.100000 0.000000
vn 0.000000 0.100000 0.000000
vn 0.000000 0.100000 0.000000
vn 0.000000 0.100000 0.000000
vn 0.000000 0.100000 0.000000
vn 0.000000 0.100000 0.000000
vn 0.000000 0.100000 0.000000
vn 0.000000 0.100000 0.000000
vn 0.000000 0.100000 0.000000
vn 0.000000 0.100000 0.000000
vn 0.000000 0.100000 0.000000
vn 0.000000 0.100000 0.000000
vn 0.000000 0.100000 0.000000
vn 0.000000 0.100000 0.000000
vn 0.000000 0.100000 0.000000
vn 0.000000 0.100000 0.000000
vn 0.000000 0.100000 0.000000
vn 0.000000 0.100000 0.000000
vn 0.000000 0.100000 0.000000
vn 0.000000 0.100000 0.000000
vn 0.000000 0.100000 0.000000
vn 0.000000 0.100000 0.000000
vn 0.000000 0.100000 0.000000
vn 0.000000 0.100000 0.000000
vn 0.000000 0.100000 0.000000
vn 0.000000 0.100000 0.000000
vn 0.000000 0.100000 0.000000
vn 0.000000 0.100000 0.000000
vn 0.000000 0.100000 0.000000
vn 0.000000 0.100000 0.000000
vn 0.000000 0.100000 0.000000
vn 0.000000 0.100000 0.000000
vn 0.000000 0.100000 0.000000
vn 0.000000 0.100000 0.000000
vn 0.000000 0.100000 0.000000
vn 0.000000 0.100000 0.000000
vn 0.000000 0.100000 0.000000
vn 0.000000 0.100000 0.000000
vn 0.000000 0.100000 0.000000
vn 0.000000 0.100000 0.000000
vn 0.000000 0.100000 0.000000
vn 0.000000 0.100000 0.000000
vn 0.000000 0.100000 0.000000
vn 0.000000 0.100000 0.000000
vn 0.000000 0.100000 0.000000
vn 0.000000 0.100000 0.000000
vn 0.000000 0.100000 0.000000
vn 0.000000 0.100000 0.000000
vn 0.000000 0.100000 0.000000
vn 0.000000 0.100000 0.000000
vn 0.000000 0.100000 0.000000
vn 0.000000 0.100000 0.000000
vn 0.000000 0.100000 0.000000
vn 0.000000 0.100000 0.000000
vn 0.000000 0.100000 0.000000
vn 0.000000 0.100000 0.000000
vn 0.000000 0.100000 0.000000
vn 0.000000 0.100000 0.000000
vn 0.000000 0.100000 0.000000
vn 0.000000 0.100000 0.000000
vn 0.000000 0.100000 0.000000
vn 0.000000 0.100000 0.000000
vn 0.000000 0.100000 0.000000
vn 0.000000 0.100000 0.000000
vn 0.000000 0.100000 0.000000
vn 0.000000 0.100000 0.000000
vn 0.000000 0.100000 0.000000
vn 0.000000 0.100000 0.000000
vn 0.000000 0.100000 0.000000
vn 0.000000 0.100000 0.000000
vn 0.000000 0.100000 0.000000
vn 0.000000 0.100000 0.000000
vn 0.000000 0.100000 0.000000
vn 0.000000 0.100000 0.000000
vn 0.000000 0.100000 0.000000
vn 0.000000 0.100000 0.000000
vn 0.000000 0.100000 0.000000
vn 0.000000 0.100000 0.000000
vn 0.000000 0.100000 0.000000
vn 0.000000 0.100000 0.000000
vn 0.000000 0.100000 0.000000
vn 0.000000 0.100000 0.000000
vn 0.000000 0.100000 0.000000
vn 0.000000 0.100000 0.000000
vn 0.000000 0.100000 0.000000
vn 0.000000 0.100000 0.000000
vn 0.000000 0.100000 0.000000
vn 0.000000 0.100000 0.000000
vn 0.000000 0.100000 0.000000
vn 0.000000 0.100000 0.000000
vn 0.000000 0.100000 0.000000
vn 0.000000 0.100000 0.000000
vn 0.000000 0.100000 0.000000
vn 0.000000 0.100000 0.000000
vn 0.000000 0.100000 0.000000
vn 0.000000 0.100000 0.000000
vn 0.000000 0.100000 0.000000
vn 0.000000 0.100000 0.000000
vn 0.000000 0.100000 0.000000
vn 0.000000 0.100000 0.000000
vn 0.000000 0.100000 0.000000
vn 0.000000 0.100000 0.000000
vn 0.000000 0.100000 0.000000
vn 0.000000 0.100000 0.000000
vn 0.000000 0.100000 0.000000
vn 0.000000 0.100000 0.000000
vn 0.000000 0.100000 0.000000
vn 0.000000 0.100000 0.000000
vn 0.000000 0.100000 0.000000
vn 0.000000 0.100000 0.000000
vn 0.000000 0.100000 0.000000
vn 0.000000 0.100000 0.000000
vn 0.029750 0.000000 -0.095472
vn 0.029750 0.000000 -0.095472
vn 0.029750 0.000000 -0.095472
vn 0.029750 0.000000 -0.095472
vn 0.041041 0.000000 -0.091190
vn 0.041041 0.000000 -0.091190
vn 0.041041 0.000000 -0.091190
vn 0.041041 0.000000 -0.091190
vn 0.078718 0.000000 -0.061672
vn 0.078718 0.000000 -0.061672
vn 0.078718 0.000000 -0.061672
vn 0.078718 0.000000 -0.061672
vn 0.085578 0.000000 -0.051734
vn 0.085578 0.000000 -0.051734
vn 0.085578 0.000000 -0.051734
vn 0.085578 0.000000 -0.051734
vn 0.091190 0.000000 -0.041041
vn 0.091190 0.000000 -0.041041
vn 0.091190 0.000000 -0.041041
vn 0.091190 0.000000 -0.041041
vn -0.070711 0.000000 -0.070711
vn -0.070711 0.000000 -0.070711
vn -0.070711 0.000000 -0.070711
vn -0.070711 0.000000 -0.070711
vn -0.085578 0.000000 -0.051734
vn -0.085578 0.000000 -0.051734
vn -0.085578 0.000000 -0.051734
vn -0.085578 0.000000 -0.051734
vn -0.085578 0.000000 0.051734
vn -0.085578 0.000000 0.051734
vn -0.085578 0.000000 0.051734
vn -0.085578 0.000000 0.051734
vn 0.000000 0.100000 0.000000
vn 0.000000 0.100000 0.000000
vn 0.000000 0.100000 0.000000
vn 0.000000 0.100000 0.000000
vn 0.000000 0.100000 0.000000
vn 0.000000 0.100000 0.000000
vn 0.000000 0.100000 0.000000
vn 0.000000 0.100000 0.000000
vn 0.000000 0.100000 0.000000
vn 0.000000 0.100000 0.000000
vn 0.000000 0.100000 0.000000
vn 0.000000 0.100000 0.000000
vn 0.000000 0.100000 0.000000
vn 0.000000 0.100000 0.000000
vn 0.000000 0.100000 0.000000
vn 0.000000 0.100000 0.000000
vn 0.000000 0.100000 0.000000
vn 0.000000 0.100000 0.000000
vn 0.000000 0.100000 0.000000
vn 0.000000 0.100000 0.000000
vn 0.000000 0.100000 0.000000
vn 0.000000 0.100000 0.000000
vn 0.000000 0.100000 0.000000
vn 0.000000 0.100000 0.000000
vn 0.000000 0.100000 0.000000
vn 0.000000 0.100000 0.000000
vn 0.000000 0.100000 0.000000
vn 0.000000 0.100000 0.000000
vn 0.000000 0.100000 0.000000
vn 0.000000 0.100000 0.000000
vn 0.000000 0.100000 0.000000
vn 0.000000 0.100000 0.000000
vn 0.000000 0.100000 0.000000
vn 0.000000 0.100000 0.000000
vn 0.000000 0.100000 0.000000
vn 0.000000 0.100000 0.000000
vn 0.000000 0.100000 0.000000
vn 0.000000 0.100000 0.000000
vn 0.000000 0.100000 0.000000
vn 0.000000 0.100000 0.000000
vn 0.000000 0.100000 0.000000
vn 0.000000 0.100000 0.000000
vn 0.000000 0.100000 0.000000
vn 0.000000 0.100000 0.000000
vn 0.000000 0.100000 0.000000
vn 0.000000 0.100000 0.000000
vn 0.000000 0.100000 0.000000
vn 0.000000 0.100000 0.000000
vn 0.000000 0.100000 0.000000
vn 0.000000 0.100000 0.000000
vn 0.000000 0.100000 0.000000
vn 0.000000 0.100000 0.000000
vn 0.000000 0.100000 0.000000
vn 0.000000 0.100000 0.000000
vn 0.000000 0.100000 0.000000
vn 0.000000 0.100000 0.000000
vn 0.000000 0.100000 0.000000
vn 0.000000 0.100000 0.000000
vn 0.000000 0.100000 0.000000
vn 0.000000 0.100000 0.000000
vn 0.000000 0.100000 0.000000
vn 0.000000 0.100000 0.000000
vn 0.000000 0.100000 0.000000
vn 0.000000 0.100000 0.000000
vn 0.000000 0.100000 0.000000
vn 0.000000 0.100000 0.000000
vn 0.000000 0.100000 0.000000
vn 0.000000 0.100000 0.000000
vn 0.000000 0.100000 0.000000
vn 0.000000 0.100000 0.000000
vn 0.000000 0.100000 0.000000
vn 0.000000 0.100000 0.000000
vn 0.000000 0.100000 0.000000
vn 0.000000 0.100000 0.000000
vn 0.000000 0.100000 0.000000
vn 0.000000 0.100000 0.000000
vn 0.000000 0.100000 0.000000
vn 0.000000 0.100000 0.000000
vn 0.000000 0.100000 0.000000
vn 0.000000 0.100000 0.000000
vn 0.000000 0.100000 0.000000
vn 0.000000 0.100000 0.000000
vn 0.000000 0.100000 0.000000
vn 0.000000 0.100000 0.000000
vn 0.000000 0.100000 0.000000
vn 0.000000 0.100000 0.000000
vn 0.000000 0.100000 0.000000
vn 0.000000 0.100000 0.000000
vn 0.000000 0.100000 0.000000
vn 0.000000 0.100000 0.000000
vn 0.000000 0.100000 0.000000
vn 0.000000 0.100000 0.000000
vn 0.000000 0.100000 0.000000
vn 0.000000 0.100000 0.000000
vn 0.000000 0.100000 0.000000
vn 0.000000 0.100000 0.000000
vn 0.000000 0.100000 0.000000
vn 0.000000 0.100000 0.000000
vn 0.000000 0.100000 0.000000
vn 0.000000 0.100000 0.000000
vn 0.000000 0.100000 0.000000
vn 0.000000 0.100000 0.000000
vn 0.000000 0.100000 0.000000
vn 0.000000 0.100000 0.000000
vn 0.000000 0.100000 0.000000
vn 0.000000 0.100000 0.000000
vn 0.000000 0.100000 0.000000
vn 0.000000 0.100000 0.000000
vn 0.000000 0.100000 0.000000
vn 0.000000 0.100000 0.000000
vn 0.000000 0.100000 0.000000
vn 0.000000 0.100000 0.000000
vn 0.000000 0.100000 0.000000
vn 0.000000 0.100000 0.000000
vn 0.000000 0.100000 0.000000
vn 0.000000 0.100000 0.000000
vn 0.000000 0.100000 0.000000
vn 0.000000 0.100000 0.000000
vn 0.000000 0.100000 0.000000
vn 0.000000 0.100000 0.000000
vn 0.000000 0.100000 0.000000
vn 0.000000 0.100000 0.000000
vn 0.000000 0.100000 0.000000
vn 0.000000 0.100000 0.000000
vn 0.000000 0.100000 0.000000
vn 0.000000 0.100000 0.000000
vn 0.000000 0.100000 0.000000
vn 0.000000 0.100000 0.000000
vn 0.000000 0.100000 0.000000
vn 0.000000 0.100000 0.000000
vn 0.000000 0.100000 0.000000
vn 0.000000 0.100000 0.000000
vn 0.000000 0.100000 0.000000
vn 0.000000 0.100000 0.000000
vn 0.000000 0.100000 0.000000
vn 0.000000 0.100000 0.000000
vn 0.000000 0.100000 0.000000
vn 0.000000 0.100000 0.000000
vn 0.048100 0.000000 -0.087672
vn 0.048100 0.000000 -0.087672
vn 0.048100 0.000000 -0.087672
vn 0.048100 0.000000 -0.087672
vn 0.055161 0.000000 -0.083410
vn 0.055161 0.000000 -0.083410
vn 0.055161 0.000000 -0.083410
vn 0.055161 0.000000 -0.083410
vn 0.061846 0.000000 -0.078581
vn 0.061846 0.000000 -0.078581
vn 0.061846 0.000000 -0.078581
vn 0.061846 0.000000 -0.078581
vn 0.068111 0.000000 -0.073218
vn 0.068111 0.000000 -0.073218
vn 0.068111 0.000000 -0.073218
vn 0.068111 0.000000 -0.073218
vn 0.073913 0.000000 -0.067356
vn 0.073913 0.000000 -0.067356
vn 0.073913 0.000000 -0.067356
vn 0.073913 0.000000 -0.067356
vn 0.079212 0.000000 -0.061037
vn 0.079212 0.000000 -0.061037
vn 0.079212 0.000000 -0.061037
vn 0.079212 0.000000 -0.061037
vn 0.083972 0.000000 -0.054302
vn 0.083972 0.000000 -0.054302
vn 0.083972 0.000000 -0.054302
vn 0.083972 0.000000 -0.054302
vn 0.088161 0.000000 -0.047199
vn 0.088161 0.000000 -0.047199
vn 0.088161 0.000000 -0.047199
vn 0.088161 0.000000 -0.047199
vn 0.091750 0.000000 -0.039774
vn 0.091750 0.000000 -0.039774
vn 0.091750 0.000000 -0.039774
vn 0.091750 0.000000 -0.039774
vn 0.094715 0.000000 -0.032078
vn 0.094715 0.000000 -0.032078
vn 0.094715 0.000000 -0.032078
vn 0.094715 0.000000 -0.032078
vn 0.097037 0.000000 -0.024164
vn 0.097037 0.000000 -0.024164
vn 0.097037 0.000000 -0.024164
vn 0.097037 0.000000 -0.024164
vn 0.098698 0.000000 -0.016087
vn 0.098698 0.000000 -0.016087
vn 0.098698 0.000000 -0.016087
vn 0.098698 0.000000 -0.016087
vn 0.099688 0.000000 -0.007899
vn 0.099688 0.000000 -0.007899
vn 0.099688 0.000000 -0.007899
vn 0.099688 0.000000 -0.007899
vn 0.099999 0.000000 0.000342
vn 0.099999 0.000000 0.000342
vn 0.099999 0.000000 0.000342
vn 0.099999 0.000000 0.000342
vn 0.099631 0.000000 0.008581
vn 0.099631 0.000000 0.008581
vn 0.099631 0.000000 0.008581
vn 0.099631 0.000000 0.008581
vn 0.098585 0.000000 0.016761
vn 0.098585 0.000000 0.016761
vn 0.098585 0.000000 0.016761
vn 0.098585 0.000000 0.016761
vn 0.096869 0.000000 0.024828
vn 0.096869 0.000000 0.024828
vn 0.096869 0.000000 0.024828
vn 0.096869 0.000000 0.024828
vn 0.094494 0.000000 0.032725
vn 0.094494 0.000000 0.032725
vn 0.094494 0.000000 0.032725
vn 0.094494 0.000000 0.032725
vn 0.091476 0.000000 0.040400
vn 0.091476 0.000000 0.040400
vn 0.091476 0.000000 0.040400
vn 0.091476 0.000000 0.040400
vn 0.087836 0.000000 0.047800
vn 0.087836 0.000000 0.047800
vn 0.087836 0.000000 0.047800
vn 0.087836 0.000000 0.047800
vn 0.083598 0.000000 0.054875
vn 0.083598 0.000000 0.054875
vn 0.083598 0.000000 0.054875
vn 0.083598 0.000000 0.054875
vn 0.078792 0.000000 0.061577
vn 0.078792 0.000000 0.061577
vn 0.078792 0.000000 0.061577
vn 0.078792 0.000000 0.061577
vn 0.073450 0.000000 0.067861
vn 0.073450 0.000000 0.067861
vn 0.073450 0.000000 0.067861
vn 0.073450 0.000000 0.067861
vn 0.067609 0.000000 0.073682
vn 0.067609 0.000000 0.073682
vn 0.067609 0.000000 0.073682
vn 0.067609 0.000000 0.073682
vn 0.061308 0.000000 0.079002
vn 0.061308 0.000000 0.079002
vn 0.061308 0.000000 0.079002
vn 0.061308 0.000000 0.079002
vn 0.054589 0.000000 0.083785
vn 0.054589 0.000000 0.083785
vn 0.054589 0.000000 0.083785
vn 0.054589 0.000000 0.083785
vn 0.047500 0.000000 0.087999
vn 0.047500 0.000000 0.087999
vn 0.047500 0.000000 0.087999
vn 0.047500 0.000000 0.087999
vn 0.040087 0.000000 0.091613
vn 0.040087 0.000000 0.091613
vn 0.040087 0.000000 0.091613
vn 0.040087 0.000000 0.091613
vn 0.032402 0.000000 0.094605
vn 0.032402 0.000000 0.094605
vn 0.032402 0.000000 0.094605
vn 0.032402 0.000000 0.094605
vn 0.024496 0.000000 0.096953
vn 0.024496 0.000000 0.096953
vn 0.024496 0.000000 0.096953
vn 0.024496 0.000000 0.096953
vn 0.016424 0.000000 0.098642
vn 0.016424 0.000000 0.098642
vn 0.016424 0.000000 0.098642
vn 0.016424 0.000000 0.098642
vn 0.008240 0.000000 0.099660
vn 0.008240 0.000000 0.099660
vn 0.008240 0.000000 0.099660
vn 0.008240 0.000000 0.099660
vn 0.000000 0.000000 0.100000
vn 0.000000 0.000000 0.100000
vn 0.000000 0.000000 0.100000
vn 0.000000 0.000000 0.100000
vn -0.008240 0.000000 0.099660
vn -0.008240 0.000000 0.099660
vn -0.008240 0.000000 0.099660
vn -0.008240 0.000000 0.099660
vn -0.016424 0.000000 0.098642
vn -0.016424 0.000000 0.098642
vn -0.016424 0.000000 0.098642
vn -0.016424 0.000000 0.098642
vn -0.024496 0.000000 0.096953
vn -0.024496 0.000000 0.096953
vn -0.024496 0.000000 0.096953
vn -0.024496 0.000000 0.096953
vn -0.032402 0.000000 0.094605
vn -0.032402 0.000000 0.094605
vn -0.032402 0.000000 0.094605
vn -0.032402 0.000000 0.094605
vn -0.040087 0.000000 0.091613
vn -0.040087 0.000000 0.091613
vn -0.040087 0.000000 0.091613
vn -0.040087 0.000000 0.091613
vn -0.047500 0.000000 0.087999
vn -0.047500 0.000000 0.087999
vn -0.047500 0.000000 0.087999
vn -0.047500 0.000000 0.087999
vn -0.054589 0.000000 0.083785
vn -0.054589 0.000000 0.083785
vn -0.054589 0.000000 0.083785
vn -0.054589 0.000000 0.083785
vn -0.061308 0.000000 0.079002
vn -0.061308 0.000000 0.079002
vn -0.061308 0.000000 0.079002
vn -0.061308 0.000000 0.079002
vn -0.067609 0.000000 0.073682
vn -0.067609 0.000000 0.073682
vn -0.067609 0.000000 0.073682
vn -0.067609 0.000000 0.073682
vn -0.073450 0.000000 0.067861
vn -0.073450 0.000000 0.067861
vn -0.073450 0.000000 0.067861
vn -0.073450 0.000000 0.067861
vn -0.078792 0.000000 0.061577
vn -0.078792 0.000000 0.061577
vn -0.078792 0.000000 0.061577
vn -0.078792 0.000000 0.061577
vn -0.083598 0.000000 0.054875
vn -0.083598 0.000000 0.054875
vn -0.083598 0.000000 0.054875
vn -0.083598 0.000000 0.054875
vn -0.087836 0.000000 0.047800
vn -0.087836 0.000000 0.047800
vn -0.087836 0.000000 0.047800
vn -0.087836 0.000000 0.047800
vn -0.091476 0.000000 0.040400
vn -0.091476 0.000000 0.040400
vn -0.091476 0.000000 0.040400
vn -0.091476 0.000000 0.040400
vn -0.094494 0.000000 0.032725
vn -0.094494 0.000000 0.032725
vn -0.094494 0.000000 0.032725
vn -0.094494 0.000000 0.032725
vn -0.096869 0.000000 0.024828
vn -0.096869 0.000000 0.024828
vn -0.096869 0.000000 0.024828
vn -0.096869 0.000000 0.024828
vn -0.098585 0.000000 0.016761
vn -0.098585 0.000000 0.016761
vn -0.098585 0.000000 0.016761
vn -0.098585 0.000000 0.016761
vn -0.099631 0.000000 0.008581
vn -0.099631 0.000000 0.008581
vn -0.099631 0.000000 0.008581
vn -0.099631 0.000000 0.008581
vn -0.099999 0.000000 0.000342
vn -0.099999 0.000000 0.000342
vn -0.099999 0.000000 0.000342
vn -0.099999 0.000000 0.000342
vn -0.099688 0.000000 -0.007899
vn -0.099688 0.000000 -0.007899
vn -0.099688 0.000000 -0.007899
vn -0.099688 0.000000 -0.007899
vn -0.098698 0.000000 -0.016087
vn -0.098698 0.000000 -0.016087
vn -0.098698 0.000000 -0.016087
vn -0.098698 0.000000 -0.016087
vn -0.097037 0.000000 -0.024164
vn -0.097037 0.000000 -0.024164
vn -0.097037 0.000000 -0.024164
vn -0.097037 0.000000 -0.024164
vn -0.094715 0.000000 -0.032078
vn -0.094715 0.000000 -0.032078
vn -0.094715 0.000000 -0.032078
vn -0.094715 0.000000 -0.032078
vn -0.091750 0.000000 -0.039774
vn -0.091750 0.000000 -0.039774
vn -0.091750 0.000000 -0.039774
vn -0.091750 0.000000 -0.039774
vn -0.088161 0.000000 -0.047199
vn -0.088161 0.000000 -0.047199
vn -0.088161 0.000000 -0.047199
vn -0.088161 0.000000 -0.047199
vn -0.083972 0.000000 -0.054302
vn -0.083972 0.000000 -0.054302
vn -0.083972 0.000000 -0.054302
vn -0.083972 0.000000 -0.054302
vn -0.079212 0.000000 -0.061037
vn -0.079212 0.000000 -0.061037
vn -0.079212 0.000000 -0.061037
vn -0.079212 0.000000 -0.061037
vn -0.073913 0.000000 -0.067356
vn -0.073913 0.000000 -0.067356
vn -0.073913 0.000000 -0.067356
vn -0.073913 0.000000 -0.067356
vn -0.068111 0.000000 -0.073218
vn -0.068111 0.000000 -0.073218
vn -0.068111 0.000000 -0.073218
vn -0.068111 0.000000 -0.073218
vn -0.061846 0.000000 -0.078581
vn -0.061846 0.000000 -0.078581
vn -0.061846 0.000000 -0.078581
vn -0.061846 0.000000 -0.078581
vn -0.055161 0.000000 -0.083410
vn -0.055161 0.000000 -0.083410
vn -0.055161 0.000000 -0.083410
vn -0.055161 0.000000 -0.083410
vn -0.048100 0.000000 -0.087672
vn -0.048100 0.000000 -0.087672
vn -0.048100 0.000000 -0.087672
vn -0.048100 0.000000 -0.087672
vn 0.098362 0.000000 0.018025
vn 0.098362 0.000000 0.018025
vn 0.098362 0.000000 0.018025
vn 0.098362 0.000000 0.018025
vn 0.070711 0.000000 0.070711
vn 0.070711 0.000000 0.070711
vn 0.070711 0.000000 0.070711
vn 0.070711 0.000000 0.070711
vn 0.061672 0.000000 0.078718
vn 0.061672 0.000000 0.078718
vn 0.061672 0.000000 0.078718
vn 0.061672 0.000000 0.078718
vn 0.051734 0.000000 0.085578
vn 0.051734 0.000000 0.085578
vn 0.051734 0.000000 0.085578
vn 0.051734 0.000000 0.085578
vn 0.041041 0.000000 0.091190
vn 0.041041 0.000000 0.091190
vn 0.041041 0.000000 0.091190
vn 0.041041 0.000000 0.091190
vn 0.029750 0.000000 0.095472
vn 0.029750 0.000000 0.095472
vn 0.029750 0.000000 0.095472
vn 0.029750 0.000000 0.095472
vn 0.018025 0.000000 0.098362
vn 0.018025 0.000000 0.098362
vn 0.018025 0.000000 0.098362
vn 0.018025 0.000000 0.098362
vn 0.006038 0.000000 0.099818
vn 0.006038 0.000000 0.099818
vn 0.006038 0.000000 0.099818
vn 0.006038 0.000000 0.099818
vn -0.006038 0.000000 0.099818
vn -0.006038 0.000000 0.099818
vn -0.006038 0.000000 0.099818
vn -0.006038 0.000000 0.099818
vn -0.091190 0.000000 0.041041
vn -0.091190 0.000000 0.041041
vn -0.091190 0.000000 0.041041
vn -0.091190 0.000000 0.041041
vn -0.099818 0.000000 0.006038
vn -0.099818 0.000000 0.006038
vn -0.099818 0.000000 0.006038
vn -0.099818 0.000000 0.006038
vn -0.061672 0.000000 -0.078718
vn -0.061672 0.000000 -0.078718
vn -0.061672 0.000000 -0.078718
vn -0.061672 0.000000 -0.078718
vn -0.029750 0.000000 -0.095472
vn -0.029750 0.000000 -0.095472
vn -0.029750 0.000000 -0.095472
vn -0.029750 0.000000 -0.095472
vn -0.018025 0.000000 -0.098362
vn -0.018025 0.000000 -0.098362
vn -0.018025 0.000000 -0.098362
vn -0.018025 0.000000 -0.098362
vn -0.006038 0.000000 -0.099818
vn -0.006038 0.000000 -0.099818
vn -0.006038 0.000000 -0.099818
vn -0.006038 0.000000 -0.099818
vn 0.095472 0.000000 -0.029750
vn 0.095472 0.000000 -0.029750
vn 0.095472 0.000000 -0.029750
vn 0.095472 0.000000 -0.029750
vn 0.092388 0.000000 0.038269
vn 0.092388 0.000000 0.038269
vn 0.092388 0.000000 0.038269
vn 0.092388 0.000000 0.038269
vn 0.079336 0.000000 0.060876
vn 0.079336 0.000000 0.060876
vn 0.079336 0.000000 0.060876
vn 0.079336 0.000000 0.060876
vn 0.060876 0.000000 0.079336
vn 0.060876 0.000000 0.079336
vn 0.060876 0.000000 0.079336
vn 0.060876 0.000000 0.079336
vn 0.038268 0.000000 0.092388
vn 0.038268 0.000000 0.092388
vn 0.038268 0.000000 0.092388
vn 0.038268 0.000000 0.092388
vn 0.013053 0.000000 0.099144
vn 0.013053 0.000000 0.099144
vn 0.013053 0.000000 0.099144
vn 0.013053 0.000000 0.099144
vn -0.013053 0.000000 0.099144
vn -0.013053 0.000000 0.099144
vn -0.013053 0.000000 0.099144
vn -0.013053 0.000000 0.099144
vn -0.038268 0.000000 0.092388
vn -0.038268 0.000000 0.092388
vn -0.038268 0.000000 0.092388
vn -0.038268 0.000000 0.092388
vn -0.060876 0.000000 0.079336
vn -0.060876 0.000000 0.079336
vn -0.060876 0.000000 0.079336
vn -0.060876 0.000000 0.079336
vn -0.079336 0.000000 0.060876
vn -0.079336 0.000000 0.060876
vn -0.079336 0.000000 0.060876
vn -0.079336 0.000000 0.060876
vn -0.092388 0.000000 0.038269
vn -0.092388 0.000000 0.038269
vn -0.092388 0.000000 0.038269
vn -0.092388 0.000000 0.038269
vn -0.099144 0.000000 0.013053
vn -0.099144 0.000000 0.013053
vn -0.099144 0.000000 0.013053
vn -0.099144 0.000000 0.013053
vn -0.099144 0.000000 -0.013053
vn -0.099144 0.000000 -0.013053
vn -0.099144 0.000000 -0.013053
vn -0.099144 0.000000 -0.013053
vn -0.092388 0.000000 -0.038268
vn -0.092388 0.000000 -0.038268
vn -0.092388 0.000000 -0.038268
vn -0.092388 0.000000 -0.038268
vn -0.079335 0.000000 -0.060876
vn -0.079335 0.000000 -0.060876
vn -0.079335 0.000000 -0.060876
vn -0.079335 0.000000 -0.060876
vn -0.060876 0.000000 -0.079335
vn -0.060876 0.000000 -0.079335
vn -0.060876 0.000000 -0.079335
vn -0.060876 0.000000 -0.079335
vn -0.038268 0.000000 -0.092388
vn -0.038268 0.000000 -0.092388
vn -0.038268 0.000000 -0.092388
vn -0.038268 0.000000 -0.092388
vn -0.013053 0.000000 -0.099144
vn -0.013053 0.000000 -0.099144
vn -0.013053 0.000000 -0.099144
vn -0.013053 0.000000 -0.099144
vn 0.013053 0.000000 -0.099144
vn 0.013053 0.000000 -0.099144
vn 0.013053 0.000000 -0.099144
vn 0.013053 0.000000 -0.099144
vn 0.038268 0.000000 -0.092388
vn 0.038268 0.000000 -0.092388
vn 0.038268 0.000000 -0.092388
vn 0.038268 0.000000 -0.092388
vn 0.060876 0.000000 -0.079335
vn 0.060876 0.000000 -0.079335
vn 0.060876 0.000000 -0.079335
vn 0.060876 0.000000 -0.079335
vn 0.079335 0.000000 -0.060876
vn 0.079335 0.000000 -0.060876
vn 0.079335 0.000000 -0.060876
vn 0.079335 0.000000 -0.060876
vn 0.092388 0.000000 -0.038268
vn 0.092388 0.000000 -0.038268
vn 0.092388 0.000000 -0.038268
vn 0.092388 0.000000 -0.038268
vn 0.099144 0.000000 -0.013053
vn 0.099144 0.000000 -0.013053
vn 0.099144 0.000000 -0.013053
vn 0.099144 0.000000 -0.013053
vn 0.099144 0.000000 0.013053
vn 0.099144 0.000000 0.013053
vn 0.099144 0.000000 0.013053
vn 0.099144 0.000000 0.013053
vn 0.092388 0.000000 0.038269
vn 0.092388 0.000000 0.038269
vn 0.092388 0.000000 0.038269
vn 0.092388 0.000000 0.038269
vn 0.079336 0.000000 0.060876
vn 0.079336 0.000000 0.060876
vn 0.079336 0.000000 0.060876
vn 0.079336 0.000000 0.060876
vn 0.060876 0.000000 0.079336
vn 0.060876 0.000000 0.079336
vn 0.060876 0.000000 0.079336
vn 0.060876 0.000000 0.079336
vn 0.038268 0.000000 0.092388
vn 0.038268 0.000000 0.092388
vn 0.038268 0.000000 0.092388
vn 0.038268 0.000000 0.092388
vn 0.013053 0.000000 0.099144
vn 0.013053 0.000000 0.099144
vn 0.013053 0.000000 0.099144
vn 0.013053 0.000000 0.099144
vn -0.013053 0.000000 0.099144
vn -0.013053 0.000000 0.099144
vn -0.013053 0.000000 0.099144
vn -0.013053 0.000000 0.099144
vn -0.038268 0.000000 0.092388
vn -0.038268 0.000000 0.092388
vn -0.038268 0.000000 0.092388
vn -0.038268 0.000000 0.092388
vn -0.060876 0.000000 0.079336
vn -0.060876 0.000000 0.079336
vn -0.060876 0.000000 0.079336
vn -0.060876 0.000000 0.079336
vn -0.079336 0.000000 0.060876
vn -0.079336 0.000000 0.060876
vn -0.079336 0.000000 0.060876
vn -0.079336 0.000000 0.060876
vn -0.092388 0.000000 0.038269
vn -0.092388 0.000000 0.038269
vn -0.092388 0.000000 0.038269
vn -0.092388 0.000000 0.038269
vn -0.099144 0.000000 0.013053
vn -0.099144 0.000000 0.013053
vn -0.099144 0.000000 0.013053
vn -0.099144 0.000000 0.013053
vn -0.099144 0.000000 -0.013053
vn -0.099144 0.000000 -0.013053
vn -0.099144 0.000000 -0.013053
vn -0.099144 0.000000 -0.013053
vn -0.092388 0.000000 -0.038268
vn -0.092388 0.000000 -0.038268
vn -0.092388 0.000000 -0.038268
vn -0.092388 0.000000 -0.038268
vn -0.079335 0.000000 -0.060876
vn -0.079335 0.000000 -0.060876
vn -0.079335 0.000000 -0.060876
vn -0.079335 0.000000 -0.060876
vn -0.060876 0.000000 -0.079335
vn -0.060876 0.000000 -0.079335
vn -0.060876 0.000000 -0.079335
vn -0.060876 0.000000 -0.079335
vn -0.038268 0.000000 -0.092388
vn -0.038268 0.000000 -0.092388
vn -0.038268 0.000000 -0.092388
vn -0.038268 0.000000 -0.092388
vn -0.013053 0.000000 -0.099144
vn -0.013053 0.000000 -0.099144
vn -0.013053 0.000000 -0.099144
vn -0.013053 0.000000 -0.099144
vn 0.013053 0.000000 -0.099144
vn 0.013053 0.000000 -0.099144
vn 0.013053 0.000000 -0.099144
vn 0.013053 0.000000 -0.099144
vn 0.038268 0.000000 -0.092388
vn 0.038268 0.000000 -0.092388
vn 0.038268 0.000000 -0.092388
vn 0.038268 0.000000 -0.092388
vn 0.060876 0.000000 -0.079335
vn 0.060876 0.000000 -0.079335
vn 0.060876 0.000000 -0.079335
vn 0.060876 0.000000 -0.079335
vn 0.079335 0.000000 -0.060876
vn 0.079335 0.000000 -0.060876
vn 0.079335 0.000000 -0.060876
vn 0.079335 0.000000 -0.060876
vn 0.092388 0.000000 -0.038268
vn 0.092388 0.000000 -0.038268
vn 0.092388 0.000000 -0.038268
vn 0.092388 0.000000 -0.038268
vn 0.099144 0.000000 -0.013053
vn 0.099144 0.000000 -0.013053
vn 0.099144 0.000000 -0.013053
vn 0.099144 0.000000 -0.013053
vn 0.099144 0.000000 0.013053
vn 0.099144 0.000000 0.013053
vn 0.099144 0.000000 0.013053
vn 0.099144 0.000000 0.013053
vn 0.092388 0.000000 0.038268
vn 0.092388 0.000000 0.038268
vn 0.092388 0.000000 0.038268
vn 0.092388 0.000000 0.038268
vn 0.079335 0.000000 0.060876
vn 0.079335 0.000000 0.060876
vn 0.079335 0.000000 0.060876
vn 0.079335 0.000000 0.060876
vn 0.060876 0.000000 0.079335
vn 0.060876 0.000000 0.079335
vn 0.060876 0.000000 0.079335
vn 0.060876 0.000000 0.079335
vn 0.038268 0.000000 0.092388
vn 0.038268 0.000000 0.092388
vn 0.038268 0.000000 0.092388
vn 0.038268 0.000000 0.092388
vn 0.013053 0.000000 0.099144
vn 0.013053 0.000000 0.099144
vn 0.013053 0.000000 0.099144
vn 0.013053 0.000000 0.099144
vn -0.013053 0.000000 0.099144
vn -0.013053 0.000000 0.099144
vn -0.013053 0.000000 0.099144
vn -0.013053 0.000000 0.099144
vn -0.038268 0.000000 0.092388
vn -0.038268 0.000000 0.092388
vn -0.038268 0.000000 0.092388
vn -0.038268 0.000000 0.092388
vn -0.060876 0.000000 0.079335
vn -0.060876 0.000000 0.079335
vn -0.060876 0.000000 0.079335
vn -0.060876 0.000000 0.079335
vn -0.079335 0.000000 0.060876
vn -0.079335 0.000000 0.060876
vn -0.079335 0.000000 0.060876
vn -0.079335 0.000000 0.060876
vn -0.092388 0.000000 0.038268
vn -0.092388 0.000000 0.038268
vn -0.092388 0.000000 0.038268
vn -0.092388 0.000000 0.038268
vn -0.099144 0.000000 0.013053
vn -0.099144 0.000000 0.013053
vn -0.099144 0.000000 0.013053
vn -0.099144 0.000000 0.013053
vn -0.099144 0.000000 -0.013053
vn -0.099144 0.000000 -0.013053
vn -0.099144 0.000000 -0.013053
vn -0.099144 0.000000 -0.013053
vn -0.092388 0.000000 -0.038268
vn -0.092388 0.000000 -0.038268
vn -0.092388 0.000000 -0.038268
vn -0.092388 0.000000 -0.038268
vn -0.079335 0.000000 -0.060876
vn -0.079335 0.000000 -0.060876
vn -0.079335 0.000000 -0.060876
vn -0.079335 0.000000 -0.060876
vn -0.060876 0.000000 -0.079335
vn -0.060876 0.000000 -0.079335
vn -0.060876 0.000000 -0.079335
vn -0.060876 0.000000 -0.079335
vn -0.038268 0.000000 -0.092388
vn -0.038268 0.000000 -0.092388
vn -0.038268 0.000000 -0.092388
vn -0.038268 0.000000 -0.092388
vn -0.013053 0.000000 -0.099144
vn -0.013053 0.000000 -0.099144
vn -0.013053 0.000000 -0.099144
vn -0.013053 0.000000 -0.099144
vn 0.013053 0.000000 -0.099144
vn 0.013053 0.000000 -0.099144
vn 0.013053 0.000000 -0.099144
vn 0.013053 0.000000 -0.099144
vn 0.038268 0.000000 -0.092388
vn 0.038268 0.000000 -0.092388
vn 0.038268 0.000000 -0.092388
vn 0.038268 0.000000 -0.092388
vn 0.060876 0.000000 -0.079335
vn 0.060876 0.000000 -0.079335
vn 0.060876 0.000000 -0.079335
vn 0.060876 0.000000 -0.079335
vn 0.079335 0.000000 -0.060876
vn 0.079335 0.000000 -0.060876
vn 0.079335 0.000000 -0.060876
vn 0.079335 0.000000 -0.060876
vn 0.092388 0.000000 -0.038268
vn 0.092388 0.000000 -0.038268
vn 0.092388 0.000000 -0.038268
vn 0.092388 0.000000 -0.038268
vn 0.099144 0.000000 -0.013053
vn 0.099144 0.000000 -0.013053
vn 0.099144 0.000000 -0.013053
vn 0.099144 0.000000 -0.013053
vn 0.099144 0.000000 0.013053
vn 0.099144 0.000000 0.013053
vn 0.099144 0.000000 0.013053
vn 0.099144 0.000000 0.013053
vn 0.092388 0.000000 0.038268
vn 0.092388 0.000000 0.038268
vn 0.092388 0.000000 0.038268
vn 0.092388 0.000000 0.038268
vn 0.079335 0.000000 0.060876
vn 0.079335 0.000000 0.060876
vn 0.079335 0.000000 0.060876
vn 0.079335 0.000000 0.060876
vn 0.060876 0.000000 0.079335
vn 0.060876 0.000000 0.079335
vn 0.060876 0.000000 0.079335
vn 0.060876 0.000000 0.079335
vn 0.038268 0.000000 0.092388
vn 0.038268 0.000000 0.092388
vn 0.038268 0.000000 0.092388
vn 0.038268 0.000000 0.092388
vn 0.013053 0.000000 0.099144
vn 0.013053 0.000000 0.099144
vn 0.013053 0.000000 0.099144
vn 0.013053 0.000000 0.099144
vn -0.013053 0.000000 0.099144
vn -0.013053 0.000000 0.099144
vn -0.013053 0.000000 0.099144
vn -0.013053 0.000000 0.099144
vn -0.038268 0.000000 0.092388
vn -0.038268 0.000000 0.092388
vn -0.038268 0.000000 0.092388
vn -0.038268 0.000000 0.092388
vn -0.060876 0.000000 0.079335
vn -0.060876 0.000000 0.079335
vn -0.060876 0.000000 0.079335
vn -0.060876 0.000000 0.079335
vn -0.079335 0.000000 0.060876
vn -0.079335 0.000000 0.060876
vn -0.079335 0.000000 0.060876
vn -0.079335 0.000000 0.060876
vn -0.092388 0.000000 0.038268
vn -0.092388 0.000000 0.038268
vn -0.092388 0.000000 0.038268
vn -0.092388 0.000000 0.038268
vn -0.099144 0.000000 0.013053
vn -0.099144 0.000000 0.013053
vn -0.099144 0.000000 0.013053
vn -0.099144 0.000000 0.013053
vn -0.099144 0.000000 -0.013053
vn -0.099144 0.000000 -0.013053
vn -0.099144 0.000000 -0.013053
vn -0.099144 0.000000 -0.013053
vn -0.092388 0.000000 -0.038268
vn -0.092388 0.000000 -0.038268
vn -0.092388 0.000000 -0.038268
vn -0.092388 0.000000 -0.038268
vn -0.079335 0.000000 -0.060876
vn -0.079335 0.000000 -0.060876
vn -0.079335 0.000000 -0.060876
vn -0.079335 0.000000 -0.060876
vn -0.060876 0.000000 -0.079335
vn -0.060876 0.000000 -0.079335
vn -0.060876 0.000000 -0.079335
vn -0.060876 0.000000 -0.079335
vn -0.038268 0.000000 -0.092388
vn -0.038268 0.000000 -0.092388
vn -0.038268 0.000000 -0.092388
vn -0.038268 0.000000 -0.092388
vn -0.013053 0.000000 -0.099144
vn -0.013053 0.000000 -0.099144
vn -0.013053 0.000000 -0.099144
vn -0.013053 0.000000 -0.099144
vn 0.013053 0.000000 -0.099144
vn 0.013053 0.000000 -0.099144
vn 0.013053 0.000000 -0.099144
vn 0.013053 0.000000 -0.099144
vn 0.038268 0.000000 -0.092388
vn 0.038268 0.000000 -0.092388
vn 0.038268 0.000000 -0.092388
vn 0.038268 0.000000 -0.092388
vn 0.060876 0.000000 -0.079335
vn 0.060876 0.000000 -0.079335
vn 0.060876 0.000000 -0.079335
vn 0.060876 0.000000 -0.079335
vn 0.079335 0.000000 -0.060876
vn 0.079335 0.000000 -0.060876
vn 0.079335 0.000000 -0.060876
vn 0.079335 0.000000 -0.060876
vn 0.092388 0.000000 -0.038268
vn 0.092388 0.000000 -0.038268
vn 0.092388 0.000000 -0.038268
vn 0.092388 0.000000 -0.038268
vn 0.099144 0.000000 -0.013053
vn 0.099144 0.000000 -0.013053
vn 0.099144 0.000000 -0.013053
vn 0.099144 0.000000 -0.013053
vn 0.099144 0.000000 0.013053
vn 0.099144 0.000000 0.013053
vn 0.099144 0.000000 0.013053
vn 0.099144 0.000000 0.013053
vn 0.000000 -0.100000 0.000000
vn 0.000000 -0.100000 0.000000
vn 0.000000 -0.100000 0.000000
vn 0.000000 -0.100000 0.000000
vn 0.000000 -0.100000 0.000000
vn 0.000000 -0.100000 0.000000
vn 0.000000 -0.100000 0.000000
vn 0.000000 -0.100000 0.000000
vn 0.000000 -0.100000 0.000000
vn 0.000000 -0.100000 0.000000
vn 0.000000 -0.100000 0.000000
vn 0.000000 -0.100000 0.000000
vn 0.000000 -0.100000 0.000000
vn 0.000000 -0.100000 0.000000
vn 0.000000 -0.100000 0.000000
vn 0.000000 -0.100000 0.000000
vn 0.000000 -0.100000 0.000000
vn 0.000000 -0.100000 0.000000
vn 0.000000 -0.100000 0.000000
vn 0.000000 -0.100000 0.000000
vn 0.000000 -0.100000 0.000000
vn 0.000000 -0.100000 0.000000
vn 0.000000 -0.100000 0.000000
vn 0.000000 -0.100000 0.000000
vn 0.000000 -0.100000 0.000000
vn 0.000000 -0.100000 0.000000
vn 0.000000 -0.100000 0.000000
vn 0.000000 -0.100000 0.000000
vn 0.000000 -0.100000 0.000000
vn 0.000000 -0.100000 0.000000
vn 0.000000 -0.100000 0.000000
vn 0.000000 -0.100000 0.000000
vn 0.000000 -0.100000 0.000000
vn 0.000000 -0.100000 0.000000
vn 0.000000 -0.100000 0.000000
vn 0.000000 -0.100000 0.000000
vn 0.000000 -0.100000 0.000000
vn 0.000000 -0.100000 0.000000
vn 0.000000 -0.100000 0.000000
vn 0.000000 -0.100000 0.000000
vn 0.000000 -0.100000 0.000000
vn 0.000000 -0.100000 0.000000
vn 0.000000 -0.100000 0.000000
vn 0.000000 -0.100000 0.000000
vn 0.000000 -0.100000 0.000000
vn 0.000000 -0.100000 0.000000
vn 0.000000 -0.100000 0.000000
vn 0.000000 -0.100000 0.000000
vn 0.000000 -0.100000 0.000000
vn 0.000000 -0.100000 0.000000
vn 0.000000 -0.100000 0.000000
vn 0.000000 -0.100000 0.000000
vn 0.000000 -0.100000 0.000000
vn 0.094765 0.000000 -0.031930
vn 0.094765 0.000000 -0.031930
vn 0.094765 0.000000 -0.031930
vn 0.094765 0.000000 -0.031930
vn 0.085686 0.000000 -0.051555
vn 0.085686 0.000000 -0.051555
vn 0.085686 0.000000 -0.051555
vn 0.085686 0.000000 -0.051555
vn 0.072599 0.000000 -0.068770
vn 0.072599 0.000000 -0.068770
vn 0.072599 0.000000 -0.068770
vn 0.072599 0.000000 -0.068770
vn 0.056119 0.000000 -0.082769
vn 0.056119 0.000000 -0.082769
vn 0.056119 0.000000 -0.082769
vn 0.056119 0.000000 -0.082769
vn 0.037014 0.000000 -0.092898
vn 0.037014 0.000000 -0.092898
vn 0.037014 0.000000 -0.092898
vn 0.037014 0.000000 -0.092898
vn 0.016178 0.000000 -0.098683
vn 0.016178 0.000000 -0.098683
vn 0.016178 0.000000 -0.098683
vn 0.016178 0.000000 -0.098683
vn -0.005414 0.000000 -0.099853
vn -0.005414 0.000000 -0.099853
vn -0.005414 0.000000 -0.099853
vn -0.005414 0.000000 -0.099853
vn -0.026753 0.000000 -0.096355
vn -0.026753 0.000000 -0.096355
vn -0.026753 0.000000 -0.096355
vn -0.026753 0.000000 -0.096355
vn -0.046841 0.000000 -0.088351
vn -0.046841 0.000000 -0.088351
vn -0.046841 0.000000 -0.088351
vn -0.046841 0.000000 -0.088351
vn -0.064738 0.000000 -0.076216
vn -0.064738 0.000000 -0.076216
vn -0.064738 0.000000 -0.076216
vn -0.064738 0.000000 -0.076216
vn -0.079609 0.000000 -0.060517
vn -0.079609 0.000000 -0.060517
vn -0.079609 0.000000 -0.060517
vn -0.079609 0.000000 -0.060517
vn -0.090758 0.000000 -0.041989
vn -0.090758 0.000000 -0.041989
vn -0.090758 0.000000 -0.041989
vn -0.090758 0.000000 -0.041989
vn -0.097662 0.000000 -0.021497
vn -0.097662 0.000000 -0.021497
vn -0.097662 0.000000 -0.021497
vn -0.097662 0.000000 -0.021497
vn -0.100000 0.000000 0.000000
vn -0.100000 0.000000 0.000000
vn -0.100000 0.000000 0.000000
vn -0.100000 0.000000 0.000000
vn -0.097662 0.000000 0.021497
vn -0.097662 0.000000 0.021497
vn -0.097662 0.000000 0.021497
vn -0.097662 0.000000 0.021497
vn -0.090758 0.000000 0.041989
vn -0.090758 0.000000 0.041989
vn -0.090758 0.000000 0.041989
vn -0.090758 0.000000 0.041989
vn -0.079609 0.000000 0.060517
vn -0.079609 0.000000 0.060517
vn -0.079609 0.000000 0.060517
vn -0.079609 0.000000 0.060517
vn -0.064738 0.000000 0.076216
vn -0.064738 0.000000 0.076216
vn -0.064738 0.000000 0.076216
vn -0.064738 0.000000 0.076216
vn -0.046841 0.000000 0.088351
vn -0.046841 0.000000 0.088351
vn -0.046841 0.000000 0.088351
vn -0.046841 0.000000 0.088351
vn -0.026753 0.000000 0.096355
vn -0.026753 0.000000 0.096355
vn -0.026753 0.000000 0.096355
vn -0.026753 0.000000 0.096355
vn -0.005414 0.000000 0.099853
vn -0.005414 0.000000 0.099853
vn -0.005414 0.000000 0.099853
vn -0.005414 0.000000 0.099853
vn 0.016178 0.000000 0.098683
vn 0.016178 0.000000 0.098683
vn 0.016178 0.000000 0.098683
vn 0.016178 0.000000 0.098683
vn 0.037014 0.000000 0.092898
vn 0.037014 0.000000 0.092898
vn 0.037014 0.000000 0.092898
vn 0.037014 0.000000 0.092898
vn 0.056119 0.000000 0.082769
vn 0.056119 0.000000 0.082769
vn 0.056119 0.000000 0.082769
vn 0.056119 0.000000 0.082769
vn 0.072599 0.000000 0.068770
vn 0.072599 0.000000 0.068770
vn 0.072599 0.000000 0.068770
vn 0.072599 0.000000 0.068770
vn 0.085686 0.000000 0.051555
vn 0.085686 0.000000 0.051555
vn 0.085686 0.000000 0.051555
vn 0.085686 0.000000 0.051555
vn 0.094765 0.000000 0.031930
vn 0.094765 0.000000 0.031930
vn 0.094765 0.000000 0.031930
vn 0.094765 0.000000 0.031930
vn 0.099414 0.000000 0.010812
vn 0.099414 0.000000 0.010812
vn 0.099414 0.000000 0.010812
vn 0.099414 0.000000 0.010812
vn 0.099414 0.000000 -0.010812
vn 0.099414 0.000000 -0.010812
vn 0.099414 0.000000 -0.010812
vn 0.099414 0.000000 -0.010812
vn 0.000000 -0.100000 0.000000
vn 0.000000 -0.100000 0.000000
vn 0.000000 -0.100000 0.000000
vn 0.000000 -0.100000 0.000000
vn 0.000000 -0.100000 0.000000
vn 0.000000 -0.100000 0.000000
vn 0.000000 -0.100000 0.000000
vn 0.000000 -0.100000 0.000000
vn 0.000000 -0.100000 0.000000
vn 0.000000 -0.100000 0.000000
vn 0.000000 -0.100000 0.000000
vn 0.000000 -0.100000 0.000000
vn 0.000000 -0.100000 0.000000
vn 0.000000 -0.100000 0.000000
vn 0.000000 -0.100000 0.000000
vn 0.000000 -0.100000 0.000000
vn 0.000000 -0.100000 0.000000
vn 0.000000 -0.100000 0.000000
vn 0.000000 -0.100000 0.000000
vn 0.000000 -0.100000 0.000000
vn 0.000000 -0.100000 0.000000
vn 0.000000 -0.100000 0.000000
vn 0.000000 -0.100000 0.000000
vn 0.000000 -0.100000 0.000000
vn 0.000000 -0.100000 0.000000
vn 0.000000 -0.100000 0.000000
vn 0.000000 -0.100000 0.000000
vn 0.000000 -0.100000 0.000000
vn 0.000000 -0.100000 0.000000
vn 0.000000 -0.100000 0.000000
vn 0.000000 -0.100000 0.000000
vn 0.000000 -0.100000 0.000000
vn 0.000000 -0.100000 0.000000
vn 0.000000 -0.100000 0.000000
vn 0.000000 -0.100000 0.000000
vn 0.000000 -0.100000 0.000000
vn 0.000000 -0.100000 0.000000
vn 0.000000 -0.100000 0.000000
vn 0.000000 -0.100000 0.000000
vn 0.000000 -0.100000 0.000000
vn 0.000000 -0.100000 0.000000
vn 0.000000 -0.100000 0.000000
vn 0.000000 -0.100000 0.000000
vn 0.000000 -0.100000 0.000000
vn 0.000000 -0.100000 0.000000
vn 0.000000 -0.100000 0.000000
vn 0.000000 -0.100000 0.000000
vn 0.000000 -0.100000 0.000000
vn 0.000000 -0.100000 0.000000
vn 0.000000 -0.100000 0.000000
vn 0.000000 -0.100000 0.000000
vn 0.000000 -0.100000 0.000000
vn 0.000000 -0.100000 0.000000
vn 0.094765 0.000000 -0.031930
vn 0.094765 0.000000 -0.031930
vn 0.094765 0.000000 -0.031930
vn 0.094765 0.000000 -0.031930
vn 0.085686 0.000000 -0.051555
vn 0.085686 0.000000 -0.051555
vn 0.085686 0.000000 -0.051555
vn 0.085686 0.000000 -0.051555
vn 0.072599 0.000000 -0.068770
vn 0.072599 0.000000 -0.068770
vn 0.072599 0.000000 -0.068770
vn 0.072599 0.000000 -0.068770
vn 0.056119 0.000000 -0.082769
vn 0.056119 0.000000 -0.082769
vn 0.056119 0.000000 -0.082769
vn 0.056119 0.000000 -0.082769
vn 0.037014 0.000000 -0.092898
vn 0.037014 0.000000 -0.092898
vn 0.037014 0.000000 -0.092898
vn 0.037014 0.000000 -0.092898
vn 0.016178 0.000000 -0.098683
vn 0.016178 0.000000 -0.098683
vn 0.016178 0.000000 -0.098683
vn 0.016178 0.000000 -0.098683
vn -0.005414 0.000000 -0.099853
vn -0.005414 0.000000 -0.099853
vn -0.005414 0.000000 -0.099853
vn -0.005414 0.000000 -0.099853
vn -0.026753 0.000000 -0.096355
vn -0.026753 0.000000 -0.096355
vn -0.026753 0.000000 -0.096355
vn -0.026753 0.000000 -0.096355
vn -0.046841 0.000000 -0.088351
vn -0.046841 0.000000 -0.088351
vn -0.046841 0.000000 -0.088351
vn -0.046841 0.000000 -0.088351
vn -0.064738 0.000000 -0.076216
vn -0.064738 0.000000 -0.076216
vn -0.064738 0.000000 -0.076216
vn -0.064738 0.000000 -0.076216
vn -0.079609 0.000000 -0.060517
vn -0.079609 0.000000 -0.060517
vn -0.079609 0.000000 -0.060517
vn -0.079609 0.000000 -0.060517
vn -0.090758 0.000000 -0.041989
vn -0.090758 0.000000 -0.041989
vn -0.090758 0.000000 -0.041989
vn -0.090758 0.000000 -0.041989
vn -0.097662 0.000000 -0.021497
vn -0.097662 0.000000 -0.021497
vn -0.097662 0.000000 -0.021497
vn -0.097662 0.000000 -0.021497
vn -0.100000 0.000000 0.000000
vn -0.100000 0.000000 0.000000
vn -0.100000 0.000000 0.000000
vn -0.100000 0.000000 0.000000
vn -0.097662 0.000000 0.021497
vn -0.097662 0.000000 0.021497
vn -0.097662 0.000000 0.021497
vn -0.097662 0.000000 0.021497
vn -0.090758 0.000000 0.041989
vn -0.090758 0.000000 0.041989
vn -0.090758 0.000000 0.041989
vn -0.090758 0.000000 0.041989
vn -0.079609 0.000000 0.060517
vn -0.079609 0.000000 0.060517
vn -0.079609 0.000000 0.060517
vn -0.079609 0.000000 0.060517
vn -0.064738 0.000000 0.076216
vn -0.064738 0.000000 0.076216
vn -0.064738 0.000000 0.076216
vn -0.064738 0.000000 0.076216
vn -0.046841 0.000000 0.088351
vn -0.046841 0.000000 0.088351
vn -0.046841 0.000000 0.088351
vn -0.046841 0.000000 0.088351
vn -0.026753 0.000000 0.096355
vn -0.026753 0.000000 0.096355
vn -0.026753 0.000000 0.096355
vn -0.026753 0.000000 0.096355
vn -0.005414 0.000000 0.099853
vn -0.005414 0.000000 0.099853
vn -0.005414 0.000000 0.099853
vn -0.005414 0.000000 0.099853
vn 0.016178 0.000000 0.098683
vn 0.016178 0.000000 0.098683
vn 0.016178 0.000000 0.098683
vn 0.016178 0.000000 0.098683
vn 0.037014 0.000000 0.092898
vn 0.037014 0.000000 0.092898
vn 0.037014 0.000000 0.092898
vn 0.037014 0.000000 0.092898
vn 0.056119 0.000000 0.082769
vn 0.056119 0.000000 0.082769
vn 0.056119 0.000000 0.082769
vn 0.056119 0.000000 0.082769
vn 0.072600 0.000000 0.068770
vn 0.072600 0.000000 0.068770
vn 0.072600 0.000000 0.068770
vn 0.072600 0.000000 0.068770
vn 0.085686 0.000000 0.051555
vn 0.085686 0.000000 0.051555
vn 0.085686 0.000000 0.051555
vn 0.085686 0.000000 0.051555
vn 0.094765 0.000000 0.031930
vn 0.094765 0.000000 0.031930
vn 0.094765 0.000000 0.031930
vn 0.094765 0.000000 0.031930
vn 0.099414 0.000000 0.010812
vn 0.099414 0.000000 0.010812
vn 0.099414 0.000000 0.010812
vn 0.099414 0.000000 0.010812
vn 0.099414 0.000000 -0.010812
vn 0.099414 0.000000 -0.010812
vn 0.099414 0.000000 -0.010812
vn 0.099414 0.000000 -0.010812
vn 0.000000 -0.100000 0.000000
vn 0.000000 -0.100000 0.000000
vn 0.000000 -0.100000 0.000000
vn 0.000000 -0.100000 0.000000
vn 0.000000 -0.100000 0.000000
vn 0.000000 -0.100000 0.000000
vn 0.000000 -0.100000 0.000000
vn 0.000000 -0.100000 0.000000
vn 0.000000 -0.100000 0.000000
vn 0.000000 -0.100000 0.000000
vn 0.000000 -0.100000 0.000000
vn 0.000000 -0.100000 0.000000
vn 0.000000 -0.100000 0.000000
vn 0.000000 -0.100000 0.000000
vn 0.000000 -0.100000 0.000000
vn 0.000000 -0.100000 0.000000
vn 0.000000 -0.100000 0.000000
vn 0.000000 -0.100000 0.000000
vn 0.000000 -0.100000 0.000000
vn 0.000000 -0.100000 0.000000
vn 0.000000 -0.100000 0.000000
vn 0.000000 -0.100000 0.000000
vn 0.000000 -0.100000 0.000000
vn 0.000000 -0.100000 0.000000
vn 0.000000 -0.100000 0.000000
vn 0.000000 -0.100000 0.000000
vn 0.000000 -0.100000 0.000000
vn 0.000000 -0.100000 0.000000
vn 0.000000 -0.100000 0.000000
vn 0.000000 -0.100000 0.000000
vn 0.000000 -0.100000 0.000000
vn 0.000000 -0.100000 0.000000
vn 0.000000 -0.100000 0.000000
vn 0.000000 -0.100000 0.000000
vn 0.000000 -0.100000 0.000000
vn 0.000000 -0.100000 0.000000
vn 0.000000 -0.100000 0.000000
vn 0.000000 -0.100000 0.000000
vn 0.000000 -0.100000 0.000000
vn 0.000000 -0.100000 0.000000
vn 0.000000 -0.100000 0.000000
vn 0.000000 -0.100000 0.000000
vn 0.000000 -0.100000 0.000000
vn 0.000000 -0.100000 0.000000
vn 0.000000 -0.100000 0.000000
vn 0.000000 -0.100000 0.000000
vn 0.000000 -0.100000 0.000000
vn 0.000000 -0.100000 0.000000
vn 0.000000 -0.100000 0.000000
vn 0.000000 -0.100000 0.000000
vn 0.000000 -0.100000 0.000000
vn 0.000000 -0.100000 0.000000
vn 0.000000 -0.100000 0.000000
vn 0.094765 0.000000 -0.031930
vn 0.094765 0.000000 -0.031930
vn 0.094765 0.000000 -0.031930
vn 0.094765 0.000000 -0.031930
vn 0.085686 0.000000 -0.051555
vn 0.085686 0.000000 -0.051555
vn 0.085686 0.000000 -0.051555
vn 0.085686 0.000000 -0.051555
vn 0.072600 0.000000 -0.068770
vn 0.072600 0.000000 -0.068770
vn 0.072600 0.000000 -0.068770
vn 0.072600 0.000000 -0.068770
vn 0.056119 0.000000 -0.082769
vn 0.056119 0.000000 -0.082769
vn 0.056119 0.000000 -0.082769
vn 0.056119 0.000000 -0.082769
vn 0.037014 0.000000 -0.092898
vn 0.037014 0.000000 -0.092898
vn 0.037014 0.000000 -0.092898
vn 0.037014 0.000000 -0.092898
vn 0.016178 0.000000 -0.098683
vn 0.016178 0.000000 -0.098683
vn 0.016178 0.000000 -0.098683
vn 0.016178 0.000000 -0.098683
vn -0.005414 0.000000 -0.099853
vn -0.005414 0.000000 -0.099853
vn -0.005414 0.000000 -0.099853
vn -0.005414 0.000000 -0.099853
vn -0.026753 0.000000 -0.096355
vn -0.026753 0.000000 -0.096355
vn -0.026753 0.000000 -0.096355
vn -0.026753 0.000000 -0.096355
vn -0.046841 0.000000 -0.088351
vn -0.046841 0.000000 -0.088351
vn -0.046841 0.000000 -0.088351
vn -0.046841 0.000000 -0.088351
vn -0.064738 0.000000 -0.076216
vn -0.064738 0.000000 -0.076216
vn -0.064738 0.000000 -0.076216
vn -0.064738 0.000000 -0.076216
vn -0.079609 0.000000 -0.060517
vn -0.079609 0.000000 -0.060517
vn -0.079609 0.000000 -0.060517
vn -0.079609 0.000000 -0.060517
vn -0.090758 0.000000 -0.041989
vn -0.090758 0.000000 -0.041989
vn -0.090758 0.000000 -0.041989
vn -0.090758 0.000000 -0.041989
vn -0.097662 0.000000 -0.021497
vn -0.097662 0.000000 -0.021497
vn -0.097662 0.000000 -0.021497
vn -0.097662 0.000000 -0.021497
vn -0.100000 0.000000 0.000000
vn -0.100000 0.000000 0.000000
vn -0.100000 0.000000 0.000000
vn -0.100000 0.000000 0.000000
vn -0.097662 0.000000 0.021497
vn -0.097662 0.000000 0.021497
vn -0.097662 0.000000 0.021497
vn -0.097662 0.000000 0.021497
vn -0.090758 0.000000 0.041989
vn -0.090758 0.000000 0.041989
vn -0.090758 0.000000 0.041989
vn -0.090758 0.000000 0.041989
vn -0.079609 0.000000 0.060518
vn -0.079609 0.000000 0.060518
vn -0.079609 0.000000 0.060518
vn -0.079609 0.000000 0.060518
vn -0.064739 0.000000 0.076216
vn -0.064739 0.000000 0.076216
vn -0.064739 0.000000 0.076216
vn -0.064739 0.000000 0.076216
vn -0.046841 0.000000 0.088351
vn -0.046841 0.000000 0.088351
vn -0.046841 0.000000 0.088351
vn -0.046841 0.000000 0.088351
vn -0.026752 0.000000 0.096355
vn -0.026752 0.000000 0.096355
vn -0.026752 0.000000 0.096355
vn -0.026752 0.000000 0.096355
vn -0.005414 0.000000 0.099853
vn -0.005414 0.000000 0.099853
vn -0.005414 0.000000 0.099853
vn -0.005414 0.000000 0.099853
vn 0.016178 0.000000 0.098683
vn 0.016178 0.000000 0.098683
vn 0.016178 0.000000 0.098683
vn 0.016178 0.000000 0.098683
vn 0.037013 0.000000 0.092898
vn 0.037013 0.000000 0.092898
vn 0.037013 0.000000 0.092898
vn 0.037013 0.000000 0.092898
vn 0.056119 0.000000 0.082769
vn 0.056119 0.000000 0.082769
vn 0.056119 0.000000 0.082769
vn 0.056119 0.000000 0.082769
vn 0.072600 0.000000 0.068770
vn 0.072600 0.000000 0.068770
vn 0.072600 0.000000 0.068770
vn 0.072600 0.000000 0.068770
vn 0.085686 0.000000 0.051556
vn 0.085686 0.000000 0.051556
vn 0.085686 0.000000 0.051556
vn 0.085686 0.000000 0.051556
vn 0.094765 0.000000 0.031930
vn 0.094765 0.000000 0.031930
vn 0.094765 0.000000 0.031930
vn 0.094765 0.000000 0.031930
vn 0.099414 0.000000 0.010812
vn 0.099414 0.000000 0.010812
vn 0.099414 0.000000 0.010812
vn 0.099414 0.000000 0.010812
vn 0.099414 0.000000 -0.010812
vn 0.099414 0.000000 -0.010812
vn 0.099414 0.000000 -0.010812
vn 0.099414 0.000000 -0.010812
vn 0.000000 -0.100000 0.000000
vn 0.000000 -0.100000 0.000000
vn 0.000000 -0.100000 0.000000
vn 0.000000 -0.100000 0.000000
vn 0.000000 -0.100000 0.000000
vn 0.000000 -0.100000 0.000000
vn 0.000000 -0.100000 0.000000
vn 0.000000 -0.100000 0.000000
vn 0.000000 -0.100000 0.000000
vn 0.000000 -0.100000 0.000000
vn 0.000000 -0.100000 0.000000
vn 0.000000 -0.100000 0.000000
vn 0.000000 -0.100000 0.000000
vn 0.000000 -0.100000 0.000000
vn 0.000000 -0.100000 0.000000
vn 0.000000 -0.100000 0.000000
vn 0.000000 -0.100000 0.000000
vn 0.000000 -0.100000 0.000000
vn 0.000000 -0.100000 0.000000
vn 0.000000 -0.100000 0.000000
vn 0.000000 -0.100000 0.000000
vn 0.000000 -0.100000 0.000000
vn 0.000000 -0.100000 0.000000
vn 0.000000 -0.100000 0.000000
vn 0.000000 -0.100000 0.000000
vn 0.000000 -0.100000 0.000000
vn 0.000000 -0.100000 0.000000
vn 0.000000 -0.100000 0.000000
vn 0.000000 -0.100000 0.000000
vn 0.000000 -0.100000 0.000000
vn 0.000000 -0.100000 0.000000
vn 0.000000 -0.100000 0.000000
vn 0.000000 -0.100000 0.000000
vn 0.000000 -0.100000 0.000000
vn 0.000000 -0.100000 0.000000
vn 0.000000 -0.100000 0.000000
vn 0.000000 -0.100000 0.000000
vn 0.000000 -0.100000 0.000000
vn 0.000000 -0.100000 0.000000
vn 0.000000 -0.100000 0.000000
vn 0.000000 -0.100000 0.000000
vn 0.000000 -0.100000 0.000000
vn 0.000000 -0.100000 0.000000
vn 0.000000 -0.100000 0.000000
vn 0.000000 -0.100000 0.000000
vn 0.000000 -0.100000 0.000000
vn 0.000000 -0.100000 0.000000
vn 0.000000 -0.100000 0.000000
vn 0.000000 -0.100000 0.000000
vn 0.000000 -0.100000 0.000000
vn 0.000000 -0.100000 0.000000
vn 0.000000 -0.100000 0.000000
vn 0.000000 -0.100000 0.000000
vn 0.094765 0.000000 -0.031930
vn 0.094765 0.000000 -0.031930
vn 0.094765 0.000000 -0.031930
vn 0.094765 0.000000 -0.031930
vn 0.085686 0.000000 -0.051555
vn 0.085686 0.000000 -0.051555
vn 0.085686 0.000000 -0.051555
vn 0.085686 0.000000 -0.051555
vn 0.072599 0.000000 -0.068770
vn 0.072599 0.000000 -0.068770
vn 0.072599 0.000000 -0.068770
vn 0.072599 0.000000 -0.068770
vn 0.056119 0.000000 -0.082769
vn 0.056119 0.000000 -0.082769
vn 0.056119 0.000000 -0.082769
vn 0.056119 0.000000 -0.082769
vn 0.037014 0.000000 -0.092898
vn 0.037014 0.000000 -0.092898
vn 0.037014 0.000000 -0.092898
vn 0.037014 0.000000 -0.092898
vn 0.016178 0.000000 -0.098683
vn 0.016178 0.000000 -0.098683
vn 0.016178 0.000000 -0.098683
vn 0.016178 0.000000 -0.098683
vn -0.005414 0.000000 -0.099853
vn -0.005414 0.000000 -0.099853
vn -0.005414 0.000000 -0.099853
vn -0.005414 0.000000 -0.099853
vn -0.026753 0.000000 -0.096355
vn -0.026753 0.000000 -0.096355
vn -0.026753 0.000000 -0.096355
vn -0.026753 0.000000 -0.096355
vn -0.046841 0.000000 -0.088351
vn -0.046841 0.000000 -0.088351
vn -0.046841 0.000000 -0.088351
vn -0.046841 0.000000 -0.088351
vn -0.064738 0.000000 -0.076216
vn -0.064738 0.000000 -0.076216
vn -0.064738 0.000000 -0.076216
vn -0.064738 0.000000 -0.076216
vn -0.079609 0.000000 -0.060517
vn -0.079609 0.000000 -0.060517
vn -0.079609 0.000000 -0.060517
vn -0.079609 0.000000 -0.060517
vn -0.090758 0.000000 -0.041989
vn -0.090758 0.000000 -0.041989
vn -0.090758 0.000000 -0.041989
vn -0.090758 0.000000 -0.041989
vn -0.097662 0.000000 -0.021497
vn -0.097662 0.000000 -0.021497
vn -0.097662 0.000000 -0.021497
vn -0.097662 0.000000 -0.021497
vn -0.100000 0.000000 0.000000
vn -0.100000 0.000000 0.000000
vn -0.100000 0.000000 0.000000
vn -0.100000 0.000000 0.000000
vn -0.097662 0.000000 0.021497
vn -0.097662 0.000000 0.021497
vn -0.097662 0.000000 0.021497
vn -0.097662 0.000000 0.021497
vn -0.090758 0.000000 0.041989
vn -0.090758 0.000000 0.041989
vn -0.090758 0.000000 0.041989
vn -0.090758 0.000000 0.041989
vn -0.079609 0.000000 0.060518
vn -0.079609 0.000000 0.060518
vn -0.079609 0.000000 0.060518
vn -0.079609 0.000000 0.060518
vn -0.064739 0.000000 0.076216
vn -0.064739 0.000000 0.076216
vn -0.064739 0.000000 0.076216
vn -0.064739 0.000000 0.076216
vn -0.046841 0.000000 0.088351
vn -0.046841 0.000000 0.088351
vn -0.046841 0.000000 0.088351
vn -0.046841 0.000000 0.088351
vn -0.026752 0.000000 0.096355
vn -0.026752 0.000000 0.096355
vn -0.026752 0.000000 0.096355
vn -0.026752 0.000000 0.096355
vn -0.005414 0.000000 0.099853
vn -0.005414 0.000000 0.099853
vn -0.005414 0.000000 0.099853
vn -0.005414 0.000000 0.099853
vn 0.016178 0.000000 0.098683
vn 0.016178 0.000000 0.098683
vn 0.016178 0.000000 0.098683
vn 0.016178 0.000000 0.098683
vn 0.037013 0.000000 0.092898
vn 0.037013 0.000000 0.092898
vn 0.037013 0.000000 0.092898
vn 0.037013 0.000000 0.092898
vn 0.056119 0.000000 0.082769
vn 0.056119 0.000000 0.082769
vn 0.056119 0.000000 0.082769
vn 0.056119 0.000000 0.082769
vn 0.072600 0.000000 0.068770
vn 0.072600 0.000000 0.068770
vn 0.072600 0.000000 0.068770
vn 0.072600 0.000000 0.068770
vn 0.085686 0.000000 0.051555
vn 0.085686 0.000000 0.051555
vn 0.085686 0.000000 0.051555
vn 0.085686 0.000000 0.051555
vn 0.094765 0.000000 0.031930
vn 0.094765 0.000000 0.031930
vn 0.094765 0.000000 0.031930
vn 0.094765 0.000000 0.031930
vn 0.099414 0.000000 0.010812
vn 0.099414 0.000000 0.010812
vn 0.099414 0.000000 0.010812
vn 0.099414 0.000000 0.010812
vn 0.099414 0.000000 -0.010812
vn 0.099414 0.000000 -0.010812
vn 0.099414 0.000000 -0.010812
vn 0.099414 0.000000 -0.010812
vn 0.100000 0.000000 0.000000
vn 0.100000 0.000000 0.000000
vn 0.100000 0.000000 0.000000
vn 0.100000 0.000000 0.000000
vn 0.100000 0.000000 0.000000
vn 0.100000 0.000000 0.000000
vn 0.100000 0.000000 0.000000
vn 0.100000 0.000000 0.000000
vn 0.099930 0.000000 -0.003750
vn 0.099930 0.000000 -0.003750
vn 0.099930 0.000000 -0.003750
vn 0.099759 0.000164 -0.006933
vn 0.099759 0.000164 -0.006933
vn 0.099759 0.000164 -0.006933
vn 0.099324 -0.000039 -0.011606
vn 0.099324 -0.000039 -0.011606
vn 0.099324 -0.000039 -0.011606
vn 0.097985 0.000071 -0.019972
vn 0.097985 0.000071 -0.019972
vn 0.097985 0.000071 -0.019972
vn 0.097841 0.000126 -0.020667
vn 0.097841 0.000126 -0.020667
vn 0.097841 0.000126 -0.020667
vn 0.095736 -0.000073 -0.028889
vn 0.095736 -0.000073 -0.028889
vn 0.095736 -0.000073 -0.028889
vn 0.094041 0.000179 -0.034003
vn 0.094041 0.000179 -0.034003
vn 0.094041 0.000179 -0.034003
vn 0.092535 -0.000061 -0.037911
vn 0.092535 -0.000061 -0.037911
vn 0.092535 -0.000061 -0.037911
vn 0.088323 0.000103 -0.046893
vn 0.088323 0.000103 -0.046893
vn 0.088323 0.000103 -0.046893
vn 0.088433 0.000080 -0.046686
vn 0.088433 0.000080 -0.046686
vn 0.088433 0.000080 -0.046686
vn 0.083060 -0.000056 -0.055687
vn 0.083060 -0.000056 -0.055687
vn 0.083060 -0.000056 -0.055687
vn 0.081125 0.000179 -0.058470
vn 0.081125 0.000179 -0.058470
vn 0.081125 0.000179 -0.058470
vn 0.076830 -0.000109 -0.064009
vn 0.076830 -0.000109 -0.064009
vn 0.076830 -0.000109 -0.064009
vn 0.072256 0.000182 -0.069130
vn 0.072256 0.000182 -0.069130
vn 0.072256 0.000182 -0.069130
vn 0.069139 -0.000121 -0.072248
vn 0.069139 -0.000121 -0.072248
vn 0.069139 -0.000121 -0.072248
vn 0.061999 0.000146 -0.078461
vn 0.061999 0.000146 -0.078461
vn 0.061999 0.000146 -0.078461
vn 0.059901 -0.000073 -0.080074
vn 0.059901 -0.000073 -0.080074
vn 0.059901 -0.000073 -0.080074
vn 0.050548 0.000085 -0.086284
vn 0.050548 0.000085 -0.086284
vn 0.050548 0.000085 -0.086284
vn 0.049785 0.000000 -0.086726
vn 0.049785 0.000000 -0.086726
vn 0.049785 0.000000 -0.086726
vn 0.000000 -0.100000 0.000000
vn 0.000000 -0.100000 0.000000
vn 0.000000 -0.100000 0.000000
vn 0.000000 -0.100000 0.000000
vn 0.000000 -0.100000 0.000000
vn 0.000000 -0.100000 0.000000
vn 0.000000 -0.100000 0.000000
vn 0.000000 -0.100000 0.000000
vn 0.000000 -0.100000 0.000000
vn 0.000000 -0.100000 0.000000
vn 0.000000 -0.100000 0.000000
vn 0.000000 -0.100000 0.000000
vn 0.000000 -0.100000 0.000000
vn 0.000000 -0.100000 0.000000
vn 0.000000 -0.100000 0.000000
vn 0.000000 -0.100000 0.000000
vn 0.000000 -0.100000 0.000000
vn 0.000000 -0.100000 0.000000
vn 0.000000 -0.100000 0.000000
vn 0.000000 -0.100000 0.000000
vn 0.000000 -0.100000 0.000000
vn 0.000000 -0.100000 0.000000
vn 0.000000 -0.100000 0.000000
vn 0.000000 -0.100000 0.000000
vn 0.000000 -0.100000 0.000000
vn 0.000000 -0.100000 0.000000
vn 0.000000 -0.100000 0.000000
vn 0.000000 -0.100000 0.000000
vn 0.000000 -0.100000 0.000000
vn 0.000000 -0.100000 0.000000
vn 0.000000 -0.100000 0.000000
vn 0.000000 -0.100000 0.000000
vn 0.000000 -0.100000 0.000000
vn 0.000000 -0.100000 0.000000
vn 0.000000 -0.100000 0.000000
vn 0.000000 -0.100000 0.000000
vn 0.000000 -0.100000 0.000000
vn 0.000000 -0.100000 0.000000
vn 0.000000 -0.100000 0.000000
vn 0.000000 -0.100000 0.000000
vn 0.000000 -0.100000 0.000000
vn 0.000000 -0.100000 0.000000
vn 0.000000 -0.100000 0.000000
vn 0.000000 -0.100000 0.000000
vn 0.000000 -0.100000 0.000000
vn 0.000000 -0.100000 0.000000
vn 0.000000 -0.100000 0.000000
vn 0.000000 -0.100000 0.000000
vn 0.000000 -0.100000 0.000000
vn 0.000000 -0.100000 0.000000
vn 0.000000 -0.100000 0.000000
vn 0.000000 -0.100000 0.000000
vn 0.000000 -0.100000 0.000000
vn 0.000000 -0.100000 0.000000
vn 0.000000 -0.100000 0.000000
vn 0.000000 -0.100000 0.000000
vn 0.000000 -0.100000 0.000000
vn 0.000000 -0.100000 0.000000
vn 0.000000 -0.100000 0.000000
vn 0.000000 -0.100000 0.000000
vn 0.000000 -0.100000 0.000000
vn 0.000000 -0.100000 0.000000
vn 0.000000 -0.100000 0.000000
vn 0.000000 -0.100000 0.000000
vn 0.000000 -0.100000 0.000000
vn 0.000000 -0.100000 0.000000
vn 0.000000 -0.100000 0.000000
vn 0.000000 -0.100000 0.000000
vn 0.000000 -0.100000 0.000000
vn 0.000000 -0.100000 0.000000
vn 0.000000 -0.100000 0.000000
vn 0.000000 -0.100000 0.000000
vn 0.000000 -0.100000 0.000000
vn 0.000000 -0.100000 0.000000
vn 0.000000 -0.100000 0.000000
vn 0.000000 -0.100000 0.000000
vn 0.000000 -0.100000 0.000000
vn 0.000000 -0.100000 0.000000
vn 0.000000 -0.100000 0.000000
vn 0.000000 -0.100000 0.000000
vn 0.000000 -0.100000 0.000000
vn 0.000000 -0.100000 0.000000
vn 0.000000 -0.100000 0.000000
vn 0.000000 -0.100000 0.000000
vn 0.000000 -0.100000 0.000000
vn 0.000000 -0.100000 0.000000
vn 0.000000 -0.100000 0.000000
vn 0.000000 -0.100000 0.000000
vn 0.000000 -0.100000 0.000000
vn 0.000000 -0.100000 0.000000
vn 0.000000 -0.100000 0.000000
vn 0.000000 -0.100000 0.000000
vn 0.000000 -0.100000 0.000000
vn 0.000000 -0.100000 0.000000
vn 0.000000 -0.100000 0.000000
vn 0.000000 -0.100000 0.000000
vn 0.000000 -0.100000 0.000000
vn 0.000000 -0.100000 0.000000
vn 0.000000 -0.100000 0.000000
vn 0.000000 -0.100000 0.000000
vn 0.000000 -0.100000 0.000000
vn 0.000000 -0.100000 0.000000
vn 0.000000 -0.100000 0.000000
vn 0.000000 -0.100000 0.000000
vn 0.000000 -0.100000 0.000000
vn 0.000000 -0.100000 0.000000
vn 0.000000 -0.100000 0.000000
vn 0.000000 -0.100000 0.000000
vn 0.000000 -0.100000 0.000000
vn 0.000000 -0.100000 0.000000
vn 0.000000 -0.100000 0.000000
vn 0.000000 -0.100000 0.000000
vn 0.000000 -0.100000 0.000000
vn 0.000000 -0.100000 0.000000
vn 0.000000 -0.100000 0.000000
vn 0.000000 -0.100000 0.000000
vn 0.000000 -0.100000 0.000000
vn 0.000000 -0.100000 0.000000
vn 0.000000 -0.100000 0.000000
vn 0.000000 -0.100000 0.000000
vn 0.000000 -0.100000 0.000000
vn 0.000000 -0.100000 0.000000
vn 0.000000 -0.100000 0.000000
vn 0.000000 -0.100000 0.000000
vn 0.000000 -0.100000 0.000000
vn 0.000000 -0.100000 0.000000
vn 0.000000 -0.100000 0.000000
vn 0.000000 -0.100000 0.000000
vn 0.000000 -0.100000 0.000000
vn 0.000000 -0.100000 0.000000
vn 0.000000 -0.100000 0.000000
vn 0.000000 -0.100000 0.000000
vn 0.000000 -0.100000 0.000000
vn 0.000000 -0.100000 0.000000
vn 0.000000 -0.100000 0.000000
vn 0.000000 -0.100000 0.000000
vn 0.000000 -0.100000 0.000000
vn 0.000000 -0.100000 0.000000
vn 0.000000 -0.100000 0.000000
vn 0.000000 -0.100000 0.000000
vn 0.000000 -0.100000 0.000000
vn 0.000000 -0.100000 0.000000
vn 0.000000 -0.100000 0.000000
vn 0.000000 -0.100000 0.000000
vn 0.000000 -0.100000 0.000000
vn 0.000000 -0.100000 0.000000
vn 0.000000 -0.100000 0.000000
vn 0.000000 -0.100000 0.000000
vn 0.000000 -0.100000 0.000000
vn 0.000000 -0.100000 0.000000
vn 0.000000 -0.100000 0.000000
vn 0.000000 -0.100000 0.000000
vn 0.000000 -0.100000 0.000000
vn 0.000000 -0.100000 0.000000
vn 0.000000 -0.100000 0.000000
vn 0.000000 -0.100000 0.000000
vn 0.000000 -0.100000 0.000000
vn 0.000000 -0.100000 0.000000
vn 0.000000 -0.100000 0.000000
vn 0.000000 -0.100000 0.000000
vn 0.000000 -0.100000 0.000000
vn 0.000000 -0.100000 0.000000
vn 0.000000 -0.100000 0.000000
vn 0.000000 -0.100000 0.000000
vn 0.000000 -0.100000 0.000000
vn 0.000000 -0.100000 0.000000
vn 0.000000 -0.100000 0.000000
vn 0.000000 -0.100000 0.000000
vn 0.000000 -0.100000 0.000000
vn 0.000000 -0.100000 0.000000
vn 0.000000 -0.100000 0.000000
vn 0.000000 -0.100000 0.000000
vn 0.000000 -0.100000 0.000000
vn 0.000000 -0.100000 0.000000
vn 0.000000 -0.100000 0.000000
vn 0.000000 -0.100000 0.000000
vn 0.000000 -0.100000 0.000000
vn 0.000000 -0.100000 0.000000
vn 0.000000 -0.100000 0.000000
vn 0.000000 -0.100000 0.000000
vn 0.000000 -0.100000 0.000000
vn 0.000000 -0.100000 0.000000
vn 0.000000 -0.100000 0.000000
vn 0.000000 -0.100000 0.000000
vn 0.000000 -0.100000 0.000000
vn 0.000000 -0.100000 0.000000
vn 0.000000 -0.100000 0.000000
vn 0.000000 -0.100000 0.000000
vn 0.000000 -0.100000 0.000000
vn 0.000000 -0.100000 0.000000
vn 0.000000 -0.100000 0.000000
vn 0.000000 -0.100000 0.000000
vn 0.000000 -0.100000 0.000000
vn 0.000000 -0.100000 0.000000
vn 0.000000 -0.100000 0.000000
vn 0.000000 -0.100000 0.000000
vn 0.000000 -0.100000 0.000000
vn 0.000000 -0.100000 0.000000
vn 0.000000 -0.100000 0.000000
vn 0.000000 -0.100000 0.000000
vn 0.000000 -0.100000 0.000000
vn 0.000000 -0.100000 0.000000
vn 0.000000 -0.100000 0.000000
vn 0.000000 -0.100000 0.000000
vn 0.000000 -0.100000 0.000000
vn 0.000000 -0.100000 0.000000
vn 0.000000 -0.100000 0.000000
vn 0.000000 -0.100000 0.000000
vn 0.000000 -0.100000 0.000000
vn 0.000000 -0.100000 0.000000
vn 0.000000 -0.100000 0.000000
vn 0.000000 -0.100000 0.000000
vn 0.000000 -0.100000 0.000000
vn -0.049785 0.000000 -0.086726
vn -0.049785 0.000000 -0.086726
vn -0.049785 0.000000 -0.086726
vn -0.050548 0.000085 -0.086284
vn -0.050548 0.000085 -0.086284
vn -0.050548 0.000085 -0.086284
vn -0.059901 -0.000073 -0.080074
vn -0.059901 -0.000073 -0.080074
vn -0.059901 -0.000073 -0.080074
vn -0.061999 0.000146 -0.078461
vn -0.061999 0.000146 -0.078461
vn -0.061999 0.000146 -0.078461
vn -0.069139 -0.000121 -0.072248
vn -0.069139 -0.000121 -0.072248
vn -0.069139 -0.000121 -0.072248
vn -0.072256 0.000182 -0.069130
vn -0.072256 0.000182 -0.069130
vn -0.072256 0.000182 -0.069130
vn -0.076829 -0.000109 -0.064010
vn -0.076829 -0.000109 -0.064010
vn -0.076829 -0.000109 -0.064010
vn -0.081125 0.000179 -0.058470
vn -0.081125 0.000179 -0.058470
vn -0.081125 0.000179 -0.058470
vn -0.083045 -0.000054 -0.055710
vn -0.083045 -0.000054 -0.055710
vn -0.083045 -0.000054 -0.055710
vn -0.088433 0.000079 -0.046686
vn -0.088433 0.000079 -0.046686
vn -0.088433 0.000079 -0.046686
vn -0.088332 0.000100 -0.046877
vn -0.088332 0.000100 -0.046877
vn -0.088332 0.000100 -0.046877
vn -0.092573 -0.000063 -0.037819
vn -0.092573 -0.000063 -0.037819
vn -0.092573 -0.000063 -0.037819
vn -0.094041 0.000178 -0.034003
vn -0.094041 0.000178 -0.034003
vn -0.094041 0.000178 -0.034003
vn -0.095792 -0.000074 -0.028703
vn -0.095792 -0.000074 -0.028703
vn -0.095792 -0.000074 -0.028703
vn -0.097841 0.000130 -0.020667
vn -0.097841 0.000130 -0.020667
vn -0.097841 0.000130 -0.020667
vn -0.098020 0.000062 -0.019800
vn -0.098020 0.000062 -0.019800
vn -0.098020 0.000062 -0.019800
vn -0.099336 -0.000038 -0.011509
vn -0.099336 -0.000038 -0.011509
vn -0.099336 -0.000038 -0.011509
vn -0.099759 0.000163 -0.006933
vn -0.099759 0.000163 -0.006933
vn -0.099759 0.000163 -0.006933
vn -0.099930 0.000000 -0.003732
vn -0.099930 0.000000 -0.003732
vn -0.099930 0.000000 -0.003732
vn -0.100000 0.000000 0.000000
vn -0.100000 0.000000 0.000000
vn -0.100000 0.000000 0.000000
vn -0.100000 0.000000 0.000000
vn -0.100000 0.000000 0.000000
vn -0.100000 0.000000 0.000000
vn -0.100000 0.000000 0.000000
vn -0.100000 0.000000 0.000000
vn -0.099371 -0.011196 0.000000
vn -0.099371 -0.011196 0.000000
vn -0.099371 -0.011196 0.000000
vn -0.099371 -0.011196 0.000000
vn -0.094388 -0.033028 0.000000
vn -0.094388 -0.033028 0.000000
vn -0.094388 -0.033028 0.000000
vn -0.094388 -0.033028 0.000000
vn -0.084672 -0.053204 0.000000
vn -0.084672 -0.053204 0.000000
vn -0.084672 -0.053204 0.000000
vn -0.084672 -0.053204 0.000000
vn -0.070711 -0.070711 0.000000
vn -0.070711 -0.070711 0.000000
vn -0.070711 -0.070711 0.000000
vn -0.070711 -0.070711 0.000000
vn -0.053203 -0.084672 0.000000
vn -0.053203 -0.084672 0.000000
vn -0.053203 -0.084672 0.000000
vn -0.053203 -0.084672 0.000000
vn -0.033028 -0.094388 0.000000
vn -0.033028 -0.094388 0.000000
vn -0.033028 -0.094388 0.000000
vn -0.033028 -0.094388 0.000000
vn -0.011196 -0.099371 0.000000
vn -0.011196 -0.099371 0.000000
vn -0.011196 -0.099371 0.000000
vn -0.011196 -0.099371 0.000000
vn -0.011124 -0.099347 -0.002539
vn -0.011124 -0.099347 -0.002539
vn -0.011124 -0.099347 -0.002539
vn -0.010382 -0.099410 -0.003149
vn -0.010382 -0.099410 -0.003149
vn -0.010382 -0.099410 -0.003149
vn -0.010637 -0.099345 -0.004175
vn -0.010637 -0.099345 -0.004175
vn -0.010637 -0.099345 -0.004175
vn -0.009631 -0.099402 -0.005148
vn -0.009631 -0.099402 -0.005148
vn -0.009631 -0.099402 -0.005148
vn -0.009766 -0.099362 -0.005638
vn -0.009766 -0.099362 -0.005638
vn -0.009766 -0.099362 -0.005638
vn -0.008735 -0.099374 -0.006966
vn -0.008735 -0.099374 -0.006966
vn -0.008735 -0.099374 -0.006966
vn -0.008502 -0.099393 -0.006978
vn -0.008502 -0.099393 -0.006978
vn -0.008502 -0.099393 -0.006978
vn -0.007745 -0.099350 -0.008347
vn -0.007745 -0.099350 -0.008347
vn -0.007745 -0.099350 -0.008347
vn -0.006887 -0.099409 -0.008392
vn -0.006887 -0.099409 -0.008392
vn -0.006887 -0.099409 -0.008392
vn -0.006443 -0.099344 -0.009450
vn -0.006443 -0.099344 -0.009450
vn -0.006443 -0.099344 -0.009450
vn -0.005134 -0.099405 -0.009606
vn -0.005134 -0.099405 -0.009606
vn -0.005134 -0.099405 -0.009606
vn -0.004911 -0.099357 -0.010199
vn -0.004911 -0.099357 -0.010199
vn -0.004911 -0.099357 -0.010199
vn -0.003275 -0.099381 -0.010617
vn -0.003275 -0.099381 -0.010617
vn -0.003275 -0.099381 -0.010617
vn -0.003208 -0.099388 -0.010574
vn -0.003208 -0.099388 -0.010574
vn -0.003208 -0.099388 -0.010574
vn -0.001693 -0.099353 -0.011230
vn -0.001693 -0.099353 -0.011230
vn -0.001693 -0.099353 -0.011230
vn -0.001066 -0.099407 -0.010818
vn -0.001066 -0.099407 -0.010818
vn -0.001066 -0.099407 -0.010818
vn 0.000000 -0.099343 -0.011441
vn 0.000000 -0.099343 -0.011441
vn 0.000000 -0.099343 -0.011441
vn 0.001066 -0.099407 -0.010818
vn 0.001066 -0.099407 -0.010818
vn 0.001066 -0.099407 -0.010818
vn 0.001693 -0.099353 -0.011230
vn 0.001693 -0.099353 -0.011230
vn 0.001693 -0.099353 -0.011230
vn 0.003208 -0.099388 -0.010574
vn 0.003208 -0.099388 -0.010574
vn 0.003208 -0.099388 -0.010574
vn 0.003275 -0.099381 -0.010617
vn 0.003275 -0.099381 -0.010617
vn 0.003275 -0.099381 -0.010617
vn 0.004911 -0.099357 -0.010199
vn 0.004911 -0.099357 -0.010199
vn 0.004911 -0.099357 -0.010199
vn 0.005134 -0.099405 -0.009606
vn 0.005134 -0.099405 -0.009606
vn 0.005134 -0.099405 -0.009606
vn 0.006443 -0.099344 -0.009450
vn 0.006443 -0.099344 -0.009450
vn 0.006443 -0.099344 -0.009450
vn 0.006887 -0.099409 -0.008392
vn 0.006887 -0.099409 -0.008392
vn 0.006887 -0.099409 -0.008392
vn 0.007745 -0.099350 -0.008347
vn 0.007745 -0.099350 -0.008347
vn 0.007745 -0.099350 -0.008347
vn 0.008502 -0.099393 -0.006978
vn 0.008502 -0.099393 -0.006978
vn 0.008502 -0.099393 -0.006978
vn 0.008735 -0.099374 -0.006966
vn 0.008735 -0.099374 -0.006966
vn 0.008735 -0.099374 -0.006966
vn 0.009766 -0.099362 -0.005638
vn 0.009766 -0.099362 -0.005638
vn 0.009766 -0.099362 -0.005638
vn 0.009631 -0.099402 -0.005148
vn 0.009631 -0.099402 -0.005148
vn 0.009631 -0.099402 -0.005148
vn 0.010637 -0.099345 -0.004175
vn 0.010637 -0.099345 -0.004175
vn 0.010637 -0.099345 -0.004175
vn 0.010382 -0.099410 -0.003149
vn 0.010382 -0.099410 -0.003149
vn 0.010382 -0.099410 -0.003149
vn 0.011124 -0.099347 -0.002539
vn 0.011124 -0.099347 -0.002539
vn 0.011124 -0.099347 -0.002539
vn 0.010903 -0.099398 -0.001074
vn 0.010903 -0.099398 -0.001074
vn 0.010903 -0.099398 -0.001074
vn 0.011196 -0.099368 -0.000839
vn 0.011196 -0.099368 -0.000839
vn 0.011196 -0.099368 -0.000839
vn -0.032281 -0.094359 -0.007368
vn -0.032281 -0.094359 -0.007368
vn -0.032281 -0.094359 -0.007368
vn -0.032281 -0.094359 -0.007368
vn -0.032281 -0.094359 -0.007368
vn -0.032281 -0.094359 -0.007368
vn -0.030822 -0.094359 -0.012097
vn -0.030822 -0.094359 -0.012097
vn -0.030822 -0.094359 -0.012097
vn -0.030822 -0.094359 -0.012097
vn -0.030822 -0.094359 -0.012097
vn -0.030822 -0.094359 -0.012097
vn -0.028675 -0.094359 -0.016555
vn -0.028675 -0.094359 -0.016555
vn -0.028675 -0.094359 -0.016555
vn -0.028675 -0.094359 -0.016555
vn -0.028675 -0.094359 -0.016555
vn -0.028675 -0.094359 -0.016555
vn -0.025887 -0.094359 -0.020644
vn -0.025887 -0.094359 -0.020644
vn -0.025887 -0.094359 -0.020644
vn -0.025887 -0.094359 -0.020644
vn -0.025887 -0.094359 -0.020644
vn -0.025887 -0.094359 -0.020644
vn -0.022521 -0.094359 -0.024272
vn -0.022521 -0.094359 -0.024272
vn -0.022521 -0.094359 -0.024272
vn -0.022521 -0.094359 -0.024272
vn -0.022521 -0.094359 -0.024272
vn -0.022521 -0.094359 -0.024272
vn -0.018652 -0.094359 -0.027357
vn -0.018652 -0.094359 -0.027357
vn -0.018652 -0.094359 -0.027357
vn -0.018652 -0.094359 -0.027358
vn -0.018652 -0.094359 -0.027358
vn -0.018652 -0.094359 -0.027358
vn -0.014366 -0.094359 -0.029832
vn -0.014366 -0.094359 -0.029832
vn -0.014366 -0.094359 -0.029832
vn -0.014366 -0.094359 -0.029832
vn -0.014366 -0.094359 -0.029832
vn -0.014366 -0.094359 -0.029832
vn -0.009760 -0.094359 -0.031640
vn -0.009760 -0.094359 -0.031640
vn -0.009760 -0.094359 -0.031640
vn -0.009760 -0.094359 -0.031640
vn -0.009760 -0.094359 -0.031640
vn -0.009760 -0.094359 -0.031640
vn -0.004935 -0.094359 -0.032741
vn -0.004935 -0.094359 -0.032741
vn -0.004935 -0.094359 -0.032741
vn -0.004935 -0.094359 -0.032741
vn -0.004935 -0.094359 -0.032741
vn -0.004935 -0.094359 -0.032741
vn 0.000000 -0.094359 -0.033111
vn 0.000000 -0.094359 -0.033111
vn 0.000000 -0.094359 -0.033111
vn 0.000000 -0.094359 -0.033111
vn 0.004935 -0.094359 -0.032741
vn 0.004935 -0.094359 -0.032741
vn 0.004935 -0.094359 -0.032741
vn 0.004935 -0.094359 -0.032741
vn 0.004935 -0.094359 -0.032741
vn 0.004935 -0.094359 -0.032741
vn 0.009760 -0.094359 -0.031640
vn 0.009760 -0.094359 -0.031640
vn 0.009760 -0.094359 -0.031640
vn 0.009760 -0.094359 -0.031640
vn 0.009760 -0.094359 -0.031640
vn 0.009760 -0.094359 -0.031640
vn 0.014366 -0.094359 -0.029832
vn 0.014366 -0.094359 -0.029832
vn 0.014366 -0.094359 -0.029832
vn 0.014366 -0.094359 -0.029832
vn 0.014366 -0.094359 -0.029832
vn 0.014366 -0.094359 -0.029832
vn 0.018652 -0.094359 -0.027357
vn 0.018652 -0.094359 -0.027357
vn 0.018652 -0.094359 -0.027357
vn 0.018652 -0.094359 -0.027357
vn 0.018652 -0.094359 -0.027357
vn 0.018652 -0.094359 -0.027357
vn 0.022521 -0.094359 -0.024272
vn 0.022521 -0.094359 -0.024272
vn 0.022521 -0.094359 -0.024272
vn 0.022521 -0.094359 -0.024272
vn 0.022521 -0.094359 -0.024272
vn 0.022521 -0.094359 -0.024272
vn 0.025887 -0.094359 -0.020644
vn 0.025887 -0.094359 -0.020644
vn 0.025887 -0.094359 -0.020644
vn 0.025887 -0.094359 -0.020644
vn 0.025887 -0.094359 -0.020644
vn 0.025887 -0.094359 -0.020644
vn 0.028675 -0.094359 -0.016555
vn 0.028675 -0.094359 -0.016555
vn 0.028675 -0.094359 -0.016555
vn 0.028674 -0.094359 -0.016555
vn 0.028674 -0.094359 -0.016555
vn 0.028674 -0.094359 -0.016555
vn 0.030822 -0.094359 -0.012097
vn 0.030822 -0.094359 -0.012097
vn 0.030822 -0.094359 -0.012097
vn 0.030822 -0.094359 -0.012097
vn 0.030822 -0.094359 -0.012097
vn 0.030822 -0.094359 -0.012097
vn 0.032281 -0.094359 -0.007368
vn 0.032281 -0.094359 -0.007368
vn 0.032281 -0.094359 -0.007368
vn 0.032281 -0.094359 -0.007368
vn 0.032281 -0.094359 -0.007368
vn 0.032281 -0.094359 -0.007368
vn 0.033018 -0.094359 -0.002474
vn 0.033018 -0.094359 -0.002474
vn 0.033018 -0.094359 -0.002474
vn 0.033018 -0.094359 -0.002474
vn 0.033018 -0.094359 -0.002474
vn 0.033018 -0.094359 -0.002474
vn -0.051974 -0.084605 -0.011863
vn -0.051974 -0.084605 -0.011863
vn -0.051974 -0.084605 -0.011863
vn -0.051974 -0.084605 -0.011863
vn -0.051974 -0.084605 -0.011863
vn -0.051974 -0.084605 -0.011863
vn -0.049625 -0.084605 -0.019476
vn -0.049625 -0.084605 -0.019476
vn -0.049625 -0.084605 -0.019476
vn -0.049625 -0.084605 -0.019477
vn -0.049625 -0.084605 -0.019477
vn -0.049625 -0.084605 -0.019477
vn -0.046168 -0.084605 -0.026655
vn -0.046168 -0.084605 -0.026655
vn -0.046168 -0.084605 -0.026655
vn -0.046168 -0.084605 -0.026655
vn -0.046168 -0.084605 -0.026655
vn -0.046168 -0.084605 -0.026655
vn -0.041680 -0.084605 -0.033238
vn -0.041680 -0.084605 -0.033238
vn -0.041680 -0.084605 -0.033238
vn -0.041680 -0.084605 -0.033238
vn -0.041680 -0.084605 -0.033238
vn -0.041680 -0.084605 -0.033238
vn -0.036260 -0.084605 -0.039079
vn -0.036260 -0.084605 -0.039079
vn -0.036260 -0.084605 -0.039079
vn -0.036260 -0.084605 -0.039079
vn -0.036260 -0.084605 -0.039079
vn -0.036260 -0.084605 -0.039079
vn -0.030031 -0.084605 -0.044047
vn -0.030031 -0.084605 -0.044047
vn -0.030031 -0.084605 -0.044047
vn -0.030031 -0.084605 -0.044047
vn -0.030031 -0.084605 -0.044047
vn -0.030031 -0.084605 -0.044047
vn -0.023130 -0.084605 -0.048031
vn -0.023130 -0.084605 -0.048031
vn -0.023130 -0.084605 -0.048031
vn -0.023130 -0.084605 -0.048030
vn -0.023130 -0.084605 -0.048030
vn -0.023130 -0.084605 -0.048030
vn -0.015713 -0.084605 -0.050941
vn -0.015713 -0.084605 -0.050941
vn -0.015713 -0.084605 -0.050941
vn -0.015713 -0.084605 -0.050942
vn -0.015713 -0.084605 -0.050942
vn -0.015713 -0.084605 -0.050942
vn -0.007946 -0.084605 -0.052715
vn -0.007946 -0.084605 -0.052715
vn -0.007946 -0.084605 -0.052715
vn -0.007945 -0.084605 -0.052715
vn -0.007945 -0.084605 -0.052715
vn -0.007945 -0.084605 -0.052715
vn 0.000000 -0.084605 -0.053310
vn 0.000000 -0.084605 -0.053310
vn 0.000000 -0.084605 -0.053310
vn 0.000000 -0.084605 -0.053310
vn 0.007946 -0.084605 -0.052715
vn 0.007946 -0.084605 -0.052715
vn 0.007946 -0.084605 -0.052715
vn 0.007945 -0.084605 -0.052715
vn 0.007945 -0.084605 -0.052715
vn 0.007945 -0.084605 -0.052715
vn 0.015714 -0.084605 -0.050942
vn 0.015714 -0.084605 -0.050942
vn 0.015714 -0.084605 -0.050942
vn 0.015713 -0.084605 -0.050941
vn 0.015713 -0.084605 -0.050941
vn 0.015713 -0.084605 -0.050941
vn 0.023130 -0.084605 -0.048031
vn 0.023130 -0.084605 -0.048031
vn 0.023130 -0.084605 -0.048031
vn 0.023131 -0.084605 -0.048031
vn 0.023131 -0.084605 -0.048031
vn 0.023131 -0.084605 -0.048031
vn 0.030031 -0.084605 -0.044047
vn 0.030031 -0.084605 -0.044047
vn 0.030031 -0.084605 -0.044047
vn 0.030031 -0.084605 -0.044047
vn 0.030031 -0.084605 -0.044047
vn 0.030031 -0.084605 -0.044047
vn 0.036260 -0.084605 -0.039079
vn 0.036260 -0.084605 -0.039079
vn 0.036260 -0.084605 -0.039079
vn 0.036260 -0.084605 -0.039079
vn 0.036260 -0.084605 -0.039079
vn 0.036260 -0.084605 -0.039079
vn 0.041680 -0.084605 -0.033238
vn 0.041680 -0.084605 -0.033238
vn 0.041680 -0.084605 -0.033238
vn 0.041680 -0.084605 -0.033238
vn 0.041680 -0.084605 -0.033238
vn 0.041680 -0.084605 -0.033238
vn 0.046168 -0.084605 -0.026655
vn 0.046168 -0.084605 -0.026655
vn 0.046168 -0.084605 -0.026655
vn 0.046168 -0.084605 -0.026655
vn 0.046168 -0.084605 -0.026655
vn 0.046168 -0.084605 -0.026655
vn 0.049625 -0.084605 -0.019476
vn 0.049625 -0.084605 -0.019476
vn 0.049625 -0.084605 -0.019476
vn 0.049625 -0.084605 -0.019476
vn 0.049625 -0.084605 -0.019476
vn 0.049625 -0.084605 -0.019476
vn 0.051974 -0.084605 -0.011863
vn 0.051974 -0.084605 -0.011863
vn 0.051974 -0.084605 -0.011863
vn 0.051974 -0.084605 -0.011863
vn 0.051974 -0.084605 -0.011863
vn 0.051974 -0.084605 -0.011863
vn 0.053161 -0.084605 -0.003984
vn 0.053161 -0.084605 -0.003984
vn 0.053161 -0.084605 -0.003984
vn 0.053161 -0.084605 -0.003984
vn 0.053161 -0.084605 -0.003984
vn 0.053161 -0.084605 -0.003984
vn -0.069034 -0.070612 -0.015756
vn -0.069034 -0.070612 -0.015756
vn -0.069034 -0.070612 -0.015756
vn -0.069034 -0.070612 -0.015757
vn -0.069034 -0.070612 -0.015757
vn -0.069034 -0.070612 -0.015757
vn -0.065915 -0.070612 -0.025870
vn -0.065915 -0.070612 -0.025870
vn -0.065915 -0.070612 -0.025870
vn -0.065915 -0.070612 -0.025869
vn -0.065915 -0.070612 -0.025869
vn -0.065915 -0.070612 -0.025869
vn -0.061323 -0.070612 -0.035404
vn -0.061323 -0.070612 -0.035404
vn -0.061323 -0.070612 -0.035404
vn -0.061323 -0.070612 -0.035405
vn -0.061323 -0.070612 -0.035405
vn -0.061323 -0.070612 -0.035405
vn -0.055361 -0.070612 -0.044149
vn -0.055361 -0.070612 -0.044149
vn -0.055361 -0.070612 -0.044149
vn -0.055361 -0.070612 -0.044149
vn -0.055361 -0.070612 -0.044149
vn -0.055361 -0.070612 -0.044149
vn -0.048162 -0.070612 -0.051907
vn -0.048162 -0.070612 -0.051907
vn -0.048162 -0.070612 -0.051907
vn -0.048162 -0.070612 -0.051907
vn -0.048162 -0.070612 -0.051907
vn -0.048162 -0.070612 -0.051907
vn -0.039888 -0.070612 -0.058505
vn -0.039888 -0.070612 -0.058505
vn -0.039888 -0.070612 -0.058505
vn -0.039889 -0.070612 -0.058505
vn -0.039889 -0.070612 -0.058505
vn -0.039889 -0.070612 -0.058505
vn -0.030723 -0.070612 -0.063797
vn -0.030723 -0.070612 -0.063797
vn -0.030723 -0.070612 -0.063797
vn -0.030723 -0.070612 -0.063797
vn -0.030723 -0.070612 -0.063797
vn -0.030723 -0.070612 -0.063797
vn -0.020871 -0.070612 -0.067664
vn -0.020871 -0.070612 -0.067664
vn -0.020871 -0.070612 -0.067664
vn -0.020872 -0.070612 -0.067664
vn -0.020872 -0.070612 -0.067664
vn -0.020872 -0.070612 -0.067664
vn -0.010554 -0.070612 -0.070019
vn -0.010554 -0.070612 -0.070019
vn -0.010554 -0.070612 -0.070019
vn -0.010553 -0.070611 -0.070019
vn -0.010553 -0.070611 -0.070019
vn -0.010553 -0.070611 -0.070019
vn 0.000000 -0.070611 -0.070810
vn 0.000000 -0.070611 -0.070810
vn 0.000000 -0.070611 -0.070810
vn 0.000000 -0.070611 -0.070810
vn 0.010554 -0.070611 -0.070019
vn 0.010554 -0.070611 -0.070019
vn 0.010554 -0.070611 -0.070019
vn 0.010553 -0.070612 -0.070019
vn 0.010553 -0.070612 -0.070019
vn 0.010553 -0.070612 -0.070019
vn 0.020871 -0.070612 -0.067664
vn 0.020871 -0.070612 -0.067664
vn 0.020871 -0.070612 -0.067664
vn 0.020872 -0.070612 -0.067664
vn 0.020872 -0.070612 -0.067664
vn 0.020872 -0.070612 -0.067664
vn 0.030723 -0.070612 -0.063797
vn 0.030723 -0.070612 -0.063797
vn 0.030723 -0.070612 -0.063797
vn 0.030723 -0.070612 -0.063797
vn 0.030723 -0.070612 -0.063797
vn 0.030723 -0.070612 -0.063797
vn 0.039888 -0.070612 -0.058505
vn 0.039888 -0.070612 -0.058505
vn 0.039888 -0.070612 -0.058505
vn 0.039889 -0.070612 -0.058505
vn 0.039889 -0.070612 -0.058505
vn 0.039889 -0.070612 -0.058505
vn 0.048162 -0.070612 -0.051907
vn 0.048162 -0.070612 -0.051907
vn 0.048162 -0.070612 -0.051907
vn 0.048163 -0.070612 -0.051907
vn 0.048163 -0.070612 -0.051907
vn 0.048163 -0.070612 -0.051907
vn 0.055361 -0.070612 -0.044149
vn 0.055361 -0.070612 -0.044149
vn 0.055361 -0.070612 -0.044149
vn 0.055361 -0.070612 -0.044149
vn 0.055361 -0.070612 -0.044149
vn 0.055361 -0.070612 -0.044149
vn 0.061323 -0.070612 -0.035405
vn 0.061323 -0.070612 -0.035405
vn 0.061323 -0.070612 -0.035405
vn 0.061323 -0.070612 -0.035405
vn 0.061323 -0.070612 -0.035405
vn 0.061323 -0.070612 -0.035405
vn 0.065915 -0.070612 -0.025870
vn 0.065915 -0.070612 -0.025870
vn 0.065915 -0.070612 -0.025870
vn 0.065915 -0.070612 -0.025870
vn 0.065915 -0.070612 -0.025870
vn 0.065915 -0.070612 -0.025870
vn 0.069034 -0.070612 -0.015756
vn 0.069034 -0.070612 -0.015756
vn 0.069034 -0.070612 -0.015756
vn 0.069034 -0.070612 -0.015757
vn 0.069034 -0.070612 -0.015757
vn 0.069034 -0.070612 -0.015757
vn 0.070611 -0.070612 -0.005292
vn 0.070611 -0.070612 -0.005292
vn 0.070611 -0.070612 -0.005292
vn 0.070612 -0.070612 -0.005292
vn 0.070612 -0.070612 -0.005292
vn 0.070612 -0.070612 -0.005292
vn -0.082615 -0.053096 -0.018857
vn -0.082615 -0.053096 -0.018857
vn -0.082615 -0.053096 -0.018857
vn -0.082615 -0.053097 -0.018856
vn -0.082615 -0.053097 -0.018856
vn -0.082615 -0.053097 -0.018856
vn -0.078881 -0.053097 -0.030959
vn -0.078881 -0.053097 -0.030959
vn -0.078881 -0.053097 -0.030959
vn -0.078881 -0.053097 -0.030959
vn -0.078881 -0.053097 -0.030959
vn -0.078881 -0.053097 -0.030959
vn -0.073386 -0.053097 -0.042369
vn -0.073386 -0.053097 -0.042369
vn -0.073386 -0.053097 -0.042369
vn -0.073386 -0.053097 -0.042370
vn -0.073386 -0.053097 -0.042370
vn -0.073386 -0.053097 -0.042370
vn -0.066252 -0.053097 -0.052834
vn -0.066252 -0.053097 -0.052834
vn -0.066252 -0.053097 -0.052834
vn -0.066252 -0.053096 -0.052834
vn -0.066252 -0.053096 -0.052834
vn -0.066252 -0.053096 -0.052834
vn -0.057637 -0.053096 -0.062119
vn -0.057637 -0.053096 -0.062119
vn -0.057637 -0.053096 -0.062119
vn -0.057637 -0.053097 -0.062118
vn -0.057637 -0.053097 -0.062118
vn -0.057637 -0.053097 -0.062118
vn -0.047736 -0.053097 -0.070015
vn -0.047736 -0.053097 -0.070015
vn -0.047736 -0.053097 -0.070015
vn -0.047736 -0.053097 -0.070015
vn -0.047736 -0.053097 -0.070015
vn -0.047736 -0.053097 -0.070015
vn -0.036767 -0.053097 -0.076348
vn -0.036767 -0.053097 -0.076348
vn -0.036767 -0.053097 -0.076348
vn -0.036767 -0.053097 -0.076347
vn -0.036767 -0.053097 -0.076347
vn -0.036767 -0.053097 -0.076347
vn -0.024977 -0.053097 -0.080974
vn -0.024977 -0.053097 -0.080974
vn -0.024977 -0.053097 -0.080974
vn -0.024977 -0.053097 -0.080975
vn -0.024977 -0.053097 -0.080975
vn -0.024977 -0.053097 -0.080975
vn -0.012629 -0.053097 -0.083793
vn -0.012629 -0.053097 -0.083793
vn -0.012629 -0.053097 -0.083793
vn -0.012630 -0.053097 -0.083792
vn -0.012630 -0.053097 -0.083792
vn -0.012630 -0.053097 -0.083792
vn 0.000000 -0.053097 -0.084739
vn 0.000000 -0.053097 -0.084739
vn 0.000000 -0.053097 -0.084739
vn 0.000000 -0.053097 -0.084739
vn 0.012629 -0.053097 -0.083792
vn 0.012629 -0.053097 -0.083792
vn 0.012629 -0.053097 -0.083792
vn 0.012630 -0.053097 -0.083793
vn 0.012630 -0.053097 -0.083793
vn 0.012630 -0.053097 -0.083793
vn 0.024977 -0.053097 -0.080975
vn 0.024977 -0.053097 -0.080975
vn 0.024977 -0.053097 -0.080975
vn 0.024977 -0.053097 -0.080974
vn 0.024977 -0.053097 -0.080974
vn 0.024977 -0.053097 -0.080974
vn 0.036767 -0.053097 -0.076347
vn 0.036767 -0.053097 -0.076347
vn 0.036767 -0.053097 -0.076347
vn 0.036767 -0.053097 -0.076347
vn 0.036767 -0.053097 -0.076347
vn 0.036767 -0.053097 -0.076347
vn 0.047736 -0.053097 -0.070015
vn 0.047736 -0.053097 -0.070015
vn 0.047736 -0.053097 -0.070015
vn 0.047736 -0.053097 -0.070015
vn 0.047736 -0.053097 -0.070015
vn 0.047736 -0.053097 -0.070015
vn 0.057637 -0.053097 -0.062118
vn 0.057637 -0.053097 -0.062118
vn 0.057637 -0.053097 -0.062118
vn 0.057637 -0.053096 -0.062118
vn 0.057637 -0.053096 -0.062118
vn 0.057637 -0.053096 -0.062118
vn 0.066252 -0.053096 -0.052834
vn 0.066252 -0.053096 -0.052834
vn 0.066252 -0.053096 -0.052834
vn 0.066252 -0.053097 -0.052834
vn 0.066252 -0.053097 -0.052834
vn 0.066252 -0.053097 -0.052834
vn 0.073386 -0.053097 -0.042370
vn 0.073386 -0.053097 -0.042370
vn 0.073386 -0.053097 -0.042370
vn 0.073386 -0.053097 -0.042370
vn 0.073386 -0.053097 -0.042370
vn 0.073386 -0.053097 -0.042370
vn 0.078881 -0.053097 -0.030959
vn 0.078881 -0.053097 -0.030959
vn 0.078881 -0.053097 -0.030959
vn 0.078881 -0.053097 -0.030959
vn 0.078881 -0.053097 -0.030959
vn 0.078881 -0.053097 -0.030959
vn 0.082614 -0.053097 -0.018857
vn 0.082614 -0.053097 -0.018857
vn 0.082614 -0.053097 -0.018857
vn 0.082615 -0.053096 -0.018856
vn 0.082615 -0.053096 -0.018856
vn 0.082615 -0.053096 -0.018856
vn 0.084502 -0.053097 -0.006333
vn 0.084502 -0.053097 -0.006333
vn 0.084502 -0.053097 -0.006333
vn 0.084502 -0.053097 -0.006333
vn 0.084502 -0.053097 -0.006333
vn 0.084502 -0.053097 -0.006333
vn -0.092050 -0.032945 -0.021010
vn -0.092050 -0.032945 -0.021010
vn -0.092050 -0.032945 -0.021010
vn -0.092050 -0.032946 -0.021010
vn -0.092050 -0.032946 -0.021010
vn -0.092050 -0.032946 -0.021010
vn -0.087890 -0.032945 -0.034495
vn -0.087890 -0.032945 -0.034495
vn -0.087890 -0.032945 -0.034495
vn -0.087890 -0.032945 -0.034495
vn -0.087890 -0.032945 -0.034495
vn -0.087890 -0.032945 -0.034495
vn -0.081768 -0.032945 -0.047209
vn -0.081768 -0.032945 -0.047209
vn -0.081768 -0.032945 -0.047209
vn -0.081768 -0.032946 -0.047208
vn -0.081768 -0.032946 -0.047208
vn -0.081768 -0.032946 -0.047208
vn -0.073818 -0.032946 -0.058868
vn -0.073818 -0.032946 -0.058868
vn -0.073818 -0.032946 -0.058868
vn -0.073818 -0.032946 -0.058868
vn -0.073818 -0.032946 -0.058868
vn -0.073818 -0.032946 -0.058868
vn -0.064220 -0.032946 -0.069213
vn -0.064220 -0.032946 -0.069213
vn -0.064220 -0.032946 -0.069213
vn -0.064220 -0.032946 -0.069212
vn -0.064220 -0.032946 -0.069212
vn -0.064220 -0.032946 -0.069212
vn -0.053187 -0.032947 -0.078011
vn -0.053187 -0.032947 -0.078011
vn -0.053187 -0.032947 -0.078011
vn -0.053187 -0.032946 -0.078011
vn -0.053187 -0.032946 -0.078011
vn -0.053187 -0.032946 -0.078011
vn -0.040966 -0.032946 -0.085067
vn -0.040966 -0.032946 -0.085067
vn -0.040966 -0.032946 -0.085067
vn -0.040966 -0.032945 -0.085067
vn -0.040966 -0.032945 -0.085067
vn -0.040966 -0.032945 -0.085067
vn -0.027830 -0.032945 -0.090223
vn -0.027830 -0.032945 -0.090223
vn -0.027830 -0.032945 -0.090223
vn -0.027830 -0.032946 -0.090222
vn -0.027830 -0.032946 -0.090222
vn -0.027830 -0.032946 -0.090222
vn -0.014072 -0.032946 -0.093362
vn -0.014072 -0.032946 -0.093362
vn -0.014072 -0.032946 -0.093362
vn -0.014072 -0.032945 -0.093363
vn -0.014072 -0.032945 -0.093363
vn -0.014072 -0.032945 -0.093363
vn 0.000000 -0.032945 -0.094417
vn 0.000000 -0.032945 -0.094417
vn 0.000000 -0.032945 -0.094417
vn 0.000000 -0.032945 -0.094417
vn 0.014072 -0.032945 -0.093363
vn 0.014072 -0.032945 -0.093363
vn 0.014072 -0.032945 -0.093363
vn 0.014072 -0.032946 -0.093363
vn 0.014072 -0.032946 -0.093363
vn 0.014072 -0.032946 -0.093363
vn 0.027830 -0.032946 -0.090222
vn 0.027830 -0.032946 -0.090222
vn 0.027830 -0.032946 -0.090222
vn 0.027830 -0.032945 -0.090222
vn 0.027830 -0.032945 -0.090222
vn 0.027830 -0.032945 -0.090222
vn 0.040966 -0.032945 -0.085067
vn 0.040966 -0.032945 -0.085067
vn 0.040966 -0.032945 -0.085067
vn 0.040966 -0.032946 -0.085067
vn 0.040966 -0.032946 -0.085067
vn 0.040966 -0.032946 -0.085067
vn 0.053187 -0.032946 -0.078011
vn 0.053187 -0.032946 -0.078011
vn 0.053187 -0.032946 -0.078011
vn 0.053187 -0.032947 -0.078011
vn 0.053187 -0.032947 -0.078011
vn 0.053187 -0.032947 -0.078011
vn 0.064220 -0.032946 -0.069213
vn 0.064220 -0.032946 -0.069213
vn 0.064220 -0.032946 -0.069213
vn 0.064220 -0.032946 -0.069212
vn 0.064220 -0.032946 -0.069212
vn 0.064220 -0.032946 -0.069212
vn 0.073818 -0.032946 -0.058868
vn 0.073818 -0.032946 -0.058868
vn 0.073818 -0.032946 -0.058868
vn 0.073818 -0.032946 -0.058868
vn 0.073818 -0.032946 -0.058868
vn 0.073818 -0.032946 -0.058868
vn 0.081767 -0.032946 -0.047209
vn 0.081767 -0.032946 -0.047209
vn 0.081767 -0.032946 -0.047209
vn 0.081768 -0.032945 -0.047208
vn 0.081768 -0.032945 -0.047208
vn 0.081768 -0.032945 -0.047208
vn 0.087891 -0.032945 -0.034495
vn 0.087891 -0.032945 -0.034495
vn 0.087891 -0.032945 -0.034495
vn 0.087890 -0.032945 -0.034495
vn 0.087890 -0.032945 -0.034495
vn 0.087890 -0.032945 -0.034495
vn 0.092050 -0.032946 -0.021010
vn 0.092050 -0.032946 -0.021010
vn 0.092050 -0.032946 -0.021010
vn 0.092050 -0.032945 -0.021010
vn 0.092050 -0.032945 -0.021010
vn 0.092050 -0.032945 -0.021010
vn 0.094153 -0.032946 -0.007056
vn 0.094153 -0.032946 -0.007056
vn 0.094153 -0.032946 -0.007056
vn 0.094153 -0.032945 -0.007056
vn 0.094153 -0.032945 -0.007056
vn 0.094153 -0.032945 -0.007056
vn 0.099097 -0.011166 -0.007426
vn 0.099097 -0.011166 -0.007426
vn 0.099097 -0.011166 -0.007426
vn 0.099097 -0.011166 -0.007426
vn 0.099097 -0.011166 -0.007426
vn 0.099097 -0.011166 -0.007426
vn 0.096883 -0.011166 -0.022113
vn 0.096883 -0.011166 -0.022113
vn 0.096883 -0.011166 -0.022113
vn 0.096883 -0.011165 -0.022113
vn 0.096883 -0.011165 -0.022113
vn 0.096883 -0.011165 -0.022113
vn 0.092505 -0.011165 -0.036305
vn 0.092505 -0.011165 -0.036305
vn 0.092505 -0.011165 -0.036305
vn 0.092505 -0.011166 -0.036306
vn 0.092505 -0.011166 -0.036306
vn 0.092505 -0.011166 -0.036306
vn 0.086061 -0.011166 -0.049687
vn 0.086061 -0.011166 -0.049687
vn 0.086061 -0.011166 -0.049687
vn 0.086061 -0.011166 -0.049687
vn 0.086061 -0.011166 -0.049687
vn 0.086061 -0.011166 -0.049687
vn 0.077694 -0.011166 -0.061959
vn 0.077694 -0.011166 -0.061959
vn 0.077694 -0.011166 -0.061959
vn 0.077694 -0.011165 -0.061959
vn 0.077694 -0.011165 -0.061959
vn 0.077694 -0.011165 -0.061959
vn 0.067592 -0.011165 -0.072847
vn 0.067592 -0.011165 -0.072847
vn 0.067592 -0.011165 -0.072847
vn 0.067592 -0.011165 -0.072847
vn 0.067592 -0.011165 -0.072847
vn 0.067592 -0.011165 -0.072847
vn 0.055980 -0.011165 -0.082107
vn 0.055980 -0.011165 -0.082107
vn 0.055980 -0.011165 -0.082107
vn 0.055980 -0.011165 -0.082107
vn 0.055980 -0.011165 -0.082107
vn 0.055980 -0.011165 -0.082107
vn 0.043117 -0.011165 -0.089533
vn 0.043117 -0.011165 -0.089533
vn 0.043117 -0.011165 -0.089533
vn 0.043117 -0.011166 -0.089534
vn 0.043117 -0.011166 -0.089534
vn 0.043117 -0.011166 -0.089534
vn 0.029291 -0.011166 -0.094960
vn 0.029291 -0.011166 -0.094960
vn 0.029291 -0.011166 -0.094960
vn 0.029291 -0.011166 -0.094960
vn 0.029291 -0.011166 -0.094960
vn 0.029291 -0.011166 -0.094960
vn 0.014811 -0.011166 -0.098265
vn 0.014811 -0.011166 -0.098265
vn 0.014811 -0.011166 -0.098265
vn 0.014811 -0.011167 -0.098265
vn 0.014811 -0.011167 -0.098265
vn 0.014811 -0.011167 -0.098265
vn 0.000000 -0.011167 -0.099375
vn 0.000000 -0.011167 -0.099375
vn 0.000000 -0.011167 -0.099375
vn 0.000000 -0.011167 -0.099375
vn -0.014811 -0.011167 -0.098265
vn -0.014811 -0.011167 -0.098265
vn -0.014811 -0.011167 -0.098265
vn -0.014811 -0.011166 -0.098265
vn -0.014811 -0.011166 -0.098265
vn -0.014811 -0.011166 -0.098265
vn -0.029291 -0.011166 -0.094960
vn -0.029291 -0.011166 -0.094960
vn -0.029291 -0.011166 -0.094960
vn -0.029291 -0.011166 -0.094960
vn -0.029291 -0.011166 -0.094960
vn -0.029291 -0.011166 -0.094960
vn -0.043117 -0.011166 -0.089533
vn -0.043117 -0.011166 -0.089533
vn -0.043117 -0.011166 -0.089533
vn -0.043117 -0.011165 -0.089534
vn -0.043117 -0.011165 -0.089534
vn -0.043117 -0.011165 -0.089534
vn -0.055980 -0.011165 -0.082107
vn -0.055980 -0.011165 -0.082107
vn -0.055980 -0.011165 -0.082107
vn -0.055980 -0.011165 -0.082107
vn -0.055980 -0.011165 -0.082107
vn -0.055980 -0.011165 -0.082107
vn -0.067592 -0.011165 -0.072847
vn -0.067592 -0.011165 -0.072847
vn -0.067592 -0.011165 -0.072847
vn -0.067592 -0.011165 -0.072847
vn -0.067592 -0.011165 -0.072847
vn -0.067592 -0.011165 -0.072847
vn -0.077694 -0.011165 -0.061959
vn -0.077694 -0.011165 -0.061959
vn -0.077694 -0.011165 -0.061959
vn -0.077694 -0.011166 -0.061959
vn -0.077694 -0.011166 -0.061959
vn -0.077694 -0.011166 -0.061959
vn -0.086061 -0.011166 -0.049687
vn -0.086061 -0.011166 -0.049687
vn -0.086061 -0.011166 -0.049687
vn -0.086061 -0.011166 -0.049687
vn -0.086061 -0.011166 -0.049687
vn -0.086061 -0.011166 -0.049687
vn -0.092505 -0.011166 -0.036305
vn -0.092505 -0.011166 -0.036305
vn -0.092505 -0.011166 -0.036305
vn -0.092505 -0.011165 -0.036306
vn -0.092505 -0.011165 -0.036306
vn -0.092505 -0.011165 -0.036306
vn -0.096883 -0.011165 -0.022113
vn -0.096883 -0.011165 -0.022113
vn -0.096883 -0.011165 -0.022113
vn -0.096883 -0.011166 -0.022113
vn -0.096883 -0.011166 -0.022113
vn -0.096883 -0.011166 -0.022113
vn -0.099097 -0.011166 -0.007426
vn -0.099097 -0.011166 -0.007426
vn -0.099097 -0.011166 -0.007426
vn -0.099097 -0.011166 -0.007426
vn -0.099097 -0.011166 -0.007426
vn -0.099097 -0.011166 -0.007426
vn -0.094153 -0.032946 -0.007056
vn -0.094153 -0.032946 -0.007056
vn -0.094153 -0.032946 -0.007056
vn -0.094153 -0.032945 -0.007056
vn -0.094153 -0.032945 -0.007056
vn -0.094153 -0.032945 -0.007056
vn -0.084502 -0.053097 -0.006333
vn -0.084502 -0.053097 -0.006333
vn -0.084502 -0.053097 -0.006333
vn -0.084502 -0.053097 -0.006332
vn -0.084502 -0.053097 -0.006332
vn -0.084502 -0.053097 -0.006332
vn -0.070611 -0.070612 -0.005292
vn -0.070611 -0.070612 -0.005292
vn -0.070611 -0.070612 -0.005292
vn -0.070612 -0.070612 -0.005292
vn -0.070612 -0.070612 -0.005292
vn -0.070612 -0.070612 -0.005292
vn -0.053161 -0.084605 -0.003984
vn -0.053161 -0.084605 -0.003984
vn -0.053161 -0.084605 -0.003984
vn -0.053161 -0.084605 -0.003984
vn -0.053161 -0.084605 -0.003984
vn -0.053161 -0.084605 -0.003984
vn -0.033018 -0.094359 -0.002474
vn -0.033018 -0.094359 -0.002474
vn -0.033018 -0.094359 -0.002474
vn -0.033018 -0.094359 -0.002474
vn -0.033018 -0.094359 -0.002474
vn -0.033018 -0.094359 -0.002474
vn -0.011196 -0.099368 -0.000839
vn -0.011196 -0.099368 -0.000839
vn -0.011196 -0.099368 -0.000839
vn -0.010903 -0.099398 -0.001074
vn -0.010903 -0.099398 -0.001074
vn -0.010903 -0.099398 -0.001074
vn 0.099371 -0.011196 0.000000
vn 0.099371 -0.011196 0.000000
vn 0.099371 -0.011196 0.000000
vn 0.099371 -0.011196 0.000000
vn 0.094388 -0.033028 0.000000
vn 0.094388 -0.033028 0.000000
vn 0.094388 -0.033028 0.000000
vn 0.094388 -0.033028 0.000000
vn 0.084672 -0.053204 0.000000
vn 0.084672 -0.053204 0.000000
vn 0.084672 -0.053204 0.000000
vn 0.084672 -0.053204 0.000000
vn 0.070711 -0.070711 0.000000
vn 0.070711 -0.070711 0.000000
vn 0.070711 -0.070711 0.000000
vn 0.070711 -0.070711 0.000000
vn 0.053203 -0.084672 0.000000
vn 0.053203 -0.084672 0.000000
vn 0.053203 -0.084672 0.000000
vn 0.053203 -0.084672 0.000000
vn 0.033028 -0.094388 0.000000
vn 0.033028 -0.094388 0.000000
vn 0.033028 -0.094388 0.000000
vn 0.033028 -0.094388 0.000000
vn 0.011196 -0.099371 0.000000
vn 0.011196 -0.099371 0.000000
vn 0.011196 -0.099371 0.000000
vn 0.011196 -0.099371 0.000000
vn 0.019407 -0.094372 -0.026781
vn 0.019407 -0.094372 -0.026781
vn 0.019407 -0.094372 -0.026781
vn 0.019407 -0.094372 -0.026781
vn 0.019407 -0.094372 -0.026781
vn 0.019407 -0.094372 -0.026781
vn 0.022255 -0.094372 -0.024466
vn 0.022255 -0.094372 -0.024466
vn 0.022255 -0.094372 -0.024466
vn 0.022255 -0.094372 -0.024466
vn 0.022255 -0.094372 -0.024466
vn 0.022255 -0.094372 -0.024466
vn 0.024829 -0.094372 -0.021849
vn 0.024829 -0.094372 -0.021849
vn 0.024829 -0.094372 -0.021849
vn 0.024829 -0.094372 -0.021849
vn 0.024829 -0.094372 -0.021849
vn 0.024829 -0.094372 -0.021849
vn 0.027097 -0.094372 -0.018964
vn 0.027097 -0.094372 -0.018964
vn 0.027097 -0.094372 -0.018964
vn 0.027097 -0.094372 -0.018964
vn 0.027097 -0.094372 -0.018964
vn 0.027097 -0.094372 -0.018964
vn 0.029031 -0.094372 -0.015845
vn 0.029031 -0.094372 -0.015845
vn 0.029031 -0.094372 -0.015845
vn 0.029031 -0.094372 -0.015845
vn 0.029031 -0.094372 -0.015845
vn 0.029031 -0.094372 -0.015845
vn 0.030608 -0.094372 -0.012531
vn 0.030608 -0.094372 -0.012531
vn 0.030608 -0.094372 -0.012531
vn 0.030608 -0.094372 -0.012531
vn 0.030608 -0.094372 -0.012531
vn 0.030608 -0.094372 -0.012531
vn 0.031808 -0.094372 -0.009063
vn 0.031808 -0.094372 -0.009063
vn 0.031808 -0.094372 -0.009063
vn 0.032616 -0.094372 -0.005483
vn 0.032616 -0.094372 -0.005483
vn 0.032616 -0.094372 -0.005483
vn 0.031808 -0.094372 -0.009062
vn 0.031808 -0.094372 -0.009062
vn 0.031808 -0.094372 -0.009062
vn 0.031254 -0.084635 -0.043128
vn 0.031254 -0.084635 -0.043128
vn 0.031254 -0.084635 -0.043128
vn 0.035840 -0.084635 -0.039400
vn 0.035840 -0.084635 -0.039400
vn 0.035840 -0.084635 -0.039400
vn 0.035840 -0.084635 -0.039400
vn 0.035840 -0.084635 -0.039400
vn 0.035840 -0.084635 -0.039400
vn 0.039984 -0.084635 -0.035186
vn 0.039984 -0.084635 -0.035186
vn 0.039984 -0.084635 -0.035186
vn 0.039985 -0.084635 -0.035186
vn 0.039985 -0.084635 -0.035186
vn 0.039985 -0.084635 -0.035186
vn 0.043637 -0.084635 -0.030540
vn 0.043637 -0.084635 -0.030540
vn 0.043637 -0.084635 -0.030540
vn 0.043637 -0.084635 -0.030540
vn 0.043637 -0.084635 -0.030540
vn 0.043637 -0.084635 -0.030540
vn 0.046752 -0.084635 -0.025517
vn 0.046752 -0.084635 -0.025517
vn 0.046752 -0.084635 -0.025517
vn 0.046752 -0.084635 -0.025517
vn 0.046752 -0.084635 -0.025517
vn 0.046752 -0.084635 -0.025517
vn 0.049291 -0.084635 -0.020180
vn 0.049291 -0.084635 -0.020180
vn 0.049291 -0.084635 -0.020180
vn 0.049291 -0.084635 -0.020180
vn 0.049291 -0.084635 -0.020180
vn 0.049291 -0.084635 -0.020180
vn 0.051224 -0.084635 -0.014594
vn 0.051224 -0.084635 -0.014594
vn 0.051224 -0.084635 -0.014594
vn 0.051224 -0.084635 -0.014594
vn 0.051224 -0.084635 -0.014594
vn 0.051224 -0.084635 -0.014594
vn 0.052525 -0.084635 -0.008829
vn 0.052525 -0.084635 -0.008829
vn 0.052525 -0.084635 -0.008829
vn 0.052525 -0.084635 -0.008829
vn 0.052525 -0.084635 -0.008829
vn 0.052525 -0.084635 -0.008829
vn 0.032616 -0.094372 -0.005483
vn 0.032616 -0.094372 -0.005483
vn 0.032616 -0.094372 -0.005483
vn 0.047617 -0.070656 -0.052347
vn 0.047617 -0.070656 -0.052347
vn 0.047617 -0.070656 -0.052347
vn 0.053124 -0.070656 -0.046749
vn 0.053124 -0.070656 -0.046749
vn 0.053124 -0.070656 -0.046749
vn 0.053124 -0.070656 -0.046749
vn 0.053124 -0.070656 -0.046749
vn 0.053124 -0.070656 -0.046749
vn 0.057977 -0.070656 -0.040576
vn 0.057977 -0.070656 -0.040576
vn 0.057977 -0.070656 -0.040576
vn 0.057977 -0.070656 -0.040576
vn 0.057977 -0.070656 -0.040576
vn 0.057977 -0.070656 -0.040576
vn 0.062115 -0.070656 -0.033902
vn 0.062115 -0.070656 -0.033902
vn 0.062115 -0.070656 -0.033902
vn 0.062115 -0.070656 -0.033902
vn 0.062115 -0.070656 -0.033902
vn 0.062115 -0.070656 -0.033902
vn 0.065489 -0.070656 -0.026811
vn 0.065489 -0.070656 -0.026811
vn 0.065489 -0.070656 -0.026811
vn 0.065489 -0.070656 -0.026811
vn 0.065489 -0.070656 -0.026811
vn 0.065489 -0.070656 -0.026811
vn 0.068057 -0.070656 -0.019390
vn 0.068057 -0.070656 -0.019390
vn 0.068057 -0.070656 -0.019390
vn 0.068057 -0.070656 -0.019390
vn 0.068057 -0.070656 -0.019390
vn 0.068057 -0.070656 -0.019390
vn 0.069786 -0.070656 -0.011731
vn 0.069786 -0.070656 -0.011731
vn 0.069786 -0.070656 -0.011731
vn 0.069786 -0.070656 -0.011731
vn 0.069786 -0.070656 -0.011731
vn 0.069786 -0.070656 -0.011731
vn 0.063592 -0.053144 -0.055961
vn 0.063592 -0.053144 -0.055961
vn 0.063592 -0.053144 -0.055961
vn 0.069401 -0.053145 -0.048571
vn 0.069401 -0.053145 -0.048571
vn 0.069401 -0.053145 -0.048571
vn 0.069401 -0.053145 -0.048571
vn 0.069401 -0.053145 -0.048571
vn 0.069401 -0.053145 -0.048571
vn 0.074355 -0.053145 -0.040583
vn 0.074355 -0.053145 -0.040583
vn 0.074355 -0.053145 -0.040583
vn 0.074355 -0.053145 -0.040583
vn 0.074355 -0.053145 -0.040583
vn 0.074355 -0.053145 -0.040583
vn 0.078394 -0.053145 -0.032094
vn 0.078394 -0.053145 -0.032094
vn 0.078394 -0.053145 -0.032094
vn 0.078394 -0.053145 -0.032094
vn 0.078394 -0.053145 -0.032094
vn 0.078394 -0.053145 -0.032094
vn 0.081467 -0.053145 -0.023211
vn 0.081467 -0.053145 -0.023211
vn 0.081467 -0.053145 -0.023211
vn 0.081467 -0.053145 -0.023211
vn 0.081467 -0.053145 -0.023211
vn 0.081467 -0.053145 -0.023211
vn 0.083537 -0.053145 -0.014042
vn 0.083537 -0.053145 -0.014042
vn 0.083537 -0.053145 -0.014042
vn 0.083537 -0.053145 -0.014042
vn 0.083537 -0.053145 -0.014042
vn 0.083537 -0.053145 -0.014042
vn 0.077344 -0.032983 -0.054130
vn 0.077344 -0.032983 -0.054130
vn 0.077344 -0.032983 -0.054130
vn 0.082865 -0.032983 -0.045227
vn 0.082865 -0.032983 -0.045227
vn 0.082865 -0.032983 -0.045227
vn 0.082865 -0.032983 -0.045227
vn 0.082865 -0.032983 -0.045227
vn 0.082865 -0.032983 -0.045227
vn 0.087366 -0.032983 -0.035768
vn 0.087366 -0.032983 -0.035768
vn 0.087366 -0.032983 -0.035768
vn 0.087366 -0.032982 -0.035768
vn 0.087366 -0.032982 -0.035768
vn 0.087366 -0.032982 -0.035768
vn 0.090791 -0.032982 -0.025868
vn 0.090791 -0.032982 -0.025868
vn 0.090791 -0.032982 -0.025868
vn 0.090791 -0.032982 -0.025868
vn 0.090791 -0.032982 -0.025868
vn 0.090791 -0.032982 -0.025868
vn 0.093098 -0.032982 -0.015649
vn 0.093098 -0.032982 -0.015649
vn 0.093098 -0.032982 -0.015649
vn 0.093098 -0.032983 -0.015649
vn 0.093098 -0.032983 -0.015649
vn 0.093098 -0.032983 -0.015649
vn 0.010955 -0.099381 -0.001841
vn 0.010955 -0.099381 -0.001841
vn 0.010955 -0.099381 -0.001841
vn 0.011225 -0.099346 -0.002101
vn 0.011225 -0.099346 -0.002101
vn 0.011225 -0.099346 -0.002101
vn 0.010609 -0.099390 -0.003023
vn 0.010609 -0.099390 -0.003023
vn 0.010609 -0.099390 -0.003023
vn 0.010943 -0.099338 -0.003486
vn 0.010943 -0.099338 -0.003486
vn 0.010943 -0.099338 -0.003486
vn 0.010161 -0.099395 -0.004160
vn 0.010161 -0.099395 -0.004160
vn 0.010161 -0.099395 -0.004160
vn 0.010466 -0.099334 -0.004822
vn 0.010466 -0.099334 -0.004822
vn 0.010466 -0.099334 -0.004822
vn 0.009615 -0.099398 -0.005248
vn 0.009615 -0.099398 -0.005248
vn 0.009615 -0.099398 -0.005248
vn 0.009805 -0.099332 -0.006081
vn 0.009805 -0.099332 -0.006081
vn 0.009805 -0.099332 -0.006081
vn 0.008975 -0.099398 -0.006281
vn 0.008975 -0.099398 -0.006281
vn 0.008975 -0.099398 -0.006281
vn 0.008972 -0.099334 -0.007233
vn 0.008972 -0.099334 -0.007233
vn 0.008972 -0.099334 -0.007233
vn 0.008243 -0.099395 -0.007253
vn 0.008243 -0.099395 -0.007253
vn 0.008243 -0.099395 -0.007253
vn 0.007986 -0.099338 -0.008253
vn 0.007986 -0.099338 -0.008253
vn 0.007986 -0.099338 -0.008253
vn 0.007423 -0.099390 -0.008160
vn 0.007423 -0.099390 -0.008160
vn 0.007423 -0.099390 -0.008160
vn 0.006871 -0.099346 -0.009122
vn 0.006871 -0.099346 -0.009122
vn 0.006871 -0.099346 -0.009122
vn 0.006518 -0.099381 -0.008995
vn 0.006518 -0.099381 -0.008995
vn 0.006518 -0.099381 -0.008995
vn 0.005652 -0.099356 -0.009820
vn 0.005652 -0.099356 -0.009820
vn 0.005652 -0.099356 -0.009820
vn 0.005533 -0.099369 -0.009753
vn 0.005533 -0.099369 -0.009753
vn 0.005533 -0.099369 -0.009753
vn 0.016321 -0.094372 -0.028766
vn 0.016321 -0.094372 -0.028766
vn 0.016321 -0.094372 -0.028766
vn 0.046585 -0.032983 -0.082110
vn 0.046585 -0.032983 -0.082110
vn 0.046585 -0.032983 -0.082110
vn 0.049037 -0.011179 -0.086432
vn 0.049037 -0.011179 -0.086432
vn 0.049037 -0.011179 -0.086432
vn 0.050127 -0.012879 -0.085565
vn 0.050127 -0.012879 -0.085565
vn 0.050127 -0.012879 -0.085565
vn 0.041801 -0.053144 -0.073677
vn 0.041801 -0.053144 -0.073677
vn 0.041801 -0.053144 -0.073677
vn 0.046585 -0.032982 -0.082110
vn 0.046585 -0.032982 -0.082110
vn 0.046585 -0.032982 -0.082110
vn 0.055396 -0.032982 -0.076443
vn 0.055396 -0.032982 -0.076443
vn 0.055396 -0.032982 -0.076443
vn 0.058391 -0.009903 -0.080576
vn 0.058391 -0.009903 -0.080576
vn 0.058391 -0.009903 -0.080576
vn 0.061411 -0.013730 -0.077718
vn 0.061411 -0.013730 -0.077718
vn 0.061411 -0.013730 -0.077718
vn 0.034920 -0.070656 -0.061549
vn 0.034920 -0.070656 -0.061549
vn 0.034920 -0.070656 -0.061549
vn 0.041801 -0.053145 -0.073677
vn 0.041801 -0.053145 -0.073677
vn 0.041801 -0.053145 -0.073677
vn 0.049706 -0.053145 -0.068592
vn 0.049706 -0.053145 -0.068592
vn 0.049706 -0.053145 -0.068592
vn 0.055395 -0.032983 -0.076443
vn 0.055395 -0.032983 -0.076443
vn 0.055395 -0.032983 -0.076443
vn 0.063524 -0.032983 -0.069834
vn 0.063524 -0.032983 -0.069834
vn 0.063524 -0.032983 -0.069834
vn 0.066987 -0.009476 -0.073641
vn 0.066987 -0.009476 -0.073641
vn 0.066987 -0.009476 -0.073641
vn 0.071572 -0.013730 -0.068476
vn 0.071572 -0.013730 -0.068476
vn 0.071572 -0.013730 -0.068476
vn 0.026283 -0.084635 -0.046326
vn 0.026283 -0.084635 -0.046326
vn 0.026283 -0.084635 -0.046326
vn 0.034920 -0.070656 -0.061549
vn 0.034920 -0.070656 -0.061549
vn 0.034920 -0.070656 -0.061549
vn 0.041524 -0.070656 -0.057301
vn 0.041524 -0.070656 -0.057301
vn 0.041524 -0.070656 -0.057301
vn 0.049706 -0.053145 -0.068592
vn 0.049706 -0.053145 -0.068592
vn 0.049706 -0.053145 -0.068592
vn 0.057000 -0.053145 -0.062663
vn 0.057000 -0.053145 -0.062663
vn 0.057000 -0.053145 -0.062663
vn 0.063524 -0.032983 -0.069834
vn 0.063524 -0.032983 -0.069834
vn 0.063524 -0.032983 -0.069834
vn 0.070870 -0.032983 -0.062366
vn 0.070870 -0.032983 -0.062366
vn 0.070870 -0.032983 -0.062366
vn 0.074702 -0.009903 -0.065738
vn 0.074702 -0.009903 -0.065738
vn 0.074702 -0.009903 -0.065738
vn 0.080449 -0.012879 -0.057983
vn 0.080449 -0.012879 -0.057983
vn 0.080449 -0.012879 -0.057983
vn 0.016321 -0.094372 -0.028766
vn 0.016321 -0.094372 -0.028766
vn 0.016321 -0.094372 -0.028766
vn 0.026283 -0.084635 -0.046326
vn 0.026283 -0.084635 -0.046326
vn 0.026283 -0.084635 -0.046326
vn 0.031254 -0.084635 -0.043128
vn 0.031254 -0.084635 -0.043128
vn 0.031254 -0.084635 -0.043128
vn 0.041524 -0.070656 -0.057301
vn 0.041524 -0.070656 -0.057301
vn 0.041524 -0.070656 -0.057301
vn 0.047617 -0.070656 -0.052347
vn 0.047617 -0.070656 -0.052347
vn 0.047617 -0.070656 -0.052347
vn 0.057001 -0.053145 -0.062663
vn 0.057001 -0.053145 -0.062663
vn 0.057001 -0.053145 -0.062663
vn 0.063592 -0.053145 -0.055961
vn 0.063592 -0.053145 -0.055961
vn 0.063592 -0.053145 -0.055961
vn 0.070870 -0.032983 -0.062366
vn 0.070870 -0.032983 -0.062366
vn 0.070870 -0.032983 -0.062366
vn 0.077344 -0.032983 -0.054130
vn 0.077344 -0.032983 -0.054130
vn 0.077344 -0.032983 -0.054130
vn 0.081415 -0.011179 -0.056979
vn 0.081415 -0.011179 -0.056979
vn 0.081415 -0.011179 -0.056979
vn 0.087227 -0.011179 -0.047608
vn 0.087227 -0.011179 -0.047608
vn 0.087227 -0.011179 -0.047608
vn 0.087697 -0.012879 -0.046297
vn 0.087697 -0.012879 -0.046297
vn 0.087697 -0.012879 -0.046297
vn 0.092090 -0.009903 -0.037702
vn 0.092090 -0.009903 -0.037702
vn 0.092090 -0.009903 -0.037702
vn 0.093151 -0.013730 -0.033681
vn 0.093151 -0.013730 -0.033681
vn 0.093151 -0.013730 -0.033681
vn 0.095740 -0.009476 -0.027278
vn 0.095740 -0.009476 -0.027278
vn 0.095740 -0.009476 -0.027278
vn 0.096914 -0.013730 -0.020471
vn 0.096914 -0.013730 -0.020471
vn 0.096914 -0.013730 -0.020471
vn 0.098132 -0.009903 -0.016495
vn 0.098132 -0.009903 -0.016495
vn 0.098132 -0.009903 -0.016495
vn 0.098928 -0.012880 -0.006876
vn 0.098928 -0.012880 -0.006876
vn 0.098928 -0.012880 -0.006876
vn 0.099220 -0.011179 -0.005514
vn 0.099220 -0.011179 -0.005514
vn 0.099220 -0.011179 -0.005514
vn 0.094259 -0.032983 -0.005238
vn 0.094259 -0.032983 -0.005238
vn 0.094259 -0.032983 -0.005238
vn 0.094259 -0.032982 -0.005238
vn 0.094259 -0.032982 -0.005238
vn 0.094259 -0.032982 -0.005238
vn 0.084579 -0.053145 -0.004700
vn 0.084579 -0.053145 -0.004700
vn 0.084579 -0.053145 -0.004700
vn 0.084579 -0.053145 -0.004700
vn 0.084579 -0.053145 -0.004700
vn 0.084579 -0.053145 -0.004700
vn 0.070656 -0.070656 -0.003926
vn 0.070656 -0.070656 -0.003926
vn 0.070656 -0.070656 -0.003926
vn 0.070656 -0.070656 -0.003926
vn 0.070656 -0.070656 -0.003926
vn 0.070656 -0.070656 -0.003926
vn 0.053180 -0.084635 -0.002955
vn 0.053180 -0.084635 -0.002955
vn 0.053180 -0.084635 -0.002955
vn 0.053180 -0.084635 -0.002955
vn 0.053180 -0.084635 -0.002955
vn 0.053180 -0.084635 -0.002955
vn 0.033023 -0.094372 -0.001835
vn 0.033023 -0.094372 -0.001835
vn 0.033023 -0.094372 -0.001835
vn 0.033023 -0.094372 -0.001835
vn 0.033023 -0.094372 -0.001835
vn 0.033023 -0.094372 -0.001835
vn 0.011196 -0.099369 -0.000622
vn 0.011196 -0.099369 -0.000622
vn 0.011196 -0.099369 -0.000622
vn 0.011309 -0.099356 -0.000698
vn 0.011309 -0.099356 -0.000698
vn 0.011309 -0.099356 -0.000698
vn 0.006226 -0.099361 -0.009414
vn 0.006226 -0.099361 -0.009414
vn 0.006226 -0.099361 -0.009414
vn 0.006167 -0.099388 -0.009162
vn 0.006167 -0.099388 -0.009162
vn 0.006167 -0.099388 -0.009162
vn 0.007024 -0.099353 -0.008925
vn 0.007024 -0.099353 -0.008925
vn 0.007024 -0.099353 -0.008925
vn 0.006907 -0.099395 -0.008536
vn 0.006907 -0.099395 -0.008536
vn 0.006907 -0.099395 -0.008536
vn 0.007776 -0.099346 -0.008359
vn 0.007776 -0.099346 -0.008359
vn 0.007776 -0.099346 -0.008359
vn 0.007595 -0.099401 -0.007860
vn 0.007595 -0.099401 -0.007860
vn 0.007595 -0.099401 -0.007860
vn 0.008475 -0.099341 -0.007723
vn 0.008475 -0.099341 -0.007723
vn 0.008475 -0.099341 -0.007723
vn 0.008225 -0.099405 -0.007137
vn 0.008225 -0.099405 -0.007137
vn 0.008225 -0.099405 -0.007137
vn 0.009111 -0.099336 -0.007021
vn 0.009111 -0.099336 -0.007021
vn 0.009111 -0.099336 -0.007021
vn 0.008797 -0.099408 -0.006370
vn 0.008797 -0.099408 -0.006370
vn 0.008797 -0.099408 -0.006370
vn 0.009680 -0.099333 -0.006260
vn 0.009680 -0.099333 -0.006260
vn 0.009680 -0.099333 -0.006260
vn 0.009307 -0.099410 -0.005564
vn 0.009307 -0.099410 -0.005564
vn 0.009307 -0.099410 -0.005564
vn 0.010175 -0.099332 -0.005447
vn 0.010175 -0.099332 -0.005447
vn 0.010175 -0.099332 -0.005447
vn 0.009753 -0.099411 -0.004723
vn 0.009753 -0.099411 -0.004723
vn 0.009753 -0.099411 -0.004723
vn 0.010591 -0.099332 -0.004591
vn 0.010591 -0.099332 -0.004591
vn 0.010591 -0.099332 -0.004591
vn 0.010134 -0.099411 -0.003850
vn 0.010134 -0.099411 -0.003850
vn 0.010134 -0.099411 -0.003850
vn 0.010923 -0.099333 -0.003699
vn 0.010923 -0.099333 -0.003699
vn 0.010923 -0.099333 -0.003699
vn 0.010447 -0.099409 -0.002950
vn 0.010447 -0.099409 -0.002950
vn 0.010447 -0.099409 -0.002950
vn 0.011169 -0.099335 -0.002781
vn 0.011169 -0.099335 -0.002781
vn 0.011169 -0.099335 -0.002781
vn 0.010691 -0.099406 -0.002026
vn 0.010691 -0.099406 -0.002026
vn 0.010691 -0.099406 -0.002026
vn 0.011326 -0.099339 -0.001846
vn 0.011326 -0.099339 -0.001846
vn 0.011326 -0.099339 -0.001846
vn 0.010865 -0.099402 -0.001083
vn 0.010865 -0.099402 -0.001083
vn 0.010865 -0.099402 -0.001083
vn 0.011395 -0.099345 -0.000903
vn 0.011395 -0.099345 -0.000903
vn 0.011395 -0.099345 -0.000903
vn 0.010966 -0.099397 -0.000126
vn 0.010966 -0.099397 -0.000126
vn 0.010966 -0.099397 -0.000126
vn 0.011373 -0.099351 0.000039
vn 0.011373 -0.099351 0.000039
vn 0.011373 -0.099351 0.000039
vn 0.010995 -0.099390 0.000842
vn 0.010995 -0.099390 0.000842
vn 0.010995 -0.099390 0.000842
vn 0.011264 -0.099359 0.000970
vn 0.011264 -0.099359 0.000970
vn 0.011264 -0.099359 0.000970
vn 0.010950 -0.099382 0.001816
vn 0.010950 -0.099382 0.001816
vn 0.010950 -0.099382 0.001816
vn 0.011068 -0.099368 0.001882
vn 0.011068 -0.099368 0.001882
vn 0.011068 -0.099368 0.001882
vn 0.010834 -0.099373 0.002777
vn 0.010834 -0.099373 0.002777
vn 0.010834 -0.099373 0.002777
vn 0.010787 -0.099378 0.002780
vn 0.010787 -0.099378 0.002780
vn 0.010787 -0.099378 0.002780
vn 0.010647 -0.099363 0.003687
vn 0.010647 -0.099363 0.003687
vn 0.010647 -0.099363 0.003687
vn 0.010428 -0.099386 0.003691
vn 0.010428 -0.099386 0.003691
vn 0.010428 -0.099386 0.003691
vn 0.010374 -0.099355 0.004582
vn 0.010374 -0.099355 0.004582
vn 0.010374 -0.099355 0.004582
vn 0.010004 -0.099394 0.004564
vn 0.010004 -0.099394 0.004564
vn 0.010004 -0.099394 0.004564
vn 0.010016 -0.099348 0.005451
vn 0.010016 -0.099348 0.005451
vn 0.010016 -0.099348 0.005451
vn 0.009517 -0.099400 0.005398
vn 0.009517 -0.099400 0.005398
vn 0.009517 -0.099400 0.005398
vn 0.009576 -0.099342 0.006286
vn 0.009576 -0.099342 0.006286
vn 0.009576 -0.099342 0.006286
vn 0.008971 -0.099404 0.006189
vn 0.008971 -0.099404 0.006189
vn 0.008971 -0.099404 0.006189
vn 0.009057 -0.099337 0.007078
vn 0.009057 -0.099337 0.007078
vn 0.009057 -0.099337 0.007078
vn 0.008369 -0.099408 0.006932
vn 0.008369 -0.099408 0.006932
vn 0.008369 -0.099408 0.006932
vn 0.008463 -0.099334 0.007819
vn 0.008463 -0.099334 0.007819
vn 0.008463 -0.099334 0.007819
vn 0.007714 -0.099410 0.007626
vn 0.007714 -0.099410 0.007626
vn 0.007714 -0.099410 0.007626
vn 0.007801 -0.099332 0.008502
vn 0.007801 -0.099332 0.008502
vn 0.007801 -0.099332 0.008502
vn 0.007008 -0.099411 0.008266
vn 0.007008 -0.099411 0.008266
vn 0.007008 -0.099411 0.008266
vn 0.007077 -0.099331 0.009120
vn 0.007077 -0.099331 0.009120
vn 0.007077 -0.099331 0.009120
vn 0.006256 -0.099411 0.008851
vn 0.006256 -0.099411 0.008851
vn 0.006256 -0.099411 0.008851
vn 0.006298 -0.099332 0.009666
vn 0.006298 -0.099332 0.009666
vn 0.006298 -0.099332 0.009666
vn 0.005461 -0.099410 0.009376
vn 0.005461 -0.099410 0.009376
vn 0.005461 -0.099410 0.009376
vn 0.005470 -0.099335 0.010135
vn 0.005470 -0.099335 0.010135
vn 0.005470 -0.099335 0.010135
vn 0.004627 -0.099407 0.009841
vn 0.004627 -0.099407 0.009841
vn 0.004627 -0.099407 0.009841
vn 0.004604 -0.099338 0.010522
vn 0.004604 -0.099338 0.010522
vn 0.004604 -0.099338 0.010522
vn 0.003757 -0.099403 0.010241
vn 0.003757 -0.099403 0.010241
vn 0.003757 -0.099403 0.010241
vn 0.003708 -0.099343 0.010825
vn 0.003708 -0.099343 0.010825
vn 0.003708 -0.099343 0.010825
vn 0.002855 -0.099398 0.010575
vn 0.002855 -0.099398 0.010575
vn 0.002855 -0.099398 0.010575
vn 0.002790 -0.099349 0.011042
vn 0.002790 -0.099349 0.011042
vn 0.002790 -0.099349 0.011042
vn 0.001926 -0.099392 0.010841
vn 0.001926 -0.099392 0.010841
vn 0.001926 -0.099392 0.010841
vn 0.001860 -0.099357 0.011170
vn 0.001860 -0.099357 0.011170
vn 0.001860 -0.099357 0.011170
vn 0.000973 -0.099384 0.011037
vn 0.000973 -0.099384 0.011037
vn 0.000973 -0.099384 0.011037
vn 0.000927 -0.099365 0.011209
vn 0.000927 -0.099365 0.011209
vn 0.000927 -0.099365 0.011209
vn 0.000000 -0.099375 0.011162
vn 0.000000 -0.099375 0.011162
vn 0.000000 -0.099375 0.011162
vn 0.000000 -0.099375 0.011162
vn -0.000927 -0.099365 0.011209
vn -0.000927 -0.099365 0.011209
vn -0.000927 -0.099365 0.011209
vn -0.000973 -0.099384 0.011037
vn -0.000973 -0.099384 0.011037
vn -0.000973 -0.099384 0.011037
vn -0.001860 -0.099357 0.011170
vn -0.001860 -0.099357 0.011170
vn -0.001860 -0.099357 0.011170
vn -0.001926 -0.099392 0.010841
vn -0.001926 -0.099392 0.010841
vn -0.001926 -0.099392 0.010841
vn -0.002790 -0.099349 0.011042
vn -0.002790 -0.099349 0.011042
vn -0.002790 -0.099349 0.011042
vn -0.002855 -0.099398 0.010575
vn -0.002855 -0.099398 0.010575
vn -0.002855 -0.099398 0.010575
vn -0.003708 -0.099343 0.010825
vn -0.003708 -0.099343 0.010825
vn -0.003708 -0.099343 0.010825
vn -0.003757 -0.099403 0.010241
vn -0.003757 -0.099403 0.010241
vn -0.003757 -0.099403 0.010241
vn -0.004604 -0.099338 0.010522
vn -0.004604 -0.099338 0.010522
vn -0.004604 -0.099338 0.010522
vn -0.004627 -0.099407 0.009841
vn -0.004627 -0.099407 0.009841
vn -0.004627 -0.099407 0.009841
vn -0.005470 -0.099335 0.010135
vn -0.005470 -0.099335 0.010135
vn -0.005470 -0.099335 0.010135
vn -0.005461 -0.099410 0.009376
vn -0.005461 -0.099410 0.009376
vn -0.005461 -0.099410 0.009376
vn -0.006298 -0.099332 0.009666
vn -0.006298 -0.099332 0.009666
vn -0.006298 -0.099332 0.009666
vn -0.006256 -0.099411 0.008851
vn -0.006256 -0.099411 0.008851
vn -0.006256 -0.099411 0.008851
vn -0.007077 -0.099331 0.009120
vn -0.007077 -0.099331 0.009120
vn -0.007077 -0.099331 0.009120
vn -0.007008 -0.099411 0.008266
vn -0.007008 -0.099411 0.008266
vn -0.007008 -0.099411 0.008266
vn -0.007801 -0.099332 0.008502
vn -0.007801 -0.099332 0.008502
vn -0.007801 -0.099332 0.008502
vn -0.007714 -0.099410 0.007626
vn -0.007714 -0.099410 0.007626
vn -0.007714 -0.099410 0.007626
vn -0.008463 -0.099334 0.007819
vn -0.008463 -0.099334 0.007819
vn -0.008463 -0.099334 0.007819
vn -0.008369 -0.099408 0.006932
vn -0.008369 -0.099408 0.006932
vn -0.008369 -0.099408 0.006932
vn -0.009057 -0.099337 0.007078
vn -0.009057 -0.099337 0.007078
vn -0.009057 -0.099337 0.007078
vn -0.008971 -0.099404 0.006189
vn -0.008971 -0.099404 0.006189
vn -0.008971 -0.099404 0.006189
vn -0.009576 -0.099342 0.006286
vn -0.009576 -0.099342 0.006286
vn -0.009576 -0.099342 0.006286
vn -0.009517 -0.099400 0.005398
vn -0.009517 -0.099400 0.005398
vn -0.009517 -0.099400 0.005398
vn -0.010016 -0.099348 0.005451
vn -0.010016 -0.099348 0.005451
vn -0.010016 -0.099348 0.005451
vn -0.010004 -0.099394 0.004564
vn -0.010004 -0.099394 0.004564
vn -0.010004 -0.099394 0.004564
vn -0.010374 -0.099355 0.004582
vn -0.010374 -0.099355 0.004582
vn -0.010374 -0.099355 0.004582
vn -0.010428 -0.099386 0.003691
vn -0.010428 -0.099386 0.003691
vn -0.010428 -0.099386 0.003691
vn -0.010647 -0.099363 0.003687
vn -0.010647 -0.099363 0.003687
vn -0.010647 -0.099363 0.003687
vn -0.010787 -0.099378 0.002780
vn -0.010787 -0.099378 0.002780
vn -0.010787 -0.099378 0.002780
vn -0.010834 -0.099373 0.002777
vn -0.010834 -0.099373 0.002777
vn -0.010834 -0.099373 0.002777
vn -0.011068 -0.099368 0.001882
vn -0.011068 -0.099368 0.001882
vn -0.011068 -0.099368 0.001882
vn -0.010950 -0.099382 0.001816
vn -0.010950 -0.099382 0.001816
vn -0.010950 -0.099382 0.001816
vn -0.011264 -0.099359 0.000970
vn -0.011264 -0.099359 0.000970
vn -0.011264 -0.099359 0.000970
vn -0.010995 -0.099390 0.000842
vn -0.010995 -0.099390 0.000842
vn -0.010995 -0.099390 0.000842
vn -0.011373 -0.099351 0.000039
vn -0.011373 -0.099351 0.000039
vn -0.011373 -0.099351 0.000039
vn -0.010966 -0.099397 -0.000126
vn -0.010966 -0.099397 -0.000126
vn -0.010966 -0.099397 -0.000126
vn -0.011395 -0.099345 -0.000903
vn -0.011395 -0.099345 -0.000903
vn -0.011395 -0.099345 -0.000903
vn -0.010865 -0.099402 -0.001083
vn -0.010865 -0.099402 -0.001083
vn -0.010865 -0.099402 -0.001083
vn -0.011326 -0.099339 -0.001846
vn -0.011326 -0.099339 -0.001846
vn -0.011326 -0.099339 -0.001846
vn -0.010691 -0.099406 -0.002026
vn -0.010691 -0.099406 -0.002026
vn -0.010691 -0.099406 -0.002026
vn -0.011169 -0.099335 -0.002781
vn -0.011169 -0.099335 -0.002781
vn -0.011169 -0.099335 -0.002781
vn -0.010447 -0.099409 -0.002950
vn -0.010447 -0.099409 -0.002950
vn -0.010447 -0.099409 -0.002950
vn -0.010923 -0.099333 -0.003699
vn -0.010923 -0.099333 -0.003699
vn -0.010923 -0.099333 -0.003699
vn -0.010134 -0.099411 -0.003850
vn -0.010134 -0.099411 -0.003850
vn -0.010134 -0.099411 -0.003850
vn -0.010591 -0.099332 -0.004591
vn -0.010591 -0.099332 -0.004591
vn -0.010591 -0.099332 -0.004591
vn -0.009753 -0.099411 -0.004723
vn -0.009753 -0.099411 -0.004723
vn -0.009753 -0.099411 -0.004723
vn -0.010175 -0.099332 -0.005447
vn -0.010175 -0.099332 -0.005447
vn -0.010175 -0.099332 -0.005447
vn -0.009307 -0.099410 -0.005564
vn -0.009307 -0.099410 -0.005564
vn -0.009307 -0.099410 -0.005564
vn -0.009680 -0.099333 -0.006260
vn -0.009680 -0.099333 -0.006260
vn -0.009680 -0.099333 -0.006260
vn -0.008797 -0.099408 -0.006370
vn -0.008797 -0.099408 -0.006370
vn -0.008797 -0.099408 -0.006370
vn -0.009111 -0.099336 -0.007021
vn -0.009111 -0.099336 -0.007021
vn -0.009111 -0.099336 -0.007021
vn -0.008225 -0.099405 -0.007137
vn -0.008225 -0.099405 -0.007137
vn -0.008225 -0.099405 -0.007137
vn -0.008475 -0.099341 -0.007723
vn -0.008475 -0.099341 -0.007723
vn -0.008475 -0.099341 -0.007723
vn -0.007595 -0.099401 -0.007860
vn -0.007595 -0.099401 -0.007860
vn -0.007595 -0.099401 -0.007860
vn -0.007776 -0.099346 -0.008359
vn -0.007776 -0.099346 -0.008359
vn -0.007776 -0.099346 -0.008359
vn -0.006907 -0.099395 -0.008536
vn -0.006907 -0.099395 -0.008536
vn -0.006907 -0.099395 -0.008536
vn -0.007024 -0.099353 -0.008925
vn -0.007024 -0.099353 -0.008925
vn -0.007024 -0.099353 -0.008925
vn -0.006167 -0.099388 -0.009162
vn -0.006167 -0.099388 -0.009162
vn -0.006167 -0.099388 -0.009162
vn -0.006226 -0.099361 -0.009414
vn -0.006226 -0.099361 -0.009414
vn -0.006226 -0.099361 -0.009414
vn -0.005375 -0.099380 -0.009734
vn -0.005375 -0.099380 -0.009734
vn -0.005375 -0.099380 -0.009734
vn -0.005390 -0.099370 -0.009824
vn -0.005390 -0.099370 -0.009824
vn -0.005390 -0.099370 -0.009824
vn 0.018233 -0.094379 -0.027570
vn 0.018233 -0.094379 -0.027570
vn 0.018233 -0.094379 -0.027570
vn 0.018233 -0.094379 -0.027570
vn 0.018233 -0.094379 -0.027570
vn 0.018233 -0.094379 -0.027570
vn 0.020442 -0.094379 -0.025974
vn 0.020442 -0.094379 -0.025974
vn 0.020442 -0.094379 -0.025974
vn 0.020442 -0.094379 -0.025974
vn 0.020442 -0.094379 -0.025974
vn 0.020442 -0.094379 -0.025974
vn 0.022513 -0.094379 -0.024201
vn 0.022513 -0.094379 -0.024201
vn 0.022513 -0.094379 -0.024201
vn 0.022513 -0.094380 -0.024201
vn 0.022513 -0.094380 -0.024201
vn 0.022513 -0.094380 -0.024201
vn 0.024430 -0.094380 -0.022263
vn 0.024430 -0.094380 -0.022263
vn 0.024430 -0.094380 -0.022263
vn 0.024431 -0.094379 -0.022264
vn 0.024431 -0.094379 -0.022264
vn 0.024431 -0.094379 -0.022264
vn 0.026182 -0.094379 -0.020175
vn 0.026182 -0.094379 -0.020175
vn 0.026182 -0.094379 -0.020175
vn 0.026182 -0.094379 -0.020175
vn 0.026182 -0.094379 -0.020175
vn 0.026182 -0.094379 -0.020175
vn 0.027755 -0.094379 -0.017949
vn 0.027755 -0.094379 -0.017949
vn 0.027755 -0.094379 -0.017949
vn 0.027755 -0.094379 -0.017949
vn 0.027755 -0.094379 -0.017949
vn 0.027755 -0.094379 -0.017949
vn 0.029140 -0.094379 -0.015601
vn 0.029140 -0.094379 -0.015601
vn 0.029140 -0.094379 -0.015601
vn 0.029140 -0.094379 -0.015601
vn 0.029140 -0.094379 -0.015601
vn 0.029140 -0.094379 -0.015601
vn 0.030326 -0.094379 -0.013146
vn 0.030326 -0.094379 -0.013146
vn 0.030326 -0.094379 -0.013146
vn 0.030326 -0.094379 -0.013146
vn 0.030326 -0.094379 -0.013146
vn 0.030326 -0.094379 -0.013146
vn 0.031306 -0.094379 -0.010603
vn 0.031306 -0.094379 -0.010603
vn 0.031306 -0.094379 -0.010603
vn 0.031306 -0.094379 -0.010603
vn 0.031306 -0.094379 -0.010603
vn 0.031306 -0.094379 -0.010603
vn 0.032074 -0.094379 -0.007987
vn 0.032074 -0.094379 -0.007987
vn 0.032074 -0.094379 -0.007987
vn 0.032074 -0.094379 -0.007987
vn 0.032074 -0.094379 -0.007987
vn 0.032074 -0.094379 -0.007987
vn 0.032623 -0.094379 -0.005317
vn 0.032623 -0.094379 -0.005317
vn 0.032623 -0.094379 -0.005317
vn 0.032623 -0.094379 -0.005317
vn 0.032623 -0.094379 -0.005317
vn 0.032623 -0.094379 -0.005317
vn 0.032950 -0.094379 -0.002611
vn 0.032950 -0.094379 -0.002611
vn 0.032950 -0.094379 -0.002611
vn 0.032950 -0.094379 -0.002611
vn 0.032950 -0.094379 -0.002611
vn 0.032950 -0.094379 -0.002611
vn 0.033053 -0.094379 0.000113
vn 0.033053 -0.094379 0.000113
vn 0.033053 -0.094379 0.000113
vn 0.033053 -0.094379 0.000113
vn 0.033053 -0.094379 0.000113
vn 0.033053 -0.094379 0.000113
vn 0.032931 -0.094379 0.002836
vn 0.032931 -0.094379 0.002836
vn 0.032931 -0.094379 0.002836
vn 0.032931 -0.094379 0.002836
vn 0.032931 -0.094379 0.002836
vn 0.032931 -0.094379 0.002836
vn 0.032586 -0.094379 0.005540
vn 0.032586 -0.094379 0.005540
vn 0.032586 -0.094379 0.005540
vn 0.032586 -0.094379 0.005540
vn 0.032586 -0.094379 0.005540
vn 0.032586 -0.094379 0.005540
vn 0.032018 -0.094379 0.008206
vn 0.032018 -0.094379 0.008206
vn 0.032018 -0.094379 0.008206
vn 0.032018 -0.094379 0.008206
vn 0.032018 -0.094379 0.008206
vn 0.032018 -0.094379 0.008206
vn 0.031233 -0.094379 0.010817
vn 0.031233 -0.094379 0.010817
vn 0.031233 -0.094379 0.010817
vn 0.031233 -0.094379 0.010817
vn 0.031233 -0.094379 0.010817
vn 0.031233 -0.094379 0.010817
vn 0.030236 -0.094379 0.013354
vn 0.030236 -0.094379 0.013354
vn 0.030236 -0.094379 0.013354
vn 0.030236 -0.094379 0.013354
vn 0.030236 -0.094379 0.013354
vn 0.030236 -0.094379 0.013354
vn 0.029033 -0.094379 0.015800
vn 0.029033 -0.094379 0.015800
vn 0.029033 -0.094379 0.015800
vn 0.029033 -0.094379 0.015800
vn 0.029033 -0.094379 0.015800
vn 0.029033 -0.094379 0.015800
vn 0.027632 -0.094379 0.018138
vn 0.027632 -0.094379 0.018138
vn 0.027632 -0.094379 0.018138
vn 0.027632 -0.094379 0.018138
vn 0.027632 -0.094379 0.018138
vn 0.027632 -0.094379 0.018138
vn 0.026043 -0.094379 0.020353
vn 0.026043 -0.094379 0.020353
vn 0.026043 -0.094379 0.020353
vn 0.026043 -0.094379 0.020353
vn 0.026043 -0.094379 0.020353
vn 0.026043 -0.094379 0.020353
vn 0.024278 -0.094379 0.022430
vn 0.024278 -0.094379 0.022430
vn 0.024278 -0.094379 0.022430
vn 0.024278 -0.094379 0.022430
vn 0.024278 -0.094379 0.022430
vn 0.024278 -0.094379 0.022430
vn 0.022347 -0.094379 0.024354
vn 0.022347 -0.094379 0.024354
vn 0.022347 -0.094379 0.024354
vn 0.022347 -0.094379 0.024354
vn 0.022347 -0.094379 0.024354
vn 0.022347 -0.094379 0.024354
vn 0.020264 -0.094379 0.026113
vn 0.020264 -0.094379 0.026113
vn 0.020264 -0.094379 0.026113
vn 0.020264 -0.094379 0.026113
vn 0.020264 -0.094379 0.026113
vn 0.020264 -0.094379 0.026113
vn 0.018044 -0.094379 0.027694
vn 0.018044 -0.094379 0.027694
vn 0.018044 -0.094379 0.027694
vn 0.018044 -0.094379 0.027694
vn 0.018044 -0.094379 0.027694
vn 0.018044 -0.094379 0.027694
vn 0.015700 -0.094379 0.029086
vn 0.015700 -0.094379 0.029086
vn 0.015700 -0.094379 0.029086
vn 0.015700 -0.094379 0.029086
vn 0.015700 -0.094379 0.029086
vn 0.015700 -0.094379 0.029086
vn 0.013250 -0.094379 0.030281
vn 0.013250 -0.094379 0.030281
vn 0.013250 -0.094379 0.030281
vn 0.013250 -0.094379 0.030281
vn 0.013250 -0.094379 0.030281
vn 0.013250 -0.094379 0.030281
vn 0.010710 -0.094379 0.031270
vn 0.010710 -0.094379 0.031270
vn 0.010710 -0.094379 0.031270
vn 0.010710 -0.094379 0.031270
vn 0.010710 -0.094379 0.031270
vn 0.010710 -0.094379 0.031270
vn 0.008097 -0.094379 0.032046
vn 0.008097 -0.094379 0.032046
vn 0.008097 -0.094379 0.032046
vn 0.008097 -0.094379 0.032046
vn 0.008097 -0.094379 0.032046
vn 0.008097 -0.094379 0.032046
vn 0.005429 -0.094379 0.032604
vn 0.005429 -0.094379 0.032604
vn 0.005429 -0.094379 0.032604
vn 0.005429 -0.094379 0.032604
vn 0.005429 -0.094379 0.032604
vn 0.005429 -0.094379 0.032604
vn 0.002724 -0.094379 0.032941
vn 0.002724 -0.094379 0.032941
vn 0.002724 -0.094379 0.032941
vn 0.002724 -0.094379 0.032941
vn 0.002724 -0.094379 0.032941
vn 0.002724 -0.094379 0.032941
vn 0.000000 -0.094379 0.033053
vn 0.000000 -0.094379 0.033053
vn 0.000000 -0.094379 0.033053
vn 0.000000 -0.094379 0.033053
vn -0.002724 -0.094379 0.032941
vn -0.002724 -0.094379 0.032941
vn -0.002724 -0.094379 0.032941
vn -0.002724 -0.094379 0.032941
vn -0.002724 -0.094379 0.032941
vn -0.002724 -0.094379 0.032941
vn -0.005429 -0.094379 0.032604
vn -0.005429 -0.094379 0.032604
vn -0.005429 -0.094379 0.032604
vn -0.005429 -0.094379 0.032604
vn -0.005429 -0.094379 0.032604
vn -0.005429 -0.094379 0.032604
vn -0.008097 -0.094379 0.032046
vn -0.008097 -0.094379 0.032046
vn -0.008097 -0.094379 0.032046
vn -0.008097 -0.094379 0.032046
vn -0.008097 -0.094379 0.032046
vn -0.008097 -0.094379 0.032046
vn -0.010710 -0.094379 0.031270
vn -0.010710 -0.094379 0.031270
vn -0.010710 -0.094379 0.031270
vn -0.010710 -0.094379 0.031270
vn -0.010710 -0.094379 0.031270
vn -0.010710 -0.094379 0.031270
vn -0.013250 -0.094379 0.030281
vn -0.013250 -0.094379 0.030281
vn -0.013250 -0.094379 0.030281
vn -0.013250 -0.094379 0.030281
vn -0.013250 -0.094379 0.030281
vn -0.013250 -0.094379 0.030281
vn -0.015700 -0.094379 0.029086
vn -0.015700 -0.094379 0.029086
vn -0.015700 -0.094379 0.029086
vn -0.015700 -0.094379 0.029086
vn -0.015700 -0.094379 0.029086
vn -0.015700 -0.094379 0.029086
vn -0.018044 -0.094379 0.027694
vn -0.018044 -0.094379 0.027694
vn -0.018044 -0.094379 0.027694
vn -0.018044 -0.094379 0.027694
vn -0.018044 -0.094379 0.027694
vn -0.018044 -0.094379 0.027694
vn -0.020264 -0.094379 0.026113
vn -0.020264 -0.094379 0.026113
vn -0.020264 -0.094379 0.026113
vn -0.020264 -0.094379 0.026113
vn -0.020264 -0.094379 0.026113
vn -0.020264 -0.094379 0.026113
vn -0.022347 -0.094379 0.024354
vn -0.022347 -0.094379 0.024354
vn -0.022347 -0.094379 0.024354
vn -0.022347 -0.094379 0.024354
vn -0.022347 -0.094379 0.024354
vn -0.022347 -0.094379 0.024354
vn -0.024278 -0.094379 0.022430
vn -0.024278 -0.094379 0.022430
vn -0.024278 -0.094379 0.022430
vn -0.024278 -0.094379 0.022430
vn -0.024278 -0.094379 0.022430
vn -0.024278 -0.094379 0.022430
vn -0.026043 -0.094379 0.020353
vn -0.026043 -0.094379 0.020353
vn -0.026043 -0.094379 0.020353
vn -0.026043 -0.094379 0.020353
vn -0.026043 -0.094379 0.020353
vn -0.026043 -0.094379 0.020353
vn -0.027632 -0.094379 0.018138
vn -0.027632 -0.094379 0.018138
vn -0.027632 -0.094379 0.018138
vn -0.027632 -0.094379 0.018138
vn -0.027632 -0.094379 0.018138
vn -0.027632 -0.094379 0.018138
vn -0.029033 -0.094379 0.015800
vn -0.029033 -0.094379 0.015800
vn -0.029033 -0.094379 0.015800
vn -0.029033 -0.094379 0.015800
vn -0.029033 -0.094379 0.015800
vn -0.029033 -0.094379 0.015800
vn -0.030236 -0.094379 0.013354
vn -0.030236 -0.094379 0.013354
vn -0.030236 -0.094379 0.013354
vn -0.030236 -0.094379 0.013354
vn -0.030236 -0.094379 0.013354
vn -0.030236 -0.094379 0.013354
vn -0.031233 -0.094379 0.010817
vn -0.031233 -0.094379 0.010817
vn -0.031233 -0.094379 0.010817
vn -0.031233 -0.094379 0.010817
vn -0.031233 -0.094379 0.010817
vn -0.031233 -0.094379 0.010817
vn -0.032018 -0.094379 0.008206
vn -0.032018 -0.094379 0.008206
vn -0.032018 -0.094379 0.008206
vn -0.032018 -0.094379 0.008206
vn -0.032018 -0.094379 0.008206
vn -0.032018 -0.094379 0.008206
vn -0.032586 -0.094379 0.005540
vn -0.032586 -0.094379 0.005540
vn -0.032586 -0.094379 0.005540
vn -0.032586 -0.094379 0.005540
vn -0.032586 -0.094379 0.005540
vn -0.032586 -0.094379 0.005540
vn -0.032931 -0.094379 0.002836
vn -0.032931 -0.094379 0.002836
vn -0.032931 -0.094379 0.002836
vn -0.032931 -0.094379 0.002836
vn -0.032931 -0.094379 0.002836
vn -0.032931 -0.094379 0.002836
vn -0.033053 -0.094379 0.000113
vn -0.033053 -0.094379 0.000113
vn -0.033053 -0.094379 0.000113
vn -0.033053 -0.094379 0.000113
vn -0.033053 -0.094379 0.000113
vn -0.033053 -0.094379 0.000113
vn -0.032950 -0.094379 -0.002611
vn -0.032950 -0.094379 -0.002611
vn -0.032950 -0.094379 -0.002611
vn -0.032950 -0.094379 -0.002611
vn -0.032950 -0.094379 -0.002611
vn -0.032950 -0.094379 -0.002611
vn -0.032623 -0.094379 -0.005317
vn -0.032623 -0.094379 -0.005317
vn -0.032623 -0.094379 -0.005317
vn -0.032623 -0.094379 -0.005317
vn -0.032623 -0.094379 -0.005317
vn -0.032623 -0.094379 -0.005317
vn -0.032074 -0.094379 -0.007987
vn -0.032074 -0.094379 -0.007987
vn -0.032074 -0.094379 -0.007987
vn -0.032074 -0.094379 -0.007987
vn -0.032074 -0.094379 -0.007987
vn -0.032074 -0.094379 -0.007987
vn -0.031306 -0.094379 -0.010603
vn -0.031306 -0.094379 -0.010603
vn -0.031306 -0.094379 -0.010603
vn -0.031306 -0.094379 -0.010603
vn -0.031306 -0.094379 -0.010603
vn -0.031306 -0.094379 -0.010603
vn -0.030326 -0.094379 -0.013146
vn -0.030326 -0.094379 -0.013146
vn -0.030326 -0.094379 -0.013146
vn -0.030326 -0.094379 -0.013146
vn -0.030326 -0.094379 -0.013146
vn -0.030326 -0.094379 -0.013146
vn -0.029140 -0.094379 -0.015601
vn -0.029140 -0.094379 -0.015601
vn -0.029140 -0.094379 -0.015601
vn -0.029140 -0.094379 -0.015601
vn -0.029140 -0.094379 -0.015601
vn -0.029140 -0.094379 -0.015601
vn -0.027755 -0.094379 -0.017949
vn -0.027755 -0.094379 -0.017949
vn -0.027755 -0.094379 -0.017949
vn -0.027755 -0.094379 -0.017949
vn -0.027755 -0.094379 -0.017949
vn -0.027755 -0.094379 -0.017949
vn -0.026182 -0.094379 -0.020175
vn -0.026182 -0.094379 -0.020175
vn -0.026182 -0.094379 -0.020175
vn -0.026182 -0.094379 -0.020175
vn -0.026182 -0.094379 -0.020175
vn -0.026182 -0.094379 -0.020175
vn -0.024431 -0.094379 -0.022264
vn -0.024431 -0.094379 -0.022264
vn -0.024431 -0.094379 -0.022264
vn -0.024431 -0.094380 -0.022263
vn -0.024431 -0.094380 -0.022263
vn -0.024431 -0.094380 -0.022263
vn -0.022513 -0.094380 -0.024201
vn -0.022513 -0.094380 -0.024201
vn -0.022513 -0.094380 -0.024201
vn -0.022513 -0.094379 -0.024201
vn -0.022513 -0.094379 -0.024201
vn -0.022513 -0.094379 -0.024201
vn -0.020442 -0.094379 -0.025974
vn -0.020442 -0.094379 -0.025974
vn -0.020442 -0.094379 -0.025974
vn -0.020442 -0.094379 -0.025974
vn -0.020442 -0.094379 -0.025974
vn -0.020442 -0.094379 -0.025974
vn -0.018233 -0.094379 -0.027570
vn -0.018233 -0.094379 -0.027570
vn -0.018233 -0.094379 -0.027570
vn -0.018233 -0.094379 -0.027570
vn -0.018233 -0.094379 -0.027570
vn -0.018233 -0.094379 -0.027570
vn -0.015899 -0.094379 -0.028978
vn -0.015899 -0.094379 -0.028978
vn -0.015899 -0.094379 -0.028978
vn -0.015899 -0.094379 -0.028978
vn -0.015899 -0.094379 -0.028978
vn -0.015899 -0.094379 -0.028978
vn 0.029365 -0.084652 -0.044404
vn 0.029365 -0.084652 -0.044404
vn 0.029365 -0.084652 -0.044404
vn 0.029365 -0.084652 -0.044404
vn 0.029365 -0.084652 -0.044404
vn 0.029365 -0.084652 -0.044404
vn 0.032924 -0.084652 -0.041833
vn 0.032924 -0.084652 -0.041833
vn 0.032924 -0.084652 -0.041833
vn 0.032925 -0.084652 -0.041833
vn 0.032925 -0.084652 -0.041833
vn 0.032925 -0.084652 -0.041833
vn 0.036260 -0.084652 -0.038978
vn 0.036260 -0.084652 -0.038978
vn 0.036260 -0.084652 -0.038978
vn 0.036260 -0.084652 -0.038978
vn 0.036260 -0.084652 -0.038978
vn 0.036260 -0.084652 -0.038978
vn 0.039348 -0.084652 -0.035858
vn 0.039348 -0.084652 -0.035858
vn 0.039348 -0.084652 -0.035858
vn 0.039348 -0.084652 -0.035858
vn 0.039348 -0.084652 -0.035858
vn 0.039348 -0.084652 -0.035858
vn 0.042169 -0.084652 -0.032493
vn 0.042169 -0.084652 -0.032493
vn 0.042169 -0.084652 -0.032493
vn 0.042169 -0.084652 -0.032494
vn 0.042169 -0.084652 -0.032494
vn 0.042169 -0.084652 -0.032494
vn 0.044703 -0.084652 -0.028908
vn 0.044703 -0.084652 -0.028908
vn 0.044703 -0.084652 -0.028908
vn 0.044703 -0.084652 -0.028908
vn 0.044703 -0.084652 -0.028908
vn 0.044703 -0.084652 -0.028908
vn 0.046933 -0.084652 -0.025127
vn 0.046933 -0.084652 -0.025127
vn 0.046933 -0.084652 -0.025127
vn 0.046933 -0.084652 -0.025127
vn 0.046933 -0.084652 -0.025127
vn 0.046933 -0.084652 -0.025127
vn 0.048844 -0.084652 -0.021174
vn 0.048844 -0.084652 -0.021174
vn 0.048844 -0.084652 -0.021174
vn 0.048844 -0.084652 -0.021174
vn 0.048844 -0.084652 -0.021174
vn 0.048844 -0.084652 -0.021174
vn 0.050423 -0.084652 -0.017077
vn 0.050423 -0.084652 -0.017077
vn 0.050423 -0.084652 -0.017077
vn 0.050422 -0.084652 -0.017077
vn 0.050422 -0.084652 -0.017077
vn 0.050422 -0.084652 -0.017077
vn 0.051658 -0.084652 -0.012864
vn 0.051658 -0.084652 -0.012864
vn 0.051658 -0.084652 -0.012864
vn 0.051658 -0.084652 -0.012864
vn 0.051658 -0.084652 -0.012864
vn 0.051658 -0.084652 -0.012864
vn 0.052542 -0.084652 -0.008564
vn 0.052542 -0.084652 -0.008564
vn 0.052542 -0.084652 -0.008564
vn 0.052542 -0.084652 -0.008564
vn 0.052542 -0.084652 -0.008564
vn 0.052542 -0.084652 -0.008564
vn 0.053069 -0.084652 -0.004205
vn 0.053069 -0.084652 -0.004205
vn 0.053069 -0.084652 -0.004205
vn 0.053069 -0.084652 -0.004205
vn 0.053069 -0.084652 -0.004205
vn 0.053069 -0.084652 -0.004205
vn 0.053235 -0.084652 0.000182
vn 0.053235 -0.084652 0.000182
vn 0.053235 -0.084652 0.000182
vn 0.053235 -0.084652 0.000182
vn 0.053235 -0.084652 0.000182
vn 0.053235 -0.084652 0.000182
vn 0.053039 -0.084652 0.004568
vn 0.053039 -0.084652 0.004568
vn 0.053039 -0.084652 0.004568
vn 0.053039 -0.084652 0.004568
vn 0.053039 -0.084652 0.004568
vn 0.053039 -0.084652 0.004568
vn 0.052483 -0.084652 0.008923
vn 0.052483 -0.084652 0.008923
vn 0.052483 -0.084652 0.008923
vn 0.052483 -0.084652 0.008923
vn 0.052483 -0.084652 0.008923
vn 0.052483 -0.084652 0.008923
vn 0.051569 -0.084652 0.013217
vn 0.051569 -0.084652 0.013217
vn 0.051569 -0.084652 0.013217
vn 0.051569 -0.084652 0.013217
vn 0.051569 -0.084652 0.013217
vn 0.051569 -0.084652 0.013217
vn 0.050305 -0.084652 0.017422
vn 0.050305 -0.084652 0.017422
vn 0.050305 -0.084652 0.017422
vn 0.050304 -0.084652 0.017421
vn 0.050304 -0.084652 0.017421
vn 0.050304 -0.084652 0.017421
vn 0.048698 -0.084652 0.021507
vn 0.048698 -0.084652 0.021507
vn 0.048698 -0.084652 0.021507
vn 0.048698 -0.084652 0.021507
vn 0.048698 -0.084652 0.021507
vn 0.048698 -0.084652 0.021507
vn 0.046760 -0.084652 0.025447
vn 0.046760 -0.084652 0.025447
vn 0.046760 -0.084652 0.025447
vn 0.046760 -0.084652 0.025447
vn 0.046760 -0.084652 0.025447
vn 0.046760 -0.084652 0.025447
vn 0.044504 -0.084652 0.029213
vn 0.044504 -0.084652 0.029213
vn 0.044504 -0.084652 0.029213
vn 0.044504 -0.084652 0.029213
vn 0.044504 -0.084652 0.029213
vn 0.044504 -0.084652 0.029213
vn 0.041946 -0.084652 0.032781
vn 0.041946 -0.084652 0.032781
vn 0.041946 -0.084652 0.032781
vn 0.041946 -0.084652 0.032781
vn 0.041946 -0.084652 0.032781
vn 0.041946 -0.084652 0.032781
vn 0.039102 -0.084652 0.036126
vn 0.039102 -0.084652 0.036126
vn 0.039102 -0.084652 0.036126
vn 0.039102 -0.084652 0.036126
vn 0.039102 -0.084652 0.036126
vn 0.039102 -0.084652 0.036126
vn 0.035992 -0.084652 0.039225
vn 0.035992 -0.084652 0.039225
vn 0.035992 -0.084652 0.039225
vn 0.035992 -0.084652 0.039225
vn 0.035992 -0.084652 0.039225
vn 0.035992 -0.084652 0.039225
vn 0.032637 -0.084652 0.042057
vn 0.032637 -0.084652 0.042057
vn 0.032637 -0.084652 0.042057
vn 0.032638 -0.084652 0.042058
vn 0.032638 -0.084652 0.042058
vn 0.032638 -0.084652 0.042058
vn 0.029061 -0.084652 0.044604
vn 0.029061 -0.084652 0.044604
vn 0.029061 -0.084652 0.044604
vn 0.029061 -0.084652 0.044604
vn 0.029061 -0.084652 0.044604
vn 0.029061 -0.084652 0.044604
vn 0.025287 -0.084652 0.046847
vn 0.025287 -0.084652 0.046847
vn 0.025287 -0.084652 0.046847
vn 0.025287 -0.084652 0.046847
vn 0.025287 -0.084652 0.046847
vn 0.025287 -0.084652 0.046847
vn 0.021341 -0.084652 0.048771
vn 0.021341 -0.084652 0.048771
vn 0.021341 -0.084652 0.048771
vn 0.021341 -0.084652 0.048771
vn 0.021341 -0.084652 0.048771
vn 0.021341 -0.084652 0.048771
vn 0.017249 -0.084652 0.050364
vn 0.017249 -0.084652 0.050364
vn 0.017249 -0.084652 0.050364
vn 0.017249 -0.084652 0.050364
vn 0.017249 -0.084652 0.050364
vn 0.017249 -0.084652 0.050364
vn 0.013041 -0.084652 0.051614
vn 0.013041 -0.084652 0.051614
vn 0.013041 -0.084652 0.051614
vn 0.013041 -0.084652 0.051614
vn 0.013041 -0.084652 0.051614
vn 0.013041 -0.084652 0.051614
vn 0.008743 -0.084652 0.052513
vn 0.008743 -0.084652 0.052513
vn 0.008743 -0.084652 0.052513
vn 0.008743 -0.084652 0.052513
vn 0.008743 -0.084652 0.052513
vn 0.008743 -0.084652 0.052513
vn 0.004387 -0.084652 0.053055
vn 0.004387 -0.084652 0.053055
vn 0.004387 -0.084652 0.053055
vn 0.004387 -0.084652 0.053055
vn 0.004387 -0.084652 0.053055
vn 0.004387 -0.084652 0.053055
vn 0.000000 -0.084652 0.053236
vn 0.000000 -0.084652 0.053236
vn 0.000000 -0.084652 0.053236
vn 0.000000 -0.084652 0.053236
vn -0.004387 -0.084652 0.053055
vn -0.004387 -0.084652 0.053055
vn -0.004387 -0.084652 0.053055
vn -0.004387 -0.084652 0.053055
vn -0.004387 -0.084652 0.053055
vn -0.004387 -0.084652 0.053055
vn -0.008743 -0.084652 0.052513
vn -0.008743 -0.084652 0.052513
vn -0.008743 -0.084652 0.052513
vn -0.008743 -0.084652 0.052513
vn -0.008743 -0.084652 0.052513
vn -0.008743 -0.084652 0.052513
vn -0.013041 -0.084652 0.051614
vn -0.013041 -0.084652 0.051614
vn -0.013041 -0.084652 0.051614
vn -0.013041 -0.084652 0.051614
vn -0.013041 -0.084652 0.051614
vn -0.013041 -0.084652 0.051614
vn -0.017249 -0.084652 0.050364
vn -0.017249 -0.084652 0.050364
vn -0.017249 -0.084652 0.050364
vn -0.017249 -0.084652 0.050364
vn -0.017249 -0.084652 0.050364
vn -0.017249 -0.084652 0.050364
vn -0.021341 -0.084652 0.048771
vn -0.021341 -0.084652 0.048771
vn -0.021341 -0.084652 0.048771
vn -0.021341 -0.084652 0.048771
vn -0.021341 -0.084652 0.048771
vn -0.021341 -0.084652 0.048771
vn -0.025287 -0.084652 0.046847
vn -0.025287 -0.084652 0.046847
vn -0.025287 -0.084652 0.046847
vn -0.025287 -0.084652 0.046847
vn -0.025287 -0.084652 0.046847
vn -0.025287 -0.084652 0.046847
vn -0.029061 -0.084652 0.044604
vn -0.029061 -0.084652 0.044604
vn -0.029061 -0.084652 0.044604
vn -0.029061 -0.084652 0.044604
vn -0.029061 -0.084652 0.044604
vn -0.029061 -0.084652 0.044604
vn -0.032638 -0.084652 0.042058
vn -0.032638 -0.084652 0.042058
vn -0.032638 -0.084652 0.042058
vn -0.032637 -0.084652 0.042057
vn -0.032637 -0.084652 0.042057
vn -0.032637 -0.084652 0.042057
vn -0.035992 -0.084652 0.039225
vn -0.035992 -0.084652 0.039225
vn -0.035992 -0.084652 0.039225
vn -0.035992 -0.084652 0.039225
vn -0.035992 -0.084652 0.039225
vn -0.035992 -0.084652 0.039225
vn -0.039102 -0.084652 0.036126
vn -0.039102 -0.084652 0.036126
vn -0.039102 -0.084652 0.036126
vn -0.039102 -0.084652 0.036126
vn -0.039102 -0.084652 0.036126
vn -0.039102 -0.084652 0.036126
vn -0.041946 -0.084652 0.032781
vn -0.041946 -0.084652 0.032781
vn -0.041946 -0.084652 0.032781
vn -0.041946 -0.084652 0.032781
vn -0.041946 -0.084652 0.032781
vn -0.041946 -0.084652 0.032781
vn -0.044504 -0.084652 0.029213
vn -0.044504 -0.084652 0.029213
vn -0.044504 -0.084652 0.029213
vn -0.044504 -0.084652 0.029213
vn -0.044504 -0.084652 0.029213
vn -0.044504 -0.084652 0.029213
vn -0.046760 -0.084652 0.025447
vn -0.046760 -0.084652 0.025447
vn -0.046760 -0.084652 0.025447
vn -0.046760 -0.084652 0.025447
vn -0.046760 -0.084652 0.025447
vn -0.046760 -0.084652 0.025447
vn -0.048698 -0.084652 0.021507
vn -0.048698 -0.084652 0.021507
vn -0.048698 -0.084652 0.021507
vn -0.048698 -0.084652 0.021507
vn -0.048698 -0.084652 0.021507
vn -0.048698 -0.084652 0.021507
vn -0.050304 -0.084652 0.017421
vn -0.050304 -0.084652 0.017421
vn -0.050304 -0.084652 0.017421
vn -0.050305 -0.084652 0.017421
vn -0.050305 -0.084652 0.017421
vn -0.050305 -0.084652 0.017421
vn -0.051569 -0.084652 0.013217
vn -0.051569 -0.084652 0.013217
vn -0.051569 -0.084652 0.013217
vn -0.051569 -0.084652 0.013217
vn -0.051569 -0.084652 0.013217
vn -0.051569 -0.084652 0.013217
vn -0.052483 -0.084652 0.008923
vn -0.052483 -0.084652 0.008923
vn -0.052483 -0.084652 0.008923
vn -0.052483 -0.084652 0.008923
vn -0.052483 -0.084652 0.008923
vn -0.052483 -0.084652 0.008923
vn -0.053039 -0.084652 0.004568
vn -0.053039 -0.084652 0.004568
vn -0.053039 -0.084652 0.004568
vn -0.053039 -0.084652 0.004568
vn -0.053039 -0.084652 0.004568
vn -0.053039 -0.084652 0.004568
vn -0.053235 -0.084652 0.000182
vn -0.053235 -0.084652 0.000182
vn -0.053235 -0.084652 0.000182
vn -0.053235 -0.084652 0.000182
vn -0.053235 -0.084652 0.000182
vn -0.053235 -0.084652 0.000182
vn -0.053069 -0.084652 -0.004205
vn -0.053069 -0.084652 -0.004205
vn -0.053069 -0.084652 -0.004205
vn -0.053069 -0.084652 -0.004205
vn -0.053069 -0.084652 -0.004205
vn -0.053069 -0.084652 -0.004205
vn -0.052542 -0.084652 -0.008564
vn -0.052542 -0.084652 -0.008564
vn -0.052542 -0.084652 -0.008564
vn -0.052542 -0.084652 -0.008564
vn -0.052542 -0.084652 -0.008564
vn -0.052542 -0.084652 -0.008564
vn -0.051658 -0.084652 -0.012864
vn -0.051658 -0.084652 -0.012864
vn -0.051658 -0.084652 -0.012864
vn -0.051658 -0.084652 -0.012864
vn -0.051658 -0.084652 -0.012864
vn -0.051658 -0.084652 -0.012864
vn -0.050422 -0.084652 -0.017077
vn -0.050422 -0.084652 -0.017077
vn -0.050422 -0.084652 -0.017077
vn -0.050423 -0.084652 -0.017077
vn -0.050423 -0.084652 -0.017077
vn -0.050423 -0.084652 -0.017077
vn -0.048844 -0.084652 -0.021174
vn -0.048844 -0.084652 -0.021174
vn -0.048844 -0.084652 -0.021174
vn -0.048844 -0.084652 -0.021174
vn -0.048844 -0.084652 -0.021174
vn -0.048844 -0.084652 -0.021174
vn -0.046933 -0.084652 -0.025127
vn -0.046933 -0.084652 -0.025127
vn -0.046933 -0.084652 -0.025127
vn -0.046933 -0.084652 -0.025127
vn -0.046933 -0.084652 -0.025127
vn -0.046933 -0.084652 -0.025127
vn -0.044703 -0.084652 -0.028908
vn -0.044703 -0.084652 -0.028908
vn -0.044703 -0.084652 -0.028908
vn -0.044703 -0.084652 -0.028908
vn -0.044703 -0.084652 -0.028908
vn -0.044703 -0.084652 -0.028908
vn -0.042169 -0.084652 -0.032494
vn -0.042169 -0.084652 -0.032494
vn -0.042169 -0.084652 -0.032494
vn -0.042169 -0.084652 -0.032493
vn -0.042169 -0.084652 -0.032493
vn -0.042169 -0.084652 -0.032493
vn -0.039348 -0.084652 -0.035858
vn -0.039348 -0.084652 -0.035858
vn -0.039348 -0.084652 -0.035858
vn -0.039348 -0.084652 -0.035858
vn -0.039348 -0.084652 -0.035858
vn -0.039348 -0.084652 -0.035858
vn -0.036260 -0.084652 -0.038978
vn -0.036260 -0.084652 -0.038978
vn -0.036260 -0.084652 -0.038978
vn -0.036260 -0.084652 -0.038978
vn -0.036260 -0.084652 -0.038978
vn -0.036260 -0.084652 -0.038978
vn -0.032925 -0.084652 -0.041834
vn -0.032925 -0.084652 -0.041834
vn -0.032925 -0.084652 -0.041834
vn -0.032925 -0.084652 -0.041833
vn -0.032925 -0.084652 -0.041833
vn -0.032925 -0.084652 -0.041833
vn -0.029365 -0.084652 -0.044404
vn -0.029365 -0.084652 -0.044404
vn -0.029365 -0.084652 -0.044404
vn -0.029365 -0.084652 -0.044404
vn -0.029365 -0.084652 -0.044404
vn -0.029365 -0.084652 -0.044404
vn -0.025607 -0.084652 -0.046673
vn -0.025607 -0.084652 -0.046673
vn -0.025607 -0.084652 -0.046673
vn -0.025607 -0.084652 -0.046673
vn -0.025607 -0.084652 -0.046673
vn -0.025607 -0.084652 -0.046673
vn 0.039021 -0.070681 -0.059005
vn 0.039021 -0.070681 -0.059005
vn 0.039021 -0.070681 -0.059005
vn 0.039021 -0.070681 -0.059005
vn 0.039021 -0.070681 -0.059005
vn 0.039021 -0.070681 -0.059005
vn 0.043751 -0.070681 -0.055589
vn 0.043751 -0.070681 -0.055589
vn 0.043751 -0.070681 -0.055589
vn 0.043750 -0.070681 -0.055589
vn 0.043750 -0.070681 -0.055589
vn 0.043750 -0.070681 -0.055589
vn 0.048182 -0.070681 -0.051795
vn 0.048182 -0.070681 -0.051795
vn 0.048182 -0.070681 -0.051795
vn 0.048182 -0.070681 -0.051795
vn 0.048182 -0.070681 -0.051795
vn 0.048182 -0.070681 -0.051795
vn 0.052286 -0.070681 -0.047648
vn 0.052286 -0.070681 -0.047648
vn 0.052286 -0.070681 -0.047648
vn 0.052287 -0.070680 -0.047648
vn 0.052287 -0.070680 -0.047648
vn 0.052287 -0.070680 -0.047648
vn 0.056035 -0.070680 -0.043178
vn 0.056035 -0.070680 -0.043178
vn 0.056035 -0.070680 -0.043178
vn 0.056035 -0.070681 -0.043178
vn 0.056035 -0.070681 -0.043178
vn 0.056035 -0.070681 -0.043178
vn 0.059402 -0.070681 -0.038414
vn 0.059402 -0.070681 -0.038414
vn 0.059402 -0.070681 -0.038414
vn 0.059402 -0.070681 -0.038414
vn 0.059402 -0.070681 -0.038414
vn 0.059402 -0.070681 -0.038414
vn 0.062365 -0.070681 -0.033389
vn 0.062365 -0.070681 -0.033389
vn 0.062365 -0.070681 -0.033389
vn 0.062365 -0.070681 -0.033389
vn 0.062365 -0.070681 -0.033389
vn 0.062365 -0.070681 -0.033389
vn 0.064904 -0.070681 -0.028136
vn 0.064904 -0.070681 -0.028136
vn 0.064904 -0.070681 -0.028136
vn 0.064905 -0.070681 -0.028136
vn 0.064905 -0.070681 -0.028136
vn 0.064905 -0.070681 -0.028136
vn 0.067002 -0.070681 -0.022692
vn 0.067002 -0.070681 -0.022692
vn 0.067002 -0.070681 -0.022692
vn 0.067002 -0.070681 -0.022692
vn 0.067002 -0.070681 -0.022692
vn 0.067002 -0.070681 -0.022692
vn 0.068644 -0.070681 -0.017094
vn 0.068644 -0.070681 -0.017094
vn 0.068644 -0.070681 -0.017094
vn 0.068644 -0.070681 -0.017094
vn 0.068644 -0.070681 -0.017094
vn 0.068644 -0.070681 -0.017094
vn 0.069819 -0.070681 -0.011380
vn 0.069819 -0.070681 -0.011380
vn 0.069819 -0.070681 -0.011380
vn 0.069819 -0.070681 -0.011380
vn 0.069819 -0.070681 -0.011380
vn 0.069819 -0.070681 -0.011380
vn 0.070519 -0.070681 -0.005588
vn 0.070519 -0.070681 -0.005588
vn 0.070519 -0.070681 -0.005588
vn 0.070520 -0.070681 -0.005588
vn 0.070520 -0.070681 -0.005588
vn 0.070520 -0.070681 -0.005588
vn 0.070740 -0.070681 0.000242
vn 0.070740 -0.070681 0.000242
vn 0.070740 -0.070681 0.000242
vn 0.070740 -0.070681 0.000242
vn 0.070740 -0.070681 0.000242
vn 0.070740 -0.070681 0.000242
vn 0.070480 -0.070681 0.006070
vn 0.070480 -0.070681 0.006070
vn 0.070480 -0.070681 0.006070
vn 0.070480 -0.070681 0.006070
vn 0.070480 -0.070681 0.006070
vn 0.070480 -0.070681 0.006070
vn 0.069740 -0.070681 0.011857
vn 0.069740 -0.070681 0.011857
vn 0.069740 -0.070681 0.011857
vn 0.069740 -0.070681 0.011857
vn 0.069740 -0.070681 0.011857
vn 0.069740 -0.070681 0.011857
vn 0.068526 -0.070681 0.017563
vn 0.068526 -0.070681 0.017563
vn 0.068526 -0.070681 0.017563
vn 0.068526 -0.070681 0.017563
vn 0.068526 -0.070681 0.017563
vn 0.068526 -0.070681 0.017563
vn 0.066845 -0.070681 0.023150
vn 0.066845 -0.070681 0.023150
vn 0.066845 -0.070681 0.023150
vn 0.066845 -0.070681 0.023150
vn 0.066845 -0.070681 0.023150
vn 0.066845 -0.070681 0.023150
vn 0.064711 -0.070681 0.028579
vn 0.064711 -0.070681 0.028579
vn 0.064711 -0.070681 0.028579
vn 0.064711 -0.070681 0.028579
vn 0.064711 -0.070681 0.028579
vn 0.064711 -0.070681 0.028579
vn 0.062136 -0.070681 0.033814
vn 0.062136 -0.070681 0.033814
vn 0.062136 -0.070681 0.033814
vn 0.062135 -0.070681 0.033814
vn 0.062135 -0.070681 0.033814
vn 0.062135 -0.070681 0.033814
vn 0.059138 -0.070681 0.038819
vn 0.059138 -0.070681 0.038819
vn 0.059138 -0.070681 0.038819
vn 0.059138 -0.070681 0.038819
vn 0.059138 -0.070681 0.038819
vn 0.059138 -0.070681 0.038819
vn 0.055738 -0.070681 0.043560
vn 0.055738 -0.070681 0.043560
vn 0.055738 -0.070681 0.043560
vn 0.055738 -0.070681 0.043560
vn 0.055738 -0.070681 0.043560
vn 0.055738 -0.070681 0.043560
vn 0.051959 -0.070681 0.048005
vn 0.051959 -0.070681 0.048005
vn 0.051959 -0.070681 0.048005
vn 0.051959 -0.070681 0.048005
vn 0.051959 -0.070681 0.048005
vn 0.051959 -0.070681 0.048005
vn 0.047827 -0.070681 0.052123
vn 0.047827 -0.070681 0.052123
vn 0.047827 -0.070681 0.052123
vn 0.047827 -0.070681 0.052123
vn 0.047827 -0.070681 0.052123
vn 0.047827 -0.070681 0.052123
vn 0.043369 -0.070681 0.055887
vn 0.043369 -0.070681 0.055887
vn 0.043369 -0.070681 0.055887
vn 0.043369 -0.070681 0.055887
vn 0.043369 -0.070681 0.055887
vn 0.043369 -0.070681 0.055887
vn 0.038617 -0.070681 0.059270
vn 0.038617 -0.070681 0.059270
vn 0.038617 -0.070681 0.059270
vn 0.038617 -0.070681 0.059270
vn 0.038617 -0.070681 0.059270
vn 0.038617 -0.070681 0.059270
vn 0.033602 -0.070681 0.062251
vn 0.033602 -0.070681 0.062251
vn 0.033602 -0.070681 0.062251
vn 0.033602 -0.070681 0.062251
vn 0.033602 -0.070681 0.062251
vn 0.033602 -0.070681 0.062251
vn 0.028358 -0.070681 0.064808
vn 0.028358 -0.070681 0.064808
vn 0.028358 -0.070681 0.064808
vn 0.028358 -0.070681 0.064808
vn 0.028358 -0.070681 0.064808
vn 0.028358 -0.070681 0.064808
vn 0.022921 -0.070681 0.066924
vn 0.022921 -0.070681 0.066924
vn 0.022921 -0.070681 0.066924
vn 0.022921 -0.070681 0.066924
vn 0.022921 -0.070681 0.066924
vn 0.022921 -0.070681 0.066924
vn 0.017329 -0.070681 0.068585
vn 0.017329 -0.070681 0.068585
vn 0.017329 -0.070681 0.068585
vn 0.017329 -0.070681 0.068585
vn 0.017329 -0.070681 0.068585
vn 0.017329 -0.070681 0.068585
vn 0.011618 -0.070681 0.069780
vn 0.011618 -0.070681 0.069780
vn 0.011618 -0.070681 0.069780
vn 0.011618 -0.070681 0.069780
vn 0.011618 -0.070681 0.069780
vn 0.011618 -0.070681 0.069780
vn 0.005829 -0.070681 0.070500
vn 0.005829 -0.070681 0.070500
vn 0.005829 -0.070681 0.070500
vn 0.005829 -0.070681 0.070500
vn 0.005829 -0.070681 0.070500
vn 0.005829 -0.070681 0.070500
vn 0.000000 -0.070681 0.070741
vn 0.000000 -0.070681 0.070741
vn 0.000000 -0.070681 0.070741
vn 0.000000 -0.070681 0.070741
vn -0.005829 -0.070681 0.070500
vn -0.005829 -0.070681 0.070500
vn -0.005829 -0.070681 0.070500
vn -0.005829 -0.070681 0.070500
vn -0.005829 -0.070681 0.070500
vn -0.005829 -0.070681 0.070500
vn -0.011618 -0.070681 0.069780
vn -0.011618 -0.070681 0.069780
vn -0.011618 -0.070681 0.069780
vn -0.011618 -0.070681 0.069780
vn -0.011618 -0.070681 0.069780
vn -0.011618 -0.070681 0.069780
vn -0.017329 -0.070681 0.068585
vn -0.017329 -0.070681 0.068585
vn -0.017329 -0.070681 0.068585
vn -0.017329 -0.070681 0.068585
vn -0.017329 -0.070681 0.068585
vn -0.017329 -0.070681 0.068585
vn -0.022921 -0.070681 0.066924
vn -0.022921 -0.070681 0.066924
vn -0.022921 -0.070681 0.066924
vn -0.022921 -0.070681 0.066924
vn -0.022921 -0.070681 0.066924
vn -0.022921 -0.070681 0.066924
vn -0.028358 -0.070681 0.064808
vn -0.028358 -0.070681 0.064808
vn -0.028358 -0.070681 0.064808
vn -0.028358 -0.070681 0.064808
vn -0.028358 -0.070681 0.064808
vn -0.028358 -0.070681 0.064808
vn -0.033602 -0.070681 0.062251
vn -0.033602 -0.070681 0.062251
vn -0.033602 -0.070681 0.062251
vn -0.033602 -0.070681 0.062251
vn -0.033602 -0.070681 0.062251
vn -0.033602 -0.070681 0.062251
vn -0.038617 -0.070681 0.059270
vn -0.038617 -0.070681 0.059270
vn -0.038617 -0.070681 0.059270
vn -0.038617 -0.070681 0.059270
vn -0.038617 -0.070681 0.059270
vn -0.038617 -0.070681 0.059270
vn -0.043369 -0.070681 0.055887
vn -0.043369 -0.070681 0.055887
vn -0.043369 -0.070681 0.055887
vn -0.043369 -0.070681 0.055887
vn -0.043369 -0.070681 0.055887
vn -0.043369 -0.070681 0.055887
vn -0.047827 -0.070681 0.052123
vn -0.047827 -0.070681 0.052123
vn -0.047827 -0.070681 0.052123
vn -0.047827 -0.070681 0.052123
vn -0.047827 -0.070681 0.052123
vn -0.047827 -0.070681 0.052123
vn -0.051959 -0.070681 0.048005
vn -0.051959 -0.070681 0.048005
vn -0.051959 -0.070681 0.048005
vn -0.051959 -0.070681 0.048005
vn -0.051959 -0.070681 0.048005
vn -0.051959 -0.070681 0.048005
vn -0.055738 -0.070681 0.043560
vn -0.055738 -0.070681 0.043560
vn -0.055738 -0.070681 0.043560
vn -0.055738 -0.070681 0.043560
vn -0.055738 -0.070681 0.043560
vn -0.055738 -0.070681 0.043560
vn -0.059138 -0.070681 0.038819
vn -0.059138 -0.070681 0.038819
vn -0.059138 -0.070681 0.038819
vn -0.059138 -0.070681 0.038819
vn -0.059138 -0.070681 0.038819
vn -0.059138 -0.070681 0.038819
vn -0.062135 -0.070681 0.033814
vn -0.062135 -0.070681 0.033814
vn -0.062135 -0.070681 0.033814
vn -0.062136 -0.070681 0.033814
vn -0.062136 -0.070681 0.033814
vn -0.062136 -0.070681 0.033814
vn -0.064711 -0.070681 0.028579
vn -0.064711 -0.070681 0.028579
vn -0.064711 -0.070681 0.028579
vn -0.064711 -0.070681 0.028579
vn -0.064711 -0.070681 0.028579
vn -0.064711 -0.070681 0.028579
vn -0.066846 -0.070681 0.023150
vn -0.066846 -0.070681 0.023150
vn -0.066846 -0.070681 0.023150
vn -0.066845 -0.070681 0.023150
vn -0.066845 -0.070681 0.023150
vn -0.066845 -0.070681 0.023150
vn -0.068526 -0.070681 0.017563
vn -0.068526 -0.070681 0.017563
vn -0.068526 -0.070681 0.017563
vn -0.068526 -0.070681 0.017563
vn -0.068526 -0.070681 0.017563
vn -0.068526 -0.070681 0.017563
vn -0.069740 -0.070681 0.011857
vn -0.069740 -0.070681 0.011857
vn -0.069740 -0.070681 0.011857
vn -0.069740 -0.070681 0.011857
vn -0.069740 -0.070681 0.011857
vn -0.069740 -0.070681 0.011857
vn -0.070480 -0.070681 0.006070
vn -0.070480 -0.070681 0.006070
vn -0.070480 -0.070681 0.006070
vn -0.070480 -0.070681 0.006070
vn -0.070480 -0.070681 0.006070
vn -0.070480 -0.070681 0.006070
vn -0.070740 -0.070681 0.000242
vn -0.070740 -0.070681 0.000242
vn -0.070740 -0.070681 0.000242
vn -0.070740 -0.070681 0.000242
vn -0.070740 -0.070681 0.000242
vn -0.070740 -0.070681 0.000242
vn -0.070520 -0.070681 -0.005588
vn -0.070520 -0.070681 -0.005588
vn -0.070520 -0.070681 -0.005588
vn -0.070520 -0.070681 -0.005588
vn -0.070520 -0.070681 -0.005588
vn -0.070520 -0.070681 -0.005588
vn -0.069819 -0.070681 -0.011380
vn -0.069819 -0.070681 -0.011380
vn -0.069819 -0.070681 -0.011380
vn -0.069819 -0.070681 -0.011380
vn -0.069819 -0.070681 -0.011380
vn -0.069819 -0.070681 -0.011380
vn -0.068644 -0.070681 -0.017094
vn -0.068644 -0.070681 -0.017094
vn -0.068644 -0.070681 -0.017094
vn -0.068644 -0.070681 -0.017094
vn -0.068644 -0.070681 -0.017094
vn -0.068644 -0.070681 -0.017094
vn -0.067002 -0.070681 -0.022692
vn -0.067002 -0.070681 -0.022692
vn -0.067002 -0.070681 -0.022692
vn -0.067002 -0.070681 -0.022692
vn -0.067002 -0.070681 -0.022692
vn -0.067002 -0.070681 -0.022692
vn -0.064905 -0.070681 -0.028136
vn -0.064905 -0.070681 -0.028136
vn -0.064905 -0.070681 -0.028136
vn -0.064904 -0.070681 -0.028136
vn -0.064904 -0.070681 -0.028136
vn -0.064904 -0.070681 -0.028136
vn -0.062365 -0.070681 -0.033389
vn -0.062365 -0.070681 -0.033389
vn -0.062365 -0.070681 -0.033389
vn -0.062365 -0.070681 -0.033389
vn -0.062365 -0.070681 -0.033389
vn -0.062365 -0.070681 -0.033389
vn -0.059402 -0.070681 -0.038414
vn -0.059402 -0.070681 -0.038414
vn -0.059402 -0.070681 -0.038414
vn -0.059402 -0.070681 -0.038414
vn -0.059402 -0.070681 -0.038414
vn -0.059402 -0.070681 -0.038414
vn -0.056035 -0.070681 -0.043178
vn -0.056035 -0.070681 -0.043178
vn -0.056035 -0.070681 -0.043178
vn -0.056035 -0.070680 -0.043178
vn -0.056035 -0.070680 -0.043178
vn -0.056035 -0.070680 -0.043178
vn -0.052287 -0.070680 -0.047649
vn -0.052287 -0.070680 -0.047649
vn -0.052287 -0.070680 -0.047649
vn -0.052286 -0.070681 -0.047648
vn -0.052286 -0.070681 -0.047648
vn -0.052286 -0.070681 -0.047648
vn -0.048182 -0.070681 -0.051795
vn -0.048182 -0.070681 -0.051795
vn -0.048182 -0.070681 -0.051795
vn -0.048182 -0.070681 -0.051795
vn -0.048182 -0.070681 -0.051795
vn -0.048182 -0.070681 -0.051795
vn -0.043750 -0.070681 -0.055589
vn -0.043750 -0.070681 -0.055589
vn -0.043750 -0.070681 -0.055589
vn -0.043751 -0.070681 -0.055589
vn -0.043751 -0.070681 -0.055589
vn -0.043751 -0.070681 -0.055589
vn -0.039021 -0.070681 -0.059005
vn -0.039021 -0.070681 -0.059005
vn -0.039021 -0.070681 -0.059005
vn -0.039021 -0.070681 -0.059005
vn -0.039021 -0.070681 -0.059005
vn -0.039021 -0.070681 -0.059005
vn -0.034027 -0.070681 -0.062020
vn -0.034027 -0.070681 -0.062020
vn -0.034027 -0.070681 -0.062020
vn -0.034027 -0.070681 -0.062020
vn -0.034027 -0.070681 -0.062020
vn -0.034027 -0.070681 -0.062020
vn 0.046717 -0.053171 -0.070642
vn 0.046717 -0.053171 -0.070642
vn 0.046717 -0.053171 -0.070642
vn 0.046717 -0.053171 -0.070642
vn 0.046717 -0.053171 -0.070642
vn 0.046717 -0.053171 -0.070642
vn 0.052379 -0.053171 -0.066553
vn 0.052379 -0.053171 -0.066553
vn 0.052379 -0.053171 -0.066553
vn 0.052379 -0.053171 -0.066553
vn 0.052379 -0.053171 -0.066553
vn 0.052379 -0.053171 -0.066553
vn 0.057685 -0.053171 -0.062010
vn 0.057685 -0.053171 -0.062010
vn 0.057685 -0.053171 -0.062010
vn 0.057685 -0.053171 -0.062010
vn 0.057685 -0.053171 -0.062010
vn 0.057685 -0.053171 -0.062010
vn 0.062599 -0.053171 -0.057046
vn 0.062599 -0.053171 -0.057046
vn 0.062599 -0.053171 -0.057046
vn 0.062598 -0.053172 -0.057046
vn 0.062598 -0.053172 -0.057046
vn 0.062598 -0.053172 -0.057046
vn 0.067086 -0.053172 -0.051694
vn 0.067086 -0.053172 -0.051694
vn 0.067086 -0.053172 -0.051694
vn 0.067086 -0.053171 -0.051694
vn 0.067086 -0.053171 -0.051694
vn 0.067086 -0.053171 -0.051694
vn 0.071118 -0.053171 -0.045990
vn 0.071118 -0.053171 -0.045990
vn 0.071118 -0.053171 -0.045990
vn 0.071118 -0.053171 -0.045990
vn 0.071118 -0.053171 -0.045990
vn 0.071118 -0.053171 -0.045990
vn 0.074665 -0.053171 -0.039974
vn 0.074665 -0.053171 -0.039974
vn 0.074665 -0.053171 -0.039974
vn 0.074666 -0.053171 -0.039974
vn 0.074666 -0.053171 -0.039974
vn 0.074666 -0.053171 -0.039974
vn 0.077705 -0.053171 -0.033685
vn 0.077705 -0.053171 -0.033685
vn 0.077705 -0.053171 -0.033685
vn 0.077705 -0.053171 -0.033685
vn 0.077705 -0.053171 -0.033685
vn 0.077705 -0.053171 -0.033685
vn 0.080217 -0.053171 -0.027168
vn 0.080217 -0.053171 -0.027168
vn 0.080217 -0.053171 -0.027168
vn 0.080217 -0.053171 -0.027168
vn 0.080217 -0.053171 -0.027168
vn 0.080217 -0.053171 -0.027168
vn 0.082183 -0.053171 -0.020466
vn 0.082183 -0.053171 -0.020466
vn 0.082183 -0.053171 -0.020466
vn 0.082183 -0.053171 -0.020466
vn 0.082183 -0.053171 -0.020466
vn 0.082183 -0.053171 -0.020466
vn 0.083590 -0.053171 -0.013624
vn 0.083590 -0.053171 -0.013624
vn 0.083590 -0.053171 -0.013624
vn 0.083590 -0.053171 -0.013624
vn 0.083590 -0.053171 -0.013624
vn 0.083590 -0.053171 -0.013624
vn 0.084428 -0.053171 -0.006690
vn 0.084428 -0.053171 -0.006690
vn 0.084428 -0.053171 -0.006690
vn 0.084428 -0.053171 -0.006690
vn 0.084428 -0.053171 -0.006690
vn 0.084428 -0.053171 -0.006690
vn 0.084692 -0.053171 0.000290
vn 0.084692 -0.053171 0.000290
vn 0.084692 -0.053171 0.000290
vn 0.084692 -0.053171 0.000290
vn 0.084692 -0.053171 0.000290
vn 0.084692 -0.053171 0.000290
vn 0.084380 -0.053171 0.007267
vn 0.084380 -0.053171 0.007267
vn 0.084380 -0.053171 0.007267
vn 0.084380 -0.053171 0.007267
vn 0.084380 -0.053171 0.007267
vn 0.084380 -0.053171 0.007267
vn 0.083494 -0.053171 0.014195
vn 0.083494 -0.053171 0.014195
vn 0.083494 -0.053171 0.014195
vn 0.083495 -0.053171 0.014196
vn 0.083495 -0.053171 0.014196
vn 0.083495 -0.053171 0.014196
vn 0.082041 -0.053171 0.021027
vn 0.082041 -0.053171 0.021027
vn 0.082041 -0.053171 0.021027
vn 0.082041 -0.053171 0.021027
vn 0.082041 -0.053171 0.021027
vn 0.082041 -0.053171 0.021027
vn 0.080029 -0.053171 0.027716
vn 0.080029 -0.053171 0.027716
vn 0.080029 -0.053171 0.027716
vn 0.080029 -0.053171 0.027716
vn 0.080029 -0.053171 0.027716
vn 0.080029 -0.053171 0.027716
vn 0.077473 -0.053171 0.034216
vn 0.077473 -0.053171 0.034216
vn 0.077473 -0.053171 0.034216
vn 0.077473 -0.053171 0.034216
vn 0.077473 -0.053171 0.034216
vn 0.077473 -0.053171 0.034216
vn 0.074390 -0.053171 0.040483
vn 0.074390 -0.053171 0.040483
vn 0.074390 -0.053171 0.040483
vn 0.074390 -0.053171 0.040483
vn 0.074390 -0.053171 0.040483
vn 0.074390 -0.053171 0.040483
vn 0.070802 -0.053171 0.046476
vn 0.070802 -0.053171 0.046476
vn 0.070802 -0.053171 0.046476
vn 0.070802 -0.053171 0.046476
vn 0.070802 -0.053171 0.046476
vn 0.070802 -0.053171 0.046476
vn 0.066731 -0.053171 0.052152
vn 0.066731 -0.053171 0.052152
vn 0.066731 -0.053171 0.052152
vn 0.066731 -0.053171 0.052152
vn 0.066731 -0.053171 0.052152
vn 0.066731 -0.053171 0.052152
vn 0.062207 -0.053171 0.057473
vn 0.062207 -0.053171 0.057473
vn 0.062207 -0.053171 0.057473
vn 0.062207 -0.053171 0.057473
vn 0.062207 -0.053171 0.057473
vn 0.062207 -0.053171 0.057473
vn 0.057260 -0.053171 0.062403
vn 0.057260 -0.053171 0.062403
vn 0.057260 -0.053171 0.062403
vn 0.057260 -0.053171 0.062403
vn 0.057260 -0.053171 0.062403
vn 0.057260 -0.053171 0.062403
vn 0.051923 -0.053171 0.066909
vn 0.051923 -0.053171 0.066909
vn 0.051923 -0.053171 0.066909
vn 0.051923 -0.053171 0.066909
vn 0.051923 -0.053171 0.066909
vn 0.051923 -0.053171 0.066909
vn 0.046233 -0.053171 0.070960
vn 0.046233 -0.053171 0.070960
vn 0.046233 -0.053171 0.070960
vn 0.046233 -0.053171 0.070960
vn 0.046233 -0.053171 0.070960
vn 0.046233 -0.053171 0.070960
vn 0.040229 -0.053171 0.074528
vn 0.040229 -0.053171 0.074528
vn 0.040229 -0.053171 0.074528
vn 0.040229 -0.053171 0.074528
vn 0.040229 -0.053171 0.074528
vn 0.040229 -0.053171 0.074528
vn 0.033951 -0.053171 0.077590
vn 0.033951 -0.053171 0.077590
vn 0.033951 -0.053171 0.077590
vn 0.033951 -0.053171 0.077590
vn 0.033951 -0.053171 0.077590
vn 0.033951 -0.053171 0.077590
vn 0.027442 -0.053171 0.080123
vn 0.027442 -0.053171 0.080123
vn 0.027442 -0.053171 0.080123
vn 0.027442 -0.053171 0.080124
vn 0.027442 -0.053171 0.080124
vn 0.027442 -0.053171 0.080124
vn 0.020747 -0.053171 0.082112
vn 0.020747 -0.053171 0.082112
vn 0.020747 -0.053171 0.082112
vn 0.020747 -0.053171 0.082112
vn 0.020747 -0.053171 0.082112
vn 0.020747 -0.053171 0.082112
vn 0.013910 -0.053171 0.083543
vn 0.013910 -0.053171 0.083543
vn 0.013910 -0.053171 0.083543
vn 0.013910 -0.053171 0.083543
vn 0.013910 -0.053171 0.083543
vn 0.013910 -0.053171 0.083543
vn 0.006979 -0.053171 0.084405
vn 0.006979 -0.053171 0.084405
vn 0.006979 -0.053171 0.084405
vn 0.006979 -0.053171 0.084405
vn 0.006979 -0.053171 0.084405
vn 0.006979 -0.053171 0.084405
vn 0.000000 -0.053171 0.084693
vn 0.000000 -0.053171 0.084693
vn 0.000000 -0.053171 0.084693
vn 0.000000 -0.053171 0.084693
vn -0.006979 -0.053171 0.084405
vn -0.006979 -0.053171 0.084405
vn -0.006979 -0.053171 0.084405
vn -0.006979 -0.053171 0.084405
vn -0.006979 -0.053171 0.084405
vn -0.006979 -0.053171 0.084405
vn -0.013910 -0.053171 0.083543
vn -0.013910 -0.053171 0.083543
vn -0.013910 -0.053171 0.083543
vn -0.013910 -0.053171 0.083543
vn -0.013910 -0.053171 0.083543
vn -0.013910 -0.053171 0.083543
vn -0.020747 -0.053171 0.082112
vn -0.020747 -0.053171 0.082112
vn -0.020747 -0.053171 0.082112
vn -0.020747 -0.053171 0.082112
vn -0.020747 -0.053171 0.082112
vn -0.020747 -0.053171 0.082112
vn -0.027442 -0.053171 0.080124
vn -0.027442 -0.053171 0.080124
vn -0.027442 -0.053171 0.080124
vn -0.027442 -0.053171 0.080123
vn -0.027442 -0.053171 0.080123
vn -0.027442 -0.053171 0.080123
vn -0.033951 -0.053171 0.077590
vn -0.033951 -0.053171 0.077590
vn -0.033951 -0.053171 0.077590
vn -0.033951 -0.053171 0.077590
vn -0.033951 -0.053171 0.077590
vn -0.033951 -0.053171 0.077590
vn -0.040229 -0.053171 0.074528
vn -0.040229 -0.053171 0.074528
vn -0.040229 -0.053171 0.074528
vn -0.040229 -0.053171 0.074528
vn -0.040229 -0.053171 0.074528
vn -0.040229 -0.053171 0.074528
vn -0.046233 -0.053171 0.070960
vn -0.046233 -0.053171 0.070960
vn -0.046233 -0.053171 0.070960
vn -0.046233 -0.053171 0.070960
vn -0.046233 -0.053171 0.070960
vn -0.046233 -0.053171 0.070960
vn -0.051923 -0.053171 0.066909
vn -0.051923 -0.053171 0.066909
vn -0.051923 -0.053171 0.066909
vn -0.051923 -0.053171 0.066909
vn -0.051923 -0.053171 0.066909
vn -0.051923 -0.053171 0.066909
vn -0.057260 -0.053171 0.062403
vn -0.057260 -0.053171 0.062403
vn -0.057260 -0.053171 0.062403
vn -0.057260 -0.053171 0.062403
vn -0.057260 -0.053171 0.062403
vn -0.057260 -0.053171 0.062403
vn -0.062207 -0.053171 0.057473
vn -0.062207 -0.053171 0.057473
vn -0.062207 -0.053171 0.057473
vn -0.062207 -0.053171 0.057473
vn -0.062207 -0.053171 0.057473
vn -0.062207 -0.053171 0.057473
vn -0.066731 -0.053171 0.052152
vn -0.066731 -0.053171 0.052152
vn -0.066731 -0.053171 0.052152
vn -0.066731 -0.053171 0.052152
vn -0.066731 -0.053171 0.052152
vn -0.066731 -0.053171 0.052152
vn -0.070802 -0.053171 0.046476
vn -0.070802 -0.053171 0.046476
vn -0.070802 -0.053171 0.046476
vn -0.070802 -0.053171 0.046476
vn -0.070802 -0.053171 0.046476
vn -0.070802 -0.053171 0.046476
vn -0.074390 -0.053171 0.040483
vn -0.074390 -0.053171 0.040483
vn -0.074390 -0.053171 0.040483
vn -0.074390 -0.053171 0.040483
vn -0.074390 -0.053171 0.040483
vn -0.074390 -0.053171 0.040483
vn -0.077473 -0.053171 0.034216
vn -0.077473 -0.053171 0.034216
vn -0.077473 -0.053171 0.034216
vn -0.077473 -0.053171 0.034216
vn -0.077473 -0.053171 0.034216
vn -0.077473 -0.053171 0.034216
vn -0.080029 -0.053171 0.027716
vn -0.080029 -0.053171 0.027716
vn -0.080029 -0.053171 0.027716
vn -0.080029 -0.053171 0.027716
vn -0.080029 -0.053171 0.027716
vn -0.080029 -0.053171 0.027716
vn -0.082041 -0.053171 0.021027
vn -0.082041 -0.053171 0.021027
vn -0.082041 -0.053171 0.021027
vn -0.082041 -0.053171 0.021027
vn -0.082041 -0.053171 0.021027
vn -0.082041 -0.053171 0.021027
vn -0.083495 -0.053171 0.014195
vn -0.083495 -0.053171 0.014195
vn -0.083495 -0.053171 0.014195
vn -0.083494 -0.053171 0.014196
vn -0.083494 -0.053171 0.014196
vn -0.083494 -0.053171 0.014196
vn -0.084380 -0.053171 0.007267
vn -0.084380 -0.053171 0.007267
vn -0.084380 -0.053171 0.007267
vn -0.084380 -0.053171 0.007267
vn -0.084380 -0.053171 0.007267
vn -0.084380 -0.053171 0.007267
vn -0.084692 -0.053171 0.000290
vn -0.084692 -0.053171 0.000290
vn -0.084692 -0.053171 0.000290
vn -0.084692 -0.053171 0.000290
vn -0.084692 -0.053171 0.000290
vn -0.084692 -0.053171 0.000290
vn -0.084428 -0.053171 -0.006690
vn -0.084428 -0.053171 -0.006690
vn -0.084428 -0.053171 -0.006690
vn -0.084428 -0.053171 -0.006690
vn -0.084428 -0.053171 -0.006690
vn -0.084428 -0.053171 -0.006690
vn -0.083590 -0.053171 -0.013624
vn -0.083590 -0.053171 -0.013624
vn -0.083590 -0.053171 -0.013624
vn -0.083590 -0.053171 -0.013624
vn -0.083590 -0.053171 -0.013624
vn -0.083590 -0.053171 -0.013624
vn -0.082183 -0.053171 -0.020465
vn -0.082183 -0.053171 -0.020465
vn -0.082183 -0.053171 -0.020465
vn -0.082183 -0.053171 -0.020466
vn -0.082183 -0.053171 -0.020466
vn -0.082183 -0.053171 -0.020466
vn -0.080217 -0.053171 -0.027168
vn -0.080217 -0.053171 -0.027168
vn -0.080217 -0.053171 -0.027168
vn -0.080217 -0.053171 -0.027168
vn -0.080217 -0.053171 -0.027168
vn -0.080217 -0.053171 -0.027168
vn -0.077705 -0.053171 -0.033685
vn -0.077705 -0.053171 -0.033685
vn -0.077705 -0.053171 -0.033685
vn -0.077705 -0.053171 -0.033685
vn -0.077705 -0.053171 -0.033685
vn -0.077705 -0.053171 -0.033685
vn -0.074666 -0.053171 -0.039974
vn -0.074666 -0.053171 -0.039974
vn -0.074666 -0.053171 -0.039974
vn -0.074666 -0.053171 -0.039974
vn -0.074666 -0.053171 -0.039974
vn -0.074666 -0.053171 -0.039974
vn -0.071118 -0.053171 -0.045990
vn -0.071118 -0.053171 -0.045990
vn -0.071118 -0.053171 -0.045990
vn -0.071118 -0.053171 -0.045990
vn -0.071118 -0.053171 -0.045990
vn -0.071118 -0.053171 -0.045990
vn -0.067086 -0.053171 -0.051694
vn -0.067086 -0.053171 -0.051694
vn -0.067086 -0.053171 -0.051694
vn -0.067086 -0.053172 -0.051694
vn -0.067086 -0.053172 -0.051694
vn -0.067086 -0.053172 -0.051694
vn -0.062599 -0.053172 -0.057046
vn -0.062599 -0.053172 -0.057046
vn -0.062599 -0.053172 -0.057046
vn -0.062599 -0.053171 -0.057046
vn -0.062599 -0.053171 -0.057046
vn -0.062599 -0.053171 -0.057046
vn -0.057685 -0.053171 -0.062010
vn -0.057685 -0.053171 -0.062010
vn -0.057685 -0.053171 -0.062010
vn -0.057685 -0.053171 -0.062010
vn -0.057685 -0.053171 -0.062010
vn -0.057685 -0.053171 -0.062010
vn -0.052379 -0.053171 -0.066553
vn -0.052379 -0.053171 -0.066553
vn -0.052379 -0.053171 -0.066553
vn -0.052379 -0.053171 -0.066553
vn -0.052379 -0.053171 -0.066553
vn -0.052379 -0.053171 -0.066553
vn -0.046717 -0.053171 -0.070642
vn -0.046717 -0.053171 -0.070642
vn -0.046717 -0.053171 -0.070642
vn -0.046717 -0.053171 -0.070642
vn -0.046717 -0.053171 -0.070642
vn -0.046717 -0.053171 -0.070642
vn -0.040738 -0.053171 -0.074251
vn -0.040738 -0.053171 -0.074251
vn -0.040738 -0.053171 -0.074251
vn -0.040738 -0.053171 -0.074252
vn -0.040738 -0.053171 -0.074252
vn -0.040738 -0.053171 -0.074252
vn 0.052070 -0.033003 -0.078737
vn 0.052070 -0.033003 -0.078737
vn 0.052070 -0.033003 -0.078737
vn 0.052070 -0.033003 -0.078737
vn 0.052070 -0.033003 -0.078737
vn 0.052070 -0.033003 -0.078737
vn 0.058381 -0.033003 -0.074178
vn 0.058381 -0.033003 -0.074178
vn 0.058381 -0.033003 -0.074178
vn 0.058381 -0.033003 -0.074178
vn 0.058381 -0.033003 -0.074178
vn 0.058381 -0.033003 -0.074178
vn 0.064295 -0.033003 -0.069116
vn 0.064295 -0.033003 -0.069116
vn 0.064295 -0.033003 -0.069116
vn 0.064295 -0.033003 -0.069116
vn 0.064295 -0.033003 -0.069116
vn 0.064295 -0.033003 -0.069116
vn 0.069771 -0.033003 -0.063583
vn 0.069771 -0.033003 -0.063583
vn 0.069771 -0.033003 -0.063583
vn 0.069772 -0.033003 -0.063583
vn 0.069772 -0.033003 -0.063583
vn 0.069772 -0.033003 -0.063583
vn 0.074774 -0.033003 -0.057617
vn 0.074774 -0.033003 -0.057617
vn 0.074774 -0.033003 -0.057617
vn 0.074773 -0.033003 -0.057617
vn 0.074773 -0.033003 -0.057617
vn 0.074773 -0.033003 -0.057617
vn 0.079267 -0.033003 -0.051260
vn 0.079267 -0.033003 -0.051260
vn 0.079267 -0.033003 -0.051260
vn 0.079267 -0.033003 -0.051260
vn 0.079267 -0.033003 -0.051260
vn 0.079267 -0.033003 -0.051260
vn 0.083221 -0.033003 -0.044554
vn 0.083221 -0.033003 -0.044554
vn 0.083221 -0.033003 -0.044554
vn 0.083221 -0.033003 -0.044554
vn 0.083221 -0.033003 -0.044554
vn 0.083221 -0.033003 -0.044554
vn 0.086609 -0.033003 -0.037545
vn 0.086609 -0.033003 -0.037545
vn 0.086609 -0.033003 -0.037545
vn 0.086609 -0.033003 -0.037545
vn 0.086609 -0.033003 -0.037545
vn 0.086609 -0.033003 -0.037545
vn 0.089409 -0.033003 -0.030281
vn 0.089409 -0.033003 -0.030281
vn 0.089409 -0.033003 -0.030281
vn 0.089408 -0.033003 -0.030281
vn 0.089408 -0.033003 -0.030281
vn 0.089408 -0.033003 -0.030281
vn 0.091599 -0.033003 -0.022811
vn 0.091599 -0.033003 -0.022811
vn 0.091599 -0.033003 -0.022811
vn 0.091600 -0.033003 -0.022810
vn 0.091600 -0.033003 -0.022810
vn 0.091600 -0.033003 -0.022810
vn 0.093168 -0.033003 -0.015185
vn 0.093168 -0.033003 -0.015185
vn 0.093168 -0.033003 -0.015185
vn 0.093168 -0.033003 -0.015185
vn 0.093168 -0.033003 -0.015185
vn 0.093168 -0.033003 -0.015185
vn 0.094102 -0.033002 -0.007456
vn 0.094102 -0.033002 -0.007456
vn 0.094102 -0.033002 -0.007456
vn 0.094102 -0.033003 -0.007457
vn 0.094102 -0.033003 -0.007457
vn 0.094102 -0.033003 -0.007457
vn 0.094397 -0.033003 0.000323
vn 0.094397 -0.033003 0.000323
vn 0.094397 -0.033003 0.000323
vn 0.094397 -0.033003 0.000323
vn 0.094397 -0.033003 0.000323
vn 0.094397 -0.033003 0.000323
vn 0.094049 -0.033003 0.008100
vn 0.094049 -0.033003 0.008100
vn 0.094049 -0.033003 0.008100
vn 0.094049 -0.033003 0.008100
vn 0.094049 -0.033003 0.008100
vn 0.094049 -0.033003 0.008100
vn 0.093062 -0.033003 0.015822
vn 0.093062 -0.033003 0.015822
vn 0.093062 -0.033003 0.015822
vn 0.093062 -0.033003 0.015822
vn 0.093062 -0.033003 0.015822
vn 0.093062 -0.033003 0.015822
vn 0.091441 -0.033003 0.023437
vn 0.091441 -0.033003 0.023437
vn 0.091441 -0.033003 0.023437
vn 0.091442 -0.033003 0.023437
vn 0.091442 -0.033003 0.023437
vn 0.091442 -0.033003 0.023437
vn 0.089199 -0.033003 0.030892
vn 0.089199 -0.033003 0.030892
vn 0.089199 -0.033003 0.030892
vn 0.089199 -0.033003 0.030892
vn 0.089199 -0.033003 0.030892
vn 0.089199 -0.033003 0.030892
vn 0.086351 -0.033003 0.038136
vn 0.086351 -0.033003 0.038136
vn 0.086351 -0.033003 0.038136
vn 0.086351 -0.033003 0.038137
vn 0.086351 -0.033003 0.038137
vn 0.086351 -0.033003 0.038137
vn 0.082914 -0.033003 0.045122
vn 0.082914 -0.033003 0.045122
vn 0.082914 -0.033003 0.045122
vn 0.082914 -0.033003 0.045122
vn 0.082914 -0.033003 0.045122
vn 0.082914 -0.033003 0.045122
vn 0.078914 -0.033003 0.051801
vn 0.078914 -0.033003 0.051801
vn 0.078914 -0.033003 0.051801
vn 0.078914 -0.033003 0.051801
vn 0.078914 -0.033003 0.051801
vn 0.078914 -0.033003 0.051801
vn 0.074378 -0.033003 0.058127
vn 0.074378 -0.033003 0.058127
vn 0.074378 -0.033003 0.058127
vn 0.074378 -0.033003 0.058127
vn 0.074378 -0.033003 0.058127
vn 0.074378 -0.033003 0.058127
vn 0.069335 -0.033003 0.064058
vn 0.069335 -0.033003 0.064058
vn 0.069335 -0.033003 0.064058
vn 0.069335 -0.033003 0.064058
vn 0.069335 -0.033003 0.064058
vn 0.069335 -0.033003 0.064058
vn 0.063821 -0.033003 0.069554
vn 0.063821 -0.033003 0.069554
vn 0.063821 -0.033003 0.069554
vn 0.063821 -0.033003 0.069554
vn 0.063821 -0.033003 0.069554
vn 0.063821 -0.033003 0.069554
vn 0.057873 -0.033003 0.074576
vn 0.057873 -0.033003 0.074576
vn 0.057873 -0.033003 0.074576
vn 0.057873 -0.033003 0.074576
vn 0.057873 -0.033003 0.074576
vn 0.057873 -0.033003 0.074576
vn 0.051531 -0.033003 0.079091
vn 0.051531 -0.033003 0.079091
vn 0.051531 -0.033003 0.079091
vn 0.051531 -0.033003 0.079091
vn 0.051531 -0.033003 0.079091
vn 0.051531 -0.033003 0.079091
vn 0.044838 -0.033003 0.083068
vn 0.044838 -0.033003 0.083068
vn 0.044838 -0.033003 0.083068
vn 0.044838 -0.033003 0.083068
vn 0.044838 -0.033003 0.083068
vn 0.044838 -0.033003 0.083068
vn 0.037841 -0.033003 0.086480
vn 0.037841 -0.033003 0.086480
vn 0.037841 -0.033003 0.086480
vn 0.037841 -0.033003 0.086480
vn 0.037841 -0.033003 0.086480
vn 0.037841 -0.033003 0.086480
vn 0.030586 -0.033003 0.089305
vn 0.030586 -0.033003 0.089305
vn 0.030586 -0.033003 0.089305
vn 0.030586 -0.033003 0.089304
vn 0.030586 -0.033003 0.089304
vn 0.030586 -0.033003 0.089304
vn 0.023124 -0.033003 0.091521
vn 0.023124 -0.033003 0.091521
vn 0.023124 -0.033003 0.091521
vn 0.023124 -0.033003 0.091521
vn 0.023124 -0.033003 0.091521
vn 0.023124 -0.033003 0.091521
vn 0.015504 -0.033003 0.093115
vn 0.015504 -0.033003 0.093115
vn 0.015504 -0.033003 0.093115
vn 0.015504 -0.033003 0.093115
vn 0.015504 -0.033003 0.093115
vn 0.015504 -0.033003 0.093115
vn 0.007778 -0.033003 0.094076
vn 0.007778 -0.033003 0.094076
vn 0.007778 -0.033003 0.094076
vn 0.007778 -0.033003 0.094076
vn 0.007778 -0.033003 0.094076
vn 0.007778 -0.033003 0.094076
vn 0.000000 -0.033003 0.094397
vn 0.000000 -0.033003 0.094397
vn 0.000000 -0.033003 0.094397
vn 0.000000 -0.033003 0.094397
vn -0.007778 -0.033003 0.094076
vn -0.007778 -0.033003 0.094076
vn -0.007778 -0.033003 0.094076
vn -0.007778 -0.033003 0.094076
vn -0.007778 -0.033003 0.094076
vn -0.007778 -0.033003 0.094076
vn -0.015504 -0.033003 0.093115
vn -0.015504 -0.033003 0.093115
vn -0.015504 -0.033003 0.093115
vn -0.015504 -0.033003 0.093115
vn -0.015504 -0.033003 0.093115
vn -0.015504 -0.033003 0.093115
vn -0.023124 -0.033003 0.091521
vn -0.023124 -0.033003 0.091521
vn -0.023124 -0.033003 0.091521
vn -0.023124 -0.033003 0.091521
vn -0.023124 -0.033003 0.091521
vn -0.023124 -0.033003 0.091521
vn -0.030586 -0.033003 0.089304
vn -0.030586 -0.033003 0.089304
vn -0.030586 -0.033003 0.089304
vn -0.030586 -0.033003 0.089305
vn -0.030586 -0.033003 0.089305
vn -0.030586 -0.033003 0.089305
vn -0.037841 -0.033003 0.086480
vn -0.037841 -0.033003 0.086480
vn -0.037841 -0.033003 0.086480
vn -0.037841 -0.033003 0.086480
vn -0.037841 -0.033003 0.086480
vn -0.037841 -0.033003 0.086480
vn -0.044838 -0.033003 0.083068
vn -0.044838 -0.033003 0.083068
vn -0.044838 -0.033003 0.083068
vn -0.044838 -0.033003 0.083068
vn -0.044838 -0.033003 0.083068
vn -0.044838 -0.033003 0.083068
vn -0.051531 -0.033003 0.079091
vn -0.051531 -0.033003 0.079091
vn -0.051531 -0.033003 0.079091
vn -0.051531 -0.033003 0.079091
vn -0.051531 -0.033003 0.079091
vn -0.051531 -0.033003 0.079091
vn -0.057872 -0.033003 0.074576
vn -0.057872 -0.033003 0.074576
vn -0.057872 -0.033003 0.074576
vn -0.057873 -0.033003 0.074576
vn -0.057873 -0.033003 0.074576
vn -0.057873 -0.033003 0.074576
vn -0.063821 -0.033003 0.069554
vn -0.063821 -0.033003 0.069554
vn -0.063821 -0.033003 0.069554
vn -0.063821 -0.033003 0.069554
vn -0.063821 -0.033003 0.069554
vn -0.063821 -0.033003 0.069554
vn -0.069335 -0.033003 0.064058
vn -0.069335 -0.033003 0.064058
vn -0.069335 -0.033003 0.064058
vn -0.069335 -0.033003 0.064058
vn -0.069335 -0.033003 0.064058
vn -0.069335 -0.033003 0.064058
vn -0.074378 -0.033003 0.058127
vn -0.074378 -0.033003 0.058127
vn -0.074378 -0.033003 0.058127
vn -0.074378 -0.033003 0.058127
vn -0.074378 -0.033003 0.058127
vn -0.074378 -0.033003 0.058127
vn -0.078914 -0.033003 0.051801
vn -0.078914 -0.033003 0.051801
vn -0.078914 -0.033003 0.051801
vn -0.078914 -0.033003 0.051801
vn -0.078914 -0.033003 0.051801
vn -0.078914 -0.033003 0.051801
vn -0.082914 -0.033003 0.045122
vn -0.082914 -0.033003 0.045122
vn -0.082914 -0.033003 0.045122
vn -0.082914 -0.033003 0.045122
vn -0.082914 -0.033003 0.045122
vn -0.082914 -0.033003 0.045122
vn -0.086351 -0.033003 0.038136
vn -0.086351 -0.033003 0.038136
vn -0.086351 -0.033003 0.038136
vn -0.086351 -0.033003 0.038137
vn -0.086351 -0.033003 0.038137
vn -0.086351 -0.033003 0.038137
vn -0.089199 -0.033003 0.030892
vn -0.089199 -0.033003 0.030892
vn -0.089199 -0.033003 0.030892
vn -0.089199 -0.033003 0.030892
vn -0.089199 -0.033003 0.030892
vn -0.089199 -0.033003 0.030892
vn -0.091442 -0.033003 0.023437
vn -0.091442 -0.033003 0.023437
vn -0.091442 -0.033003 0.023437
vn -0.091441 -0.033003 0.023437
vn -0.091441 -0.033003 0.023437
vn -0.091441 -0.033003 0.023437
vn -0.093062 -0.033003 0.015822
vn -0.093062 -0.033003 0.015822
vn -0.093062 -0.033003 0.015822
vn -0.093062 -0.033003 0.015822
vn -0.093062 -0.033003 0.015822
vn -0.093062 -0.033003 0.015822
vn -0.094049 -0.033003 0.008100
vn -0.094049 -0.033003 0.008100
vn -0.094049 -0.033003 0.008100
vn -0.094049 -0.033003 0.008100
vn -0.094049 -0.033003 0.008100
vn -0.094049 -0.033003 0.008100
vn -0.094397 -0.033003 0.000323
vn -0.094397 -0.033003 0.000323
vn -0.094397 -0.033003 0.000323
vn -0.094397 -0.033003 0.000323
vn -0.094397 -0.033003 0.000323
vn -0.094397 -0.033003 0.000323
vn -0.094102 -0.033003 -0.007456
vn -0.094102 -0.033003 -0.007456
vn -0.094102 -0.033003 -0.007456
vn -0.094102 -0.033002 -0.007457
vn -0.094102 -0.033002 -0.007457
vn -0.094102 -0.033002 -0.007457
vn -0.093168 -0.033003 -0.015185
vn -0.093168 -0.033003 -0.015185
vn -0.093168 -0.033003 -0.015185
vn -0.093168 -0.033003 -0.015185
vn -0.093168 -0.033003 -0.015185
vn -0.093168 -0.033003 -0.015185
vn -0.091600 -0.033003 -0.022811
vn -0.091600 -0.033003 -0.022811
vn -0.091600 -0.033003 -0.022811
vn -0.091600 -0.033003 -0.022810
vn -0.091600 -0.033003 -0.022810
vn -0.091600 -0.033003 -0.022810
vn -0.089408 -0.033003 -0.030281
vn -0.089408 -0.033003 -0.030281
vn -0.089408 -0.033003 -0.030281
vn -0.089409 -0.033003 -0.030281
vn -0.089409 -0.033003 -0.030281
vn -0.089409 -0.033003 -0.030281
vn -0.086609 -0.033003 -0.037545
vn -0.086609 -0.033003 -0.037545
vn -0.086609 -0.033003 -0.037545
vn -0.086609 -0.033003 -0.037545
vn -0.086609 -0.033003 -0.037545
vn -0.086609 -0.033003 -0.037545
vn -0.083221 -0.033003 -0.044554
vn -0.083221 -0.033003 -0.044554
vn -0.083221 -0.033003 -0.044554
vn -0.083221 -0.033003 -0.044554
vn -0.083221 -0.033003 -0.044554
vn -0.083221 -0.033003 -0.044554
vn -0.079267 -0.033003 -0.051260
vn -0.079267 -0.033003 -0.051260
vn -0.079267 -0.033003 -0.051260
vn -0.079267 -0.033003 -0.051260
vn -0.079267 -0.033003 -0.051260
vn -0.079267 -0.033003 -0.051260
vn -0.074773 -0.033003 -0.057617
vn -0.074773 -0.033003 -0.057617
vn -0.074773 -0.033003 -0.057617
vn -0.074773 -0.033003 -0.057617
vn -0.074773 -0.033003 -0.057617
vn -0.074773 -0.033003 -0.057617
vn -0.069771 -0.033003 -0.063583
vn -0.069771 -0.033003 -0.063583
vn -0.069771 -0.033003 -0.063583
vn -0.069771 -0.033003 -0.063583
vn -0.069771 -0.033003 -0.063583
vn -0.069771 -0.033003 -0.063583
vn -0.064295 -0.033003 -0.069115
vn -0.064295 -0.033003 -0.069115
vn -0.064295 -0.033003 -0.069115
vn -0.064295 -0.033003 -0.069116
vn -0.064295 -0.033003 -0.069116
vn -0.064295 -0.033003 -0.069116
vn -0.058381 -0.033003 -0.074178
vn -0.058381 -0.033003 -0.074178
vn -0.058381 -0.033003 -0.074178
vn -0.058381 -0.033003 -0.074178
vn -0.058381 -0.033003 -0.074178
vn -0.058381 -0.033003 -0.074178
vn -0.052070 -0.033003 -0.078737
vn -0.052070 -0.033003 -0.078737
vn -0.052070 -0.033003 -0.078737
vn -0.052070 -0.033003 -0.078737
vn -0.052070 -0.033003 -0.078737
vn -0.052070 -0.033003 -0.078737
vn -0.045405 -0.033003 -0.082760
vn -0.045405 -0.033003 -0.082760
vn -0.045405 -0.033003 -0.082760
vn -0.045405 -0.033003 -0.082760
vn -0.045405 -0.033003 -0.082760
vn -0.045405 -0.033003 -0.082760
vn -0.047799 -0.011187 -0.087121
vn -0.047799 -0.011187 -0.087121
vn -0.047799 -0.011187 -0.087121
vn -0.047799 -0.011187 -0.087121
vn -0.047799 -0.011187 -0.087121
vn -0.047799 -0.011187 -0.087121
vn -0.054815 -0.011187 -0.082887
vn -0.054815 -0.011187 -0.082887
vn -0.054815 -0.011187 -0.082887
vn -0.054815 -0.011187 -0.082887
vn -0.054815 -0.011187 -0.082887
vn -0.054815 -0.011187 -0.082887
vn -0.061458 -0.011187 -0.078088
vn -0.061458 -0.011187 -0.078088
vn -0.061458 -0.011187 -0.078088
vn -0.061458 -0.011187 -0.078088
vn -0.061458 -0.011187 -0.078088
vn -0.061458 -0.011187 -0.078088
vn -0.067684 -0.011187 -0.072758
vn -0.067684 -0.011187 -0.072758
vn -0.067684 -0.011187 -0.072758
vn -0.067684 -0.011187 -0.072758
vn -0.067684 -0.011187 -0.072758
vn -0.067684 -0.011187 -0.072758
vn -0.073449 -0.011187 -0.066934
vn -0.073449 -0.011187 -0.066934
vn -0.073449 -0.011187 -0.066934
vn -0.073449 -0.011187 -0.066934
vn -0.073449 -0.011187 -0.066934
vn -0.073449 -0.011187 -0.066934
vn -0.078714 -0.011187 -0.060654
vn -0.078714 -0.011187 -0.060654
vn -0.078714 -0.011187 -0.060654
vn -0.078714 -0.011186 -0.060654
vn -0.078714 -0.011186 -0.060654
vn -0.078714 -0.011186 -0.060654
vn -0.083445 -0.011186 -0.053962
vn -0.083445 -0.011186 -0.053962
vn -0.083445 -0.011186 -0.053962
vn -0.083445 -0.011187 -0.053961
vn -0.083445 -0.011187 -0.053961
vn -0.083445 -0.011187 -0.053961
vn -0.087607 -0.011187 -0.046902
vn -0.087607 -0.011187 -0.046902
vn -0.087607 -0.011187 -0.046902
vn -0.087607 -0.011187 -0.046902
vn -0.087607 -0.011187 -0.046902
vn -0.087607 -0.011187 -0.046902
vn -0.091174 -0.011187 -0.039524
vn -0.091174 -0.011187 -0.039524
vn -0.091174 -0.011187 -0.039524
vn -0.091174 -0.011187 -0.039524
vn -0.091174 -0.011187 -0.039524
vn -0.091174 -0.011187 -0.039524
vn -0.094121 -0.011187 -0.031877
vn -0.094121 -0.011187 -0.031877
vn -0.094121 -0.011187 -0.031877
vn -0.094121 -0.011187 -0.031877
vn -0.094121 -0.011187 -0.031877
vn -0.094121 -0.011187 -0.031877
vn -0.096427 -0.011187 -0.024013
vn -0.096427 -0.011187 -0.024013
vn -0.096427 -0.011187 -0.024013
vn -0.096427 -0.011187 -0.024013
vn -0.096427 -0.011187 -0.024013
vn -0.096427 -0.011187 -0.024013
vn -0.098078 -0.011187 -0.015986
vn -0.098078 -0.011187 -0.015986
vn -0.098078 -0.011187 -0.015986
vn -0.098078 -0.011187 -0.015985
vn -0.098078 -0.011187 -0.015985
vn -0.098078 -0.011187 -0.015985
vn -0.099062 -0.011187 -0.007849
vn -0.099062 -0.011187 -0.007849
vn -0.099062 -0.011187 -0.007849
vn -0.099062 -0.011187 -0.007850
vn -0.099062 -0.011187 -0.007850
vn -0.099062 -0.011187 -0.007850
vn -0.099372 -0.011187 0.000340
vn -0.099372 -0.011187 0.000340
vn -0.099372 -0.011187 0.000340
vn -0.099372 -0.011187 0.000340
vn -0.099372 -0.011187 0.000340
vn -0.099372 -0.011187 0.000340
vn -0.099006 -0.011187 0.008527
vn -0.099006 -0.011187 0.008527
vn -0.099006 -0.011187 0.008527
vn -0.099006 -0.011187 0.008527
vn -0.099006 -0.011187 0.008527
vn -0.099006 -0.011187 0.008527
vn -0.097966 -0.011187 0.016656
vn -0.097966 -0.011187 0.016656
vn -0.097966 -0.011187 0.016656
vn -0.097966 -0.011187 0.016656
vn -0.097966 -0.011187 0.016656
vn -0.097966 -0.011187 0.016656
vn -0.096261 -0.011187 0.024672
vn -0.096261 -0.011187 0.024672
vn -0.096261 -0.011187 0.024672
vn -0.096261 -0.011187 0.024672
vn -0.096261 -0.011187 0.024672
vn -0.096261 -0.011187 0.024672
vn -0.093900 -0.011187 0.032520
vn -0.093900 -0.011187 0.032520
vn -0.093900 -0.011187 0.032520
vn -0.093901 -0.011187 0.032520
vn -0.093901 -0.011187 0.032520
vn -0.093901 -0.011187 0.032520
vn -0.090902 -0.011187 0.040147
vn -0.090902 -0.011187 0.040147
vn -0.090902 -0.011187 0.040147
vn -0.090902 -0.011187 0.040147
vn -0.090902 -0.011187 0.040147
vn -0.090902 -0.011187 0.040147
vn -0.087284 -0.011187 0.047500
vn -0.087284 -0.011187 0.047500
vn -0.087284 -0.011187 0.047500
vn -0.087284 -0.011187 0.047500
vn -0.087284 -0.011187 0.047500
vn -0.087284 -0.011187 0.047500
vn -0.083074 -0.011187 0.054531
vn -0.083074 -0.011187 0.054531
vn -0.083074 -0.011187 0.054531
vn -0.083073 -0.011187 0.054531
vn -0.083073 -0.011187 0.054531
vn -0.083073 -0.011187 0.054531
vn -0.078298 -0.011187 0.061191
vn -0.078298 -0.011187 0.061191
vn -0.078298 -0.011187 0.061191
vn -0.078298 -0.011187 0.061191
vn -0.078298 -0.011187 0.061191
vn -0.078298 -0.011187 0.061191
vn -0.072989 -0.011187 0.067435
vn -0.072989 -0.011187 0.067435
vn -0.072989 -0.011187 0.067435
vn -0.072989 -0.011187 0.067435
vn -0.072989 -0.011187 0.067435
vn -0.072989 -0.011187 0.067435
vn -0.067185 -0.011187 0.073219
vn -0.067185 -0.011187 0.073219
vn -0.067185 -0.011187 0.073219
vn -0.067185 -0.011187 0.073219
vn -0.067185 -0.011187 0.073219
vn -0.067185 -0.011187 0.073219
vn -0.060923 -0.011187 0.078507
vn -0.060923 -0.011187 0.078507
vn -0.060923 -0.011187 0.078507
vn -0.060923 -0.011187 0.078507
vn -0.060923 -0.011187 0.078507
vn -0.060923 -0.011187 0.078507
vn -0.054247 -0.011187 0.083260
vn -0.054247 -0.011187 0.083260
vn -0.054247 -0.011187 0.083260
vn -0.054247 -0.011187 0.083260
vn -0.054247 -0.011187 0.083260
vn -0.054247 -0.011187 0.083260
vn -0.047202 -0.011187 0.087446
vn -0.047202 -0.011187 0.087446
vn -0.047202 -0.011187 0.087446
vn -0.047202 -0.011187 0.087446
vn -0.047202 -0.011187 0.087446
vn -0.047202 -0.011187 0.087446
vn -0.039836 -0.011187 0.091038
vn -0.039836 -0.011187 0.091038
vn -0.039836 -0.011187 0.091038
vn -0.039836 -0.011187 0.091038
vn -0.039836 -0.011187 0.091038
vn -0.039836 -0.011187 0.091038
vn -0.032198 -0.011187 0.094011
vn -0.032198 -0.011187 0.094011
vn -0.032198 -0.011187 0.094011
vn -0.032198 -0.011187 0.094011
vn -0.032198 -0.011187 0.094011
vn -0.032198 -0.011187 0.094011
vn -0.024342 -0.011187 0.096345
vn -0.024342 -0.011187 0.096345
vn -0.024342 -0.011187 0.096345
vn -0.024342 -0.011187 0.096345
vn -0.024342 -0.011187 0.096345
vn -0.024342 -0.011187 0.096345
vn -0.016321 -0.011187 0.098023
vn -0.016321 -0.011187 0.098023
vn -0.016321 -0.011187 0.098023
vn -0.016321 -0.011187 0.098023
vn -0.016321 -0.011187 0.098023
vn -0.016321 -0.011187 0.098023
vn -0.008188 -0.011187 0.099034
vn -0.008188 -0.011187 0.099034
vn -0.008188 -0.011187 0.099034
vn -0.008188 -0.011187 0.099034
vn -0.008188 -0.011187 0.099034
vn -0.008188 -0.011187 0.099034
vn 0.000000 -0.011187 0.099372
vn 0.000000 -0.011187 0.099372
vn 0.000000 -0.011187 0.099372
vn 0.000000 -0.011187 0.099372
vn 0.008188 -0.011187 0.099034
vn 0.008188 -0.011187 0.099034
vn 0.008188 -0.011187 0.099034
vn 0.008188 -0.011187 0.099034
vn 0.008188 -0.011187 0.099034
vn 0.008188 -0.011187 0.099034
vn 0.016321 -0.011187 0.098023
vn 0.016321 -0.011187 0.098023
vn 0.016321 -0.011187 0.098023
vn 0.016321 -0.011187 0.098023
vn 0.016321 -0.011187 0.098023
vn 0.016321 -0.011187 0.098023
vn 0.024342 -0.011187 0.096345
vn 0.024342 -0.011187 0.096345
vn 0.024342 -0.011187 0.096345
vn 0.024342 -0.011187 0.096345
vn 0.024342 -0.011187 0.096345
vn 0.024342 -0.011187 0.096345
vn 0.032198 -0.011187 0.094011
vn 0.032198 -0.011187 0.094011
vn 0.032198 -0.011187 0.094011
vn 0.032198 -0.011187 0.094011
vn 0.032198 -0.011187 0.094011
vn 0.032198 -0.011187 0.094011
vn 0.039836 -0.011187 0.091038
vn 0.039836 -0.011187 0.091038
vn 0.039836 -0.011187 0.091038
vn 0.039836 -0.011187 0.091038
vn 0.039836 -0.011187 0.091038
vn 0.039836 -0.011187 0.091038
vn 0.047202 -0.011187 0.087446
vn 0.047202 -0.011187 0.087446
vn 0.047202 -0.011187 0.087446
vn 0.047202 -0.011187 0.087446
vn 0.047202 -0.011187 0.087446
vn 0.047202 -0.011187 0.087446
vn 0.054247 -0.011187 0.083260
vn 0.054247 -0.011187 0.083260
vn 0.054247 -0.011187 0.083260
vn 0.054247 -0.011187 0.083260
vn 0.054247 -0.011187 0.083260
vn 0.054247 -0.011187 0.083260
vn 0.060923 -0.011187 0.078507
vn 0.060923 -0.011187 0.078507
vn 0.060923 -0.011187 0.078507
vn 0.060923 -0.011187 0.078507
vn 0.060923 -0.011187 0.078507
vn 0.060923 -0.011187 0.078507
vn 0.067185 -0.011187 0.073219
vn 0.067185 -0.011187 0.073219
vn 0.067185 -0.011187 0.073219
vn 0.067185 -0.011187 0.073219
vn 0.067185 -0.011187 0.073219
vn 0.067185 -0.011187 0.073219
vn 0.072989 -0.011187 0.067435
vn 0.072989 -0.011187 0.067435
vn 0.072989 -0.011187 0.067435
vn 0.072989 -0.011187 0.067434
vn 0.072989 -0.011187 0.067434
vn 0.072989 -0.011187 0.067434
vn 0.078298 -0.011187 0.061191
vn 0.078298 -0.011187 0.061191
vn 0.078298 -0.011187 0.061191
vn 0.078298 -0.011187 0.061191
vn 0.078298 -0.011187 0.061191
vn 0.078298 -0.011187 0.061191
vn 0.083074 -0.011187 0.054531
vn 0.083074 -0.011187 0.054531
vn 0.083074 -0.011187 0.054531
vn 0.083074 -0.011187 0.054531
vn 0.083074 -0.011187 0.054531
vn 0.083074 -0.011187 0.054531
vn 0.087284 -0.011187 0.047500
vn 0.087284 -0.011187 0.047500
vn 0.087284 -0.011187 0.047500
vn 0.087284 -0.011187 0.047500
vn 0.087284 -0.011187 0.047500
vn 0.087284 -0.011187 0.047500
vn 0.090902 -0.011187 0.040147
vn 0.090902 -0.011187 0.040147
vn 0.090902 -0.011187 0.040147
vn 0.090902 -0.011187 0.040146
vn 0.090902 -0.011187 0.040146
vn 0.090902 -0.011187 0.040146
vn 0.093901 -0.011187 0.032520
vn 0.093901 -0.011187 0.032520
vn 0.093901 -0.011187 0.032520
vn 0.093901 -0.011187 0.032520
vn 0.093901 -0.011187 0.032520
vn 0.093901 -0.011187 0.032520
vn 0.096261 -0.011187 0.024672
vn 0.096261 -0.011187 0.024672
vn 0.096261 -0.011187 0.024672
vn 0.096261 -0.011187 0.024672
vn 0.096261 -0.011187 0.024672
vn 0.096261 -0.011187 0.024672
vn 0.097966 -0.011187 0.016656
vn 0.097966 -0.011187 0.016656
vn 0.097966 -0.011187 0.016656
vn 0.097966 -0.011187 0.016656
vn 0.097966 -0.011187 0.016656
vn 0.097966 -0.011187 0.016656
vn 0.099006 -0.011187 0.008527
vn 0.099006 -0.011187 0.008527
vn 0.099006 -0.011187 0.008527
vn 0.099006 -0.011187 0.008527
vn 0.099006 -0.011187 0.008527
vn 0.099006 -0.011187 0.008527
vn 0.099372 -0.011187 0.000340
vn 0.099372 -0.011187 0.000340
vn 0.099372 -0.011187 0.000340
vn 0.099372 -0.011187 0.000340
vn 0.099372 -0.011187 0.000340
vn 0.099372 -0.011187 0.000340
vn 0.099062 -0.011187 -0.007849
vn 0.099062 -0.011187 -0.007849
vn 0.099062 -0.011187 -0.007849
vn 0.099062 -0.011187 -0.007850
vn 0.099062 -0.011187 -0.007850
vn 0.099062 -0.011187 -0.007850
vn 0.098078 -0.011187 -0.015986
vn 0.098078 -0.011187 -0.015986
vn 0.098078 -0.011187 -0.015986
vn 0.098078 -0.011187 -0.015985
vn 0.098078 -0.011187 -0.015985
vn 0.098078 -0.011187 -0.015985
vn 0.096427 -0.011187 -0.024013
vn 0.096427 -0.011187 -0.024013
vn 0.096427 -0.011187 -0.024013
vn 0.096427 -0.011187 -0.024013
vn 0.096427 -0.011187 -0.024013
vn 0.096427 -0.011187 -0.024013
vn 0.094121 -0.011187 -0.031877
vn 0.094121 -0.011187 -0.031877
vn 0.094121 -0.011187 -0.031877
vn 0.094121 -0.011187 -0.031877
vn 0.094121 -0.011187 -0.031877
vn 0.094121 -0.011187 -0.031877
vn 0.091174 -0.011187 -0.039524
vn 0.091174 -0.011187 -0.039524
vn 0.091174 -0.011187 -0.039524
vn 0.091174 -0.011187 -0.039524
vn 0.091174 -0.011187 -0.039524
vn 0.091174 -0.011187 -0.039524
vn 0.087607 -0.011187 -0.046902
vn 0.087607 -0.011187 -0.046902
vn 0.087607 -0.011187 -0.046902
vn 0.087607 -0.011187 -0.046902
vn 0.087607 -0.011187 -0.046902
vn 0.087607 -0.011187 -0.046902
vn 0.083445 -0.011187 -0.053962
vn 0.083445 -0.011187 -0.053962
vn 0.083445 -0.011187 -0.053962
vn 0.083445 -0.011186 -0.053962
vn 0.083445 -0.011186 -0.053962
vn 0.083445 -0.011186 -0.053962
vn 0.078714 -0.011186 -0.060654
vn 0.078714 -0.011186 -0.060654
vn 0.078714 -0.011186 -0.060654
vn 0.078714 -0.011187 -0.060654
vn 0.078714 -0.011187 -0.060654
vn 0.078714 -0.011187 -0.060654
vn 0.073449 -0.011187 -0.066934
vn 0.073449 -0.011187 -0.066934
vn 0.073449 -0.011187 -0.066934
vn 0.073449 -0.011187 -0.066934
vn 0.073449 -0.011187 -0.066934
vn 0.073449 -0.011187 -0.066934
vn 0.067684 -0.011187 -0.072758
vn 0.067684 -0.011187 -0.072758
vn 0.067684 -0.011187 -0.072758
vn 0.067684 -0.011187 -0.072758
vn 0.067684 -0.011187 -0.072758
vn 0.067684 -0.011187 -0.072758
vn 0.061458 -0.011187 -0.078088
vn 0.061458 -0.011187 -0.078088
vn 0.061458 -0.011187 -0.078088
vn 0.061458 -0.011187 -0.078088
vn 0.061458 -0.011187 -0.078088
vn 0.061458 -0.011187 -0.078088
vn 0.054815 -0.011187 -0.082887
vn 0.054815 -0.011187 -0.082887
vn 0.054815 -0.011187 -0.082887
vn 0.054815 -0.011187 -0.082887
vn 0.054815 -0.011187 -0.082887
vn 0.054815 -0.011187 -0.082887
vn 0.047799 -0.011187 -0.087121
vn 0.047799 -0.011187 -0.087121
vn 0.047799 -0.011187 -0.087121
vn 0.047799 -0.011187 -0.087121
vn 0.047799 -0.011187 -0.087121
vn 0.047799 -0.011187 -0.087121
vn 0.045405 -0.033003 -0.082760
vn 0.045405 -0.033003 -0.082760
vn 0.045405 -0.033003 -0.082760
vn 0.045405 -0.033003 -0.082760
vn 0.045405 -0.033003 -0.082760
vn 0.045405 -0.033003 -0.082760
vn 0.040737 -0.053171 -0.074251
vn 0.040737 -0.053171 -0.074251
vn 0.040737 -0.053171 -0.074251
vn 0.040738 -0.053171 -0.074252
vn 0.040738 -0.053171 -0.074252
vn 0.040738 -0.053171 -0.074252
vn 0.034027 -0.070681 -0.062020
vn 0.034027 -0.070681 -0.062020
vn 0.034027 -0.070681 -0.062020
vn 0.034027 -0.070681 -0.062020
vn 0.034027 -0.070681 -0.062020
vn 0.034027 -0.070681 -0.062020
vn 0.025607 -0.084652 -0.046673
vn 0.025607 -0.084652 -0.046673
vn 0.025607 -0.084652 -0.046673
vn 0.025607 -0.084652 -0.046673
vn 0.025607 -0.084652 -0.046673
vn 0.025607 -0.084652 -0.046673
vn 0.015899 -0.094379 -0.028978
vn 0.015899 -0.094379 -0.028978
vn 0.015899 -0.094379 -0.028978
vn 0.015899 -0.094379 -0.028978
vn 0.015899 -0.094379 -0.028978
vn 0.015899 -0.094379 -0.028978
vn 0.005390 -0.099370 -0.009824
vn 0.005390 -0.099370 -0.009824
vn 0.005390 -0.099370 -0.009824
vn 0.005375 -0.099380 -0.009734
vn 0.005375 -0.099380 -0.009734
vn 0.005375 -0.099380 -0.009734
vn -0.098132 -0.009903 -0.016495
vn -0.098132 -0.009903 -0.016495
vn -0.098132 -0.009903 -0.016495
vn -0.096914 -0.013730 -0.020471
vn -0.096914 -0.013730 -0.020471
vn -0.096914 -0.013730 -0.020471
vn -0.095740 -0.009476 -0.027278
vn -0.095740 -0.009476 -0.027278
vn -0.095740 -0.009476 -0.027278
vn -0.093151 -0.013730 -0.033681
vn -0.093151 -0.013730 -0.033681
vn -0.093151 -0.013730 -0.033681
vn -0.092090 -0.009903 -0.037702
vn -0.092090 -0.009903 -0.037702
vn -0.092090 -0.009903 -0.037702
vn -0.087697 -0.012879 -0.046297
vn -0.087697 -0.012879 -0.046297
vn -0.087697 -0.012879 -0.046297
vn -0.087227 -0.011179 -0.047608
vn -0.087227 -0.011179 -0.047608
vn -0.087227 -0.011179 -0.047608
vn -0.081415 -0.011179 -0.056979
vn -0.081415 -0.011179 -0.056979
vn -0.081415 -0.011179 -0.056979
vn -0.080449 -0.012879 -0.057983
vn -0.080449 -0.012879 -0.057983
vn -0.080449 -0.012879 -0.057983
vn -0.074702 -0.009903 -0.065738
vn -0.074702 -0.009903 -0.065738
vn -0.074702 -0.009903 -0.065738
vn -0.071572 -0.013730 -0.068476
vn -0.071572 -0.013730 -0.068476
vn -0.071572 -0.013730 -0.068476
vn -0.066987 -0.009476 -0.073641
vn -0.066987 -0.009476 -0.073641
vn -0.066987 -0.009476 -0.073641
vn -0.061411 -0.013730 -0.077718
vn -0.061411 -0.013730 -0.077718
vn -0.061411 -0.013730 -0.077718
vn -0.058391 -0.009903 -0.080576
vn -0.058391 -0.009903 -0.080576
vn -0.058391 -0.009903 -0.080576
vn -0.050127 -0.012879 -0.085565
vn -0.050127 -0.012879 -0.085565
vn -0.050127 -0.012879 -0.085565
vn -0.049037 -0.011179 -0.086432
vn -0.049037 -0.011179 -0.086432
vn -0.049037 -0.011179 -0.086432
vn -0.093098 -0.032983 -0.015649
vn -0.093098 -0.032983 -0.015649
vn -0.093098 -0.032983 -0.015649
vn -0.093098 -0.032982 -0.015649
vn -0.093098 -0.032982 -0.015649
vn -0.093098 -0.032982 -0.015649
vn -0.090791 -0.032982 -0.025868
vn -0.090791 -0.032982 -0.025868
vn -0.090791 -0.032982 -0.025868
vn -0.090791 -0.032982 -0.025868
vn -0.090791 -0.032982 -0.025868
vn -0.090791 -0.032982 -0.025868
vn -0.087366 -0.032982 -0.035768
vn -0.087366 -0.032982 -0.035768
vn -0.087366 -0.032982 -0.035768
vn -0.087366 -0.032983 -0.035768
vn -0.087366 -0.032983 -0.035768
vn -0.087366 -0.032983 -0.035768
vn -0.082865 -0.032983 -0.045227
vn -0.082865 -0.032983 -0.045227
vn -0.082865 -0.032983 -0.045227
vn -0.082865 -0.032983 -0.045227
vn -0.082865 -0.032983 -0.045227
vn -0.082865 -0.032983 -0.045227
vn -0.077344 -0.032983 -0.054130
vn -0.077344 -0.032983 -0.054130
vn -0.077344 -0.032983 -0.054130
vn -0.077344 -0.032983 -0.054130
vn -0.077344 -0.032983 -0.054130
vn -0.077344 -0.032983 -0.054130
vn -0.070870 -0.032983 -0.062366
vn -0.070870 -0.032983 -0.062366
vn -0.070870 -0.032983 -0.062366
vn -0.070870 -0.032983 -0.062366
vn -0.070870 -0.032983 -0.062366
vn -0.070870 -0.032983 -0.062366
vn -0.063524 -0.032983 -0.069834
vn -0.063524 -0.032983 -0.069834
vn -0.063524 -0.032983 -0.069834
vn -0.063524 -0.032983 -0.069834
vn -0.063524 -0.032983 -0.069834
vn -0.063524 -0.032983 -0.069834
vn -0.055396 -0.032983 -0.076443
vn -0.055396 -0.032983 -0.076443
vn -0.055396 -0.032983 -0.076443
vn -0.055395 -0.032982 -0.076443
vn -0.055395 -0.032982 -0.076443
vn -0.055395 -0.032982 -0.076443
vn -0.046585 -0.032982 -0.082110
vn -0.046585 -0.032982 -0.082110
vn -0.046585 -0.032982 -0.082110
vn -0.046585 -0.032983 -0.082109
vn -0.046585 -0.032983 -0.082109
vn -0.046585 -0.032983 -0.082109
vn -0.083537 -0.053145 -0.014042
vn -0.083537 -0.053145 -0.014042
vn -0.083537 -0.053145 -0.014042
vn -0.083537 -0.053145 -0.014042
vn -0.083537 -0.053145 -0.014042
vn -0.083537 -0.053145 -0.014042
vn -0.081467 -0.053145 -0.023211
vn -0.081467 -0.053145 -0.023211
vn -0.081467 -0.053145 -0.023211
vn -0.081467 -0.053145 -0.023211
vn -0.081467 -0.053145 -0.023211
vn -0.081467 -0.053145 -0.023211
vn -0.078394 -0.053145 -0.032094
vn -0.078394 -0.053145 -0.032094
vn -0.078394 -0.053145 -0.032094
vn -0.078394 -0.053145 -0.032095
vn -0.078394 -0.053145 -0.032095
vn -0.078394 -0.053145 -0.032095
vn -0.074355 -0.053145 -0.040583
vn -0.074355 -0.053145 -0.040583
vn -0.074355 -0.053145 -0.040583
vn -0.074355 -0.053145 -0.040583
vn -0.074355 -0.053145 -0.040583
vn -0.074355 -0.053145 -0.040583
vn -0.069401 -0.053145 -0.048571
vn -0.069401 -0.053145 -0.048571
vn -0.069401 -0.053145 -0.048571
vn -0.069401 -0.053145 -0.048571
vn -0.069401 -0.053145 -0.048571
vn -0.069401 -0.053145 -0.048571
vn -0.063592 -0.053144 -0.055962
vn -0.063592 -0.053144 -0.055962
vn -0.063592 -0.053144 -0.055962
vn -0.063592 -0.053145 -0.055961
vn -0.063592 -0.053145 -0.055961
vn -0.063592 -0.053145 -0.055961
vn -0.057000 -0.053145 -0.062663
vn -0.057000 -0.053145 -0.062663
vn -0.057000 -0.053145 -0.062663
vn -0.057000 -0.053145 -0.062662
vn -0.057000 -0.053145 -0.062662
vn -0.057000 -0.053145 -0.062662
vn -0.049706 -0.053145 -0.068592
vn -0.049706 -0.053145 -0.068592
vn -0.049706 -0.053145 -0.068592
vn -0.049706 -0.053145 -0.068592
vn -0.049706 -0.053145 -0.068592
vn -0.049706 -0.053145 -0.068592
vn -0.041801 -0.053145 -0.073677
vn -0.041801 -0.053145 -0.073677
vn -0.041801 -0.053145 -0.073677
vn -0.041801 -0.053144 -0.073677
vn -0.041801 -0.053144 -0.073677
vn -0.041801 -0.053144 -0.073677
vn -0.069786 -0.070656 -0.011731
vn -0.069786 -0.070656 -0.011731
vn -0.069786 -0.070656 -0.011731
vn -0.069786 -0.070656 -0.011731
vn -0.069786 -0.070656 -0.011731
vn -0.069786 -0.070656 -0.011731
vn -0.068057 -0.070656 -0.019390
vn -0.068057 -0.070656 -0.019390
vn -0.068057 -0.070656 -0.019390
vn -0.068057 -0.070656 -0.019390
vn -0.068057 -0.070656 -0.019390
vn -0.068057 -0.070656 -0.019390
vn -0.065489 -0.070656 -0.026811
vn -0.065489 -0.070656 -0.026811
vn -0.065489 -0.070656 -0.026811
vn -0.065489 -0.070656 -0.026811
vn -0.065489 -0.070656 -0.026811
vn -0.065489 -0.070656 -0.026811
vn -0.062115 -0.070656 -0.033902
vn -0.062115 -0.070656 -0.033902
vn -0.062115 -0.070656 -0.033902
vn -0.062115 -0.070656 -0.033902
vn -0.062115 -0.070656 -0.033902
vn -0.062115 -0.070656 -0.033902
vn -0.057977 -0.070656 -0.040576
vn -0.057977 -0.070656 -0.040576
vn -0.057977 -0.070656 -0.040576
vn -0.057977 -0.070656 -0.040576
vn -0.057977 -0.070656 -0.040576
vn -0.057977 -0.070656 -0.040576
vn -0.053124 -0.070656 -0.046749
vn -0.053124 -0.070656 -0.046749
vn -0.053124 -0.070656 -0.046749
vn -0.053124 -0.070656 -0.046749
vn -0.053124 -0.070656 -0.046749
vn -0.053124 -0.070656 -0.046749
vn -0.047617 -0.070656 -0.052347
vn -0.047617 -0.070656 -0.052347
vn -0.047617 -0.070656 -0.052347
vn -0.047617 -0.070656 -0.052347
vn -0.047617 -0.070656 -0.052347
vn -0.047617 -0.070656 -0.052347
vn -0.041524 -0.070656 -0.057301
vn -0.041524 -0.070656 -0.057301
vn -0.041524 -0.070656 -0.057301
vn -0.041524 -0.070656 -0.057301
vn -0.041524 -0.070656 -0.057301
vn -0.041524 -0.070656 -0.057301
vn -0.034920 -0.070656 -0.061549
vn -0.034920 -0.070656 -0.061549
vn -0.034920 -0.070656 -0.061549
vn -0.034920 -0.070656 -0.061549
vn -0.034920 -0.070656 -0.061549
vn -0.034920 -0.070656 -0.061549
vn -0.052525 -0.084635 -0.008829
vn -0.052525 -0.084635 -0.008829
vn -0.052525 -0.084635 -0.008829
vn -0.052525 -0.084635 -0.008829
vn -0.052525 -0.084635 -0.008829
vn -0.052525 -0.084635 -0.008829
vn -0.051224 -0.084635 -0.014594
vn -0.051224 -0.084635 -0.014594
vn -0.051224 -0.084635 -0.014594
vn -0.051224 -0.084635 -0.014594
vn -0.051224 -0.084635 -0.014594
vn -0.051224 -0.084635 -0.014594
vn -0.049291 -0.084635 -0.020180
vn -0.049291 -0.084635 -0.020180
vn -0.049291 -0.084635 -0.020180
vn -0.049291 -0.084635 -0.020180
vn -0.049291 -0.084635 -0.020180
vn -0.049291 -0.084635 -0.020180
vn -0.046752 -0.084635 -0.025517
vn -0.046752 -0.084635 -0.025517
vn -0.046752 -0.084635 -0.025517
vn -0.046752 -0.084635 -0.025517
vn -0.046752 -0.084635 -0.025517
vn -0.046752 -0.084635 -0.025517
vn -0.043637 -0.084635 -0.030540
vn -0.043637 -0.084635 -0.030540
vn -0.043637 -0.084635 -0.030540
vn -0.043637 -0.084635 -0.030540
vn -0.043637 -0.084635 -0.030540
vn -0.043637 -0.084635 -0.030540
vn -0.039985 -0.084635 -0.035187
vn -0.039985 -0.084635 -0.035187
vn -0.039985 -0.084635 -0.035187
vn -0.039985 -0.084635 -0.035186
vn -0.039985 -0.084635 -0.035186
vn -0.039985 -0.084635 -0.035186
vn -0.035840 -0.084635 -0.039400
vn -0.035840 -0.084635 -0.039400
vn -0.035840 -0.084635 -0.039400
vn -0.035840 -0.084635 -0.039400
vn -0.035840 -0.084635 -0.039400
vn -0.035840 -0.084635 -0.039400
vn -0.031254 -0.084635 -0.043129
vn -0.031254 -0.084635 -0.043129
vn -0.031254 -0.084635 -0.043129
vn -0.031254 -0.084635 -0.043128
vn -0.031254 -0.084635 -0.043128
vn -0.031254 -0.084635 -0.043128
vn -0.026283 -0.084635 -0.046326
vn -0.026283 -0.084635 -0.046326
vn -0.026283 -0.084635 -0.046326
vn -0.026283 -0.084635 -0.046326
vn -0.026283 -0.084635 -0.046326
vn -0.026283 -0.084635 -0.046326
vn -0.032616 -0.094372 -0.005483
vn -0.032616 -0.094372 -0.005483
vn -0.032616 -0.094372 -0.005483
vn -0.032616 -0.094372 -0.005483
vn -0.032616 -0.094372 -0.005483
vn -0.032616 -0.094372 -0.005483
vn -0.031808 -0.094372 -0.009063
vn -0.031808 -0.094372 -0.009063
vn -0.031808 -0.094372 -0.009063
vn -0.031808 -0.094372 -0.009062
vn -0.031808 -0.094372 -0.009062
vn -0.031808 -0.094372 -0.009062
vn -0.030608 -0.094372 -0.012531
vn -0.030608 -0.094372 -0.012531
vn -0.030608 -0.094372 -0.012531
vn -0.030608 -0.094372 -0.012531
vn -0.030608 -0.094372 -0.012531
vn -0.030608 -0.094372 -0.012531
vn -0.029031 -0.094372 -0.015845
vn -0.029031 -0.094372 -0.015845
vn -0.029031 -0.094372 -0.015845
vn -0.029031 -0.094372 -0.015845
vn -0.029031 -0.094372 -0.015845
vn -0.029031 -0.094372 -0.015845
vn -0.027097 -0.094372 -0.018964
vn -0.027097 -0.094372 -0.018964
vn -0.027097 -0.094372 -0.018964
vn -0.027097 -0.094372 -0.018964
vn -0.027097 -0.094372 -0.018964
vn -0.027097 -0.094372 -0.018964
vn -0.024829 -0.094372 -0.021849
vn -0.024829 -0.094372 -0.021849
vn -0.024829 -0.094372 -0.021849
vn -0.024829 -0.094372 -0.021849
vn -0.024829 -0.094372 -0.021849
vn -0.024829 -0.094372 -0.021849
vn -0.022255 -0.094372 -0.024466
vn -0.022255 -0.094372 -0.024466
vn -0.022255 -0.094372 -0.024466
vn -0.022255 -0.094372 -0.024466
vn -0.022255 -0.094372 -0.024466
vn -0.022255 -0.094372 -0.024466
vn -0.019407 -0.094372 -0.026781
vn -0.019407 -0.094372 -0.026781
vn -0.019407 -0.094372 -0.026781
vn -0.019407 -0.094372 -0.026781
vn -0.019407 -0.094372 -0.026781
vn -0.019407 -0.094372 -0.026781
vn -0.016321 -0.094372 -0.028766
vn -0.016321 -0.094372 -0.028766
vn -0.016321 -0.094372 -0.028766
vn -0.016321 -0.094372 -0.028766
vn -0.016321 -0.094372 -0.028766
vn -0.016321 -0.094372 -0.028766
vn -0.005533 -0.099369 -0.009753
vn -0.005533 -0.099369 -0.009753
vn -0.005533 -0.099369 -0.009753
vn -0.005652 -0.099356 -0.009820
vn -0.005652 -0.099356 -0.009820
vn -0.005652 -0.099356 -0.009820
vn -0.006518 -0.099381 -0.008995
vn -0.006518 -0.099381 -0.008995
vn -0.006518 -0.099381 -0.008995
vn -0.006871 -0.099346 -0.009122
vn -0.006871 -0.099346 -0.009122
vn -0.006871 -0.099346 -0.009122
vn -0.007423 -0.099390 -0.008160
vn -0.007423 -0.099390 -0.008160
vn -0.007423 -0.099390 -0.008160
vn -0.007986 -0.099338 -0.008253
vn -0.007986 -0.099338 -0.008253
vn -0.007986 -0.099338 -0.008253
vn -0.008243 -0.099395 -0.007253
vn -0.008243 -0.099395 -0.007253
vn -0.008243 -0.099395 -0.007253
vn -0.008972 -0.099334 -0.007233
vn -0.008972 -0.099334 -0.007233
vn -0.008972 -0.099334 -0.007233
vn -0.008975 -0.099398 -0.006281
vn -0.008975 -0.099398 -0.006281
vn -0.008975 -0.099398 -0.006281
vn -0.009805 -0.099332 -0.006081
vn -0.009805 -0.099332 -0.006081
vn -0.009805 -0.099332 -0.006081
vn -0.009615 -0.099398 -0.005248
vn -0.009615 -0.099398 -0.005248
vn -0.009615 -0.099398 -0.005248
vn -0.010466 -0.099334 -0.004822
vn -0.010466 -0.099334 -0.004822
vn -0.010466 -0.099334 -0.004822
vn -0.010161 -0.099395 -0.004160
vn -0.010161 -0.099395 -0.004160
vn -0.010161 -0.099395 -0.004160
vn -0.010943 -0.099338 -0.003486
vn -0.010943 -0.099338 -0.003486
vn -0.010943 -0.099338 -0.003486
vn -0.010609 -0.099390 -0.003023
vn -0.010609 -0.099390 -0.003023
vn -0.010609 -0.099390 -0.003023
vn -0.011225 -0.099346 -0.002101
vn -0.011225 -0.099346 -0.002101
vn -0.011225 -0.099346 -0.002101
vn -0.010955 -0.099381 -0.001841
vn -0.010955 -0.099381 -0.001841
vn -0.010955 -0.099381 -0.001841
vn -0.011309 -0.099356 -0.000698
vn -0.011309 -0.099356 -0.000698
vn -0.011309 -0.099356 -0.000698
vn -0.011196 -0.099369 -0.000622
vn -0.011196 -0.099369 -0.000622
vn -0.011196 -0.099369 -0.000622
vn -0.033023 -0.094372 -0.001835
vn -0.033023 -0.094372 -0.001835
vn -0.033023 -0.094372 -0.001835
vn -0.033023 -0.094372 -0.001835
vn -0.033023 -0.094372 -0.001835
vn -0.033023 -0.094372 -0.001835
vn -0.053180 -0.084635 -0.002955
vn -0.053180 -0.084635 -0.002955
vn -0.053180 -0.084635 -0.002955
vn -0.053180 -0.084635 -0.002955
vn -0.053180 -0.084635 -0.002955
vn -0.053180 -0.084635 -0.002955
vn -0.070656 -0.070656 -0.003926
vn -0.070656 -0.070656 -0.003926
vn -0.070656 -0.070656 -0.003926
vn -0.070656 -0.070656 -0.003926
vn -0.070656 -0.070656 -0.003926
vn -0.070656 -0.070656 -0.003926
vn -0.084579 -0.053145 -0.004700
vn -0.084579 -0.053145 -0.004700
vn -0.084579 -0.053145 -0.004700
vn -0.084579 -0.053145 -0.004700
vn -0.084579 -0.053145 -0.004700
vn -0.084579 -0.053145 -0.004700
vn -0.094259 -0.032983 -0.005238
vn -0.094259 -0.032983 -0.005238
vn -0.094259 -0.032983 -0.005238
vn -0.094259 -0.032982 -0.005238
vn -0.094259 -0.032982 -0.005238
vn -0.094259 -0.032982 -0.005238
vn -0.099220 -0.011179 -0.005514
vn -0.099220 -0.011179 -0.005514
vn -0.099220 -0.011179 -0.005514
vn -0.098928 -0.012880 -0.006876
vn -0.098928 -0.012880 -0.006876
vn -0.098928 -0.012880 -0.006876
vn 0.098828 0.000000 -0.015265
vn 0.098828 0.000000 -0.015265
vn 0.098828 0.000000 -0.015265
vn 0.095340 0.000000 -0.030172
vn 0.095340 0.000000 -0.030172
vn 0.095340 0.000000 -0.030172
vn 0.095340 0.000000 -0.030172
vn 0.095340 0.000000 -0.030172
vn 0.095340 0.000000 -0.030172
vn 0.095340 0.000000 -0.030172
vn 0.089617 0.000000 -0.044372
vn 0.089617 0.000000 -0.044372
vn 0.089617 0.000000 -0.044372
vn 0.095340 0.000000 -0.030172
vn 0.089617 0.000000 -0.044372
vn 0.089617 0.000000 -0.044372
vn 0.089617 0.000000 -0.044372
vn 0.089617 0.000000 -0.044372
vn 0.081793 0.000000 -0.057532
vn 0.081793 0.000000 -0.057532
vn 0.081793 0.000000 -0.057532
vn 0.089617 0.000000 -0.044372
vn 0.081793 0.000000 -0.057532
vn 0.081793 0.000000 -0.057532
vn 0.081793 0.000000 -0.057532
vn 0.081793 0.000000 -0.057532
vn 0.072052 0.000000 -0.069343
vn 0.072052 0.000000 -0.069343
vn 0.072052 0.000000 -0.069343
vn 0.081793 0.000000 -0.057532
vn 0.072052 0.000000 -0.069343
vn 0.072052 0.000000 -0.069343
vn 0.072052 0.000000 -0.069343
vn 0.072052 0.000000 -0.069343
vn 0.060623 0.000000 -0.079529
vn 0.060623 0.000000 -0.079529
vn 0.060623 0.000000 -0.079529
vn 0.072052 0.000000 -0.069343
vn 0.060623 0.000000 -0.079529
vn 0.060623 0.000000 -0.079529
vn 0.060623 0.000000 -0.079529
vn 0.060623 0.000000 -0.079529
vn 0.047771 0.000000 -0.087851
vn 0.047771 0.000000 -0.087851
vn 0.047771 0.000000 -0.087851
vn 0.060623 0.000000 -0.079529
vn 0.047771 0.000000 -0.087851
vn 0.047771 0.000000 -0.087851
vn 0.047771 0.000000 -0.087851
vn 0.047771 0.000000 -0.087851
vn 0.033802 0.000000 -0.094114
vn 0.033802 0.000000 -0.094114
vn 0.033802 0.000000 -0.094114
vn 0.047771 0.000000 -0.087851
vn 0.033802 0.000000 -0.094114
vn 0.033802 0.000000 -0.094114
vn 0.033802 0.000000 -0.094114
vn 0.033802 0.000000 -0.094114
vn 0.019039 0.000000 -0.098171
vn 0.019039 0.000000 -0.098171
vn 0.019039 0.000000 -0.098171
vn 0.033802 0.000000 -0.094114
vn 0.019039 0.000000 -0.098171
vn 0.019039 0.000000 -0.098171
vn 0.019039 0.000000 -0.098171
vn 0.019039 0.000000 -0.098171
vn 0.003830 0.000000 -0.099927
vn 0.003830 0.000000 -0.099927
vn 0.003830 0.000000 -0.099927
vn 0.019039 0.000000 -0.098171
vn 0.003830 0.000000 -0.099927
vn 0.003830 0.000000 -0.099927
vn 0.003830 0.000000 -0.099927
vn 0.003830 0.000000 -0.099927
vn -0.011468 0.000000 -0.099340
vn -0.011468 0.000000 -0.099340
vn -0.011468 0.000000 -0.099340
vn 0.003830 0.000000 -0.099927
vn -0.011468 0.000000 -0.099340
vn -0.011468 0.000000 -0.099340
vn -0.011468 0.000000 -0.099340
vn -0.011468 0.000000 -0.099340
vn -0.026499 0.000000 -0.096425
vn -0.026499 0.000000 -0.096425
vn -0.026499 0.000000 -0.096425
vn -0.011468 0.000000 -0.099340
vn -0.026499 0.000000 -0.096425
vn -0.026499 0.000000 -0.096425
vn -0.026499 0.000000 -0.096425
vn -0.026499 0.000000 -0.096425
vn -0.040907 0.000000 -0.091250
vn -0.040907 0.000000 -0.091250
vn -0.040907 0.000000 -0.091250
vn -0.026499 0.000000 -0.096425
vn -0.040907 0.000000 -0.091250
vn -0.040907 0.000000 -0.091250
vn -0.040907 0.000000 -0.091250
vn -0.040907 0.000000 -0.091250
vn -0.054357 0.000000 -0.083937
vn -0.054357 0.000000 -0.083937
vn -0.054357 0.000000 -0.083937
vn -0.040907 0.000000 -0.091250
vn -0.054357 0.000000 -0.083937
vn -0.054357 0.000000 -0.083937
vn -0.054357 0.000000 -0.083937
vn -0.054357 0.000000 -0.083937
vn -0.066532 0.000000 -0.074655
vn -0.066532 0.000000 -0.074655
vn -0.066532 0.000000 -0.074655
vn -0.054357 0.000000 -0.083937
vn -0.066532 0.000000 -0.074655
vn -0.066532 0.000000 -0.074655
vn -0.066532 0.000000 -0.074655
vn -0.066532 0.000000 -0.074655
vn -0.077149 0.000000 -0.063624
vn -0.077149 0.000000 -0.063624
vn -0.077149 0.000000 -0.063624
vn -0.066532 0.000000 -0.074655
vn -0.077149 0.000000 -0.063624
vn -0.077149 0.000000 -0.063624
vn -0.077149 0.000000 -0.063624
vn -0.077149 0.000000 -0.063624
vn -0.085957 0.000000 -0.051102
vn -0.085957 0.000000 -0.051102
vn -0.085957 0.000000 -0.051102
vn -0.077149 0.000000 -0.063624
vn -0.085957 0.000000 -0.051102
vn -0.085957 0.000000 -0.051102
vn -0.085957 0.000000 -0.051102
vn -0.085957 0.000000 -0.051102
vn -0.092750 0.000000 -0.037382
vn -0.092750 0.000000 -0.037382
vn -0.092750 0.000000 -0.037382
vn -0.085957 0.000000 -0.051102
vn -0.092750 0.000000 -0.037382
vn -0.092750 0.000000 -0.037382
vn -0.092750 0.000000 -0.037382
vn -0.092750 0.000000 -0.037382
vn -0.097370 0.000000 -0.022785
vn -0.097370 0.000000 -0.022785
vn -0.097370 0.000000 -0.022785
vn -0.092750 0.000000 -0.037382
vn -0.097370 0.000000 -0.022785
vn -0.097370 0.000000 -0.022785
vn -0.097370 0.000000 -0.022785
vn -0.097370 0.000000 -0.022785
vn -0.097370 0.000000 -0.022785
vn 0.098828 0.000000 -0.015265
vn 0.098828 0.000000 -0.015265
vn 0.098828 0.000000 -0.015265
vn 0.100000 0.000000 0.000000
vn 0.100000 0.000000 0.000000
vn 0.100000 0.000000 0.000000
vn 0.098828 0.000000 -0.015265
vn 0.098828 0.000000 -0.015265
vn 0.098828 0.000000 0.015265
vn 0.098828 0.000000 0.015265
vn 0.098828 0.000000 0.015265
vn 0.098828 0.000000 0.015265
vn 0.100000 0.000000 0.000000
vn 0.100000 0.000000 0.000000
vn -0.099707 0.000000 0.007655
vn -0.099707 0.000000 0.007655
vn -0.099707 0.000000 0.007655
vn -0.097370 0.000000 0.022785
vn -0.097370 0.000000 0.022785
vn -0.097370 0.000000 0.022785
vn -0.099707 0.000000 0.007655
vn -0.099707 0.000000 0.007655
vn -0.092750 0.000000 0.037382
vn -0.092750 0.000000 0.037382
vn -0.092750 0.000000 0.037382
vn -0.097370 0.000000 0.022785
vn -0.097370 0.000000 0.022785
vn -0.099707 0.000000 0.007655
vn -0.099707 0.000000 0.007655
vn -0.097493 -0.000009 -0.022252
vn -0.097493 -0.000009 -0.022252
vn -0.097493 -0.000009 -0.022252
vn -0.097370 0.000018 -0.022785
vn -0.097370 0.000018 -0.022785
vn -0.097370 0.000018 -0.022785
vn -0.093087 -0.000017 -0.036534
vn -0.093087 -0.000017 -0.036534
vn -0.093087 -0.000017 -0.036534
vn -0.092750 0.000026 -0.037382
vn -0.092750 0.000026 -0.037382
vn -0.092750 0.000026 -0.037382
vn -0.086603 -0.000026 -0.050000
vn -0.086603 -0.000026 -0.050000
vn -0.086603 -0.000026 -0.050000
vn -0.085957 0.000034 -0.051102
vn -0.085957 0.000034 -0.051102
vn -0.085957 0.000034 -0.051102
vn -0.078183 -0.000033 -0.062349
vn -0.078183 -0.000033 -0.062349
vn -0.078183 -0.000033 -0.062349
vn -0.077149 0.000041 -0.063624
vn -0.077149 0.000041 -0.063624
vn -0.077149 0.000041 -0.063624
vn -0.068017 -0.000040 -0.073305
vn -0.068017 -0.000040 -0.073305
vn -0.068017 -0.000040 -0.073305
vn -0.066532 0.000048 -0.074655
vn -0.066532 0.000048 -0.074655
vn -0.066532 0.000048 -0.074655
vn -0.056332 -0.000047 -0.082624
vn -0.056332 -0.000047 -0.082624
vn -0.056332 -0.000047 -0.082624
vn -0.054357 0.000055 -0.083936
vn -0.054357 0.000055 -0.083936
vn -0.054357 0.000055 -0.083936
vn -0.043389 -0.000053 -0.090097
vn -0.043389 -0.000053 -0.090097
vn -0.043389 -0.000053 -0.090097
vn -0.040907 0.000061 -0.091250
vn -0.040907 0.000061 -0.091250
vn -0.040907 0.000061 -0.091250
vn -0.029475 -0.000059 -0.095557
vn -0.029475 -0.000059 -0.095557
vn -0.029475 -0.000059 -0.095557
vn -0.026499 0.000067 -0.096425
vn -0.026499 0.000067 -0.096425
vn -0.026499 0.000067 -0.096425
vn -0.014904 -0.000065 -0.098883
vn -0.014904 -0.000065 -0.098883
vn -0.014904 -0.000065 -0.098883
vn -0.011468 0.000072 -0.099340
vn -0.011468 0.000072 -0.099340
vn -0.011468 0.000072 -0.099340
vn 0.000000 -0.000069 -0.100000
vn 0.000000 -0.000069 -0.100000
vn 0.000000 -0.000069 -0.100000
vn 0.003830 0.000076 -0.099927
vn 0.003830 0.000076 -0.099927
vn 0.003830 0.000076 -0.099927
vn 0.014904 -0.000074 -0.098883
vn 0.014904 -0.000074 -0.098883
vn 0.014904 -0.000074 -0.098883
vn 0.019039 0.000081 -0.098171
vn 0.019039 0.000081 -0.098171
vn 0.019039 0.000081 -0.098171
vn 0.029475 -0.000078 -0.095557
vn 0.029475 -0.000078 -0.095557
vn 0.029475 -0.000078 -0.095557
vn 0.033802 0.000084 -0.094114
vn 0.033802 0.000084 -0.094114
vn 0.033802 0.000084 -0.094114
vn 0.043389 -0.000082 -0.090097
vn 0.043389 -0.000082 -0.090097
vn 0.043389 -0.000082 -0.090097
vn 0.047771 0.000088 -0.087851
vn 0.047771 0.000088 -0.087851
vn 0.047771 0.000088 -0.087851
vn 0.056332 -0.000085 -0.082624
vn 0.056332 -0.000085 -0.082624
vn 0.056332 -0.000085 -0.082624
vn 0.060623 0.000091 -0.079529
vn 0.060623 0.000091 -0.079529
vn 0.060623 0.000091 -0.079529
vn 0.068017 -0.000087 -0.073305
vn 0.068017 -0.000087 -0.073305
vn 0.068017 -0.000087 -0.073305
vn 0.072052 0.000093 -0.069343
vn 0.072052 0.000093 -0.069343
vn 0.072052 0.000093 -0.069343
vn 0.078183 -0.000090 -0.062349
vn 0.078183 -0.000090 -0.062349
vn 0.078183 -0.000090 -0.062349
vn 0.081793 0.000095 -0.057532
vn 0.081793 0.000095 -0.057532
vn 0.081793 0.000095 -0.057532
vn 0.086603 -0.000091 -0.050000
vn 0.086603 -0.000091 -0.050000
vn 0.086603 -0.000091 -0.050000
vn 0.089617 0.000097 -0.044372
vn 0.089617 0.000097 -0.044372
vn 0.089617 0.000097 -0.044372
vn 0.093087 -0.000093 -0.036534
vn 0.093087 -0.000093 -0.036534
vn 0.093087 -0.000093 -0.036534
vn 0.095340 0.000098 -0.030172
vn 0.095340 0.000098 -0.030172
vn 0.095340 0.000098 -0.030172
vn 0.097493 -0.000094 -0.022252
vn 0.097493 -0.000094 -0.022252
vn 0.097493 -0.000094 -0.022252
vn 0.098828 0.000099 -0.015265
vn 0.098828 0.000099 -0.015265
vn 0.098828 0.000099 -0.015265
vn 0.099720 -0.000388 0.007473
vn 0.099720 -0.000388 0.007473
vn 0.099720 -0.000388 0.007473
vn 0.099720 -0.000094 -0.007473
vn 0.099720 -0.000094 -0.007473
vn 0.099720 -0.000094 -0.007473
vn 0.099927 0.000000 -0.003830
vn 0.099927 0.000000 -0.003830
vn 0.099927 0.000000 -0.003830
vn 0.099927 0.000000 -0.003830
vn 0.099967 0.000133 0.002580
vn 0.099967 0.000133 0.002580
vn 0.099967 0.000133 0.002580
vn 0.100000 0.000000 0.000000
vn 0.099361 0.000000 0.011287
vn 0.099361 0.000000 0.011287
vn 0.099361 0.000000 0.011287
vn 0.098417 0.000129 0.017725
vn 0.098417 0.000129 0.017725
vn 0.098417 0.000129 0.017725
vn 0.097492 -0.000386 0.022252
vn 0.097492 -0.000386 0.022252
vn 0.097492 -0.000386 0.022252
vn 0.096521 0.000000 0.026146
vn 0.096521 0.000000 0.026146
vn 0.096521 0.000000 0.026146
vn 0.094587 0.000124 0.032454
vn 0.094587 0.000124 0.032454
vn 0.094587 0.000124 0.032454
vn 0.093087 -0.000382 0.036534
vn 0.093087 -0.000382 0.036534
vn 0.093087 -0.000382 0.036534
vn 0.100000 0.000000 0.000000
vn 0.098828 0.000000 0.015265
vn 0.098828 0.000000 0.015265
vn 0.095340 0.000000 0.030172
vn 0.095340 0.000000 0.030172
vn 0.095340 0.000000 0.030172
vn 0.095340 0.000000 0.030172
vn 0.089617 0.000000 0.044372
vn 0.089617 0.000000 0.044372
vn 0.089617 0.000000 0.044372
vn 0.089616 0.000399 0.044372
vn 0.089616 0.000399 0.044372
vn 0.089616 0.000399 0.044372
vn 0.086602 -0.000377 0.050000
vn 0.086602 -0.000377 0.050000
vn 0.086602 -0.000377 0.050000
vn 0.098828 0.000000 0.015265
vn 0.095340 0.000000 0.030172
vn 0.095340 0.000000 0.030172
vn 0.089617 0.000000 0.044372
vn 0.089617 0.000000 0.044372
vn 0.081793 0.000000 0.057532
vn 0.081793 0.000000 0.057532
vn 0.081793 0.000000 0.057532
vn 0.081792 0.000392 0.057531
vn 0.081792 0.000392 0.057531
vn 0.081792 0.000392 0.057531
vn 0.078183 -0.000369 0.062348
vn 0.078183 -0.000369 0.062348
vn 0.078183 -0.000369 0.062348
vn 0.095340 0.000000 0.030172
vn 0.089617 0.000000 0.044372
vn 0.089617 0.000000 0.044372
vn 0.081793 0.000000 0.057532
vn 0.081793 0.000000 0.057532
vn 0.072052 0.000000 0.069343
vn 0.072052 0.000000 0.069343
vn 0.072052 0.000000 0.069343
vn 0.072052 0.000384 0.069343
vn 0.072052 0.000384 0.069343
vn 0.072052 0.000384 0.069343
vn 0.068017 -0.000360 0.073305
vn 0.068017 -0.000360 0.073305
vn 0.068017 -0.000360 0.073305
vn 0.089617 0.000000 0.044372
vn 0.081793 0.000000 0.057532
vn 0.081793 0.000000 0.057532
vn 0.072052 0.000000 0.069343
vn 0.072052 0.000000 0.069343
vn 0.060623 0.000000 0.079529
vn 0.060623 0.000000 0.079529
vn 0.060623 0.000000 0.079529
vn 0.060622 0.000374 0.079529
vn 0.060622 0.000374 0.079529
vn 0.060622 0.000374 0.079529
vn 0.056332 -0.000349 0.082623
vn 0.056332 -0.000349 0.082623
vn 0.056332 -0.000349 0.082623
vn 0.081793 0.000000 0.057532
vn 0.072052 0.000000 0.069343
vn 0.072052 0.000000 0.069343
vn 0.060623 0.000000 0.079529
vn 0.060623 0.000000 0.079529
vn 0.047772 0.000000 0.087851
vn 0.047772 0.000000 0.087851
vn 0.047772 0.000000 0.087851
vn 0.047772 0.000362 0.087851
vn 0.047772 0.000362 0.087851
vn 0.047772 0.000362 0.087851
vn 0.043388 -0.000336 0.090096
vn 0.043388 -0.000336 0.090096
vn 0.043388 -0.000336 0.090096
vn 0.072052 0.000000 0.069343
vn 0.060623 0.000000 0.079529
vn 0.060623 0.000000 0.079529
vn 0.047772 0.000000 0.087851
vn 0.047772 0.000000 0.087851
vn 0.033801 0.000000 0.094114
vn 0.033801 0.000000 0.094114
vn 0.033801 0.000000 0.094114
vn 0.033801 0.000348 0.094114
vn 0.033801 0.000348 0.094114
vn 0.033801 0.000348 0.094114
vn 0.029475 -0.000321 0.095557
vn 0.029475 -0.000321 0.095557
vn 0.029475 -0.000321 0.095557
vn 0.060623 0.000000 0.079529
vn 0.047772 0.000000 0.087851
vn 0.047772 0.000000 0.087851
vn 0.033801 0.000000 0.094114
vn 0.033801 0.000000 0.094114
vn 0.019039 0.000000 0.098171
vn 0.019039 0.000000 0.098171
vn 0.019039 0.000000 0.098171
vn 0.019039 0.000332 0.098170
vn 0.019039 0.000332 0.098170
vn 0.019039 0.000332 0.098170
vn 0.014904 -0.000305 0.098883
vn 0.014904 -0.000305 0.098883
vn 0.014904 -0.000305 0.098883
vn 0.047772 0.000000 0.087851
vn 0.033801 0.000000 0.094114
vn 0.033801 0.000000 0.094114
vn 0.019039 0.000000 0.098171
vn 0.019039 0.000000 0.098171
vn 0.003830 0.000000 0.099927
vn 0.003830 0.000000 0.099927
vn 0.003830 0.000000 0.099927
vn 0.003830 0.000315 0.099926
vn 0.003830 0.000315 0.099926
vn 0.003830 0.000315 0.099926
vn 0.000000 -0.000286 0.100000
vn 0.000000 -0.000286 0.100000
vn 0.000000 -0.000286 0.100000
vn 0.033801 0.000000 0.094114
vn 0.019039 0.000000 0.098171
vn 0.019039 0.000000 0.098171
vn 0.003830 0.000000 0.099927
vn 0.003830 0.000000 0.099927
vn -0.011468 0.000000 0.099340
vn -0.011468 0.000000 0.099340
vn -0.011468 0.000000 0.099340
vn -0.011468 0.000295 0.099340
vn -0.011468 0.000295 0.099340
vn -0.011468 0.000295 0.099340
vn -0.014904 -0.000266 0.098883
vn -0.014904 -0.000266 0.098883
vn -0.014904 -0.000266 0.098883
vn 0.019039 0.000000 0.098171
vn 0.003830 0.000000 0.099927
vn 0.003830 0.000000 0.099927
vn -0.011468 0.000000 0.099340
vn -0.011468 0.000000 0.099340
vn -0.026499 0.000000 0.096425
vn -0.026499 0.000000 0.096425
vn -0.026499 0.000000 0.096425
vn -0.026498 0.000274 0.096425
vn -0.026498 0.000274 0.096425
vn -0.026498 0.000274 0.096425
vn -0.029475 -0.000244 0.095557
vn -0.029475 -0.000244 0.095557
vn -0.029475 -0.000244 0.095557
vn 0.003830 0.000000 0.099927
vn -0.011468 0.000000 0.099340
vn -0.011468 0.000000 0.099340
vn -0.026499 0.000000 0.096425
vn -0.026499 0.000000 0.096425
vn -0.040906 0.000000 0.091251
vn -0.040906 0.000000 0.091251
vn -0.040906 0.000000 0.091251
vn -0.040906 0.000251 0.091250
vn -0.040906 0.000251 0.091250
vn -0.040906 0.000251 0.091250
vn -0.043388 -0.000220 0.090097
vn -0.043388 -0.000220 0.090097
vn -0.043388 -0.000220 0.090097
vn -0.011468 0.000000 0.099340
vn -0.026499 0.000000 0.096425
vn -0.026499 0.000000 0.096425
vn -0.040906 0.000000 0.091251
vn -0.040906 0.000000 0.091251
vn -0.054357 0.000000 0.083937
vn -0.054357 0.000000 0.083937
vn -0.054357 0.000000 0.083937
vn -0.054357 0.000226 0.083936
vn -0.054357 0.000226 0.083936
vn -0.054357 0.000226 0.083936
vn -0.056332 -0.000194 0.082624
vn -0.056332 -0.000194 0.082624
vn -0.056332 -0.000194 0.082624
vn -0.026499 0.000000 0.096425
vn -0.040906 0.000000 0.091251
vn -0.040906 0.000000 0.091251
vn -0.054357 0.000000 0.083937
vn -0.054357 0.000000 0.083937
vn -0.066532 0.000000 0.074655
vn -0.066532 0.000000 0.074655
vn -0.066532 0.000000 0.074655
vn -0.066532 0.000199 0.074655
vn -0.066532 0.000199 0.074655
vn -0.066532 0.000199 0.074655
vn -0.068017 -0.000166 0.073305
vn -0.068017 -0.000166 0.073305
vn -0.068017 -0.000166 0.073305
vn -0.040906 0.000000 0.091251
vn -0.054357 0.000000 0.083937
vn -0.054357 0.000000 0.083937
vn -0.066532 0.000000 0.074655
vn -0.066532 0.000000 0.074655
vn -0.077149 0.000000 0.063624
vn -0.077149 0.000000 0.063624
vn -0.077149 0.000000 0.063624
vn -0.077149 0.000171 0.063624
vn -0.077149 0.000171 0.063624
vn -0.077149 0.000171 0.063624
vn -0.078183 -0.000137 0.062349
vn -0.078183 -0.000137 0.062349
vn -0.078183 -0.000137 0.062349
vn -0.054357 0.000000 0.083937
vn -0.066532 0.000000 0.074655
vn -0.066532 0.000000 0.074655
vn -0.077149 0.000000 0.063624
vn -0.077149 0.000000 0.063624
vn -0.085957 0.000000 0.051102
vn -0.085957 0.000000 0.051102
vn -0.085957 0.000000 0.051102
vn -0.085957 0.000140 0.051102
vn -0.085957 0.000140 0.051102
vn -0.085957 0.000140 0.051102
vn -0.086603 -0.000105 0.050000
vn -0.086603 -0.000105 0.050000
vn -0.086603 -0.000105 0.050000
vn -0.066532 0.000000 0.074655
vn -0.077149 0.000000 0.063624
vn -0.077149 0.000000 0.063624
vn -0.085957 0.000000 0.051102
vn -0.085957 0.000000 0.051102
vn -0.092750 0.000000 0.037382
vn -0.092750 0.000000 0.037382
vn -0.092750 0.000000 0.037382
vn -0.092750 0.000108 0.037382
vn -0.092750 0.000108 0.037382
vn -0.092750 0.000108 0.037382
vn -0.093087 -0.000072 0.036534
vn -0.093087 -0.000072 0.036534
vn -0.093087 -0.000072 0.036534
vn -0.077149 0.000000 0.063624
vn -0.085957 0.000000 0.051102
vn -0.085957 0.000000 0.051102
vn -0.092750 0.000000 0.037382
vn -0.092750 0.000000 0.037382
vn -0.097370 0.000000 0.022785
vn -0.097370 0.000000 0.022785
vn -0.097370 0.000000 0.022785
vn -0.097370 0.000074 0.022785
vn -0.097370 0.000074 0.022785
vn -0.097370 0.000074 0.022785
vn -0.097493 -0.000037 0.022252
vn -0.097493 -0.000037 0.022252
vn -0.097493 -0.000037 0.022252
vn -0.085957 0.000000 0.051102
vn -0.099707 0.000000 0.007655
vn -0.099707 0.000038 0.007655
vn -0.099707 0.000038 0.007655
vn -0.099707 0.000038 0.007655
vn -0.099720 0.000000 0.007473
vn -0.099720 0.000000 0.007473
vn -0.099720 0.000000 0.007473
vn -0.099707 0.000000 -0.007655
vn -0.099707 0.000000 -0.007655
vn -0.099707 0.000000 -0.007655
vn -0.099707 0.000000 -0.007655
vn -0.099707 0.000000 -0.007655
vn -0.099707 0.000000 -0.007655
vn -0.099707 0.000000 -0.007655
vn -0.099707 0.000000 -0.007655
vn -0.099707 0.000009 -0.007655
vn -0.099707 0.000009 -0.007655
vn -0.099707 0.000009 -0.007655
vn -0.099720 0.000000 -0.007473
vn -0.099720 0.000000 -0.007473
vn -0.099720 0.000000 -0.007473
vn -0.099720 0.000000 -0.007473
vn 0.098828 -0.000099 0.015265
vn 0.098828 -0.000099 0.015265
vn 0.098828 -0.000099 0.015265
vn 0.097370 0.000099 0.022785
vn 0.097370 0.000099 0.022785
vn 0.097370 0.000099 0.022785
vn 0.097370 0.000099 0.022785
vn 0.097370 0.000099 0.022785
vn 0.095340 -0.000099 0.030172
vn 0.095340 -0.000099 0.030172
vn 0.095340 -0.000099 0.030172
vn 0.092750 0.000099 0.037382
vn 0.092750 0.000099 0.037382
vn 0.092750 0.000099 0.037382
vn 0.092750 0.000099 0.037382
vn 0.092750 0.000099 0.037382
vn 0.089616 -0.000099 0.044372
vn 0.089616 -0.000099 0.044372
vn 0.089616 -0.000099 0.044372
vn 0.085957 0.000099 0.051102
vn 0.085957 0.000099 0.051102
vn 0.085957 0.000099 0.051102
vn 0.085957 0.000099 0.051102
vn 0.085957 0.000099 0.051102
vn 0.081793 -0.000099 0.057532
vn 0.081793 -0.000099 0.057532
vn 0.081793 -0.000099 0.057532
vn 0.077149 0.000099 0.063624
vn 0.077149 0.000099 0.063624
vn 0.077149 0.000099 0.063624
vn 0.077149 0.000099 0.063624
vn 0.077149 0.000099 0.063624
vn 0.072052 -0.000099 0.069343
vn 0.072052 -0.000099 0.069343
vn 0.072052 -0.000099 0.069343
vn 0.066532 0.000099 0.074655
vn 0.066532 0.000099 0.074655
vn 0.066532 0.000099 0.074655
vn 0.066532 0.000099 0.074655
vn 0.066532 0.000099 0.074655
vn 0.060623 -0.000099 0.079529
vn 0.060623 -0.000099 0.079529
vn 0.060623 -0.000099 0.079529
vn 0.054357 0.000099 0.083936
vn 0.054357 0.000099 0.083936
vn 0.054357 0.000099 0.083936
vn 0.054357 0.000099 0.083936
vn 0.054357 0.000099 0.083936
vn 0.047772 -0.000099 0.087851
vn 0.047772 -0.000099 0.087851
vn 0.047772 -0.000099 0.087851
vn 0.040906 0.000099 0.091251
vn 0.040906 0.000099 0.091251
vn 0.040906 0.000099 0.091251
vn 0.040906 0.000099 0.091251
vn 0.040906 0.000099 0.091251
vn 0.033801 -0.000099 0.094114
vn 0.033801 -0.000099 0.094114
vn 0.033801 -0.000099 0.094114
vn 0.026499 0.000099 0.096425
vn 0.026499 0.000099 0.096425
vn 0.026499 0.000099 0.096425
vn 0.026499 0.000099 0.096425
vn 0.026499 0.000099 0.096425
vn 0.019039 -0.000099 0.098171
vn 0.019039 -0.000099 0.098171
vn 0.019039 -0.000099 0.098171
vn 0.019039 -0.000099 0.098171
vn 0.019039 -0.000099 0.098171
vn 0.019039 -0.000099 0.098171
vn 0.011468 0.000099 0.099340
vn 0.011468 0.000099 0.099340
vn 0.011468 0.000099 0.099340
vn -0.026499 -0.000099 0.096425
vn -0.026499 -0.000099 0.096425
vn -0.026499 -0.000099 0.096425
vn -0.033801 0.000099 0.094114
vn -0.033801 0.000099 0.094114
vn -0.033801 0.000099 0.094114
vn -0.033801 0.000099 0.094114
vn -0.033801 0.000099 0.094114
vn -0.040906 -0.000099 0.091251
vn -0.040906 -0.000099 0.091251
vn -0.040906 -0.000099 0.091251
vn -0.047772 0.000099 0.087851
vn -0.047772 0.000099 0.087851
vn -0.047772 0.000099 0.087851
vn -0.047772 0.000099 0.087851
vn -0.047772 0.000099 0.087851
vn -0.054357 -0.000099 0.083936
vn -0.054357 -0.000099 0.083936
vn -0.054357 -0.000099 0.083936
vn -0.060623 0.000099 0.079529
vn -0.060623 0.000099 0.079529
vn -0.060623 0.000099 0.079529
vn -0.060623 0.000099 0.079529
vn -0.060623 0.000099 0.079529
vn -0.066532 -0.000099 0.074655
vn -0.066532 -0.000099 0.074655
vn -0.066532 -0.000099 0.074655
vn -0.072052 0.000099 0.069343
vn -0.072052 0.000099 0.069343
vn -0.072052 0.000099 0.069343
vn -0.072052 0.000099 0.069343
vn -0.072052 0.000099 0.069343
vn -0.077149 -0.000099 0.063624
vn -0.077149 -0.000099 0.063624
vn -0.077149 -0.000099 0.063624
vn -0.081793 0.000099 0.057532
vn -0.081793 0.000099 0.057532
vn -0.081793 0.000099 0.057532
vn -0.081793 0.000099 0.057532
vn -0.081793 0.000099 0.057532
vn -0.085957 -0.000099 0.051102
vn -0.085957 -0.000099 0.051102
vn -0.085957 -0.000099 0.051102
vn -0.089616 0.000099 0.044372
vn -0.089616 0.000099 0.044372
vn -0.089616 0.000099 0.044372
vn -0.089616 0.000099 0.044372
vn -0.089616 0.000099 0.044372
vn -0.092750 -0.000099 0.037382
vn -0.092750 -0.000099 0.037382
vn -0.092750 -0.000099 0.037382
vn -0.095340 0.000099 0.030172
vn -0.095340 0.000099 0.030172
vn -0.095340 0.000099 0.030172
vn -0.095340 0.000099 0.030172
vn -0.095340 0.000099 0.030172
vn -0.097370 -0.000099 0.022785
vn -0.097370 -0.000099 0.022785
vn -0.097370 -0.000099 0.022785
vn -0.098828 0.000099 0.015265
vn -0.098828 0.000099 0.015265
vn -0.098828 0.000099 0.015265
vn -0.098828 0.000099 0.015265
vn -0.098828 0.000099 0.015265
vn -0.099707 -0.000099 0.007655
vn -0.099707 -0.000099 0.007655
vn -0.099707 -0.000099 0.007655
vn -0.100000 0.000099 0.000000
vn -0.100000 0.000099 0.000000
vn -0.100000 0.000099 0.000000
vn -0.100000 0.000099 0.000000
vn -0.100000 0.000099 0.000000
vn -0.099707 -0.000099 -0.007655
vn -0.099707 -0.000099 -0.007655
vn -0.099707 -0.000099 -0.007655
vn -0.098828 0.000099 -0.015265
vn -0.098828 0.000099 -0.015265
vn -0.098828 0.000099 -0.015265
vn -0.098828 0.000099 -0.015265
vn -0.098828 0.000099 -0.015265
vn -0.097369 -0.000099 -0.022785
vn -0.097369 -0.000099 -0.022785
vn -0.097369 -0.000099 -0.022785
vn -0.095340 0.000099 -0.030172
vn -0.095340 0.000099 -0.030172
vn -0.095340 0.000099 -0.030172
vn -0.095340 0.000099 -0.030172
vn -0.095340 0.000099 -0.030172
vn -0.092750 -0.000099 -0.037382
vn -0.092750 -0.000099 -0.037382
vn -0.092750 -0.000099 -0.037382
vn -0.089617 0.000099 -0.044372
vn -0.089617 0.000099 -0.044372
vn -0.089617 0.000099 -0.044372
vn -0.089617 0.000099 -0.044372
vn -0.089617 0.000099 -0.044372
vn -0.085957 -0.000099 -0.051102
vn -0.085957 -0.000099 -0.051102
vn -0.085957 -0.000099 -0.051102
vn -0.081793 0.000099 -0.057532
vn -0.081793 0.000099 -0.057532
vn -0.081793 0.000099 -0.057532
vn -0.081793 0.000099 -0.057532
vn -0.081793 0.000099 -0.057532
vn -0.077149 -0.000099 -0.063624
vn -0.077149 -0.000099 -0.063624
vn -0.077149 -0.000099 -0.063624
vn -0.072052 0.000099 -0.069343
vn -0.072052 0.000099 -0.069343
vn -0.072052 0.000099 -0.069343
vn -0.072052 0.000099 -0.069343
vn -0.072052 0.000099 -0.069343
vn -0.066532 -0.000099 -0.074655
vn -0.066532 -0.000099 -0.074655
vn -0.066532 -0.000099 -0.074655
vn -0.060623 0.000099 -0.079529
vn -0.060623 0.000099 -0.079529
vn -0.060623 0.000099 -0.079529
vn -0.060623 0.000099 -0.079529
vn -0.060623 0.000099 -0.079529
vn -0.054357 -0.000099 -0.083936
vn -0.054357 -0.000099 -0.083936
vn -0.054357 -0.000099 -0.083936
vn -0.047771 0.000099 -0.087851
vn -0.047771 0.000099 -0.087851
vn -0.047771 0.000099 -0.087851
vn -0.047771 0.000099 -0.087851
vn -0.047771 0.000099 -0.087851
vn -0.040907 -0.000099 -0.091250
vn -0.040907 -0.000099 -0.091250
vn -0.040907 -0.000099 -0.091250
vn -0.033802 0.000099 -0.094114
vn -0.033802 0.000099 -0.094114
vn -0.033802 0.000099 -0.094114
vn -0.033802 0.000099 -0.094114
vn -0.033802 0.000099 -0.094114
vn -0.026499 -0.000099 -0.096425
vn -0.026499 -0.000099 -0.096425
vn -0.026499 -0.000099 -0.096425
vn -0.019039 0.000099 -0.098171
vn -0.019039 0.000099 -0.098171
vn -0.019039 0.000099 -0.098171
vn -0.019039 0.000099 -0.098171
vn -0.019039 0.000099 -0.098171
vn -0.011468 -0.000099 -0.099340
vn -0.011468 -0.000099 -0.099340
vn -0.011468 -0.000099 -0.099340
vn -0.003830 0.000099 -0.099927
vn -0.003830 0.000099 -0.099927
vn -0.003830 0.000099 -0.099927
vn -0.003830 0.000099 -0.099927
vn -0.003830 0.000099 -0.099927
vn 0.003830 -0.000099 -0.099927
vn 0.003830 -0.000099 -0.099927
vn 0.003830 -0.000099 -0.099927
vn 0.011468 0.000099 -0.099340
vn 0.011468 0.000099 -0.099340
vn 0.011468 0.000099 -0.099340
vn 0.011468 0.000099 -0.099340
vn 0.011468 0.000099 -0.099340
vn 0.019039 -0.000099 -0.098171
vn 0.019039 -0.000099 -0.098171
vn 0.019039 -0.000099 -0.098171
vn 0.026499 0.000099 -0.096425
vn 0.026499 0.000099 -0.096425
vn 0.026499 0.000099 -0.096425
vn 0.026499 0.000099 -0.096425
vn 0.026499 0.000099 -0.096425
vn 0.033802 -0.000099 -0.094114
vn 0.033802 -0.000099 -0.094114
vn 0.033802 -0.000099 -0.094114
vn 0.040907 0.000099 -0.091250
vn 0.040907 0.000099 -0.091250
vn 0.040907 0.000099 -0.091250
vn 0.040907 0.000099 -0.091250
vn 0.040907 0.000099 -0.091250
vn 0.047771 -0.000099 -0.087851
vn 0.047771 -0.000099 -0.087851
vn 0.047771 -0.000099 -0.087851
vn 0.054357 0.000099 -0.083936
vn 0.054357 0.000099 -0.083936
vn 0.054357 0.000099 -0.083936
vn 0.054357 0.000099 -0.083936
vn 0.054357 0.000099 -0.083936
vn 0.060623 -0.000099 -0.079529
vn 0.060623 -0.000099 -0.079529
vn 0.060623 -0.000099 -0.079529
vn 0.066532 0.000099 -0.074655
vn 0.066532 0.000099 -0.074655
vn 0.066532 0.000099 -0.074655
vn 0.066532 0.000099 -0.074655
vn 0.066532 0.000099 -0.074655
vn 0.072052 -0.000099 -0.069343
vn 0.072052 -0.000099 -0.069343
vn 0.072052 -0.000099 -0.069343
vn 0.077149 0.000099 -0.063624
vn 0.077149 0.000099 -0.063624
vn 0.077149 0.000099 -0.063624
vn 0.077149 0.000099 -0.063624
vn 0.077149 0.000099 -0.063624
vn 0.081793 -0.000099 -0.057532
vn 0.081793 -0.000099 -0.057532
vn 0.081793 -0.000099 -0.057532
vn 0.085957 0.000099 -0.051102
vn 0.085957 0.000099 -0.051102
vn 0.085957 0.000099 -0.051102
vn 0.085957 0.000099 -0.051102
vn 0.085957 0.000099 -0.051102
vn 0.089617 -0.000099 -0.044372
vn 0.089617 -0.000099 -0.044372
vn 0.089617 -0.000099 -0.044372
vn 0.092750 0.000099 -0.037382
vn 0.092750 0.000099 -0.037382
vn 0.092750 0.000099 -0.037382
vn 0.092750 0.000099 -0.037382
vn 0.092750 0.000099 -0.037382
vn 0.095340 -0.000099 -0.030172
vn 0.095340 -0.000099 -0.030172
vn 0.095340 -0.000099 -0.030172
vn 0.097369 0.000099 -0.022785
vn 0.097369 0.000099 -0.022785
vn 0.097369 0.000099 -0.022785
vn 0.097369 0.000099 -0.022785
vn 0.097369 0.000099 -0.022785
vn 0.098828 -0.000099 -0.015265
vn 0.098828 -0.000099 -0.015265
vn 0.098828 -0.000099 -0.015265
vn 0.099707 0.000099 -0.007655
vn 0.099707 0.000099 -0.007655
vn 0.099707 0.000099 -0.007655
vn 0.099707 0.000099 -0.007655
vn 0.099707 0.000099 -0.007655
vn 0.100000 -0.000099 0.000000
vn 0.100000 -0.000099 0.000000
vn 0.100000 -0.000099 0.000000
vn 0.099707 0.000099 0.007655
vn 0.099707 0.000099 0.007655
vn 0.099707 0.000099 0.007655
vn 0.099707 0.000099 0.007655
vn 0.099707 0.000099 0.007655
vn -0.081368 0.038235 0.043786
vn -0.081368 0.038235 0.043786
vn -0.081368 0.038235 0.043786
vn -0.077116 0.038235 0.050904
vn -0.077116 0.038235 0.050904
vn -0.077116 0.038235 0.050904
vn -0.081368 0.038235 0.043786
vn -0.081368 0.038235 0.043786
vn -0.081368 0.038235 0.043786
vn -0.085631 0.023322 0.046080
vn -0.085631 0.023322 0.046080
vn -0.085631 0.023322 0.046080
vn -0.081156 0.023322 0.053571
vn -0.081156 0.023322 0.053571
vn -0.081156 0.023322 0.053571
vn -0.081156 0.023322 0.053570
vn -0.081156 0.023322 0.053570
vn -0.081156 0.023322 0.053570
vn -0.066787 0.038235 0.063856
vn -0.066787 0.038235 0.063856
vn -0.066787 0.038235 0.063856
vn -0.061645 0.052211 0.058939
vn -0.061645 0.052211 0.058939
vn -0.061645 0.052211 0.058939
vn 0.081368 0.038235 0.043786
vn 0.081368 0.038235 0.043786
vn 0.081368 0.038235 0.043786
vn 0.085631 0.023322 0.046080
vn 0.085631 0.023322 0.046080
vn 0.085631 0.023322 0.046080
vn 0.081156 0.023322 0.053570
vn 0.081156 0.023322 0.053570
vn 0.081156 0.023322 0.053570
vn 0.077116 0.038235 0.050904
vn 0.077116 0.038235 0.050904
vn 0.077116 0.038235 0.050904
vn 0.072243 0.038235 0.057611
vn 0.072243 0.038235 0.057611
vn 0.072243 0.038235 0.057611
vn 0.066681 0.052211 0.053176
vn 0.066681 0.052211 0.053176
vn 0.066681 0.052211 0.053176
vn 0.061645 0.052211 0.058939
vn 0.061645 0.052211 0.058939
vn 0.061645 0.052211 0.058939
vn 0.054985 0.064907 0.052571
vn 0.054985 0.064907 0.052571
vn 0.054985 0.064907 0.052571
vn 0.054985 0.064907 0.052571
vn 0.054985 0.064907 0.052571
vn 0.054985 0.064907 0.052571
vn 0.050049 0.064907 0.057291
vn 0.050049 0.064907 0.057291
vn 0.050049 0.064907 0.057291
vn 0.050049 0.064907 0.057290
vn 0.050049 0.064907 0.057290
vn 0.050049 0.064907 0.057290
vn 0.044713 0.064907 0.061545
vn 0.044713 0.064907 0.061545
vn 0.044713 0.064907 0.061545
vn 0.081156 0.023322 0.053571
vn 0.081156 0.023322 0.053571
vn 0.081156 0.023322 0.053571
vn 0.076027 0.023322 0.060629
vn 0.076027 0.023322 0.060629
vn 0.076027 0.023322 0.060629
vn 0.072243 0.038235 0.057611
vn 0.072243 0.038235 0.057611
vn 0.072243 0.038235 0.057611
vn 0.066787 0.038235 0.063856
vn 0.066787 0.038235 0.063856
vn 0.066787 0.038235 0.063856
vn 0.061645 0.052212 0.058939
vn 0.061645 0.052212 0.058939
vn 0.061645 0.052212 0.058939
vn 0.056113 0.052212 0.064228
vn 0.056113 0.052212 0.064228
vn 0.056113 0.052212 0.064228
vn 0.056112 0.052211 0.064230
vn 0.056112 0.052211 0.064230
vn 0.056112 0.052211 0.064230
vn 0.050129 0.052212 0.069000
vn 0.050129 0.052212 0.069000
vn 0.050129 0.052212 0.069000
vn 0.050129 0.052212 0.069000
vn 0.050129 0.052212 0.069000
vn 0.050129 0.052212 0.069000
vn 0.043744 0.052212 0.073215
vn 0.043744 0.052212 0.073215
vn 0.043744 0.052212 0.073215
vn 0.022511 0.092374 0.030988
vn 0.022511 0.092374 0.030988
vn 0.022511 0.092374 0.030988
vn 0.030732 0.085241 0.042303
vn 0.030732 0.085241 0.042303
vn 0.030732 0.085241 0.042303
vn 0.030732 0.085241 0.042304
vn 0.030732 0.085241 0.042304
vn 0.030732 0.085241 0.042304
vn 0.026819 0.085240 0.044887
vn 0.026819 0.085240 0.044887
vn 0.026819 0.085240 0.044887
vn 0.049876 0.023322 0.083478
vn 0.049876 0.023322 0.083478
vn 0.049876 0.023322 0.083478
vn 0.044712 0.064907 0.061546
vn 0.044712 0.064907 0.061546
vn 0.044712 0.064907 0.061546
vn 0.039018 0.064907 0.065305
vn 0.039018 0.064907 0.065305
vn 0.039018 0.064907 0.065305
vn 0.039018 0.064907 0.065305
vn 0.039018 0.064907 0.065305
vn 0.039018 0.064907 0.065305
vn 0.040091 0.038235 0.083251
vn 0.040091 0.038235 0.083251
vn 0.040091 0.038235 0.083251
vn 0.042191 0.023322 0.087612
vn 0.042191 0.023322 0.087612
vn 0.042191 0.023322 0.087612
vn 0.042192 0.023322 0.087612
vn 0.042192 0.023322 0.087612
vn 0.042192 0.023322 0.087612
vn 0.033007 0.064907 0.068539
vn 0.033007 0.064907 0.068539
vn 0.033007 0.064907 0.068539
vn 0.076027 0.023323 0.060630
vn 0.076027 0.023323 0.060630
vn 0.076027 0.023323 0.060630
vn 0.070286 0.023323 0.067201
vn 0.070286 0.023323 0.067201
vn 0.070286 0.023323 0.067201
vn 0.066787 0.038235 0.063856
vn 0.066787 0.038235 0.063856
vn 0.066787 0.038235 0.063856
vn 0.060794 0.038235 0.069586
vn 0.060794 0.038235 0.069586
vn 0.060794 0.038235 0.069586
vn 0.060794 0.038235 0.069586
vn 0.060794 0.038235 0.069586
vn 0.060794 0.038235 0.069586
vn 0.054311 0.038236 0.074755
vn 0.054311 0.038236 0.074755
vn 0.054311 0.038236 0.074755
vn 0.054310 0.038235 0.074756
vn 0.054310 0.038235 0.074756
vn 0.054310 0.038235 0.074756
vn 0.047392 0.038235 0.079322
vn 0.047392 0.038235 0.079322
vn 0.047392 0.038235 0.079322
vn 0.043743 0.052212 0.073215
vn 0.043743 0.052212 0.073215
vn 0.043743 0.052212 0.073215
vn 0.037005 0.052212 0.076841
vn 0.037005 0.052212 0.076841
vn 0.037005 0.052212 0.076841
vn 0.033007 0.064907 0.068539
vn 0.033007 0.064907 0.068539
vn 0.033007 0.064907 0.068539
vn 0.026730 0.064907 0.071222
vn 0.026730 0.064907 0.071222
vn 0.026730 0.064907 0.071222
vn 0.034169 0.023322 0.091041
vn 0.034169 0.023322 0.091041
vn 0.034169 0.023322 0.091041
vn 0.032468 0.038235 0.086509
vn 0.032468 0.038235 0.086509
vn 0.032468 0.038235 0.086509
vn 0.032468 0.038235 0.086509
vn 0.032468 0.038235 0.086509
vn 0.032468 0.038235 0.086509
vn 0.029968 0.052212 0.079849
vn 0.029968 0.052212 0.079849
vn 0.029968 0.052212 0.079849
vn 0.033329 0.076008 0.055784
vn 0.033329 0.076008 0.055784
vn 0.033329 0.076008 0.055784
vn 0.028195 0.076008 0.058547
vn 0.028195 0.076008 0.058547
vn 0.028195 0.076008 0.058547
vn 0.028195 0.076008 0.058547
vn 0.028195 0.076008 0.058547
vn 0.028195 0.076008 0.058547
vn 0.022833 0.076008 0.060839
vn 0.022833 0.076008 0.060839
vn 0.022833 0.076008 0.060839
vn 0.022834 0.076008 0.060839
vn 0.022834 0.076008 0.060839
vn 0.022834 0.076008 0.060839
vn 0.013583 0.064907 0.074850
vn 0.013583 0.064907 0.074850
vn 0.013583 0.064907 0.074850
vn 0.015229 0.052212 0.083917
vn 0.015229 0.052212 0.083917
vn 0.015229 0.052212 0.083917
vn 0.013583 0.064907 0.074850
vn 0.013583 0.064907 0.074850
vn 0.013583 0.064907 0.074850
vn 0.006819 0.064907 0.075767
vn 0.006819 0.064907 0.075767
vn 0.006819 0.064907 0.075767
vn 0.016499 0.038236 0.090917
vn 0.016499 0.038236 0.090917
vn 0.016499 0.038236 0.090917
vn 0.015228 0.052212 0.083917
vn 0.015228 0.052212 0.083917
vn 0.015228 0.052212 0.083917
vn 0.007645 0.052212 0.084944
vn 0.007645 0.052212 0.084944
vn 0.007645 0.052212 0.084944
vn 0.006819 0.064907 0.075767
vn 0.006819 0.064907 0.075767
vn 0.006819 0.064907 0.075767
vn 0.000000 0.064907 0.076073
vn 0.000000 0.064907 0.076073
vn 0.000000 0.064907 0.076073
vn 0.017363 0.023322 0.095680
vn 0.017363 0.023322 0.095680
vn 0.017363 0.023322 0.095680
vn 0.016499 0.038235 0.090917
vn 0.016499 0.038235 0.090917
vn 0.016499 0.038235 0.090917
vn 0.008283 0.038235 0.092030
vn 0.008283 0.038235 0.092030
vn 0.008283 0.038235 0.092030
vn 0.007646 0.052211 0.084944
vn 0.007646 0.052211 0.084944
vn 0.007646 0.052211 0.084944
vn 0.000000 0.052211 0.085288
vn 0.000000 0.052211 0.085288
vn 0.000000 0.052211 0.085288
vn 0.000000 0.064907 0.076073
vn -0.006819 0.064907 0.075767
vn -0.006819 0.064907 0.075767
vn -0.006819 0.064907 0.075767
vn -0.008716 0.023322 0.096851
vn -0.008716 0.023322 0.096851
vn -0.008716 0.023322 0.096851
vn 0.017364 0.023322 0.095680
vn 0.017364 0.023322 0.095680
vn 0.017364 0.023322 0.095680
vn 0.008717 0.023322 0.096851
vn 0.008717 0.023322 0.096851
vn 0.008717 0.023322 0.096851
vn 0.008283 0.038236 0.092030
vn 0.008283 0.038236 0.092030
vn 0.008283 0.038236 0.092030
vn 0.000000 0.038236 0.092402
vn 0.000000 0.038236 0.092402
vn 0.000000 0.038236 0.092402
vn 0.000000 0.052211 0.085288
vn -0.007645 0.052211 0.084944
vn -0.007645 0.052211 0.084944
vn -0.007645 0.052211 0.084944
vn -0.006819 0.064907 0.075767
vn -0.006819 0.064907 0.075767
vn -0.006819 0.064907 0.075767
vn -0.013583 0.064907 0.074850
vn -0.013583 0.064907 0.074850
vn -0.013583 0.064907 0.074850
vn -0.016499 0.038236 0.090917
vn -0.016499 0.038236 0.090917
vn -0.016499 0.038236 0.090917
vn -0.017363 0.023322 0.095680
vn -0.017363 0.023322 0.095680
vn -0.017363 0.023322 0.095680
vn 0.008716 0.023323 0.096851
vn 0.008716 0.023323 0.096851
vn 0.008716 0.023323 0.096851
vn 0.000000 0.023323 0.097242
vn 0.000000 0.023323 0.097242
vn 0.000000 0.023323 0.097242
vn 0.000000 0.038236 0.092402
vn -0.008283 0.038236 0.092029
vn -0.008283 0.038236 0.092029
vn -0.008283 0.038236 0.092029
vn -0.007646 0.052212 0.084944
vn -0.007646 0.052212 0.084944
vn -0.007646 0.052212 0.084944
vn -0.015229 0.052212 0.083917
vn -0.015229 0.052212 0.083917
vn -0.015229 0.052212 0.083917
vn -0.013583 0.064907 0.074850
vn -0.013583 0.064907 0.074850
vn -0.013583 0.064907 0.074850
vn -0.020238 0.064907 0.073332
vn -0.020238 0.064907 0.073332
vn -0.020238 0.064907 0.073332
vn -0.022689 0.052212 0.082214
vn -0.022689 0.052212 0.082214
vn -0.022689 0.052212 0.082214
vn -0.024582 0.038236 0.089072
vn -0.024582 0.038236 0.089072
vn -0.024582 0.038236 0.089072
vn -0.026730 0.064907 0.071222
vn -0.026730 0.064907 0.071222
vn -0.026730 0.064907 0.071222
vn -0.029968 0.052212 0.079849
vn -0.029968 0.052212 0.079849
vn -0.029968 0.052212 0.079849
vn -0.028195 0.076008 0.058547
vn -0.028195 0.076008 0.058547
vn -0.028195 0.076008 0.058547
vn -0.033007 0.064907 0.068539
vn -0.033007 0.064907 0.068539
vn -0.033007 0.064907 0.068539
vn -0.033330 0.076008 0.055784
vn -0.033330 0.076008 0.055784
vn -0.033330 0.076008 0.055784
vn -0.017364 0.023322 0.095680
vn -0.017364 0.023322 0.095680
vn -0.017364 0.023322 0.095680
vn -0.025869 0.023322 0.093738
vn -0.025869 0.023322 0.093738
vn -0.025869 0.023322 0.093738
vn -0.024582 0.038235 0.089072
vn -0.024582 0.038235 0.089072
vn -0.024582 0.038235 0.089072
vn -0.032468 0.038235 0.086510
vn -0.032468 0.038235 0.086510
vn -0.032468 0.038235 0.086510
vn -0.029968 0.052212 0.079849
vn -0.029968 0.052212 0.079849
vn -0.029968 0.052212 0.079849
vn -0.037005 0.052212 0.076841
vn -0.037005 0.052212 0.076841
vn -0.037005 0.052212 0.076841
vn -0.033007 0.064907 0.068539
vn -0.033007 0.064907 0.068539
vn -0.033007 0.064907 0.068539
vn -0.039018 0.064907 0.065305
vn -0.039018 0.064907 0.065305
vn -0.039018 0.064907 0.065305
vn -0.033329 0.076008 0.055784
vn -0.033329 0.076008 0.055784
vn -0.033329 0.076008 0.055784
vn -0.038193 0.076008 0.052574
vn -0.038193 0.076008 0.052574
vn -0.038193 0.076008 0.052574
vn -0.022511 0.092374 0.030988
vn -0.022511 0.092374 0.030988
vn -0.022511 0.092374 0.030988
vn -0.026819 0.085240 0.044887
vn -0.026819 0.085240 0.044887
vn -0.026819 0.085240 0.044887
vn -0.026819 0.085240 0.044887
vn -0.026819 0.085240 0.044887
vn -0.026819 0.085240 0.044887
vn -0.030732 0.085241 0.042304
vn -0.030732 0.085241 0.042304
vn -0.030732 0.085241 0.042304
vn -0.030732 0.085241 0.042303
vn -0.030732 0.085241 0.042303
vn -0.030732 0.085241 0.042303
vn -0.063979 0.023322 0.073231
vn -0.063979 0.023322 0.073231
vn -0.063979 0.023322 0.073231
vn -0.060794 0.038235 0.069586
vn -0.060794 0.038235 0.069586
vn -0.060794 0.038235 0.069586
vn -0.054985 0.064907 0.052571
vn -0.054985 0.064907 0.052571
vn -0.054985 0.064907 0.052571
vn -0.061645 0.052212 0.058939
vn -0.061645 0.052212 0.058939
vn -0.061645 0.052212 0.058939
vn -0.056113 0.052212 0.064228
vn -0.056113 0.052212 0.064228
vn -0.056113 0.052212 0.064228
vn -0.060794 0.038235 0.069586
vn -0.060794 0.038235 0.069586
vn -0.060794 0.038235 0.069586
vn -0.054311 0.038236 0.074755
vn -0.054311 0.038236 0.074755
vn -0.054311 0.038236 0.074755
vn -0.049875 0.023323 0.083477
vn -0.049875 0.023323 0.083477
vn -0.049875 0.023323 0.083477
vn -0.057157 0.023323 0.078671
vn -0.057157 0.023323 0.078671
vn -0.057157 0.023323 0.078671
vn -0.057157 0.023323 0.078671
vn -0.057157 0.023323 0.078671
vn -0.057157 0.023323 0.078671
vn -0.003273 0.099863 0.004079
vn -0.003273 0.099863 0.004079
vn -0.003273 0.099863 0.004079
vn -0.003300 0.099863 0.004061
vn -0.003300 0.099863 0.004061
vn -0.003300 0.099863 0.004061
vn -0.016535 0.096635 0.019706
vn -0.016535 0.096635 0.019706
vn -0.016535 0.096635 0.019706
vn -0.022092 0.093632 0.027294
vn -0.022092 0.093632 0.027294
vn -0.022092 0.093632 0.027294
vn -0.027442 0.092289 0.027013
vn -0.027442 0.092289 0.027013
vn -0.027442 0.092289 0.027013
vn -0.027455 0.089994 0.033873
vn -0.027455 0.089994 0.033873
vn -0.027455 0.089994 0.033873
vn -0.035547 0.085201 0.038434
vn -0.035547 0.085201 0.038434
vn -0.035547 0.085201 0.038434
vn -0.063993 0.062444 0.044785
vn -0.063993 0.062444 0.044785
vn -0.063993 0.062444 0.044785
vn -0.070969 0.052219 0.047293
vn -0.070969 0.052219 0.047293
vn -0.070969 0.052219 0.047293
vn -0.077116 0.038235 0.050903
vn -0.077116 0.038235 0.050903
vn -0.077116 0.038235 0.050903
vn -0.071097 0.052372 0.046930
vn -0.071097 0.052372 0.046930
vn -0.071097 0.052372 0.046930
vn -0.075797 0.050904 0.040788
vn -0.075797 0.050904 0.040788
vn -0.075797 0.050904 0.040788
vn 0.085754 0.039759 0.032640
vn 0.085754 0.039759 0.032640
vn 0.085754 0.039759 0.032640
vn -0.086224 0.038163 0.033302
vn -0.086224 0.038163 0.033302
vn -0.086224 0.038163 0.033302
vn -0.085631 0.023322 0.046080
vn -0.085631 0.023322 0.046080
vn -0.085631 0.023322 0.046080
vn -0.089417 0.023322 0.038218
vn -0.089417 0.023322 0.038218
vn -0.089417 0.023322 0.038218
vn -0.085758 0.036084 0.036654
vn -0.085758 0.036084 0.036654
vn -0.085758 0.036084 0.036654
vn -0.088287 0.034351 0.032023
vn -0.088287 0.034351 0.032023
vn -0.088287 0.034351 0.032023
vn -0.077868 0.008970 0.062097
vn -0.077868 0.008970 0.062097
vn -0.077868 0.008970 0.062097
vn -0.070286 0.023323 0.067200
vn -0.070286 0.023323 0.067200
vn -0.070286 0.023323 0.067200
vn -0.072088 0.007271 0.068923
vn -0.072088 0.007271 0.068923
vn -0.072088 0.007271 0.068923
vn -0.067707 0.009541 0.072971
vn -0.067707 0.009541 0.072971
vn -0.067707 0.009541 0.072971
vn -0.066787 0.038235 0.063856
vn -0.066787 0.038235 0.063856
vn -0.066787 0.038235 0.063856
vn -0.070286 0.023322 0.067201
vn -0.070286 0.023322 0.067201
vn -0.070286 0.023322 0.067201
vn -0.063979 0.023322 0.073231
vn -0.063979 0.023322 0.073231
vn -0.063979 0.023322 0.073231
vn -0.065591 0.007838 0.075076
vn -0.065591 0.007838 0.075076
vn -0.065591 0.007838 0.075076
vn -0.058597 0.007839 0.080653
vn -0.058597 0.007839 0.080653
vn -0.058597 0.007839 0.080653
vn -0.056075 0.009541 0.082247
vn -0.056075 0.009541 0.082247
vn -0.056075 0.009541 0.082247
vn -0.051154 0.007271 0.085618
vn -0.051154 0.007271 0.085618
vn -0.051154 0.007271 0.085618
vn -0.054985 0.064907 0.052571
vn -0.054985 0.064907 0.052571
vn -0.054985 0.064907 0.052571
vn -0.050049 0.064907 0.057290
vn -0.050049 0.064907 0.057290
vn -0.050049 0.064907 0.057290
vn -0.056112 0.052211 0.064230
vn -0.056112 0.052211 0.064230
vn -0.056112 0.052211 0.064230
vn -0.050129 0.052212 0.069000
vn -0.050129 0.052212 0.069000
vn -0.050129 0.052212 0.069000
vn -0.054310 0.038235 0.074756
vn -0.054310 0.038235 0.074756
vn -0.054310 0.038235 0.074756
vn -0.047392 0.038235 0.079322
vn -0.047392 0.038235 0.079322
vn -0.047392 0.038235 0.079322
vn -0.049875 0.023322 0.083478
vn -0.049875 0.023322 0.083478
vn -0.049875 0.023322 0.083478
vn -0.042192 0.023322 0.087612
vn -0.042192 0.023322 0.087612
vn -0.042192 0.023322 0.087612
vn -0.043213 0.008970 0.089734
vn -0.043213 0.008970 0.089734
vn -0.043213 0.008970 0.089734
vn -0.043214 0.008970 0.089734
vn -0.043214 0.008970 0.089734
vn -0.043214 0.008970 0.089734
vn -0.042753 0.076008 0.048938
vn -0.042753 0.076008 0.048938
vn -0.042753 0.076008 0.048938
vn -0.050049 0.064907 0.057291
vn -0.050049 0.064907 0.057291
vn -0.050049 0.064907 0.057291
vn -0.044713 0.064907 0.061545
vn -0.044713 0.064907 0.061545
vn -0.044713 0.064907 0.061545
vn -0.050129 0.052212 0.069000
vn -0.050129 0.052212 0.069000
vn -0.050129 0.052212 0.069000
vn -0.043743 0.052212 0.073215
vn -0.043743 0.052212 0.073215
vn -0.043743 0.052212 0.073215
vn -0.047392 0.038235 0.079322
vn -0.047392 0.038235 0.079322
vn -0.047392 0.038235 0.079322
vn -0.040091 0.038235 0.083251
vn -0.040091 0.038235 0.083251
vn -0.040091 0.038235 0.083251
vn -0.042192 0.023322 0.087613
vn -0.042192 0.023322 0.087613
vn -0.042192 0.023322 0.087613
vn -0.034168 0.023322 0.091042
vn -0.034168 0.023322 0.091042
vn -0.034168 0.023322 0.091042
vn -0.035044 0.007271 0.093376
vn -0.035044 0.007271 0.093376
vn -0.035044 0.007271 0.093376
vn -0.029341 0.009541 0.095121
vn -0.029341 0.009541 0.095121
vn -0.029341 0.009541 0.095121
vn -0.092663 0.009542 0.036368
vn -0.092663 0.009542 0.036368
vn -0.092663 0.009542 0.036368
vn -0.094854 0.007271 0.030820
vn -0.094854 0.007271 0.030820
vn -0.094854 0.007271 0.030820
vn -0.097100 0.008970 0.022162
vn -0.097100 0.008970 0.022162
vn -0.097100 0.008970 0.022162
vn -0.097100 0.008970 0.022162
vn -0.097100 0.008970 0.022162
vn -0.097100 0.008970 0.022162
vn -0.099535 0.006101 0.007459
vn -0.099535 0.006101 0.007459
vn -0.099535 0.006101 0.007459
vn -0.097101 0.016981 0.016822
vn -0.097101 0.016981 0.016822
vn -0.097101 0.016981 0.016822
vn -0.095717 0.018998 0.021847
vn -0.095717 0.018998 0.021847
vn -0.095717 0.018998 0.021847
vn -0.095758 0.018357 0.022212
vn -0.095758 0.018357 0.022212
vn -0.095758 0.018357 0.022212
vn -0.092483 0.023322 0.030050
vn -0.092483 0.023322 0.030050
vn -0.092483 0.023322 0.030050
vn -0.089417 0.023322 0.038219
vn -0.089417 0.023322 0.038219
vn -0.089417 0.023322 0.038219
vn -0.091670 0.007838 0.039182
vn -0.091670 0.007838 0.039182
vn -0.091670 0.007838 0.039182
vn -0.087789 0.007838 0.047241
vn -0.087789 0.007838 0.047241
vn -0.087789 0.007838 0.047241
vn -0.086207 0.009542 0.049772
vn -0.086207 0.009542 0.049772
vn -0.086207 0.009542 0.049772
vn -0.083236 0.007271 0.054944
vn -0.083236 0.007271 0.054944
vn -0.083236 0.007271 0.054944
vn -0.077868 0.008970 0.062098
vn -0.077868 0.008970 0.062098
vn -0.077868 0.008970 0.062098
vn -0.076027 0.023322 0.060630
vn -0.076027 0.023322 0.060630
vn -0.076027 0.023322 0.060630
vn -0.076027 0.023323 0.060629
vn -0.076027 0.023323 0.060629
vn -0.076027 0.023323 0.060629
vn -0.072243 0.038235 0.057611
vn -0.072243 0.038235 0.057611
vn -0.072243 0.038235 0.057611
vn -0.072243 0.038235 0.057611
vn -0.072243 0.038235 0.057611
vn -0.072243 0.038235 0.057611
vn -0.066680 0.052211 0.053176
vn -0.066680 0.052211 0.053176
vn -0.066680 0.052211 0.053176
vn -0.066680 0.052211 0.053176
vn -0.066680 0.052211 0.053176
vn -0.066680 0.052211 0.053176
vn -0.060582 0.063212 0.048312
vn -0.060582 0.063212 0.048312
vn -0.060582 0.063212 0.048312
vn -0.060925 0.064839 0.045651
vn -0.060925 0.064839 0.045651
vn -0.060925 0.064839 0.045651
vn -0.051332 0.072174 0.046433
vn -0.051332 0.072174 0.046433
vn -0.051332 0.072174 0.046433
vn -0.050134 0.072035 0.047933
vn -0.050134 0.072035 0.047933
vn -0.050134 0.072035 0.047933
vn -0.048487 0.075890 0.043470
vn -0.048487 0.075890 0.043470
vn -0.048487 0.075890 0.043470
vn -0.048533 0.075940 0.043331
vn -0.048533 0.075940 0.043331
vn -0.048533 0.075940 0.043331
vn -0.039599 0.081557 0.042194
vn -0.039599 0.081557 0.042194
vn -0.039599 0.081557 0.042194
vn -0.041301 0.083666 0.035977
vn -0.041301 0.083666 0.035977
vn -0.041301 0.083666 0.035977
vn -0.035173 0.084509 0.040263
vn -0.035173 0.084509 0.040263
vn -0.035173 0.084509 0.040263
vn -0.042752 0.076008 0.048939
vn -0.042752 0.076008 0.048939
vn -0.042752 0.076008 0.048939
vn -0.038194 0.076009 0.052573
vn -0.038194 0.076009 0.052573
vn -0.038194 0.076009 0.052573
vn -0.044712 0.064907 0.061546
vn -0.044712 0.064907 0.061546
vn -0.044712 0.064907 0.061546
vn -0.039018 0.064907 0.065305
vn -0.039018 0.064907 0.065305
vn -0.039018 0.064907 0.065305
vn -0.043744 0.052212 0.073215
vn -0.043744 0.052212 0.073215
vn -0.043744 0.052212 0.073215
vn -0.037005 0.052212 0.076841
vn -0.037005 0.052212 0.076841
vn -0.037005 0.052212 0.076841
vn -0.040092 0.038235 0.083251
vn -0.040092 0.038235 0.083251
vn -0.040092 0.038235 0.083251
vn -0.032468 0.038235 0.086509
vn -0.032468 0.038235 0.086509
vn -0.032468 0.038235 0.086509
vn -0.034169 0.023323 0.091041
vn -0.034169 0.023323 0.091041
vn -0.034169 0.023323 0.091041
vn -0.025870 0.023323 0.093738
vn -0.025870 0.023323 0.093738
vn -0.025870 0.023323 0.093738
vn -0.026522 0.007838 0.096100
vn -0.026522 0.007838 0.096100
vn -0.026522 0.007838 0.096100
vn -0.017801 0.007838 0.098090
vn -0.017801 0.007838 0.098090
vn -0.017801 0.007838 0.098090
vn -0.014836 0.009542 0.098432
vn -0.014836 0.009542 0.098432
vn -0.014836 0.009542 0.098432
vn -0.008939 0.007271 0.099334
vn -0.008939 0.007271 0.099334
vn -0.008939 0.007271 0.099334
vn 0.029341 0.009541 0.095121
vn 0.029341 0.009541 0.095121
vn 0.029341 0.009541 0.095121
vn 0.034168 0.023323 0.091042
vn 0.034168 0.023323 0.091042
vn 0.034168 0.023323 0.091042
vn 0.035044 0.007271 0.093376
vn 0.035044 0.007271 0.093376
vn 0.035044 0.007271 0.093376
vn 0.043213 0.008970 0.089734
vn 0.043213 0.008970 0.089734
vn 0.043213 0.008970 0.089734
vn 0.043214 0.008970 0.089734
vn 0.043214 0.008970 0.089734
vn 0.043214 0.008970 0.089734
vn 0.051154 0.007271 0.085618
vn 0.051154 0.007271 0.085618
vn 0.051154 0.007271 0.085618
vn 0.056075 0.009541 0.082247
vn 0.056075 0.009541 0.082247
vn 0.056075 0.009541 0.082247
vn 0.058597 0.007839 0.080653
vn 0.058597 0.007839 0.080653
vn 0.058597 0.007839 0.080653
vn 0.065591 0.007838 0.075076
vn 0.065591 0.007838 0.075076
vn 0.065591 0.007838 0.075076
vn 0.067707 0.009541 0.072971
vn 0.067707 0.009541 0.072971
vn 0.067707 0.009541 0.072971
vn 0.026730 0.064907 0.071222
vn 0.026730 0.064907 0.071222
vn 0.026730 0.064907 0.071222
vn 0.029968 0.052212 0.079849
vn 0.029968 0.052212 0.079849
vn 0.029968 0.052212 0.079849
vn 0.037005 0.052212 0.076841
vn 0.037005 0.052212 0.076841
vn 0.037005 0.052212 0.076841
vn 0.040092 0.038235 0.083251
vn 0.040092 0.038235 0.083251
vn 0.040092 0.038235 0.083251
vn 0.047392 0.038235 0.079322
vn 0.047392 0.038235 0.079322
vn 0.047392 0.038235 0.079322
vn 0.049875 0.023323 0.083478
vn 0.049875 0.023323 0.083478
vn 0.049875 0.023323 0.083478
vn 0.057157 0.023323 0.078671
vn 0.057157 0.023323 0.078671
vn 0.057157 0.023323 0.078671
vn 0.057157 0.023323 0.078671
vn 0.057157 0.023323 0.078671
vn 0.057157 0.023323 0.078671
vn 0.063979 0.023322 0.073231
vn 0.063979 0.023322 0.073231
vn 0.063979 0.023322 0.073231
vn 0.063979 0.023322 0.073231
vn 0.063979 0.023322 0.073231
vn 0.063979 0.023322 0.073231
vn 0.070286 0.023322 0.067200
vn 0.070286 0.023322 0.067200
vn 0.070286 0.023322 0.067200
vn 0.072088 0.007271 0.068923
vn 0.072088 0.007271 0.068923
vn 0.072088 0.007271 0.068923
vn 0.077868 0.008969 0.062098
vn 0.077868 0.008969 0.062098
vn 0.077868 0.008969 0.062098
vn 0.077868 0.008970 0.062097
vn 0.077868 0.008970 0.062097
vn 0.077868 0.008970 0.062097
vn 0.083236 0.007271 0.054944
vn 0.083236 0.007271 0.054944
vn 0.083236 0.007271 0.054944
vn 0.086207 0.009542 0.049772
vn 0.086207 0.009542 0.049772
vn 0.086207 0.009542 0.049772
vn 0.087789 0.007838 0.047241
vn 0.087789 0.007838 0.047241
vn 0.087789 0.007838 0.047241
vn 0.097100 0.008970 0.022162
vn 0.097100 0.008970 0.022162
vn 0.097100 0.008970 0.022162
vn 0.099535 0.006101 0.007459
vn 0.099535 0.006101 0.007459
vn 0.099535 0.006101 0.007459
vn 0.095758 0.018357 0.022212
vn 0.095758 0.018357 0.022212
vn 0.095758 0.018357 0.022212
vn 0.088287 0.034351 0.032023
vn 0.088287 0.034351 0.032023
vn 0.088287 0.034351 0.032023
vn 0.092483 0.023322 0.030050
vn 0.092483 0.023322 0.030050
vn 0.092483 0.023322 0.030050
vn 0.089417 0.023322 0.038218
vn 0.089417 0.023322 0.038218
vn 0.089417 0.023322 0.038218
vn 0.085758 0.036084 0.036654
vn 0.085758 0.036084 0.036654
vn 0.085758 0.036084 0.036654
vn 0.086224 0.038163 0.033302
vn 0.086224 0.038163 0.033302
vn 0.086224 0.038163 0.033302
vn -0.085754 0.039759 0.032640
vn -0.085754 0.039759 0.032640
vn -0.085754 0.039759 0.032640
vn 0.075797 0.050904 0.040788
vn 0.075797 0.050904 0.040788
vn 0.075797 0.050904 0.040788
vn 0.070835 0.052441 0.047248
vn 0.070835 0.052441 0.047248
vn 0.070835 0.052441 0.047248
vn 0.063993 0.062444 0.044785
vn 0.063993 0.062444 0.044785
vn 0.063993 0.062444 0.044785
vn 0.097101 0.016981 0.016822
vn 0.097101 0.016981 0.016822
vn 0.097101 0.016981 0.016822
vn 0.095717 0.018998 0.021847
vn 0.095717 0.018998 0.021847
vn 0.095717 0.018998 0.021847
vn 0.097100 0.008970 0.022162
vn 0.097100 0.008970 0.022162
vn 0.097100 0.008970 0.022162
vn 0.094854 0.007271 0.030820
vn 0.094854 0.007271 0.030820
vn 0.094854 0.007271 0.030820
vn 0.092663 0.009542 0.036368
vn 0.092663 0.009542 0.036368
vn 0.092663 0.009542 0.036368
vn 0.091670 0.007838 0.039182
vn 0.091670 0.007838 0.039182
vn 0.091670 0.007838 0.039182
vn 0.089417 0.023322 0.038219
vn 0.089417 0.023322 0.038219
vn 0.089417 0.023322 0.038219
vn 0.085631 0.023322 0.046080
vn 0.085631 0.023322 0.046080
vn 0.085631 0.023322 0.046080
vn 0.081368 0.038235 0.043786
vn 0.081368 0.038235 0.043786
vn 0.081368 0.038235 0.043786
vn 0.077116 0.038235 0.050903
vn 0.077116 0.038235 0.050903
vn 0.077116 0.038235 0.050903
vn 0.071179 0.052211 0.046984
vn 0.071179 0.052211 0.046984
vn 0.071179 0.052211 0.046984
vn 0.066680 0.052211 0.053176
vn 0.066680 0.052211 0.053176
vn 0.066680 0.052211 0.053176
vn 0.060582 0.063212 0.048312
vn 0.060582 0.063212 0.048312
vn 0.060582 0.063212 0.048312
vn 0.060925 0.064839 0.045651
vn 0.060925 0.064839 0.045651
vn 0.060925 0.064839 0.045651
vn 0.051332 0.072174 0.046433
vn 0.051332 0.072174 0.046433
vn 0.051332 0.072174 0.046433
vn 0.050134 0.072035 0.047933
vn 0.050134 0.072035 0.047933
vn 0.050134 0.072035 0.047933
vn 0.039650 0.081556 0.042148
vn 0.039650 0.081556 0.042148
vn 0.039650 0.081556 0.042148
vn 0.041615 0.083614 0.035734
vn 0.041615 0.083614 0.035734
vn 0.041615 0.083614 0.035734
vn 0.035148 0.084533 0.040234
vn 0.035148 0.084533 0.040234
vn 0.035148 0.084533 0.040234
vn 0.035533 0.085202 0.038446
vn 0.035533 0.085202 0.038446
vn 0.035533 0.085202 0.038446
vn 0.027375 0.090083 0.033698
vn 0.027375 0.090083 0.033698
vn 0.027375 0.090083 0.033698
vn 0.027509 0.092285 0.026957
vn 0.027509 0.092285 0.026957
vn 0.027509 0.092285 0.026957
vn 0.021980 0.093682 0.027214
vn 0.021980 0.093682 0.027214
vn 0.021980 0.093682 0.027214
vn 0.016565 0.096628 0.019713
vn 0.016565 0.096628 0.019713
vn 0.016565 0.096628 0.019713
vn 0.003299 0.099863 0.004060
vn 0.003299 0.099863 0.004060
vn 0.003299 0.099863 0.004060
vn 0.004872 0.099692 0.006150
vn 0.004872 0.099692 0.006150
vn 0.004872 0.099692 0.006150
vn 0.002834 0.099676 0.007523
vn 0.002834 0.099676 0.007523
vn 0.002834 0.099676 0.007523
vn 0.010540 0.098651 0.012523
vn 0.010540 0.098651 0.012523
vn 0.010540 0.098651 0.012523
vn 0.014464 0.096354 0.022512
vn 0.014464 0.096354 0.022512
vn 0.014464 0.096354 0.022512
vn 0.003272 0.099863 0.004078
vn 0.003272 0.099863 0.004078
vn 0.003272 0.099863 0.004078
vn 0.014268 0.098967 -0.001411
vn 0.014268 0.098967 -0.001411
vn 0.014268 0.098967 -0.001411
vn 0.005602 0.098715 0.014963
vn 0.005602 0.098715 0.014963
vn 0.005602 0.098715 0.014963
vn 0.010930 0.098378 0.014224
vn 0.010930 0.098378 0.014224
vn 0.010930 0.098378 0.014224
vn 0.015281 0.096455 0.021517
vn 0.015281 0.096455 0.021517
vn 0.015281 0.096455 0.021517
vn 0.015815 0.096312 0.021771
vn 0.015815 0.096312 0.021771
vn 0.015815 0.096312 0.021771
vn 0.022511 0.092374 0.030988
vn 0.022511 0.092374 0.030988
vn 0.022511 0.092374 0.030988
vn 0.019716 0.092376 0.032834
vn 0.019716 0.092376 0.032834
vn 0.019716 0.092376 0.032834
vn 0.019621 0.092394 0.032840
vn 0.019621 0.092394 0.032840
vn 0.019621 0.092394 0.032840
vn 0.015016 0.091230 0.038099
vn 0.015016 0.091230 0.038099
vn 0.015016 0.091230 0.038099
vn 0.019905 0.090498 0.037601
vn 0.019905 0.090498 0.037601
vn 0.019905 0.090498 0.037601
vn 0.011890 0.075415 0.064585
vn 0.011890 0.075415 0.064585
vn 0.011890 0.075415 0.064585
vn 0.011716 0.075465 0.064559
vn 0.011716 0.075465 0.064559
vn 0.011716 0.075465 0.064559
vn 0.007001 0.073559 0.067380
vn 0.007001 0.073559 0.067380
vn 0.007001 0.073559 0.067380
vn 0.006011 0.074188 0.066784
vn 0.006011 0.074188 0.066784
vn 0.006011 0.074188 0.066784
vn 0.002404 0.073154 0.068137
vn 0.002404 0.073154 0.068137
vn 0.002404 0.073154 0.068137
vn 0.000000 0.074091 0.067160
vn 0.000000 0.074091 0.067160
vn 0.000000 0.074091 0.067160
vn -0.015569 0.082492 0.054338
vn -0.015569 0.082492 0.054338
vn -0.015569 0.082492 0.054338
vn -0.001375 0.073220 0.068095
vn -0.001375 0.073220 0.068095
vn -0.001375 0.073220 0.068095
vn -0.004960 0.073444 0.067686
vn -0.004960 0.073444 0.067686
vn -0.004960 0.073444 0.067686
vn -0.006013 0.074164 0.066810
vn -0.006013 0.074164 0.066810
vn -0.006013 0.074164 0.066810
vn -0.008032 0.073732 0.067075
vn -0.008032 0.073732 0.067075
vn -0.008032 0.073732 0.067075
vn -0.011823 0.074937 0.065151
vn -0.011823 0.074937 0.065151
vn -0.011823 0.074937 0.065151
vn -0.010869 0.075287 0.064913
vn -0.010869 0.075287 0.064913
vn -0.010869 0.075287 0.064913
vn -0.017379 0.075712 0.062973
vn -0.017379 0.075712 0.062973
vn -0.017379 0.075712 0.062973
vn -0.016729 0.075994 0.062810
vn -0.016729 0.075994 0.062810
vn -0.016729 0.075994 0.062810
vn -0.022833 0.076008 0.060839
vn -0.022833 0.076008 0.060839
vn -0.022833 0.076008 0.060839
vn -0.021080 0.080006 0.056167
vn -0.021080 0.080006 0.056167
vn -0.021080 0.080006 0.056167
vn -0.017377 0.084555 0.050483
vn -0.017377 0.084555 0.050483
vn -0.017377 0.084555 0.050483
vn -0.015985 0.095728 0.024096
vn -0.015985 0.095728 0.024096
vn -0.015985 0.095728 0.024096
vn -0.010573 0.096607 0.023567
vn -0.010573 0.096607 0.023567
vn -0.010573 0.096607 0.023567
vn -0.008284 0.099153 0.009998
vn -0.008284 0.099153 0.009998
vn -0.008284 0.099153 0.009998
vn 0.048489 0.075888 0.043473
vn 0.048489 0.075888 0.043473
vn 0.048489 0.075888 0.043473
vn 0.048538 0.075940 0.043326
vn 0.048538 0.075940 0.043326
vn 0.048538 0.075940 0.043326
vn 0.042753 0.076008 0.048938
vn 0.042753 0.076008 0.048938
vn 0.042753 0.076008 0.048938
vn 0.042752 0.076008 0.048939
vn 0.042752 0.076008 0.048939
vn 0.042752 0.076008 0.048939
vn 0.038194 0.076009 0.052573
vn 0.038194 0.076009 0.052573
vn 0.038194 0.076009 0.052573
vn 0.038193 0.076008 0.052574
vn 0.038193 0.076008 0.052574
vn 0.038193 0.076008 0.052574
vn 0.033330 0.076008 0.055784
vn 0.033330 0.076008 0.055784
vn 0.033330 0.076008 0.055784
vn 0.026819 0.085240 0.044887
vn 0.026819 0.085240 0.044887
vn 0.026819 0.085240 0.044887
vn 0.022687 0.085240 0.047110
vn 0.022687 0.085240 0.047110
vn 0.022687 0.085240 0.047110
vn 0.020224 0.083286 0.051521
vn 0.020224 0.083286 0.051521
vn 0.020224 0.083286 0.051521
vn 0.019229 0.083697 0.051235
vn 0.019229 0.083697 0.051235
vn 0.019229 0.083697 0.051235
vn 0.016873 0.082421 0.054056
vn 0.016873 0.082421 0.054056
vn 0.016873 0.082421 0.054056
vn 0.022353 0.076019 0.061004
vn 0.022353 0.076019 0.061004
vn 0.022353 0.076019 0.061004
vn 0.016964 0.077032 0.061467
vn 0.016964 0.077032 0.061467
vn 0.016964 0.077032 0.061467
vn 0.020238 0.064907 0.073331
vn 0.020238 0.064907 0.073331
vn 0.020238 0.064907 0.073331
vn 0.020238 0.064907 0.073332
vn 0.020238 0.064907 0.073332
vn 0.020238 0.064907 0.073332
vn 0.022690 0.052212 0.082214
vn 0.022690 0.052212 0.082214
vn 0.022690 0.052212 0.082214
vn 0.022689 0.052212 0.082214
vn 0.022689 0.052212 0.082214
vn 0.022689 0.052212 0.082214
vn 0.024582 0.038235 0.089072
vn 0.024582 0.038235 0.089072
vn 0.024582 0.038235 0.089072
vn 0.024582 0.038236 0.089072
vn 0.024582 0.038236 0.089072
vn 0.024582 0.038236 0.089072
vn 0.025869 0.023323 0.093738
vn 0.025869 0.023323 0.093738
vn 0.025869 0.023323 0.093738
vn 0.025870 0.023322 0.093738
vn 0.025870 0.023322 0.093738
vn 0.025870 0.023322 0.093738
vn 0.026522 0.007838 0.096100
vn 0.026522 0.007838 0.096100
vn 0.026522 0.007838 0.096100
vn 0.017801 0.007838 0.098090
vn 0.017801 0.007838 0.098090
vn 0.017801 0.007838 0.098090
vn 0.014836 0.009542 0.098432
vn 0.014836 0.009542 0.098432
vn 0.014836 0.009542 0.098432
vn 0.008939 0.007271 0.099334
vn 0.008939 0.007271 0.099334
vn 0.008939 0.007271 0.099334
vn 0.000000 0.008970 0.099597
vn 0.000000 0.008970 0.099597
vn 0.000000 0.008970 0.099597
vn 0.000000 0.008970 0.099597
vn 0.000000 0.023323 0.097242
vn -0.008717 0.023323 0.096851
vn -0.008717 0.023323 0.096851
vn -0.008717 0.023323 0.096851
vn -0.008283 0.038235 0.092030
vn -0.008283 0.038235 0.092030
vn -0.008283 0.038235 0.092030
vn -0.016499 0.038235 0.090917
vn -0.016499 0.038235 0.090917
vn -0.016499 0.038235 0.090917
vn -0.015228 0.052212 0.083917
vn -0.015228 0.052212 0.083917
vn -0.015228 0.052212 0.083917
vn -0.022690 0.052212 0.082214
vn -0.022690 0.052212 0.082214
vn -0.022690 0.052212 0.082214
vn -0.020238 0.064907 0.073331
vn -0.020238 0.064907 0.073331
vn -0.020238 0.064907 0.073331
vn -0.026730 0.064907 0.071222
vn -0.026730 0.064907 0.071222
vn -0.026730 0.064907 0.071222
vn -0.022833 0.076008 0.060839
vn -0.022833 0.076008 0.060839
vn -0.022833 0.076008 0.060839
vn -0.028195 0.076008 0.058547
vn -0.028195 0.076008 0.058547
vn -0.028195 0.076008 0.058547
vn -0.022913 0.084919 0.047579
vn -0.022913 0.084919 0.047579
vn -0.022913 0.084919 0.047579
vn -0.022068 0.085224 0.047432
vn -0.022068 0.085224 0.047432
vn -0.022068 0.085224 0.047432
vn -0.018336 0.091626 0.035616
vn -0.018336 0.091626 0.035616
vn -0.018336 0.091626 0.035616
vn -0.020218 0.091903 0.033840
vn -0.020218 0.091903 0.033840
vn -0.020218 0.091903 0.033840
vn -0.018507 0.092344 0.033616
vn -0.018507 0.092344 0.033616
vn -0.018507 0.092344 0.033616
vn -0.022511 0.092374 0.030988
vn -0.022511 0.092374 0.030988
vn -0.022511 0.092374 0.030988
vn -0.014309 0.096991 0.019697
vn -0.014309 0.096991 0.019697
vn -0.014309 0.096991 0.019697
vn -0.016377 0.096616 0.019929
vn -0.016377 0.096616 0.019929
vn -0.016377 0.096616 0.019929
vn -0.010382 0.098427 0.014294
vn -0.010382 0.098427 0.014294
vn -0.010382 0.098427 0.014294
vn -0.005616 0.098718 0.014939
vn -0.005616 0.098718 0.014939
vn -0.005616 0.098718 0.014939
vn -0.014266 0.098967 -0.001409
vn -0.014266 0.098967 -0.001409
vn -0.014266 0.098967 -0.001409
vn -0.001485 0.099597 0.008840
vn -0.001485 0.099597 0.008840
vn -0.001485 0.099597 0.008840
vn -0.002840 0.099895 0.003585
vn -0.002840 0.099895 0.003585
vn -0.002840 0.099895 0.003585
vn 0.026452 0.052604 0.080827
vn 0.026452 0.052604 0.080827
vn 0.026452 0.052604 0.080827
vn 0.029714 0.006310 0.095275
vn 0.029714 0.006310 0.095275
vn 0.029714 0.006310 0.095275
vn 0.027731 -0.001526 0.096066
vn 0.027731 -0.001526 0.096066
vn 0.027731 -0.001526 0.096066
vn 0.023475 0.004512 0.097101
vn 0.023475 0.004512 0.097101
vn 0.023475 0.004512 0.097101
vn 0.023496 0.004665 0.097088
vn 0.023496 0.004665 0.097088
vn 0.023496 0.004665 0.097088
vn 0.020617 -0.001556 0.097839
vn 0.020617 -0.001556 0.097839
vn 0.020617 -0.001556 0.097839
vn 0.015745 0.002023 0.098732
vn 0.015745 0.002023 0.098732
vn 0.015745 0.002023 0.098732
vn 0.014547 -0.000026 0.098936
vn 0.014547 -0.000026 0.098936
vn 0.014547 -0.000026 0.098936
vn 0.010549 0.000012 0.099442
vn 0.010549 0.000012 0.099442
vn 0.010549 0.000012 0.099442
vn 0.007898 0.001301 0.099679
vn 0.007898 0.001301 0.099679
vn 0.007898 0.001301 0.099679
vn 0.007807 0.001215 0.099687
vn 0.007807 0.001215 0.099687
vn 0.007807 0.001215 0.099687
vn 0.005460 0.000178 0.099851
vn 0.005460 0.000178 0.099851
vn 0.005460 0.000178 0.099851
vn 0.002939 0.000063 0.099957
vn 0.002939 0.000063 0.099957
vn 0.002939 0.000063 0.099957
vn 0.000565 0.000783 0.099995
vn 0.000565 0.000783 0.099995
vn 0.000565 0.000783 0.099995
vn 0.000000 0.001146 0.099993
vn 0.000000 0.001146 0.099993
vn 0.000000 0.001146 0.099993
vn -0.001576 0.000320 0.099987
vn -0.001576 0.000320 0.099987
vn -0.001576 0.000320 0.099987
vn -0.004999 -0.000319 0.099874
vn -0.004999 -0.000319 0.099874
vn -0.004999 -0.000319 0.099874
vn -0.007898 0.001181 0.099681
vn -0.007898 0.001181 0.099681
vn -0.007898 0.001181 0.099681
vn -0.008938 0.000358 0.099599
vn -0.008938 0.000358 0.099599
vn -0.008938 0.000358 0.099599
vn -0.012718 -0.000259 0.099188
vn -0.012718 -0.000259 0.099188
vn -0.012718 -0.000259 0.099188
vn -0.015746 0.001664 0.098739
vn -0.015746 0.001664 0.098739
vn -0.015746 0.001664 0.098739
vn -0.017873 -0.001093 0.098384
vn -0.017873 -0.001093 0.098384
vn -0.017873 -0.001093 0.098384
vn -0.022111 0.000950 0.097520
vn -0.022111 0.000950 0.097520
vn -0.022111 0.000950 0.097520
vn -0.023466 0.005338 0.097061
vn -0.023466 0.005338 0.097061
vn -0.023466 0.005338 0.097061
vn -0.025685 -0.000055 0.096645
vn -0.025685 -0.000055 0.096645
vn -0.025685 -0.000055 0.096645
vn -0.029109 0.000072 0.095670
vn -0.029109 0.000072 0.095670
vn -0.029109 0.000072 0.095670
vn -0.029286 0.033679 0.089487
vn -0.029286 0.033679 0.089487
vn -0.029286 0.033679 0.089487
usemtl Steel_-_Satin
f 2/1/1 15/2/2 1/3/3
f 1/3/3 15/2/2 16/4/4
f 1/3/3 16/4/4 17/5/5
f 17/5/5 16/4/4 24/6/6
f 17/5/5 24/6/6 25/7/7
f 25/7/7 24/6/6 32/8/8
f 25/7/7 32/8/8 33/9/9
f 33/9/9 32/8/8 40/10/10
f 33/9/9 40/10/10 41/11/11
f 41/11/11 40/10/10 48/12/12
f 41/11/11 48/12/12 49/13/13
f 49/13/13 48/12/12 8/14/14
f 49/13/13 8/14/14 9/15/15
f 15/2/2 2/1/1 22/16/16
f 22/16/16 2/1/1 3/17/17
f 22/16/16 3/17/17 29/18/18
f 29/18/18 3/17/17 4/19/19
f 29/18/18 4/19/19 36/20/20
f 36/20/20 4/19/19 5/21/21
f 36/20/20 5/21/21 43/22/22
f 43/22/22 5/21/21 6/23/23
f 43/22/22 6/23/23 7/24/24
f 8/14/14 46/25/25 7/24/24
f 7/24/24 46/25/25 45/26/26
f 7/24/24 45/26/26 44/27/27
f 44/27/27 45/26/26 37/28/28
f 44/27/27 37/28/28 36/20/20
f 36/20/20 37/28/28 29/18/18
f 49/13/13 9/15/15 42/29/29
f 42/29/29 9/15/15 10/30/30
f 42/29/29 10/30/30 35/31/31
f 35/31/31 10/30/30 11/32/32
f 35/31/31 11/32/32 28/33/33
f 28/33/33 11/32/32 12/34/34
f 28/33/33 12/34/34 21/35/35
f 21/35/35 12/34/34 13/36/36
f 21/35/35 13/36/36 14/37/37
f 1/3/3 18/38/38 14/37/37
f 14/37/37 18/38/38 19/39/39
f 14/37/37 19/39/39 20/40/40
f 20/40/40 19/39/39 27/41/41
f 20/40/40 27/41/41 28/33/33
f 28/33/33 27/41/41 35/31/31
f 18/38/38 1/3/3 17/5/5
f 16/4/4 15/2/2 23/42/42
f 23/42/42 15/2/2 22/16/16
f 23/42/42 22/16/16 30/43/43
f 30/43/43 22/16/16 29/18/18
f 30/43/43 29/18/18 37/28/28
f 17/5/5 25/7/7 18/38/38
f 18/38/38 25/7/7 26/44/44
f 18/38/38 26/44/44 19/39/39
f 19/39/39 26/44/44 27/41/41
f 21/35/35 14/37/37 20/40/40
f 28/33/33 21/35/35 20/40/40
f 16/4/4 23/42/42 24/6/6
f 24/6/6 23/42/42 31/45/45
f 24/6/6 31/45/45 32/8/8
f 32/8/8 31/45/45 39/46/46
f 32/8/8 39/46/46 40/10/10
f 40/10/10 39/46/46 47/47/47
f 40/10/10 47/47/47 48/12/12
f 48/12/12 47/47/47 8/14/14
f 31/45/45 23/42/42 30/43/43
f 25/7/7 33/9/9 26/44/44
f 26/44/44 33/9/9 34/48/48
f 26/44/44 34/48/48 27/41/41
f 27/41/41 34/48/48 35/31/31
f 31/45/45 30/43/43 38/49/49
f 38/49/49 30/43/43 37/28/28
f 38/49/49 37/28/28 45/26/26
f 42/29/29 35/31/31 34/48/48
f 42/29/29 34/48/48 41/11/11
f 41/11/11 34/48/48 33/9/9
f 44/27/27 36/20/20 43/22/22
f 31/45/45 38/49/49 39/46/46
f 39/46/46 38/49/49 46/25/25
f 39/46/46 46/25/25 47/47/47
f 47/47/47 46/25/25 8/14/14
f 46/25/25 38/49/49 45/26/26
f 49/13/13 42/29/29 41/11/11
f 7/24/24 44/27/27 43/22/22
f 51/50/50 64/51/51 50/52/52
f 50/52/52 64/51/51 65/53/53
f 50/52/52 65/53/53 66/54/54
f 66/54/54 65/53/53 73/55/55
f 66/54/54 73/55/55 74/56/56
f 74/56/56 73/55/55 81/57/57
f 74/56/56 81/57/57 82/58/58
f 82/58/58 81/57/57 89/59/59
f 82/58/58 89/59/59 90/60/60
f 90/60/60 89/59/59 97/61/61
f 90/60/60 97/61/61 98/62/62
f 98/62/62 97/61/61 57/63/63
f 98/62/62 57/63/63 58/64/64
f 64/51/51 51/50/50 71/65/65
f 71/65/65 51/50/50 52/66/66
f 71/65/65 52/66/66 78/67/67
f 78/67/67 52/66/66 53/68/68
f 78/67/67 53/68/68 85/69/69
f 85/69/69 53/68/68 54/70/70
f 85/69/69 54/70/70 92/71/71
f 92/71/71 54/70/70 55/72/72
f 92/71/71 55/72/72 56/73/73
f 57/63/63 95/74/74 56/73/73
f 56/73/73 95/74/74 94/75/75
f 56/73/73 94/75/75 93/76/76
f 93/76/76 94/75/75 86/77/77
f 93/76/76 86/77/77 85/69/69
f 85/69/69 86/77/77 78/67/67
f 98/62/62 58/64/64 91/78/78
f 91/78/78 58/64/64 59/79/79
f 91/78/78 59/79/79 84/80/80
f 84/80/80 59/79/79 60/81/81
f 84/80/80 60/81/81 77/82/82
f 77/82/82 60/81/81 61/83/83
f 77/82/82 61/83/83 70/84/84
f 70/84/84 61/83/83 62/85/85
f 70/84/84 62/85/85 63/86/86
f 50/52/52 67/87/87 63/86/86
f 63/86/86 67/87/87 68/88/88
f 63/86/86 68/88/88 69/89/89
f 69/89/89 68/88/88 76/90/90
f 69/89/89 76/90/90 77/82/82
f 77/82/82 76/90/90 84/80/80
f 67/87/87 50/52/52 66/54/54
f 65/53/53 64/51/51 72/91/91
f 72/91/91 64/51/51 71/65/65
f 72/91/91 71/65/65 79/92/92
f 79/92/92 71/65/65 78/67/67
f 79/92/92 78/67/67 86/77/77
f 66/54/54 74/56/56 67/87/87
f 67/87/87 74/56/56 75/93/93
f 67/87/87 75/93/93 68/88/88
f 68/88/88 75/93/93 76/90/90
f 70/84/84 63/86/86 69/89/89
f 77/82/82 70/84/84 69/89/89
f 65/53/53 72/91/91 73/55/55
f 73/55/55 72/91/91 80/94/94
f 73/55/55 80/94/94 81/57/57
f 81/57/57 80/94/94 88/95/95
f 81/57/57 88/95/95 89/59/59
f 89/59/59 88/95/95 96/96/96
f 89/59/59 96/96/96 97/61/61
f 97/61/61 96/96/96 57/63/63
f 80/94/94 72/91/91 79/92/92
f 74/56/56 82/58/58 75/93/93
f 75/93/93 82/58/58 83/97/97
f 75/93/93 83/97/97 76/90/90
f 76/90/90 83/97/97 84/80/80
f 80/94/94 79/92/92 87/98/98
f 87/98/98 79/92/92 86/77/77
f 87/98/98 86/77/77 94/75/75
f 91/78/78 84/80/80 83/97/97
f 91/78/78 83/97/97 90/60/60
f 90/60/60 83/97/97 82/58/58
f 93/76/76 85/69/69 92/71/71
f 80/94/94 87/98/98 88/95/95
f 88/95/95 87/98/98 95/74/74
f 88/95/95 95/74/74 96/96/96
f 96/96/96 95/74/74 57/63/63
f 95/74/74 87/98/98 94/75/75
f 98/62/62 91/78/78 90/60/60
f 56/73/73 93/76/76 92/71/71
f 99/99/99 100/100/100 63/101/86
f 63/101/86 100/100/100 50/102/52
f 14/103/37 57/104/63 1/105/3
f 1/105/3 57/104/63 56/106/73
f 101/107/101 102/108/102 104/109/103
f 104/109/103 102/108/102 103/110/104
f 102/111/105 105/112/106 103/113/107
f 107/114/108 108/115/109 106/116/110
f 106/116/110 108/115/109 109/117/111
f 105/118/112 110/119/113 103/120/114
f 103/120/114 110/119/113 111/121/115
f 110/122/116 100/123/117 111/124/118
f 111/124/118 100/123/117 113/125/119
f 113/125/119 100/123/117 99/126/120
f 113/125/119 99/126/120 112/127/121
f 114/128/122 107/129/123 7/130/24
f 7/130/24 107/129/123 8/131/14
f 8/131/14 107/129/123 106/132/124
f 101/133/125 7/134/126 102/135/127
f 102/135/127 7/134/126 50/136/128
f 102/135/127 50/136/128 105/137/129
f 105/137/129 50/136/128 110/138/130
f 110/138/130 50/136/128 100/139/131
f 101/133/125 115/140/132 7/134/126
f 7/134/126 115/140/132 114/141/133
f 6/142/134 1/143/135 7/134/126
f 7/134/126 1/143/135 56/144/136
f 7/134/126 56/144/136 50/136/128
f 50/136/128 56/144/136 51/145/137
f 51/145/137 56/144/136 52/146/138
f 52/146/138 56/144/136 53/147/139
f 53/147/139 56/144/136 54/148/140
f 54/148/140 56/144/136 55/149/141
f 6/142/134 5/150/142 1/143/135
f 1/143/135 5/150/142 4/151/143
f 1/143/135 4/151/143 3/152/144
f 3/152/144 2/153/145 1/143/135
f 109/154/146 116/155/147 106/156/148
f 106/156/148 116/155/147 132/157/149
f 106/156/148 132/157/149 133/158/150
f 132/157/149 116/155/147 131/159/151
f 131/159/151 116/155/147 117/160/152
f 131/159/151 117/160/152 118/161/153
f 119/162/154 129/163/155 118/161/153
f 118/161/153 129/163/155 130/164/156
f 118/161/153 130/164/156 131/159/151
f 119/162/154 120/165/157 129/163/155
f 129/163/155 120/165/157 128/166/158
f 128/166/158 120/165/157 121/167/159
f 128/166/158 121/167/159 127/168/160
f 127/168/160 121/167/159 126/169/161
f 126/169/161 121/167/159 122/170/162
f 126/169/161 122/170/162 123/171/163
f 124/172/164 125/173/165 123/171/163
f 123/171/163 125/173/165 126/169/161
f 133/158/150 134/174/166 106/156/148
f 106/156/148 134/174/166 99/175/167
f 106/156/148 99/175/167 14/176/168
f 14/176/168 99/175/167 57/177/169
f 57/177/169 99/175/167 63/178/170
f 57/177/169 63/178/170 58/179/171
f 58/179/171 63/178/170 59/180/172
f 59/180/172 63/178/170 60/181/173
f 60/181/173 63/178/170 61/182/174
f 61/182/174 63/178/170 62/183/175
f 134/174/166 135/184/176 99/175/167
f 99/175/167 135/184/176 136/185/177
f 99/175/167 136/185/177 112/186/178
f 112/186/178 136/185/177 152/187/179
f 152/187/179 136/185/177 137/188/180
f 152/187/179 137/188/180 138/189/181
f 152/187/179 138/189/181 151/190/182
f 151/190/182 138/189/181 139/191/183
f 151/190/182 139/191/183 150/192/184
f 150/192/184 139/191/183 149/193/185
f 149/193/185 139/191/183 140/194/186
f 149/193/185 140/194/186 141/195/187
f 142/196/188 147/197/189 141/195/187
f 141/195/187 147/197/189 148/198/190
f 141/195/187 148/198/190 149/193/185
f 147/197/189 142/196/188 146/199/191
f 146/199/191 142/196/188 143/200/192
f 146/199/191 143/200/192 144/201/193
f 144/201/193 145/202/194 146/199/191
f 106/156/148 14/176/168 8/203/195
f 8/203/195 14/176/168 13/204/196
f 8/203/195 13/204/196 12/205/197
f 12/205/197 11/206/198 8/203/195
f 8/203/195 11/206/198 10/207/199
f 8/203/195 10/207/199 9/208/200
f 153/209/201 154/210/202 156/211/203
f 156/211/203 154/210/202 155/212/204
f 157/213/205 158/214/206 160/215/207
f 160/215/207 158/214/206 159/216/208
f 161/217/209 162/218/210 164/219/211
f 164/219/211 162/218/210 163/220/212
f 162/221/213 165/222/214 163/223/215
f 163/223/215 165/222/214 166/224/216
f 165/225/217 167/226/218 166/227/219
f 166/227/219 167/226/218 168/228/220
f 158/229/221 169/230/222 159/231/223
f 159/231/223 169/230/222 170/232/224
f 171/233/225 172/234/226 174/235/227
f 174/235/227 172/234/226 173/236/228
f 167/237/229 175/238/230 168/239/231
f 168/239/231 175/238/230 176/240/232
f 177/241/233 171/242/234 178/243/235
f 178/243/235 171/242/234 174/244/236
f 175/245/237 179/246/238 176/247/239
f 176/247/239 179/246/238 180/248/240
f 181/249/241 182/250/242 184/251/243
f 184/251/243 182/250/242 183/252/244
f 179/253/245 185/254/246 180/255/247
f 180/255/247 185/254/246 186/256/248
f 187/257/249 188/258/250 190/259/251
f 190/259/251 188/258/250 189/260/252
f 191/261/253 192/262/254 194/263/255
f 194/263/255 192/262/254 193/264/256
f 185/265/257 195/266/258 186/267/259
f 186/267/259 195/266/258 196/268/260
f 188/269/261 197/270/262 189/271/263
f 189/271/263 197/270/262 198/272/264
f 197/273/265 199/274/266 198/275/267
f 198/275/267 199/274/266 200/276/268
f 201/277/269 202/278/270 204/279/271
f 204/279/271 202/278/270 203/280/272
f 205/281/273 201/282/274 206/283/275
f 206/283/275 201/282/274 204/284/276
f 207/285/277 205/286/278 208/287/279
f 208/287/279 205/286/278 206/288/280
f 209/289/281 207/290/282 210/291/283
f 210/291/283 207/290/282 208/292/284
f 211/293/285 212/294/286 214/295/287
f 214/295/287 212/294/286 213/296/288
f 215/297/289 211/298/290 216/299/291
f 216/299/291 211/298/290 214/300/292
f 217/301/293 215/302/294 218/303/295
f 218/303/295 215/302/294 216/304/296
f 219/305/297 220/306/298 222/307/299
f 222/307/299 220/306/298 221/308/300
f 220/309/301 223/310/302 221/311/303
f 221/311/303 223/310/302 224/312/304
f 223/313/305 153/314/306 224/315/307
f 224/315/307 153/314/306 156/316/308
f 182/317/309 225/318/310 183/319/311
f 183/319/311 225/318/310 226/320/312
f 228/321/313 192/322/314 227/323/315
f 227/323/315 192/322/314 191/324/316
f 227/323/315 191/324/316 154/325/317
f 229/326/318 263/327/319 228/321/313
f 228/321/313 263/327/319 264/328/320
f 228/321/313 264/328/320 337/329/321
f 337/329/321 264/328/320 265/330/322
f 337/329/321 265/330/322 181/331/323
f 181/331/323 265/330/322 182/332/324
f 182/332/324 265/330/322 266/333/325
f 182/332/324 266/333/325 225/334/326
f 225/334/326 266/333/325 267/335/327
f 225/334/326 267/335/327 268/336/328
f 263/327/319 229/326/318 262/337/329
f 262/337/329 229/326/318 230/338/330
f 262/337/329 230/338/330 261/339/331
f 261/339/331 230/338/330 231/340/332
f 261/339/331 231/340/332 232/341/333
f 233/342/334 275/343/335 232/341/333
f 232/341/333 275/343/335 260/344/336
f 232/341/333 260/344/336 261/339/331
f 275/343/335 233/342/334 298/345/337
f 298/345/337 233/342/334 234/346/338
f 298/345/337 234/346/338 297/347/339
f 297/347/339 234/346/338 296/348/340
f 296/348/340 234/346/338 235/349/341
f 296/348/340 235/349/341 295/350/342
f 295/350/342 235/349/341 236/351/343
f 295/350/342 236/351/343 185/352/344
f 185/352/344 236/351/343 237/353/345
f 185/352/344 237/353/345 195/354/346
f 195/354/346 237/353/345 323/355/347
f 323/355/347 237/353/345 238/356/348
f 323/355/347 238/356/348 177/357/349
f 177/357/349 238/356/348 239/358/350
f 177/357/349 239/358/350 240/359/351
f 177/357/349 240/359/351 171/360/352
f 171/360/352 240/359/351 241/361/353
f 171/360/352 241/361/353 172/362/354
f 172/362/354 241/361/353 242/363/355
f 172/362/354 242/363/355 243/364/356
f 172/362/354 243/364/356 219/365/357
f 219/365/357 243/364/356 244/366/358
f 219/365/357 244/366/358 245/367/359
f 219/365/357 245/367/359 220/368/360
f 220/368/360 245/367/359 246/369/361
f 220/368/360 246/369/361 247/370/362
f 220/368/360 247/370/362 223/371/363
f 223/371/363 247/370/362 248/372/364
f 223/371/363 248/372/364 153/373/365
f 153/373/365 248/372/364 249/374/366
f 153/373/365 249/374/366 250/375/367
f 153/373/365 250/375/367 154/325/317
f 154/325/317 250/375/367 227/323/315
f 252/376/368 169/377/369 251/378/370
f 251/378/370 169/377/369 158/379/371
f 251/378/370 158/379/371 274/380/372
f 274/380/372 158/379/371 273/381/373
f 273/381/373 158/379/371 157/382/374
f 273/381/373 157/382/374 272/383/375
f 272/383/375 157/382/374 271/384/376
f 271/384/376 157/382/374 335/385/377
f 271/384/376 335/385/377 270/386/378
f 270/386/378 335/385/377 269/387/379
f 269/387/379 335/385/377 336/388/380
f 269/387/379 336/388/380 268/336/328
f 268/336/328 336/388/380 225/334/326
f 169/377/369 252/376/368 334/389/381
f 334/389/381 252/376/368 253/390/382
f 334/389/381 253/390/382 254/391/383
f 334/389/381 254/391/383 187/392/384
f 187/392/384 254/391/383 255/393/385
f 187/392/384 255/393/385 188/394/386
f 188/394/386 255/393/385 197/395/387
f 197/395/387 255/393/385 256/396/388
f 197/395/387 256/396/388 299/397/389
f 299/397/389 256/396/388 257/398/390
f 299/397/389 257/398/390 322/399/391
f 322/399/391 257/398/390 258/400/392
f 322/399/391 258/400/392 321/401/393
f 321/401/393 258/400/392 259/402/394
f 321/401/393 259/402/394 320/403/395
f 320/403/395 259/402/394 319/404/396
f 319/404/396 259/402/394 260/344/336
f 319/404/396 260/344/336 275/343/335
f 319/404/396 275/343/335 318/405/397
f 318/405/397 275/343/335 276/406/398
f 318/405/397 276/406/398 317/407/399
f 317/407/399 276/406/398 277/408/400
f 317/407/399 277/408/400 278/409/401
f 317/407/399 278/409/401 316/410/402
f 316/410/402 278/409/401 279/411/403
f 316/410/402 279/411/403 315/412/404
f 315/412/404 279/411/403 202/413/405
f 315/412/404 202/413/405 314/414/406
f 314/414/406 202/413/405 201/415/407
f 314/414/406 201/415/407 205/416/408
f 202/413/405 279/411/403 330/417/409
f 330/417/409 279/411/403 280/418/410
f 330/417/409 280/418/410 329/419/411
f 329/419/411 280/418/410 328/420/412
f 328/420/412 280/418/410 281/421/413
f 328/420/412 281/421/413 327/422/414
f 327/422/414 281/421/413 282/423/415
f 327/422/414 282/423/415 283/424/416
f 327/422/414 283/424/416 326/425/417
f 326/425/417 283/424/416 284/426/418
f 326/425/417 284/426/418 325/427/419
f 325/427/419 284/426/418 285/428/420
f 325/427/419 285/428/420 286/429/421
f 325/427/419 286/429/421 324/430/422
f 324/430/422 286/429/421 287/431/423
f 324/430/422 287/431/423 288/432/424
f 324/430/422 288/432/424 161/433/425
f 161/433/425 288/432/424 289/434/426
f 161/433/425 289/434/426 290/435/427
f 161/433/425 290/435/427 162/436/428
f 162/436/428 290/435/427 291/437/429
f 162/436/428 291/437/429 165/438/430
f 165/438/430 291/437/429 292/439/431
f 165/438/430 292/439/431 293/440/432
f 165/438/430 293/440/432 167/441/433
f 167/441/433 293/440/432 294/442/434
f 167/441/433 294/442/434 175/443/435
f 175/443/435 294/442/434 179/444/436
f 179/444/436 294/442/434 295/350/342
f 179/444/436 295/350/342 185/352/344
f 197/395/387 299/397/389 199/445/437
f 199/445/437 299/397/389 300/446/438
f 199/445/437 300/446/438 333/447/439
f 333/447/439 300/446/438 332/448/440
f 332/448/440 300/446/438 301/449/441
f 332/448/440 301/449/441 331/450/442
f 331/450/442 301/449/441 302/451/443
f 331/450/442 302/451/443 303/452/444
f 331/450/442 303/452/444 217/453/445
f 217/453/445 303/452/444 304/454/446
f 217/453/445 304/454/446 215/455/447
f 215/455/447 304/454/446 305/456/448
f 215/455/447 305/456/448 306/457/449
f 215/455/447 306/457/449 211/458/450
f 211/458/450 306/457/449 307/459/451
f 211/458/450 307/459/451 308/460/452
f 211/458/450 308/460/452 212/461/453
f 212/461/453 308/460/452 309/462/454
f 212/461/453 309/462/454 310/463/455
f 212/461/453 310/463/455 209/464/456
f 209/464/456 310/463/455 311/465/457
f 209/464/456 311/465/457 207/466/458
f 207/466/458 311/465/457 312/467/459
f 207/466/458 312/467/459 313/468/460
f 207/466/458 313/468/460 205/416/408
f 205/416/408 313/468/460 314/414/406
f 337/329/321 192/322/314 228/321/313
f 169/469/461 334/470/462 170/471/463
f 170/471/463 334/470/462 338/472/464
f 334/473/465 187/474/466 338/475/467
f 338/475/467 187/474/466 190/476/468
f 199/477/469 333/478/470 200/479/471
f 200/479/471 333/478/470 339/480/472
f 333/481/473 332/482/474 339/483/475
f 339/483/475 332/482/474 340/484/476
f 332/485/477 331/486/478 340/487/479
f 340/487/479 331/486/478 341/488/480
f 192/489/481 337/490/482 193/491/483
f 193/491/483 337/490/482 342/492/484
f 154/493/485 191/494/486 155/495/487
f 155/495/487 191/494/486 194/496/488
f 195/497/489 323/498/490 196/499/491
f 196/499/491 323/498/490 343/500/492
f 344/501/493 345/502/494 346/503/495
f 344/504/493 347/505/496 345/506/494
f 348/507/497 347/508/496 344/509/493
f 344/510/493 349/511/498 348/512/497
f 344/513/493 350/514/499 349/515/498
f 351/516/500 350/517/499 344/518/493
f 344/519/493 352/520/501 351/521/500
f 344/522/493 353/523/502 352/524/501
f 354/525/503 353/526/502 344/527/493
f 355/528/504 356/529/505 354/530/503
f 354/531/503 357/532/506 355/533/504
f 354/534/503 358/535/507 357/536/506
f 344/537/493 358/538/507 354/539/503
f 344/540/493 359/541/508 358/542/507
f 360/543/509 359/544/508 344/545/493
f 361/546/510 174/547/511 173/548/512
f 362/549/513 174/550/511 361/551/510
f 362/552/513 178/553/514 174/554/511
f 363/555/515 178/556/514 362/557/513
f 364/558/516 178/559/514 363/560/515
f 364/561/516 343/562/517 178/563/514
f 365/564/518 343/565/517 364/566/516
f 365/567/518 196/568/519 343/569/517
f 366/570/520 196/571/519 365/572/518
f 367/573/521 196/574/519 366/575/520
f 367/576/521 186/577/522 196/578/519
f 368/579/523 186/580/522 367/581/521
f 368/582/523 180/583/524 186/584/522
f 369/585/525 180/586/524 368/587/523
f 370/588/526 180/589/524 369/590/525
f 370/591/526 176/592/527 180/593/524
f 371/594/528 176/595/527 370/596/526
f 371/597/528 168/598/529 176/599/527
f 372/600/530 168/601/529 371/602/528
f 166/603/531 373/604/532 374/605/533
f 166/606/531 372/607/530 373/608/532
f 168/609/529 372/610/530 166/611/531
f 375/612/534 374/613/533 376/614/535
f 377/615/536 374/616/533 375/617/534
f 378/618/537 374/619/533 377/620/536
f 378/621/537 166/622/531 374/623/533
f 379/624/538 166/625/531 378/626/537
f 379/627/538 163/628/539 166/629/531
f 380/630/540 163/631/539 379/632/538
f 380/633/540 164/634/541 163/635/539
f 381/636/542 164/637/541 380/638/540
f 382/639/543 164/640/541 381/641/542
f 382/642/543 383/643/544 164/644/541
f 384/645/545 383/646/544 382/647/543
f 344/648/493 385/649/546 360/650/509
f 344/651/493 384/652/545 385/653/546
f 383/654/544 384/655/545 344/656/493
f 346/657/495 386/658/547 344/659/493
f 346/660/495 387/661/548 386/662/547
f 388/663/549 387/664/548 346/665/495
f 346/666/495 389/667/550 388/668/549
f 346/669/495 390/670/551 389/671/550
f 203/672/552 390/673/551 346/674/495
f 346/675/495 204/676/553 203/677/552
f 346/678/495 206/679/554 204/680/553
f 391/681/555 206/682/554 346/683/495
f 391/684/555 208/685/556 206/686/554
f 392/687/557 208/688/556 391/689/555
f 393/690/558 208/691/556 392/692/557
f 393/693/558 210/694/559 208/695/556
f 394/696/560 210/697/559 393/698/558
f 394/699/560 213/700/561 210/701/559
f 395/702/562 213/703/561 394/704/560
f 396/705/563 213/706/561 395/707/562
f 396/708/563 214/709/564 213/710/561
f 397/711/565 214/712/564 396/713/563
f 397/714/565 216/715/566 214/716/564
f 398/717/567 216/718/566 397/719/565
f 399/720/568 216/721/566 398/722/567
f 399/723/568 218/724/569 216/725/566
f 400/726/570 218/727/569 399/728/568
f 400/729/570 341/730/571 218/731/569
f 401/732/572 341/733/571 400/734/570
f 402/735/573 341/736/571 401/737/572
f 402/738/573 340/739/574 341/740/571
f 403/741/575 340/742/574 402/743/573
f 403/744/575 339/745/576 340/746/574
f 404/747/577 339/748/576 403/749/575
f 405/750/578 339/751/576 404/752/577
f 405/753/578 200/754/579 339/755/576
f 406/756/580 200/757/579 405/758/578
f 406/759/580 198/760/581 200/761/579
f 407/762/582 198/763/581 406/764/580
f 408/765/583 198/766/581 407/767/582
f 408/768/583 189/769/584 198/770/581
f 409/771/585 189/772/584 408/773/583
f 409/774/585 190/775/586 189/776/584
f 410/777/587 190/778/586 409/779/585
f 410/780/587 338/781/588 190/782/586
f 411/783/589 338/784/588 410/785/587
f 412/786/590 338/787/588 411/788/589
f 412/789/590 170/790/591 338/791/588
f 413/792/592 170/793/591 412/794/590
f 413/795/592 159/796/593 170/797/591
f 414/798/594 159/799/593 413/800/592
f 415/801/595 159/802/593 414/803/594
f 415/804/595 160/805/596 159/806/593
f 416/807/597 160/808/596 415/809/595
f 416/810/597 417/811/598 160/812/596
f 418/813/599 417/814/598 416/815/597
f 419/816/600 417/817/598 418/818/599
f 419/819/600 420/820/601 417/821/598
f 421/822/602 420/823/601 419/824/600
f 421/825/602 226/826/603 420/827/601
f 422/828/604 226/829/603 421/830/602
f 423/831/605 226/832/603 422/833/604
f 423/834/605 183/835/606 226/836/603
f 424/837/607 183/838/606 423/839/605
f 424/840/607 184/841/608 183/842/606
f 425/843/609 184/844/608 424/845/607
f 425/846/609 342/847/610 184/848/608
f 426/849/611 342/850/610 425/851/609
f 427/852/612 342/853/610 426/854/611
f 427/855/612 193/856/613 342/857/610
f 428/858/614 193/859/613 427/860/612
f 428/861/614 194/862/615 193/863/613
f 429/864/616 194/865/615 428/866/614
f 430/867/617 194/868/615 429/869/616
f 430/870/617 155/871/618 194/872/615
f 431/873/619 155/874/618 430/875/617
f 431/876/619 156/877/620 155/878/618
f 432/879/621 156/880/620 431/881/619
f 433/882/622 156/883/620 432/884/621
f 433/885/622 224/886/623 156/887/620
f 434/888/624 224/889/623 433/890/622
f 221/891/625 435/892/626 436/893/627
f 221/894/625 434/895/624 435/896/626
f 224/897/623 434/898/624 221/899/625
f 173/900/512 437/901/628 361/902/510
f 173/903/512 438/904/629 437/905/628
f 222/906/630 438/907/629 173/908/512
f 222/909/630 436/910/627 438/911/629
f 221/912/625 436/913/627 222/914/630
f 372/915/631 439/916/632 440/917/633
f 371/918/634 439/919/632 372/920/631
f 371/921/635 441/922/636 439/923/637
f 370/924/638 441/925/636 371/926/635
f 370/927/639 442/928/640 441/929/641
f 369/930/642 442/931/640 370/932/639
f 369/933/643 443/934/644 442/935/645
f 368/936/646 443/937/644 369/938/643
f 368/939/647 444/940/648 443/941/649
f 367/942/650 444/943/648 368/944/647
f 367/945/651 445/946/652 444/947/653
f 366/948/654 445/949/652 367/950/651
f 366/951/655 446/952/656 445/953/657
f 365/954/658 446/955/656 366/956/655
f 365/957/659 447/958/660 446/959/661
f 364/960/662 447/961/660 365/962/659
f 364/963/663 448/964/664 447/965/665
f 363/966/666 448/967/664 364/968/663
f 363/969/667 449/970/668 448/971/669
f 362/972/670 449/973/668 363/974/667
f 362/975/671 450/976/672 449/977/673
f 361/978/674 450/979/672 362/980/671
f 361/981/675 451/982/676 450/983/677
f 437/984/678 451/985/676 361/986/675
f 437/987/679 452/988/680 451/989/681
f 438/990/682 452/991/680 437/992/679
f 438/993/683 453/994/684 452/995/685
f 436/996/686 453/997/684 438/998/683
f 436/999/687 454/1000/688 453/1001/689
f 435/1002/690 454/1003/688 436/1004/687
f 435/1005/691 455/1006/692 454/1007/693
f 434/1008/694 455/1009/692 435/1010/691
f 434/1011/695 456/1012/696 455/1013/697
f 433/1014/698 456/1015/696 434/1016/695
f 433/1017/699 457/1018/700 456/1019/701
f 432/1020/702 457/1021/700 433/1022/699
f 432/1023/703 458/1024/704 457/1025/705
f 431/1026/706 458/1027/704 432/1028/703
f 431/1029/707 459/1030/708 458/1031/709
f 430/1032/710 459/1033/708 431/1034/707
f 430/1035/711 460/1036/712 459/1037/713
f 429/1038/714 460/1039/712 430/1040/711
f 429/1041/715 461/1042/716 460/1043/717
f 428/1044/718 461/1045/716 429/1046/715
f 428/1047/719 462/1048/720 461/1049/721
f 427/1050/722 462/1051/720 428/1052/719
f 427/1053/723 463/1054/724 462/1055/725
f 426/1056/726 463/1057/724 427/1058/723
f 426/1059/727 464/1060/728 463/1061/729
f 425/1062/730 464/1063/728 426/1064/727
f 425/1065/731 465/1066/732 464/1067/733
f 424/1068/734 465/1069/732 425/1070/731
f 424/1071/735 466/1072/736 465/1073/737
f 423/1074/738 466/1075/736 424/1076/735
f 423/1077/739 467/1078/740 466/1079/741
f 422/1080/742 467/1081/740 423/1082/739
f 422/1083/743 468/1084/744 467/1085/745
f 421/1086/746 468/1087/744 422/1088/743
f 421/1089/747 469/1090/748 468/1091/749
f 419/1092/750 469/1093/748 421/1094/747
f 419/1095/751 470/1096/752 469/1097/753
f 418/1098/754 470/1099/752 419/1100/751
f 418/1101/755 471/1102/756 470/1103/757
f 416/1104/758 471/1105/756 418/1106/755
f 416/1107/759 472/1108/760 471/1109/761
f 415/1110/762 472/1111/760 416/1112/759
f 415/1113/763 473/1114/764 472/1115/765
f 414/1116/766 473/1117/764 415/1118/763
f 414/1119/767 474/1120/768 473/1121/769
f 413/1122/770 474/1123/768 414/1124/767
f 413/1125/771 475/1126/772 474/1127/773
f 412/1128/774 475/1129/772 413/1130/771
f 412/1131/775 476/1132/776 475/1133/777
f 411/1134/778 476/1135/776 412/1136/775
f 411/1137/779 477/1138/780 476/1139/781
f 410/1140/782 477/1141/780 411/1142/779
f 410/1143/783 478/1144/784 477/1145/785
f 409/1146/786 478/1147/784 410/1148/783
f 409/1149/787 479/1150/788 478/1151/789
f 408/1152/790 479/1153/788 409/1154/787
f 408/1155/791 480/1156/792 479/1157/793
f 407/1158/794 480/1159/792 408/1160/791
f 407/1161/795 481/1162/796 480/1163/797
f 406/1164/798 481/1165/796 407/1166/795
f 406/1167/799 482/1168/800 481/1169/801
f 405/1170/802 482/1171/800 406/1172/799
f 405/1173/803 483/1174/804 482/1175/805
f 404/1176/806 483/1177/804 405/1178/803
f 404/1179/807 484/1180/808 483/1181/809
f 403/1182/810 484/1183/808 404/1184/807
f 403/1185/811 485/1186/812 484/1187/813
f 402/1188/814 485/1189/812 403/1190/811
f 402/1191/815 486/1192/816 485/1193/817
f 401/1194/818 486/1195/816 402/1196/815
f 401/1197/819 487/1198/820 486/1199/821
f 400/1200/822 487/1201/820 401/1202/819
f 400/1203/823 488/1204/824 487/1205/825
f 399/1206/826 488/1207/824 400/1208/823
f 399/1209/827 489/1210/828 488/1211/829
f 398/1212/830 489/1213/828 399/1214/827
f 398/1215/831 490/1216/832 489/1217/833
f 397/1218/834 490/1219/832 398/1220/831
f 397/1221/835 491/1222/836 490/1223/837
f 396/1224/838 491/1225/836 397/1226/835
f 396/1227/839 492/1228/840 491/1229/841
f 395/1230/842 492/1231/840 396/1232/839
f 395/1233/843 493/1234/844 492/1235/845
f 394/1236/846 493/1237/844 395/1238/843
f 394/1239/847 494/1240/848 493/1241/849
f 393/1242/850 494/1243/848 394/1244/847
f 393/1245/851 495/1246/852 494/1247/853
f 392/1248/854 495/1249/852 393/1250/851
f 392/1251/855 496/1252/856 495/1253/857
f 391/1254/858 496/1255/856 392/1256/855
f 391/1257/859 497/1258/860 496/1259/861
f 346/1260/862 497/1261/860 391/1262/859
f 346/1263/863 498/1264/864 497/1265/865
f 345/1266/866 498/1267/864 346/1268/863
f 345/1269/867 499/1270/868 498/1271/869
f 347/1272/870 499/1273/868 345/1274/867
f 347/1275/871 500/1276/872 499/1277/873
f 348/1278/874 500/1279/872 347/1280/871
f 348/1281/875 501/1282/876 500/1283/877
f 349/1284/878 501/1285/876 348/1286/875
f 349/1287/879 502/1288/880 501/1289/881
f 350/1290/882 502/1291/880 349/1292/879
f 350/1293/883 503/1294/884 502/1295/885
f 351/1296/886 503/1297/884 350/1298/883
f 351/1299/887 504/1300/888 503/1301/889
f 352/1302/890 504/1303/888 351/1304/887
f 212/1305/891 209/1306/892 213/1307/893
f 213/1307/893 209/1306/892 210/1308/894
f 202/1309/895 330/1310/896 203/1311/897
f 203/1311/897 330/1310/896 390/1312/898
f 330/1313/899 329/1314/900 390/1315/901
f 390/1315/901 329/1314/900 389/1316/902
f 329/1317/903 328/1318/904 389/1319/905
f 389/1319/905 328/1318/904 388/1320/906
f 328/1321/907 327/1322/908 388/1323/909
f 388/1323/909 327/1322/908 387/1324/910
f 327/1325/911 326/1326/912 387/1327/913
f 387/1327/913 326/1326/912 386/1328/914
f 326/1329/915 325/1330/916 386/1331/917
f 386/1331/917 325/1330/916 344/1332/918
f 325/1333/919 324/1334/920 344/1335/921
f 344/1335/921 324/1334/920 383/1336/922
f 324/1337/923 161/1338/924 383/1339/925
f 383/1339/925 161/1338/924 164/1340/926
f 323/1341/927 177/1342/928 343/1343/929
f 343/1343/929 177/1342/928 178/1344/930
f 172/1345/931 219/1346/932 173/1347/933
f 173/1347/933 219/1346/932 222/1348/934
f 337/1349/935 181/1350/936 342/1351/937
f 342/1351/937 181/1350/936 184/1352/938
f 225/1353/939 336/1354/940 226/1355/941
f 226/1355/941 336/1354/940 420/1356/942
f 336/1357/943 335/1358/944 420/1359/945
f 420/1359/945 335/1358/944 417/1360/946
f 335/1361/947 157/1362/948 417/1363/949
f 417/1363/949 157/1362/948 160/1364/950
f 331/1365/951 217/1366/952 341/1367/953
f 341/1367/953 217/1366/952 218/1368/954
f 309/1369/955 308/1370/956 505/1371/957
f 505/1371/957 308/1370/956 506/1372/958
f 310/1373/959 309/1374/960 507/1375/961
f 507/1375/961 309/1374/960 505/1376/962
f 311/1377/963 310/1378/964 508/1379/965
f 508/1379/965 310/1378/964 507/1380/966
f 312/1381/967 311/1382/968 509/1383/969
f 509/1383/969 311/1382/968 508/1384/970
f 313/1385/971 312/1386/972 510/1387/973
f 510/1387/973 312/1386/972 509/1388/974
f 314/1389/975 313/1390/976 511/1391/977
f 511/1391/977 313/1390/976 510/1392/978
f 315/1393/979 314/1394/980 512/1395/981
f 512/1395/981 314/1394/980 511/1396/982
f 316/1397/983 315/1398/984 513/1399/985
f 513/1399/985 315/1398/984 512/1400/986
f 317/1401/987 316/1402/988 514/1403/989
f 514/1403/989 316/1402/988 513/1404/990
f 318/1405/991 317/1406/992 515/1407/993
f 515/1407/993 317/1406/992 514/1408/994
f 319/1409/995 318/1410/996 516/1411/997
f 516/1411/997 318/1410/996 515/1412/998
f 320/1413/999 319/1414/1000 517/1415/1001
f 517/1415/1001 319/1414/1000 516/1416/1002
f 321/1417/1003 320/1418/1004 518/1419/1005
f 518/1419/1005 320/1418/1004 517/1420/1006
f 322/1421/1007 321/1422/1008 519/1423/1009
f 519/1423/1009 321/1422/1008 518/1424/1010
f 299/1425/1011 322/1426/1012 520/1427/1013
f 520/1427/1013 322/1426/1012 519/1428/1014
f 300/1429/1015 299/1430/1016 521/1431/1017
f 521/1431/1017 299/1430/1016 520/1432/1018
f 301/1433/1019 300/1434/1020 522/1435/1021
f 522/1435/1021 300/1434/1020 521/1436/1022
f 302/1437/1023 301/1438/1024 523/1439/1025
f 523/1439/1025 301/1438/1024 522/1440/1026
f 303/1441/1027 302/1442/1028 524/1443/1029
f 524/1443/1029 302/1442/1028 523/1444/1030
f 304/1445/1031 303/1446/1032 525/1447/1033
f 525/1447/1033 303/1446/1032 524/1448/1034
f 305/1449/1035 304/1450/1036 526/1451/1037
f 526/1451/1037 304/1450/1036 525/1452/1038
f 306/1453/1039 305/1454/1040 527/1455/1041
f 527/1455/1041 305/1454/1040 526/1456/1042
f 307/1457/1043 306/1458/1044 528/1459/1045
f 528/1459/1045 306/1458/1044 527/1460/1046
f 308/1461/1047 307/1462/1048 506/1463/1049
f 506/1463/1049 307/1462/1048 528/1464/1050
f 234/1465/1051 233/1466/1052 529/1467/1053
f 529/1467/1053 233/1466/1052 530/1468/1054
f 235/1469/1055 234/1470/1056 531/1471/1057
f 531/1471/1057 234/1470/1056 529/1472/1058
f 236/1473/1059 235/1474/1060 532/1475/1061
f 532/1475/1061 235/1474/1060 531/1476/1062
f 237/1477/1063 236/1478/1064 533/1479/1065
f 533/1479/1065 236/1478/1064 532/1480/1066
f 238/1481/1067 237/1482/1068 534/1483/1069
f 534/1483/1069 237/1482/1068 533/1484/1070
f 239/1485/1071 238/1486/1072 535/1487/1073
f 535/1487/1073 238/1486/1072 534/1488/1074
f 240/1489/1075 239/1490/1076 536/1491/1077
f 536/1491/1077 239/1490/1076 535/1492/1078
f 241/1493/1079 240/1494/1080 537/1495/1081
f 537/1495/1081 240/1494/1080 536/1496/1082
f 242/1497/1083 241/1498/1084 538/1499/1085
f 538/1499/1085 241/1498/1084 537/1500/1086
f 243/1501/1087 242/1502/1088 539/1503/1089
f 539/1503/1089 242/1502/1088 538/1504/1090
f 244/1505/1091 243/1506/1092 540/1507/1093
f 540/1507/1093 243/1506/1092 539/1508/1094
f 245/1509/1095 244/1510/1096 541/1511/1097
f 541/1511/1097 244/1510/1096 540/1512/1098
f 246/1513/1099 245/1514/1100 542/1515/1101
f 542/1515/1101 245/1514/1100 541/1516/1102
f 247/1517/1103 246/1518/1104 543/1519/1105
f 543/1519/1105 246/1518/1104 542/1520/1106
f 248/1521/1107 247/1522/1108 544/1523/1109
f 544/1523/1109 247/1522/1108 543/1524/1110
f 249/1525/1111 248/1526/1112 545/1527/1113
f 545/1527/1113 248/1526/1112 544/1528/1114
f 250/1529/1115 249/1530/1116 546/1531/1117
f 546/1531/1117 249/1530/1116 545/1532/1118
f 227/1533/1119 250/1534/1120 547/1535/1121
f 547/1535/1121 250/1534/1120 546/1536/1122
f 228/1537/1123 227/1538/1124 548/1539/1125
f 548/1539/1125 227/1538/1124 547/1540/1126
f 229/1541/1127 228/1542/1128 549/1543/1129
f 549/1543/1129 228/1542/1128 548/1544/1130
f 230/1545/1131 229/1546/1132 550/1547/1133
f 550/1547/1133 229/1546/1132 549/1548/1134
f 231/1549/1135 230/1550/1136 551/1551/1137
f 551/1551/1137 230/1550/1136 550/1552/1138
f 232/1553/1139 231/1554/1140 552/1555/1141
f 552/1555/1141 231/1554/1140 551/1556/1142
f 233/1557/1143 232/1558/1144 530/1559/1145
f 530/1559/1145 232/1558/1144 552/1560/1146
f 256/1561/1147 255/1562/1148 553/1563/1149
f 553/1563/1149 255/1562/1148 554/1564/1150
f 257/1565/1151 256/1566/1152 555/1567/1153
f 555/1567/1153 256/1566/1152 553/1568/1154
f 258/1569/1155 257/1570/1156 556/1571/1157
f 556/1571/1157 257/1570/1156 555/1572/1158
f 259/1573/1159 258/1574/1160 557/1575/1161
f 557/1575/1161 258/1574/1160 556/1576/1162
f 260/1577/1163 259/1578/1164 558/1579/1165
f 558/1579/1165 259/1578/1164 557/1580/1166
f 261/1581/1167 260/1582/1168 559/1583/1169
f 559/1583/1169 260/1582/1168 558/1584/1170
f 262/1585/1171 261/1586/1172 560/1587/1173
f 560/1587/1173 261/1586/1172 559/1588/1174
f 263/1589/1175 262/1590/1176 561/1591/1177
f 561/1591/1177 262/1590/1176 560/1592/1178
f 264/1593/1179 263/1594/1180 562/1595/1181
f 562/1595/1181 263/1594/1180 561/1596/1182
f 265/1597/1183 264/1598/1184 563/1599/1185
f 563/1599/1185 264/1598/1184 562/1600/1186
f 266/1601/1187 265/1602/1188 564/1603/1189
f 564/1603/1189 265/1602/1188 563/1604/1190
f 267/1605/1191 266/1606/1192 565/1607/1193
f 565/1607/1193 266/1606/1192 564/1608/1194
f 268/1609/1195 267/1610/1196 566/1611/1197
f 566/1611/1197 267/1610/1196 565/1612/1198
f 269/1613/1199 268/1614/1200 567/1615/1201
f 567/1615/1201 268/1614/1200 566/1616/1202
f 270/1617/1203 269/1618/1204 568/1619/1205
f 568/1619/1205 269/1618/1204 567/1620/1206
f 271/1621/1207 270/1622/1208 569/1623/1209
f 569/1623/1209 270/1622/1208 568/1624/1210
f 272/1625/1211 271/1626/1212 570/1627/1213
f 570/1627/1213 271/1626/1212 569/1628/1214
f 273/1629/1215 272/1630/1216 571/1631/1217
f 571/1631/1217 272/1630/1216 570/1632/1218
f 274/1633/1219 273/1634/1220 572/1635/1221
f 572/1635/1221 273/1634/1220 571/1636/1222
f 251/1637/1223 274/1638/1224 573/1639/1225
f 573/1639/1225 274/1638/1224 572/1640/1226
f 252/1641/1227 251/1642/1228 574/1643/1229
f 574/1643/1229 251/1642/1228 573/1644/1230
f 253/1645/1231 252/1646/1232 575/1647/1233
f 575/1647/1233 252/1646/1232 574/1648/1234
f 254/1649/1235 253/1650/1236 576/1651/1237
f 576/1651/1237 253/1650/1236 575/1652/1238
f 255/1653/1239 254/1654/1240 554/1655/1241
f 554/1655/1241 254/1654/1240 576/1656/1242
f 283/1657/1243 282/1658/1244 577/1659/1245
f 577/1659/1245 282/1658/1244 578/1660/1246
f 284/1661/1247 283/1662/1248 579/1663/1249
f 579/1663/1249 283/1662/1248 577/1664/1250
f 285/1665/1251 284/1666/1252 580/1667/1253
f 580/1667/1253 284/1666/1252 579/1668/1254
f 286/1669/1255 285/1670/1256 581/1671/1257
f 581/1671/1257 285/1670/1256 580/1672/1258
f 287/1673/1259 286/1674/1260 582/1675/1261
f 582/1675/1261 286/1674/1260 581/1676/1262
f 288/1677/1263 287/1678/1264 583/1679/1265
f 583/1679/1265 287/1678/1264 582/1680/1266
f 289/1681/1267 288/1682/1268 584/1683/1269
f 584/1683/1269 288/1682/1268 583/1684/1270
f 290/1685/1271 289/1686/1272 585/1687/1273
f 585/1687/1273 289/1686/1272 584/1688/1274
f 291/1689/1275 290/1690/1276 586/1691/1277
f 586/1691/1277 290/1690/1276 585/1692/1278
f 292/1693/1279 291/1694/1280 587/1695/1281
f 587/1695/1281 291/1694/1280 586/1696/1282
f 293/1697/1283 292/1698/1284 588/1699/1285
f 588/1699/1285 292/1698/1284 587/1700/1286
f 294/1701/1287 293/1702/1288 589/1703/1289
f 589/1703/1289 293/1702/1288 588/1704/1290
f 295/1705/1291 294/1706/1292 590/1707/1293
f 590/1707/1293 294/1706/1292 589/1708/1294
f 296/1709/1295 295/1710/1296 591/1711/1297
f 591/1711/1297 295/1710/1296 590/1712/1298
f 297/1713/1299 296/1714/1300 592/1715/1301
f 592/1715/1301 296/1714/1300 591/1716/1302
f 298/1717/1303 297/1718/1304 593/1719/1305
f 593/1719/1305 297/1718/1304 592/1720/1306
f 275/1721/1307 298/1722/1308 594/1723/1309
f 594/1723/1309 298/1722/1308 593/1724/1310
f 276/1725/1311 275/1726/1312 595/1727/1313
f 595/1727/1313 275/1726/1312 594/1728/1314
f 277/1729/1315 276/1730/1316 596/1731/1317
f 596/1731/1317 276/1730/1316 595/1732/1318
f 278/1733/1319 277/1734/1320 597/1735/1321
f 597/1735/1321 277/1734/1320 596/1736/1322
f 279/1737/1323 278/1738/1324 598/1739/1325
f 598/1739/1325 278/1738/1324 597/1740/1326
f 280/1741/1327 279/1742/1328 599/1743/1329
f 599/1743/1329 279/1742/1328 598/1744/1330
f 281/1745/1331 280/1746/1332 600/1747/1333
f 600/1747/1333 280/1746/1332 599/1748/1334
f 282/1749/1335 281/1750/1336 578/1751/1337
f 578/1751/1337 281/1750/1336 600/1752/1338
f 601/1753/1339 578/1754/1340 600/1755/1341
f 602/1756/1342 578/1757/1340 601/1758/1339
f 602/1759/1342 577/1760/1343 578/1761/1340
f 603/1762/1344 577/1763/1343 602/1764/1342
f 603/1765/1344 579/1766/1345 577/1767/1343
f 604/1768/1346 579/1769/1345 603/1770/1344
f 604/1771/1346 580/1772/1347 579/1773/1345
f 605/1774/1348 580/1775/1347 604/1776/1346
f 605/1777/1348 581/1778/1349 580/1779/1347
f 606/1780/1350 581/1781/1349 605/1782/1348
f 607/1783/1351 581/1784/1349 606/1785/1350
f 607/1786/1351 582/1787/1352 581/1788/1349
f 608/1789/1353 582/1790/1352 607/1791/1351
f 608/1792/1353 583/1793/1354 582/1794/1352
f 609/1795/1355 583/1796/1354 608/1797/1353
f 609/1798/1355 584/1799/1356 583/1800/1354
f 610/1801/1357 584/1802/1356 609/1803/1355
f 610/1804/1357 585/1805/1358 584/1806/1356
f 611/1807/1359 585/1808/1358 610/1809/1357
f 611/1810/1359 586/1811/1360 585/1812/1358
f 612/1813/1361 586/1814/1360 611/1815/1359
f 613/1816/1362 586/1817/1360 612/1818/1361
f 613/1819/1362 587/1820/1363 586/1821/1360
f 614/1822/1364 587/1823/1363 613/1824/1362
f 614/1825/1364 588/1826/1365 587/1827/1363
f 615/1828/1366 588/1829/1365 614/1830/1364
f 615/1831/1366 589/1832/1367 588/1833/1365
f 616/1834/1368 589/1835/1367 615/1836/1366
f 616/1837/1368 590/1838/1369 589/1839/1367
f 617/1840/1370 590/1841/1369 616/1842/1368
f 618/1843/1371 590/1844/1369 617/1845/1370
f 618/1846/1371 591/1847/1372 590/1848/1369
f 619/1849/1373 591/1850/1372 618/1851/1371
f 619/1852/1373 592/1853/1374 591/1854/1372
f 620/1855/1375 592/1856/1374 619/1857/1373
f 620/1858/1375 593/1859/1376 592/1860/1374
f 621/1861/1377 593/1862/1376 620/1863/1375
f 621/1864/1377 594/1865/1378 593/1866/1376
f 622/1867/1379 594/1868/1378 621/1869/1377
f 622/1870/1379 595/1871/1380 594/1872/1378
f 623/1873/1381 595/1874/1380 622/1875/1379
f 624/1876/1382 595/1877/1380 623/1878/1381
f 624/1879/1382 596/1880/1383 595/1881/1380
f 625/1882/1384 596/1883/1383 624/1884/1382
f 625/1885/1384 597/1886/1385 596/1887/1383
f 626/1888/1386 597/1889/1385 625/1890/1384
f 626/1891/1386 598/1892/1387 597/1893/1385
f 627/1894/1388 598/1895/1387 626/1896/1386
f 627/1897/1388 599/1898/1389 598/1899/1387
f 628/1900/1390 599/1901/1389 627/1902/1388
f 600/1903/1341 629/1904/1391 601/1905/1339
f 600/1906/1341 628/1907/1390 629/1908/1391
f 599/1909/1389 628/1910/1390 600/1911/1341
f 628/1912/1392 630/1913/1393 631/1914/1394
f 627/1915/1395 630/1916/1393 628/1917/1392
f 627/1918/1396 632/1919/1397 630/1920/1398
f 626/1921/1399 632/1922/1397 627/1923/1396
f 626/1924/1400 633/1925/1401 632/1926/1402
f 625/1927/1403 633/1928/1401 626/1929/1400
f 625/1930/1404 634/1931/1405 633/1932/1406
f 624/1933/1407 634/1934/1405 625/1935/1404
f 624/1936/1408 635/1937/1409 634/1938/1410
f 623/1939/1411 635/1940/1409 624/1941/1408
f 623/1942/1412 636/1943/1413 635/1944/1414
f 622/1945/1415 636/1946/1413 623/1947/1412
f 622/1948/1416 637/1949/1417 636/1950/1418
f 621/1951/1419 637/1952/1417 622/1953/1416
f 621/1954/1420 638/1955/1421 637/1956/1422
f 620/1957/1423 638/1958/1421 621/1959/1420
f 620/1960/1424 639/1961/1425 638/1962/1426
f 619/1963/1427 639/1964/1425 620/1965/1424
f 619/1966/1428 640/1967/1429 639/1968/1430
f 618/1969/1431 640/1970/1429 619/1971/1428
f 618/1972/1432 641/1973/1433 640/1974/1434
f 617/1975/1435 641/1976/1433 618/1977/1432
f 617/1978/1436 642/1979/1437 641/1980/1438
f 616/1981/1439 642/1982/1437 617/1983/1436
f 616/1984/1440 643/1985/1441 642/1986/1442
f 615/1987/1443 643/1988/1441 616/1989/1440
f 615/1990/1444 644/1991/1445 643/1992/1446
f 614/1993/1447 644/1994/1445 615/1995/1444
f 614/1996/1448 645/1997/1449 644/1998/1450
f 613/1999/1451 645/2000/1449 614/2001/1448
f 613/2002/1452 646/2003/1453 645/2004/1454
f 612/2005/1455 646/2006/1453 613/2007/1452
f 612/2008/1456 647/2009/1457 646/2010/1458
f 611/2011/1459 647/2012/1457 612/2013/1456
f 611/2014/1460 648/2015/1461 647/2016/1462
f 610/2017/1463 648/2018/1461 611/2019/1460
f 610/2020/1464 649/2021/1465 648/2022/1466
f 609/2023/1467 649/2024/1465 610/2025/1464
f 609/2026/1468 650/2027/1469 649/2028/1470
f 608/2029/1471 650/2030/1469 609/2031/1468
f 608/2032/1472 651/2033/1473 650/2034/1474
f 607/2035/1475 651/2036/1473 608/2037/1472
f 607/2038/1476 652/2039/1477 651/2040/1478
f 606/2041/1479 652/2042/1477 607/2043/1476
f 606/2044/1480 653/2045/1481 652/2046/1482
f 605/2047/1483 653/2048/1481 606/2049/1480
f 605/2050/1484 654/2051/1485 653/2052/1486
f 604/2053/1487 654/2054/1485 605/2055/1484
f 604/2056/1488 655/2057/1489 654/2058/1490
f 603/2059/1491 655/2060/1489 604/2061/1488
f 603/2062/1492 656/2063/1493 655/2064/1494
f 602/2065/1495 656/2066/1493 603/2067/1492
f 602/2068/1496 657/2069/1497 656/2070/1498
f 601/2071/1499 657/2072/1497 602/2073/1496
f 601/2074/1500 658/2075/1501 657/2076/1502
f 629/2077/1503 658/2078/1501 601/2079/1500
f 629/2080/1504 631/2081/1505 658/2082/1506
f 628/2083/1507 631/2084/1505 629/2085/1504
f 659/2086/1508 554/2087/1509 576/2088/1510
f 660/2089/1511 554/2090/1509 659/2091/1508
f 660/2092/1511 553/2093/1512 554/2094/1509
f 661/2095/1513 553/2096/1512 660/2097/1511
f 661/2098/1513 555/2099/1514 553/2100/1512
f 662/2101/1515 555/2102/1514 661/2103/1513
f 662/2104/1515 556/2105/1516 555/2106/1514
f 663/2107/1517 556/2108/1516 662/2109/1515
f 663/2110/1517 557/2111/1518 556/2112/1516
f 664/2113/1519 557/2114/1518 663/2115/1517
f 665/2116/1520 557/2117/1518 664/2118/1519
f 665/2119/1520 558/2120/1521 557/2121/1518
f 666/2122/1522 558/2123/1521 665/2124/1520
f 666/2125/1522 559/2126/1523 558/2127/1521
f 667/2128/1524 559/2129/1523 666/2130/1522
f 667/2131/1524 560/2132/1525 559/2133/1523
f 668/2134/1526 560/2135/1525 667/2136/1524
f 668/2137/1526 561/2138/1527 560/2139/1525
f 669/2140/1528 561/2141/1527 668/2142/1526
f 669/2143/1528 562/2144/1529 561/2145/1527
f 670/2146/1530 562/2147/1529 669/2148/1528
f 671/2149/1531 562/2150/1529 670/2151/1530
f 671/2152/1531 563/2153/1532 562/2154/1529
f 672/2155/1533 563/2156/1532 671/2157/1531
f 672/2158/1533 564/2159/1534 563/2160/1532
f 673/2161/1535 564/2162/1534 672/2163/1533
f 673/2164/1535 565/2165/1536 564/2166/1534
f 674/2167/1537 565/2168/1536 673/2169/1535
f 674/2170/1537 566/2171/1538 565/2172/1536
f 675/2173/1539 566/2174/1538 674/2175/1537
f 676/2176/1540 566/2177/1538 675/2178/1539
f 676/2179/1540 567/2180/1541 566/2181/1538
f 677/2182/1542 567/2183/1541 676/2184/1540
f 677/2185/1542 568/2186/1543 567/2187/1541
f 678/2188/1544 568/2189/1543 677/2190/1542
f 678/2191/1544 569/2192/1545 568/2193/1543
f 679/2194/1546 569/2195/1545 678/2196/1544
f 679/2197/1546 570/2198/1547 569/2199/1545
f 680/2200/1548 570/2201/1547 679/2202/1546
f 680/2203/1548 571/2204/1549 570/2205/1547
f 681/2206/1550 571/2207/1549 680/2208/1548
f 682/2209/1551 571/2210/1549 681/2211/1550
f 682/2212/1551 572/2213/1552 571/2214/1549
f 683/2215/1553 572/2216/1552 682/2217/1551
f 683/2218/1553 573/2219/1554 572/2220/1552
f 684/2221/1555 573/2222/1554 683/2223/1553
f 684/2224/1555 574/2225/1556 573/2226/1554
f 685/2227/1557 574/2228/1556 684/2229/1555
f 685/2230/1557 575/2231/1558 574/2232/1556
f 686/2233/1559 575/2234/1558 685/2235/1557
f 576/2236/1510 687/2237/1560 659/2238/1508
f 576/2239/1510 686/2240/1559 687/2241/1560
f 575/2242/1558 686/2243/1559 576/2244/1510
f 686/2245/1561 688/2246/1562 689/2247/1563
f 685/2248/1564 688/2249/1562 686/2250/1561
f 685/2251/1565 690/2252/1566 688/2253/1567
f 684/2254/1568 690/2255/1566 685/2256/1565
f 684/2257/1569 691/2258/1570 690/2259/1571
f 683/2260/1572 691/2261/1570 684/2262/1569
f 683/2263/1573 692/2264/1574 691/2265/1575
f 682/2266/1576 692/2267/1574 683/2268/1573
f 682/2269/1577 693/2270/1578 692/2271/1579
f 681/2272/1580 693/2273/1578 682/2274/1577
f 681/2275/1581 694/2276/1582 693/2277/1583
f 680/2278/1584 694/2279/1582 681/2280/1581
f 680/2281/1585 695/2282/1586 694/2283/1587
f 679/2284/1588 695/2285/1586 680/2286/1585
f 679/2287/1589 696/2288/1590 695/2289/1591
f 678/2290/1592 696/2291/1590 679/2292/1589
f 678/2293/1593 697/2294/1594 696/2295/1595
f 677/2296/1596 697/2297/1594 678/2298/1593
f 677/2299/1597 698/2300/1598 697/2301/1599
f 676/2302/1600 698/2303/1598 677/2304/1597
f 676/2305/1601 699/2306/1602 698/2307/1603
f 675/2308/1604 699/2309/1602 676/2310/1601
f 675/2311/1605 700/2312/1606 699/2313/1607
f 674/2314/1608 700/2315/1606 675/2316/1605
f 674/2317/1609 701/2318/1610 700/2319/1611
f 673/2320/1612 701/2321/1610 674/2322/1609
f 673/2323/1613 702/2324/1614 701/2325/1615
f 672/2326/1616 702/2327/1614 673/2328/1613
f 672/2329/1617 703/2330/1618 702/2331/1619
f 671/2332/1620 703/2333/1618 672/2334/1617
f 671/2335/1621 704/2336/1622 703/2337/1623
f 670/2338/1624 704/2339/1622 671/2340/1621
f 670/2341/1625 705/2342/1626 704/2343/1627
f 669/2344/1628 705/2345/1626 670/2346/1625
f 669/2347/1629 706/2348/1630 705/2349/1631
f 668/2350/1632 706/2351/1630 669/2352/1629
f 668/2353/1633 707/2354/1634 706/2355/1635
f 667/2356/1636 707/2357/1634 668/2358/1633
f 667/2359/1637 708/2360/1638 707/2361/1639
f 666/2362/1640 708/2363/1638 667/2364/1637
f 666/2365/1641 709/2366/1642 708/2367/1643
f 665/2368/1644 709/2369/1642 666/2370/1641
f 665/2371/1645 710/2372/1646 709/2373/1647
f 664/2374/1648 710/2375/1646 665/2376/1645
f 664/2377/1649 711/2378/1650 710/2379/1651
f 663/2380/1652 711/2381/1650 664/2382/1649
f 663/2383/1653 712/2384/1654 711/2385/1655
f 662/2386/1656 712/2387/1654 663/2388/1653
f 662/2389/1657 713/2390/1658 712/2391/1659
f 661/2392/1660 713/2393/1658 662/2394/1657
f 661/2395/1661 714/2396/1662 713/2397/1663
f 660/2398/1664 714/2399/1662 661/2400/1661
f 660/2401/1665 715/2402/1666 714/2403/1667
f 659/2404/1668 715/2405/1666 660/2406/1665
f 659/2407/1669 716/2408/1670 715/2409/1671
f 687/2410/1672 716/2411/1670 659/2412/1669
f 687/2413/1673 689/2414/1674 716/2415/1675
f 686/2416/1676 689/2417/1674 687/2418/1673
f 717/2419/1677 530/2420/1678 552/2421/1679
f 718/2422/1680 530/2423/1678 717/2424/1677
f 718/2425/1680 529/2426/1681 530/2427/1678
f 719/2428/1682 529/2429/1681 718/2430/1680
f 719/2431/1682 531/2432/1683 529/2433/1681
f 720/2434/1684 531/2435/1683 719/2436/1682
f 720/2437/1684 532/2438/1685 531/2439/1683
f 721/2440/1686 532/2441/1685 720/2442/1684
f 721/2443/1686 533/2444/1687 532/2445/1685
f 722/2446/1688 533/2447/1687 721/2448/1686
f 723/2449/1689 533/2450/1687 722/2451/1688
f 723/2452/1689 534/2453/1690 533/2454/1687
f 724/2455/1691 534/2456/1690 723/2457/1689
f 724/2458/1691 535/2459/1692 534/2460/1690
f 725/2461/1693 535/2462/1692 724/2463/1691
f 725/2464/1693 536/2465/1694 535/2466/1692
f 726/2467/1695 536/2468/1694 725/2469/1693
f 726/2470/1695 537/2471/1696 536/2472/1694
f 727/2473/1697 537/2474/1696 726/2475/1695
f 727/2476/1697 538/2477/1698 537/2478/1696
f 728/2479/1699 538/2480/1698 727/2481/1697
f 729/2482/1700 538/2483/1698 728/2484/1699
f 729/2485/1700 539/2486/1701 538/2487/1698
f 730/2488/1702 539/2489/1701 729/2490/1700
f 730/2491/1702 540/2492/1703 539/2493/1701
f 731/2494/1704 540/2495/1703 730/2496/1702
f 731/2497/1704 541/2498/1705 540/2499/1703
f 732/2500/1706 541/2501/1705 731/2502/1704
f 732/2503/1706 542/2504/1707 541/2505/1705
f 733/2506/1708 542/2507/1707 732/2508/1706
f 734/2509/1709 542/2510/1707 733/2511/1708
f 734/2512/1709 543/2513/1710 542/2514/1707
f 735/2515/1711 543/2516/1710 734/2517/1709
f 735/2518/1711 544/2519/1712 543/2520/1710
f 736/2521/1713 544/2522/1712 735/2523/1711
f 736/2524/1713 545/2525/1714 544/2526/1712
f 737/2527/1715 545/2528/1714 736/2529/1713
f 737/2530/1715 546/2531/1716 545/2532/1714
f 738/2533/1717 546/2534/1716 737/2535/1715
f 738/2536/1717 547/2537/1718 546/2538/1716
f 739/2539/1719 547/2540/1718 738/2541/1717
f 740/2542/1720 547/2543/1718 739/2544/1719
f 740/2545/1720 548/2546/1721 547/2547/1718
f 741/2548/1722 548/2549/1721 740/2550/1720
f 741/2551/1722 549/2552/1723 548/2553/1721
f 742/2554/1724 549/2555/1723 741/2556/1722
f 742/2557/1724 550/2558/1725 549/2559/1723
f 743/2560/1726 550/2561/1725 742/2562/1724
f 743/2563/1726 551/2564/1727 550/2565/1725
f 744/2566/1728 551/2567/1727 743/2568/1726
f 552/2569/1679 745/2570/1729 717/2571/1677
f 552/2572/1679 744/2573/1728 745/2574/1729
f 551/2575/1727 744/2576/1728 552/2577/1679
f 744/2578/1730 746/2579/1731 747/2580/1732
f 743/2581/1733 746/2582/1731 744/2583/1730
f 743/2584/1734 748/2585/1735 746/2586/1736
f 742/2587/1737 748/2588/1735 743/2589/1734
f 742/2590/1738 749/2591/1739 748/2592/1740
f 741/2593/1741 749/2594/1739 742/2595/1738
f 741/2596/1742 750/2597/1743 749/2598/1744
f 740/2599/1745 750/2600/1743 741/2601/1742
f 740/2602/1746 751/2603/1747 750/2604/1748
f 739/2605/1749 751/2606/1747 740/2607/1746
f 739/2608/1750 752/2609/1751 751/2610/1752
f 738/2611/1753 752/2612/1751 739/2613/1750
f 738/2614/1754 753/2615/1755 752/2616/1756
f 737/2617/1757 753/2618/1755 738/2619/1754
f 737/2620/1758 754/2621/1759 753/2622/1760
f 736/2623/1761 754/2624/1759 737/2625/1758
f 736/2626/1762 755/2627/1763 754/2628/1764
f 735/2629/1765 755/2630/1763 736/2631/1762
f 735/2632/1766 756/2633/1767 755/2634/1768
f 734/2635/1769 756/2636/1767 735/2637/1766
f 734/2638/1770 757/2639/1771 756/2640/1772
f 733/2641/1773 757/2642/1771 734/2643/1770
f 733/2644/1774 758/2645/1775 757/2646/1776
f 732/2647/1777 758/2648/1775 733/2649/1774
f 732/2650/1778 759/2651/1779 758/2652/1780
f 731/2653/1781 759/2654/1779 732/2655/1778
f 731/2656/1782 760/2657/1783 759/2658/1784
f 730/2659/1785 760/2660/1783 731/2661/1782
f 730/2662/1786 761/2663/1787 760/2664/1788
f 729/2665/1789 761/2666/1787 730/2667/1786
f 729/2668/1790 762/2669/1791 761/2670/1792
f 728/2671/1793 762/2672/1791 729/2673/1790
f 728/2674/1794 763/2675/1795 762/2676/1796
f 727/2677/1797 763/2678/1795 728/2679/1794
f 727/2680/1798 764/2681/1799 763/2682/1800
f 726/2683/1801 764/2684/1799 727/2685/1798
f 726/2686/1802 765/2687/1803 764/2688/1804
f 725/2689/1805 765/2690/1803 726/2691/1802
f 725/2692/1806 766/2693/1807 765/2694/1808
f 724/2695/1809 766/2696/1807 725/2697/1806
f 724/2698/1810 767/2699/1811 766/2700/1812
f 723/2701/1813 767/2702/1811 724/2703/1810
f 723/2704/1814 768/2705/1815 767/2706/1816
f 722/2707/1817 768/2708/1815 723/2709/1814
f 722/2710/1818 769/2711/1819 768/2712/1820
f 721/2713/1821 769/2714/1819 722/2715/1818
f 721/2716/1822 770/2717/1823 769/2718/1824
f 720/2719/1825 770/2720/1823 721/2721/1822
f 720/2722/1826 771/2723/1827 770/2724/1828
f 719/2725/1829 771/2726/1827 720/2727/1826
f 719/2728/1830 772/2729/1831 771/2730/1832
f 718/2731/1833 772/2732/1831 719/2733/1830
f 718/2734/1834 773/2735/1835 772/2736/1836
f 717/2737/1837 773/2738/1835 718/2739/1834
f 717/2740/1838 774/2741/1839 773/2742/1840
f 745/2743/1841 774/2744/1839 717/2745/1838
f 745/2746/1842 747/2747/1843 774/2748/1844
f 744/2749/1845 747/2750/1843 745/2751/1842
f 775/2752/1846 506/2753/1847 528/2754/1848
f 776/2755/1849 506/2756/1847 775/2757/1846
f 776/2758/1849 505/2759/1850 506/2760/1847
f 777/2761/1851 505/2762/1850 776/2763/1849
f 777/2764/1851 507/2765/1852 505/2766/1850
f 778/2767/1853 507/2768/1852 777/2769/1851
f 778/2770/1853 508/2771/1854 507/2772/1852
f 779/2773/1855 508/2774/1854 778/2775/1853
f 779/2776/1855 509/2777/1856 508/2778/1854
f 780/2779/1857 509/2780/1856 779/2781/1855
f 781/2782/1858 509/2783/1856 780/2784/1857
f 781/2785/1858 510/2786/1859 509/2787/1856
f 782/2788/1860 510/2789/1859 781/2790/1858
f 782/2791/1860 511/2792/1861 510/2793/1859
f 783/2794/1862 511/2795/1861 782/2796/1860
f 783/2797/1862 512/2798/1863 511/2799/1861
f 784/2800/1864 512/2801/1863 783/2802/1862
f 784/2803/1864 513/2804/1865 512/2805/1863
f 785/2806/1866 513/2807/1865 784/2808/1864
f 785/2809/1866 514/2810/1867 513/2811/1865
f 786/2812/1868 514/2813/1867 785/2814/1866
f 787/2815/1869 514/2816/1867 786/2817/1868
f 787/2818/1869 515/2819/1870 514/2820/1867
f 788/2821/1871 515/2822/1870 787/2823/1869
f 788/2824/1871 516/2825/1872 515/2826/1870
f 789/2827/1873 516/2828/1872 788/2829/1871
f 789/2830/1873 517/2831/1874 516/2832/1872
f 790/2833/1875 517/2834/1874 789/2835/1873
f 790/2836/1875 518/2837/1876 517/2838/1874
f 791/2839/1877 518/2840/1876 790/2841/1875
f 792/2842/1878 518/2843/1876 791/2844/1877
f 792/2845/1878 519/2846/1879 518/2847/1876
f 793/2848/1880 519/2849/1879 792/2850/1878
f 793/2851/1880 520/2852/1881 519/2853/1879
f 794/2854/1882 520/2855/1881 793/2856/1880
f 794/2857/1882 521/2858/1883 520/2859/1881
f 795/2860/1884 521/2861/1883 794/2862/1882
f 795/2863/1884 522/2864/1885 521/2865/1883
f 796/2866/1886 522/2867/1885 795/2868/1884
f 796/2869/1886 523/2870/1887 522/2871/1885
f 797/2872/1888 523/2873/1887 796/2874/1886
f 798/2875/1889 523/2876/1887 797/2877/1888
f 798/2878/1889 524/2879/1890 523/2880/1887
f 799/2881/1891 524/2882/1890 798/2883/1889
f 799/2884/1891 525/2885/1892 524/2886/1890
f 800/2887/1893 525/2888/1892 799/2889/1891
f 800/2890/1893 526/2891/1894 525/2892/1892
f 801/2893/1895 526/2894/1894 800/2895/1893
f 801/2896/1895 527/2897/1896 526/2898/1894
f 802/2899/1897 527/2900/1896 801/2901/1895
f 528/2902/1848 803/2903/1898 775/2904/1846
f 528/2905/1848 802/2906/1897 803/2907/1898
f 527/2908/1896 802/2909/1897 528/2910/1848
f 802/2911/1899 804/2912/1900 805/2913/1901
f 801/2914/1902 804/2915/1900 802/2916/1899
f 801/2917/1903 806/2918/1904 804/2919/1905
f 800/2920/1906 806/2921/1904 801/2922/1903
f 800/2923/1907 807/2924/1908 806/2925/1909
f 799/2926/1910 807/2927/1908 800/2928/1907
f 799/2929/1911 808/2930/1912 807/2931/1913
f 798/2932/1914 808/2933/1912 799/2934/1911
f 798/2935/1915 809/2936/1916 808/2937/1917
f 797/2938/1918 809/2939/1916 798/2940/1915
f 797/2941/1919 810/2942/1920 809/2943/1921
f 796/2944/1922 810/2945/1920 797/2946/1919
f 796/2947/1923 811/2948/1924 810/2949/1925
f 795/2950/1926 811/2951/1924 796/2952/1923
f 795/2953/1927 812/2954/1928 811/2955/1929
f 794/2956/1930 812/2957/1928 795/2958/1927
f 794/2959/1931 813/2960/1932 812/2961/1933
f 793/2962/1934 813/2963/1932 794/2964/1931
f 793/2965/1935 814/2966/1936 813/2967/1937
f 792/2968/1938 814/2969/1936 793/2970/1935
f 792/2971/1939 815/2972/1940 814/2973/1941
f 791/2974/1942 815/2975/1940 792/2976/1939
f 791/2977/1943 816/2978/1944 815/2979/1945
f 790/2980/1946 816/2981/1944 791/2982/1943
f 790/2983/1947 817/2984/1948 816/2985/1949
f 789/2986/1950 817/2987/1948 790/2988/1947
f 789/2989/1951 818/2990/1952 817/2991/1953
f 788/2992/1954 818/2993/1952 789/2994/1951
f 788/2995/1955 819/2996/1956 818/2997/1957
f 787/2998/1958 819/2999/1956 788/3000/1955
f 787/3001/1959 820/3002/1960 819/3003/1961
f 786/3004/1962 820/3005/1960 787/3006/1959
f 786/3007/1963 821/3008/1964 820/3009/1965
f 785/3010/1966 821/3011/1964 786/3012/1963
f 785/3013/1967 822/3014/1968 821/3015/1969
f 784/3016/1970 822/3017/1968 785/3018/1967
f 784/3019/1971 823/3020/1972 822/3021/1973
f 783/3022/1974 823/3023/1972 784/3024/1971
f 783/3025/1975 824/3026/1976 823/3027/1977
f 782/3028/1978 824/3029/1976 783/3030/1975
f 782/3031/1979 825/3032/1980 824/3033/1981
f 781/3034/1982 825/3035/1980 782/3036/1979
f 781/3037/1983 826/3038/1984 825/3039/1985
f 780/3040/1986 826/3041/1984 781/3042/1983
f 780/3043/1987 827/3044/1988 826/3045/1989
f 779/3046/1990 827/3047/1988 780/3048/1987
f 779/3049/1991 828/3050/1992 827/3051/1993
f 778/3052/1994 828/3053/1992 779/3054/1991
f 778/3055/1995 829/3056/1996 828/3057/1997
f 777/3058/1998 829/3059/1996 778/3060/1995
f 777/3061/1999 830/3062/2000 829/3063/2001
f 776/3064/2002 830/3065/2000 777/3066/1999
f 776/3067/2003 831/3068/2004 830/3069/2005
f 775/3070/2006 831/3071/2004 776/3072/2003
f 775/3073/2007 832/3074/2008 831/3075/2009
f 803/3076/2010 832/3077/2008 775/3078/2007
f 803/3079/2011 805/3080/2012 832/3081/2013
f 802/3082/2014 805/3083/2012 803/3084/2011
f 833/3085/2015 834/3086/2016 835/3087/2017
f 833/3088/2015 836/3089/2018 834/3090/2016
f 837/3091/2019 836/3092/2018 833/3093/2015
f 838/3094/2020 839/3095/2021 840/3096/2022
f 838/3097/2020 835/3098/2017 839/3099/2021
f 833/3100/2015 835/3101/2017 838/3102/2020
f 841/3103/2023 838/3104/2024 840/3105/2025
f 841/3106/2026 842/3107/2027 838/3108/2028
f 843/3109/2029 842/3110/2030 841/3111/2031
f 844/3112/2032 842/3113/2033 843/3114/2034
f 844/3115/2035 845/3116/2036 842/3117/2037
f 846/3118/2038 845/3119/2039 844/3120/2040
f 846/3121/2041 847/3122/2042 845/3123/2043
f 848/3124/2044 847/3125/2045 846/3126/2046
f 849/3127/2047 847/3128/2048 848/3129/2049
f 849/3130/2050 850/3131/2051 847/3132/2052
f 851/3133/2053 850/3134/2054 849/3135/2055
f 851/3136/2056 852/3137/2057 850/3138/2058
f 376/3139/2059 852/3140/2060 851/3141/2061
f 376/3142/2062 853/3143/2063 852/3144/2064
f 374/3145/2065 853/3146/2066 376/3147/2067
f 374/3148/2068 854/3149/2069 853/3150/2070
f 373/3151/2071 854/3152/2072 374/3153/2073
f 373/3154/2074 440/3155/2075 854/3156/2076
f 372/3157/2077 440/3158/2078 373/3159/2079
f 651/3160/2080 855/3161/2081 856/3162/2082
f 651/3163/2080 857/3164/2083 855/3165/2081
f 858/3166/2084 857/3167/2083 651/3168/2080
f 859/3169/2085 860/3170/2086 861/3171/2087
f 861/3172/2087 862/3173/2088 859/3174/2085
f 861/3175/2087 863/3176/2089 862/3177/2088
f 864/3178/2090 863/3179/2089 861/3180/2087
f 861/3181/2087 865/3182/2091 864/3183/2090
f 861/3184/2087 866/3185/2092 865/3186/2091
f 867/3187/2093 866/3188/2092 861/3189/2087
f 868/3190/2094 869/3191/2095 870/3192/2096
f 871/3193/2097 869/3194/2095 868/3195/2094
f 872/3196/2098 869/3197/2095 871/3198/2097
f 873/3199/2099 869/3200/2095 872/3201/2098
f 874/3202/2100 869/3203/2095 873/3204/2099
f 875/3205/2101 869/3206/2095 874/3207/2100
f 867/3208/2093 869/3209/2095 875/3210/2101
f 861/3211/2087 869/3212/2095 867/3213/2093
f 861/3214/2087 876/3215/2102 869/3216/2095
f 877/3217/2103 876/3218/2102 861/3219/2087
f 877/3220/2103 878/3221/2104 876/3222/2102
f 879/3223/2105 878/3224/2104 877/3225/2103
f 879/3226/2105 880/3227/2106 878/3228/2104
f 881/3229/2107 880/3230/2106 879/3231/2105
f 881/3232/2107 882/3233/2108 880/3234/2106
f 883/3235/2109 882/3236/2108 881/3237/2107
f 651/3238/2080 883/3239/2109 884/3240/2110
f 651/3241/2080 882/3242/2108 883/3243/2109
f 885/3244/2111 882/3245/2108 651/3246/2080
f 651/3247/2080 886/3248/2112 885/3249/2111
f 651/3250/2080 887/3251/2113 886/3252/2112
f 888/3253/2114 887/3254/2113 651/3255/2080
f 651/3256/2080 889/3257/2115 888/3258/2114
f 651/3259/2080 890/3260/2116 889/3261/2115
f 856/3262/2082 890/3263/2116 651/3264/2080
f 891/3265/2117 832/3266/2118 892/3267/2119
f 891/3268/2117 831/3269/2120 832/3270/2118
f 893/3271/2121 831/3272/2120 891/3273/2117
f 894/3274/2122 831/3275/2120 893/3276/2121
f 894/3277/2122 830/3278/2123 831/3279/2120
f 895/3280/2124 830/3281/2123 894/3282/2122
f 896/3283/2125 830/3284/2123 895/3285/2124
f 896/3286/2125 829/3287/2126 830/3288/2123
f 897/3289/2127 829/3290/2126 896/3291/2125
f 897/3292/2127 828/3293/2128 829/3294/2126
f 827/3295/2129 828/3296/2128 897/3297/2127
f 898/3298/2130 807/3299/2131 808/3300/2132
f 899/3301/2133 807/3302/2131 898/3303/2130
f 806/3304/2134 900/3305/2135 901/3306/2136
f 806/3307/2134 899/3308/2133 900/3309/2135
f 807/3310/2131 899/3311/2133 806/3312/2134
f 804/3313/2137 902/3314/2138 903/3315/2139
f 804/3316/2137 901/3317/2136 902/3318/2138
f 806/3319/2134 901/3320/2136 804/3321/2137
f 805/3322/2140 904/3323/2141 905/3324/2142
f 805/3325/2140 903/3326/2139 904/3327/2141
f 804/3328/2137 903/3329/2139 805/3330/2140
f 832/3331/2118 906/3332/2143 892/3333/2119
f 832/3334/2118 905/3335/2142 906/3336/2143
f 805/3337/2140 905/3338/2142 832/3339/2118
f 636/3340/2144 773/3341/2145 774/3342/2146
f 772/3343/2147 773/3344/2145 636/3345/2144
f 636/3346/2144 771/3347/2148 772/3348/2147
f 636/3349/2144 770/3350/2149 771/3351/2148
f 769/3352/2150 770/3353/2149 636/3354/2144
f 907/3355/2151 765/3356/2152 766/3357/2153
f 908/3358/2154 765/3359/2152 907/3360/2151
f 908/3361/2154 764/3362/2155 765/3363/2152
f 909/3364/2156 764/3365/2155 908/3366/2154
f 910/3367/2157 764/3368/2155 909/3369/2156
f 910/3370/2157 763/3371/2158 764/3372/2155
f 911/3373/2159 763/3374/2158 910/3375/2157
f 911/3376/2159 762/3377/2160 763/3378/2158
f 912/3379/2161 762/3380/2160 911/3381/2159
f 913/3382/2162 762/3383/2160 912/3384/2161
f 913/3385/2162 761/3386/2163 762/3387/2160
f 914/3388/2164 761/3389/2163 913/3390/2162
f 915/3391/2165 761/3392/2163 914/3393/2164
f 915/3394/2165 760/3395/2166 761/3396/2163
f 916/3397/2167 760/3398/2166 915/3399/2165
f 917/3400/2168 760/3401/2166 916/3402/2167
f 918/3403/2169 760/3404/2166 917/3405/2168
f 918/3406/2169 759/3407/2170 760/3408/2166
f 919/3409/2171 759/3410/2170 918/3411/2169
f 920/3412/2172 759/3413/2170 919/3414/2171
f 920/3415/2172 758/3416/2173 759/3417/2170
f 921/3418/2174 758/3419/2173 920/3420/2172
f 922/3421/2175 758/3422/2173 921/3423/2174
f 922/3424/2175 757/3425/2176 758/3426/2173
f 923/3427/2177 757/3428/2176 922/3429/2175
f 924/3430/2178 757/3431/2176 923/3432/2177
f 924/3433/2178 756/3434/2179 757/3435/2176
f 925/3436/2180 756/3437/2179 924/3438/2178
f 926/3439/2181 756/3440/2179 925/3441/2180
f 926/3442/2181 755/3443/2182 756/3444/2179
f 927/3445/2183 755/3446/2182 926/3447/2181
f 927/3448/2183 754/3449/2184 755/3450/2182
f 928/3451/2185 754/3452/2184 927/3453/2183
f 928/3454/2185 753/3455/2186 754/3456/2184
f 929/3457/2187 753/3458/2186 928/3459/2185
f 636/3460/2144 709/3461/2188 710/3462/2189
f 636/3463/2144 708/3464/2190 709/3465/2188
f 774/3466/2146 708/3467/2190 636/3468/2144
f 774/3469/2146 707/3470/2191 708/3471/2190
f 747/3472/2192 707/3473/2191 774/3474/2146
f 747/3475/2192 706/3476/2193 707/3477/2191
f 746/3478/2194 706/3479/2193 747/3480/2192
f 746/3481/2194 705/3482/2195 706/3483/2193
f 748/3484/2196 705/3485/2195 746/3486/2194
f 748/3487/2196 704/3488/2197 705/3489/2195
f 749/3490/2198 704/3491/2197 748/3492/2196
f 749/3493/2198 703/3494/2199 704/3495/2197
f 750/3496/2200 703/3497/2199 749/3498/2198
f 750/3499/2200 702/3500/2201 703/3501/2199
f 751/3502/2202 702/3503/2201 750/3504/2200
f 751/3505/2202 701/3506/2203 702/3507/2201
f 752/3508/2204 701/3509/2203 751/3510/2202
f 753/3511/2186 701/3512/2203 752/3513/2204
f 929/3514/2187 701/3515/2203 753/3516/2186
f 929/3517/2187 700/3518/2205 701/3519/2203
f 930/3520/2206 700/3521/2205 929/3522/2187
f 931/3523/2207 700/3524/2205 930/3525/2206
f 931/3526/2207 699/3527/2208 700/3528/2205
f 932/3529/2209 699/3530/2208 931/3531/2207
f 932/3532/2209 698/3533/2210 699/3534/2208
f 933/3535/2211 698/3536/2210 932/3537/2209
f 933/3538/2211 697/3539/2212 698/3540/2210
f 934/3541/2213 697/3542/2212 933/3543/2211
f 934/3544/2213 696/3545/2214 697/3546/2212
f 935/3547/2215 696/3548/2214 934/3549/2213
f 935/3550/2215 695/3551/2216 696/3552/2214
f 935/3553/2215 694/3554/2217 695/3555/2216
f 936/3556/2218 694/3557/2217 935/3558/2215
f 936/3559/2218 693/3560/2219 694/3561/2217
f 937/3562/2220 693/3563/2219 936/3564/2218
f 937/3565/2220 692/3566/2221 693/3567/2219
f 938/3568/2222 692/3569/2221 937/3570/2220
f 938/3571/2222 691/3572/2223 692/3573/2221
f 939/3574/2224 691/3575/2223 938/3576/2222
f 939/3577/2224 690/3578/2225 691/3579/2223
f 940/3580/2226 690/3581/2225 939/3582/2224
f 940/3583/2226 688/3584/2227 690/3585/2225
f 941/3586/2228 688/3587/2227 940/3588/2226
f 941/3589/2228 689/3590/2229 688/3591/2227
f 942/3592/2230 689/3593/2229 941/3594/2228
f 826/3595/2231 657/3596/2232 825/3597/2233
f 656/3598/2234 657/3599/2232 826/3600/2231
f 897/3601/2127 826/3602/2231 827/3603/2129
f 897/3604/2127 656/3605/2234 826/3606/2231
f 655/3607/2235 656/3608/2234 897/3609/2127
f 897/3610/2127 654/3611/2236 655/3612/2235
f 897/3613/2127 653/3614/2237 654/3615/2236
f 652/3616/2238 653/3617/2237 897/3618/2127
f 651/3619/2080 943/3620/2239 858/3621/2084
f 651/3622/2080 897/3623/2127 943/3624/2239
f 652/3625/2238 897/3626/2127 651/3627/2080
f 884/3628/2110 650/3629/2240 651/3630/2080
f 884/3631/2110 649/3632/2241 650/3633/2240
f 944/3634/2242 649/3635/2241 884/3636/2110
f 944/3637/2242 648/3638/2243 649/3639/2241
f 945/3640/2244 648/3641/2243 944/3642/2242
f 945/3643/2244 647/3644/2245 648/3645/2243
f 946/3646/2246 647/3647/2245 945/3648/2244
f 946/3649/2246 646/3650/2247 647/3651/2245
f 947/3652/2248 646/3653/2247 946/3654/2246
f 948/3655/2249 646/3656/2247 947/3657/2248
f 948/3658/2249 645/3659/2250 646/3660/2247
f 949/3661/2251 645/3662/2250 948/3663/2249
f 644/3664/2252 645/3665/2250 949/3666/2251
f 766/3667/2153 949/3668/2251 907/3669/2151
f 766/3670/2153 644/3671/2252 949/3672/2251
f 767/3673/2253 644/3674/2252 766/3675/2153
f 643/3676/2254 644/3677/2252 767/3678/2253
f 767/3679/2253 642/3680/2255 643/3681/2254
f 767/3682/2253 641/3683/2256 642/3684/2255
f 640/3685/2257 641/3686/2256 767/3687/2253
f 767/3688/2253 639/3689/2258 640/3690/2257
f 767/3691/2253 638/3692/2259 639/3693/2258
f 637/3694/2260 638/3695/2259 767/3696/2253
f 636/3697/2144 768/3698/2261 769/3699/2150
f 636/3700/2144 767/3701/2253 768/3702/2261
f 637/3703/2260 767/3704/2253 636/3705/2144
f 808/3706/2132 950/3707/2262 898/3708/2130
f 808/3709/2132 951/3710/2263 950/3711/2262
f 809/3712/2264 951/3713/2263 808/3714/2132
f 809/3715/2264 942/3716/2230 951/3717/2263
f 810/3718/2265 942/3719/2230 809/3720/2264
f 810/3721/2265 689/3722/2229 942/3723/2230
f 811/3724/2266 689/3725/2229 810/3726/2265
f 811/3727/2266 716/3728/2267 689/3729/2229
f 812/3730/2268 716/3731/2267 811/3732/2266
f 812/3733/2268 715/3734/2269 716/3735/2267
f 813/3736/2270 715/3737/2269 812/3738/2268
f 813/3739/2270 714/3740/2271 715/3741/2269
f 814/3742/2272 714/3743/2271 813/3744/2270
f 814/3745/2272 713/3746/2273 714/3747/2271
f 815/3748/2274 713/3749/2273 814/3750/2272
f 815/3751/2274 712/3752/2275 713/3753/2273
f 816/3754/2276 712/3755/2275 815/3756/2274
f 816/3757/2276 711/3758/2277 712/3759/2275
f 817/3760/2278 711/3761/2277 816/3762/2276
f 817/3763/2278 710/3764/2189 711/3765/2277
f 818/3766/2279 710/3767/2189 817/3768/2278
f 818/3769/2279 636/3770/2144 710/3771/2189
f 819/3772/2280 636/3773/2144 818/3774/2279
f 820/3775/2281 636/3776/2144 819/3777/2280
f 821/3778/2282 636/3779/2144 820/3780/2281
f 822/3781/2283 636/3782/2144 821/3783/2282
f 823/3784/2284 636/3785/2144 822/3786/2283
f 824/3787/2285 636/3788/2144 823/3789/2284
f 825/3790/2233 636/3791/2144 824/3792/2285
f 825/3793/2233 635/3794/2286 636/3795/2144
f 634/3796/2287 635/3797/2286 825/3798/2233
f 825/3799/2233 633/3800/2288 634/3801/2287
f 825/3802/2233 632/3803/2289 633/3804/2288
f 630/3805/2290 632/3806/2289 825/3807/2233
f 825/3808/2233 631/3809/2291 630/3810/2290
f 825/3811/2233 658/3812/2292 631/3813/2291
f 657/3814/2232 658/3815/2292 825/3816/2233
f 353/3817/2293 504/3818/2294 352/3819/2295
f 353/3820/2296 952/3821/2297 504/3822/2298
f 354/3823/2299 952/3824/2300 353/3825/2301
f 354/3826/2302 953/3827/2303 952/3828/2304
f 356/3829/2305 953/3830/2306 354/3831/2307
f 356/3832/2308 954/3833/2309 953/3834/2310
f 955/3835/2311 954/3836/2312 356/3837/2313
f 955/3838/2314 956/3839/2315 954/3840/2316
f 957/3841/2317 956/3842/2318 955/3843/2319
f 957/3844/2320 958/3845/2321 956/3846/2322
f 959/3847/2323 958/3848/2324 957/3849/2325
f 960/3850/2326 958/3851/2327 959/3852/2328
f 960/3853/2329 961/3854/2330 958/3855/2331
f 962/3856/2332 961/3857/2333 960/3858/2334
f 962/3859/2335 963/3860/2336 961/3861/2337
f 964/3862/2338 963/3863/2339 962/3864/2340
f 965/3865/2341 963/3866/2342 964/3867/2343
f 965/3868/2344 966/3869/2345 963/3870/2346
f 967/3871/2347 966/3872/2348 965/3873/2349
f 968/3874/2350 969/3875/2351 970/3876/2352
f 966/3877/2353 971/3878/2354 972/3879/2355
f 967/3880/2356 971/3881/2354 966/3882/2353
f 970/3883/2352 973/3884/2357 968/3885/2350
f 970/3886/2352 972/3887/2355 973/3888/2357
f 966/3889/2353 972/3890/2355 970/3891/2352
f 970/3892/2358 974/3893/2359 966/3894/2360
f 975/3895/2361 974/3896/2359 970/3897/2358
f 975/3898/2362 976/3899/2363 974/3900/2364
f 977/3901/2365 976/3902/2363 975/3903/2362
f 977/3904/2366 978/3905/2367 976/3906/2368
f 979/3907/2369 978/3908/2367 977/3909/2366
f 979/3910/2370 980/3911/2371 978/3912/2372
f 981/3913/2373 980/3914/2371 979/3915/2370
f 981/3916/2374 982/3917/2375 980/3918/2376
f 983/3919/2377 982/3920/2375 981/3921/2374
f 983/3922/2378 984/3923/2379 982/3924/2380
f 985/3925/2381 984/3926/2379 983/3927/2378
f 985/3928/2382 876/3929/2383 984/3930/2384
f 869/3931/2385 876/3932/2383 985/3933/2382
f 986/3934/2386 870/3935/2387 987/3936/2388
f 986/3937/2389 868/3938/2390 870/3939/2391
f 988/3940/2392 868/3941/2393 986/3942/2394
f 988/3943/2395 871/3944/2396 868/3945/2397
f 989/3946/2398 871/3947/2399 988/3948/2400
f 990/3949/2401 871/3950/2402 989/3951/2403
f 872/3952/2404 871/3953/2405 990/3954/2406
f 991/3955/2407 872/3956/2408 990/3957/2409
f 873/3958/2410 872/3959/2411 991/3960/2412
f 992/3961/2413 873/3962/2414 991/3963/2415
f 874/3964/2416 873/3965/2417 992/3966/2418
f 993/3967/2419 874/3968/2420 992/3969/2421
f 994/3970/2422 874/3971/2423 993/3972/2424
f 994/3973/2425 875/3974/2426 874/3975/2427
f 995/3976/2428 875/3977/2429 994/3978/2430
f 995/3979/2431 867/3980/2432 875/3981/2433
f 996/3982/2434 867/3983/2435 995/3984/2436
f 996/3985/2437 866/3986/2438 867/3987/2439
f 997/3988/2440 866/3989/2441 996/3990/2442
f 997/3991/2443 865/3992/2444 866/3993/2445
f 998/3994/2446 865/3995/2447 997/3996/2448
f 999/3997/2449 865/3998/2450 998/3999/2451
f 864/4000/2452 865/4001/2453 999/4002/2454
f 1000/4003/2455 864/4004/2456 999/4005/2457
f 863/4006/2458 864/4007/2459 1000/4008/2460
f 1001/4009/2461 863/4010/2462 1000/4011/2463
f 862/4012/2464 863/4013/2465 1001/4014/2466
f 1002/4015/2467 862/4016/2468 1001/4017/2469
f 1003/4018/2470 862/4019/2471 1002/4020/2472
f 1003/4021/2473 859/4022/2474 862/4023/2475
f 1004/4024/2476 859/4025/2477 1003/4026/2478
f 1004/4027/2479 860/4028/2480 859/4029/2481
f 1005/4030/2482 860/4031/2483 1004/4032/2484
f 1005/4033/2485 861/4034/2486 860/4035/2487
f 1006/4036/2488 861/4037/2489 1005/4038/2490
f 1007/4039/2491 986/4040/2492 987/4041/2493
f 1008/4042/2494 986/4043/2495 1007/4044/2496
f 1008/4045/2497 988/4046/2498 986/4047/2499
f 1009/4048/2500 988/4049/2501 1008/4050/2502
f 1009/4051/2503 989/4052/2504 988/4053/2505
f 1010/4054/2506 989/4055/2507 1009/4056/2508
f 1010/4057/2509 990/4058/2510 989/4059/2511
f 1011/4060/2512 990/4061/2513 1010/4062/2514
f 1011/4063/2515 991/4064/2516 990/4065/2517
f 1012/4066/2518 991/4067/2519 1011/4068/2520
f 1012/4069/2521 992/4070/2522 991/4071/2523
f 1013/4072/2524 992/4073/2525 1012/4074/2526
f 1013/4075/2527 993/4076/2528 992/4077/2529
f 1014/4078/2530 993/4079/2531 1013/4080/2532
f 1014/4081/2533 994/4082/2534 993/4083/2535
f 1015/4084/2536 994/4085/2537 1014/4086/2538
f 1015/4087/2539 995/4088/2540 994/4089/2541
f 1016/4090/2542 995/4091/2543 1015/4092/2544
f 1016/4093/2545 996/4094/2546 995/4095/2547
f 1017/4096/2548 996/4097/2546 1016/4098/2545
f 1017/4099/2549 997/4100/2550 996/4101/2551
f 1018/4102/2552 997/4103/2553 1017/4104/2554
f 1018/4105/2555 998/4106/2556 997/4107/2557
f 1019/4108/2558 998/4109/2559 1018/4110/2560
f 1019/4111/2561 999/4112/2562 998/4113/2563
f 1020/4114/2564 999/4115/2565 1019/4116/2566
f 1020/4117/2567 1000/4118/2568 999/4119/2569
f 1021/4120/2570 1000/4121/2571 1020/4122/2572
f 1021/4123/2573 1001/4124/2574 1000/4125/2575
f 1022/4126/2576 1001/4127/2577 1021/4128/2578
f 1022/4129/2579 1002/4130/2580 1001/4131/2581
f 1023/4132/2582 1002/4133/2583 1022/4134/2584
f 1023/4135/2585 1003/4136/2586 1002/4137/2587
f 1024/4138/2588 1003/4139/2589 1023/4140/2590
f 1024/4141/2591 1004/4142/2592 1003/4143/2593
f 1025/4144/2594 1004/4145/2595 1024/4146/2596
f 1025/4147/2597 1005/4148/2598 1004/4149/2599
f 1026/4150/2600 1005/4151/2601 1025/4152/2602
f 1026/4153/2603 1006/4154/2604 1005/4155/2605
f 1027/4156/2606 1006/4157/2607 1026/4158/2608
f 1028/4159/2609 1008/4160/2610 1007/4161/2611
f 1029/4162/2612 1008/4163/2613 1028/4164/2614
f 1029/4165/2615 1009/4166/2616 1008/4167/2617
f 1030/4168/2618 1009/4169/2619 1029/4170/2620
f 1030/4171/2621 1010/4172/2622 1009/4173/2623
f 1031/4174/2624 1010/4175/2625 1030/4176/2626
f 1031/4177/2627 1011/4178/2628 1010/4179/2629
f 1032/4180/2630 1011/4181/2631 1031/4182/2632
f 1032/4183/2633 1012/4184/2634 1011/4185/2635
f 1033/4186/2636 1012/4187/2637 1032/4188/2638
f 1033/4189/2639 1013/4190/2640 1012/4191/2641
f 1034/4192/2642 1013/4193/2643 1033/4194/2644
f 1034/4195/2645 1014/4196/2646 1013/4197/2647
f 1035/4198/2648 1014/4199/2649 1034/4200/2650
f 1035/4201/2651 1015/4202/2652 1014/4203/2653
f 1036/4204/2654 1015/4205/2655 1035/4206/2656
f 1036/4207/2657 1016/4208/2658 1015/4209/2659
f 1037/4210/2660 1016/4211/2661 1036/4212/2662
f 1037/4213/2663 1017/4214/2664 1016/4215/2665
f 1038/4216/2666 1017/4217/2664 1037/4218/2663
f 1038/4219/2667 1018/4220/2668 1017/4221/2669
f 1039/4222/2670 1018/4223/2671 1038/4224/2672
f 1039/4225/2673 1019/4226/2674 1018/4227/2675
f 1040/4228/2676 1019/4229/2677 1039/4230/2678
f 1040/4231/2679 1020/4232/2680 1019/4233/2681
f 1041/4234/2682 1020/4235/2683 1040/4236/2684
f 1041/4237/2685 1021/4238/2686 1020/4239/2687
f 1042/4240/2688 1021/4241/2689 1041/4242/2690
f 1042/4243/2691 1022/4244/2692 1021/4245/2693
f 1043/4246/2694 1022/4247/2695 1042/4248/2696
f 1043/4249/2697 1023/4250/2698 1022/4251/2699
f 1044/4252/2700 1023/4253/2701 1043/4254/2702
f 1044/4255/2703 1024/4256/2704 1023/4257/2705
f 1045/4258/2706 1024/4259/2707 1044/4260/2708
f 1045/4261/2709 1025/4262/2710 1024/4263/2711
f 1046/4264/2712 1025/4265/2713 1045/4266/2714
f 1046/4267/2715 1026/4268/2716 1025/4269/2717
f 1047/4270/2718 1026/4271/2719 1046/4272/2720
f 1047/4273/2721 1027/4274/2722 1026/4275/2723
f 1048/4276/2724 1027/4277/2725 1047/4278/2726
f 1049/4279/2727 1029/4280/2728 1028/4281/2729
f 1050/4282/2730 1029/4283/2731 1049/4284/2732
f 1050/4285/2733 1030/4286/2734 1029/4287/2735
f 1051/4288/2736 1030/4289/2737 1050/4290/2738
f 1051/4291/2739 1031/4292/2740 1030/4293/2741
f 1052/4294/2742 1031/4295/2743 1051/4296/2744
f 1052/4297/2745 1032/4298/2746 1031/4299/2747
f 1053/4300/2748 1032/4301/2749 1052/4302/2750
f 1053/4303/2751 1033/4304/2752 1032/4305/2753
f 1054/4306/2754 1033/4307/2755 1053/4308/2756
f 1054/4309/2757 1034/4310/2758 1033/4311/2759
f 1055/4312/2760 1034/4313/2761 1054/4314/2762
f 1055/4315/2763 1035/4316/2764 1034/4317/2765
f 1056/4318/2766 1035/4319/2767 1055/4320/2768
f 1056/4321/2769 1036/4322/2770 1035/4323/2771
f 1057/4324/2772 1036/4325/2773 1056/4326/2774
f 1057/4327/2775 1037/4328/2776 1036/4329/2777
f 1058/4330/2778 1037/4331/2779 1057/4332/2780
f 1058/4333/2781 1038/4334/2782 1037/4335/2783
f 1059/4336/2784 1038/4337/2782 1058/4338/2781
f 1059/4339/2785 1039/4340/2786 1038/4341/2787
f 1060/4342/2788 1039/4343/2789 1059/4344/2790
f 1060/4345/2791 1040/4346/2792 1039/4347/2793
f 1061/4348/2794 1040/4349/2795 1060/4350/2796
f 1061/4351/2797 1041/4352/2798 1040/4353/2799
f 1062/4354/2800 1041/4355/2801 1061/4356/2802
f 1062/4357/2803 1042/4358/2804 1041/4359/2805
f 1063/4360/2806 1042/4361/2807 1062/4362/2808
f 1063/4363/2809 1043/4364/2810 1042/4365/2811
f 1064/4366/2812 1043/4367/2813 1063/4368/2814
f 1064/4369/2815 1044/4370/2816 1043/4371/2817
f 1065/4372/2818 1044/4373/2819 1064/4374/2820
f 1065/4375/2821 1045/4376/2822 1044/4377/2823
f 1066/4378/2824 1045/4379/2825 1065/4380/2826
f 1066/4381/2827 1046/4382/2828 1045/4383/2829
f 1067/4384/2830 1046/4385/2831 1066/4386/2832
f 1067/4387/2833 1047/4388/2834 1046/4389/2835
f 1068/4390/2836 1047/4391/2837 1067/4392/2838
f 1068/4393/2839 1048/4394/2840 1047/4395/2841
f 1069/4396/2842 1048/4397/2843 1068/4398/2844
f 1070/4399/2845 1050/4400/2846 1049/4401/2847
f 1071/4402/2848 1050/4403/2849 1070/4404/2850
f 1071/4405/2851 1051/4406/2852 1050/4407/2853
f 1072/4408/2854 1051/4409/2855 1071/4410/2856
f 1072/4411/2857 1052/4412/2858 1051/4413/2859
f 1073/4414/2860 1052/4415/2861 1072/4416/2862
f 1073/4417/2863 1053/4418/2864 1052/4419/2865
f 1074/4420/2866 1053/4421/2867 1073/4422/2868
f 1074/4423/2869 1054/4424/2870 1053/4425/2871
f 1075/4426/2872 1054/4427/2873 1074/4428/2874
f 1075/4429/2875 1055/4430/2876 1054/4431/2877
f 1076/4432/2878 1055/4433/2879 1075/4434/2880
f 1076/4435/2881 1056/4436/2882 1055/4437/2883
f 1077/4438/2884 1056/4439/2885 1076/4440/2886
f 1077/4441/2887 1057/4442/2888 1056/4443/2889
f 1078/4444/2890 1057/4445/2891 1077/4446/2892
f 1078/4447/2893 1058/4448/2894 1057/4449/2895
f 1079/4450/2896 1058/4451/2897 1078/4452/2898
f 1079/4453/2899 1059/4454/2900 1058/4455/2901
f 1080/4456/2902 1059/4457/2900 1079/4458/2899
f 1080/4459/2903 1060/4460/2904 1059/4461/2905
f 1081/4462/2906 1060/4463/2907 1080/4464/2908
f 1081/4465/2909 1061/4466/2910 1060/4467/2911
f 1082/4468/2912 1061/4469/2913 1081/4470/2914
f 1082/4471/2915 1062/4472/2916 1061/4473/2917
f 1083/4474/2918 1062/4475/2919 1082/4476/2920
f 1083/4477/2921 1063/4478/2922 1062/4479/2923
f 1084/4480/2924 1063/4481/2925 1083/4482/2926
f 1084/4483/2927 1064/4484/2928 1063/4485/2929
f 1085/4486/2930 1064/4487/2931 1084/4488/2932
f 1085/4489/2933 1065/4490/2934 1064/4491/2935
f 1086/4492/2936 1065/4493/2937 1085/4494/2938
f 1086/4495/2939 1066/4496/2940 1065/4497/2941
f 1087/4498/2942 1066/4499/2943 1086/4500/2944
f 1087/4501/2945 1067/4502/2946 1066/4503/2947
f 1088/4504/2948 1067/4505/2949 1087/4506/2950
f 1088/4507/2951 1068/4508/2952 1067/4509/2953
f 1089/4510/2954 1068/4511/2955 1088/4512/2956
f 1089/4513/2957 1069/4514/2958 1068/4515/2959
f 1090/4516/2960 1069/4517/2961 1089/4518/2962
f 1091/4519/2963 1071/4520/2964 1070/4521/2965
f 1092/4522/2966 1071/4523/2967 1091/4524/2968
f 1092/4525/2969 1072/4526/2970 1071/4527/2971
f 1093/4528/2972 1072/4529/2973 1092/4530/2974
f 1093/4531/2975 1073/4532/2976 1072/4533/2977
f 1094/4534/2978 1073/4535/2979 1093/4536/2980
f 1094/4537/2981 1074/4538/2982 1073/4539/2983
f 1095/4540/2984 1074/4541/2985 1094/4542/2986
f 1095/4543/2987 1075/4544/2988 1074/4545/2989
f 1096/4546/2990 1075/4547/2991 1095/4548/2992
f 1096/4549/2993 1076/4550/2994 1075/4551/2995
f 1097/4552/2996 1076/4553/2997 1096/4554/2998
f 1097/4555/2999 1077/4556/3000 1076/4557/3001
f 1098/4558/3002 1077/4559/3003 1097/4560/3004
f 1098/4561/3005 1078/4562/3006 1077/4563/3007
f 1099/4564/3008 1078/4565/3009 1098/4566/3010
f 1099/4567/3011 1079/4568/3012 1078/4569/3013
f 1100/4570/3014 1079/4571/3015 1099/4572/3016
f 1100/4573/3017 1080/4574/3018 1079/4575/3019
f 1101/4576/3020 1080/4577/3018 1100/4578/3017
f 1101/4579/3021 1081/4580/3022 1080/4581/3023
f 1102/4582/3024 1081/4583/3025 1101/4584/3026
f 1102/4585/3027 1082/4586/3028 1081/4587/3029
f 1103/4588/3030 1082/4589/3031 1102/4590/3032
f 1103/4591/3033 1083/4592/3034 1082/4593/3035
f 1104/4594/3036 1083/4595/3037 1103/4596/3038
f 1104/4597/3039 1084/4598/3040 1083/4599/3041
f 1105/4600/3042 1084/4601/3043 1104/4602/3044
f 1105/4603/3045 1085/4604/3046 1084/4605/3047
f 1106/4606/3048 1085/4607/3049 1105/4608/3050
f 1106/4609/3051 1086/4610/3052 1085/4611/3053
f 1107/4612/3054 1086/4613/3055 1106/4614/3056
f 1107/4615/3057 1087/4616/3058 1086/4617/3059
f 1108/4618/3060 1087/4619/3061 1107/4620/3062
f 1108/4621/3063 1088/4622/3064 1087/4623/3065
f 1109/4624/3066 1088/4625/3067 1108/4626/3068
f 1109/4627/3069 1089/4628/3070 1088/4629/3071
f 1110/4630/3072 1089/4631/3073 1109/4632/3074
f 1110/4633/3075 1090/4634/3076 1089/4635/3077
f 1111/4636/3078 1090/4637/3079 1110/4638/3080
f 1111/4639/3081 1112/4640/3082 833/4641/3083
f 1110/4642/3084 1112/4643/3085 1111/4644/3086
f 1110/4645/3087 1113/4646/3088 1112/4647/3089
f 1109/4648/3090 1113/4649/3091 1110/4650/3092
f 1109/4651/3093 1114/4652/3094 1113/4653/3095
f 1108/4654/3096 1114/4655/3097 1109/4656/3098
f 1108/4657/3099 1115/4658/3100 1114/4659/3101
f 1107/4660/3102 1115/4661/3103 1108/4662/3104
f 1107/4663/3105 1116/4664/3106 1115/4665/3107
f 1106/4666/3108 1116/4667/3109 1107/4668/3110
f 1106/4669/3111 1117/4670/3112 1116/4671/3113
f 1105/4672/3114 1117/4673/3115 1106/4674/3116
f 1105/4675/3117 1118/4676/3118 1117/4677/3119
f 1104/4678/3120 1118/4679/3121 1105/4680/3122
f 1104/4681/3123 1119/4682/3124 1118/4683/3125
f 1103/4684/3126 1119/4685/3127 1104/4686/3128
f 1103/4687/3129 1120/4688/3130 1119/4689/3131
f 1102/4690/3132 1120/4691/3133 1103/4692/3134
f 1102/4693/3135 1121/4694/3136 1120/4695/3137
f 1101/4696/3138 1121/4697/3139 1102/4698/3140
f 1101/4699/3141 1122/4700/3142 1121/4701/3143
f 1100/4702/3144 1122/4703/3142 1101/4704/3141
f 1100/4705/3145 1123/4706/3146 1122/4707/3147
f 1099/4708/3148 1123/4709/3149 1100/4710/3150
f 1099/4711/3151 1124/4712/3152 1123/4713/3153
f 1098/4714/3154 1124/4715/3155 1099/4716/3156
f 1098/4717/3157 1125/4718/3158 1124/4719/3159
f 1097/4720/3160 1125/4721/3161 1098/4722/3162
f 1097/4723/3163 1126/4724/3164 1125/4725/3165
f 1096/4726/3166 1126/4727/3167 1097/4728/3168
f 1096/4729/3169 1127/4730/3170 1126/4731/3171
f 1095/4732/3172 1127/4733/3173 1096/4734/3174
f 1095/4735/3175 1128/4736/3176 1127/4737/3177
f 1094/4738/3178 1128/4739/3179 1095/4740/3180
f 1094/4741/3181 1129/4742/3182 1128/4743/3183
f 1093/4744/3184 1129/4745/3185 1094/4746/3186
f 1093/4747/3187 1130/4748/3188 1129/4749/3189
f 1092/4750/3190 1130/4751/3191 1093/4752/3192
f 1092/4753/3193 1131/4754/3194 1130/4755/3195
f 1091/4756/3196 1131/4757/3197 1092/4758/3198
f 1091/4759/3199 970/4760/3200 1131/4761/3201
f 1091/4762/3202 975/4763/3203 970/4764/3204
f 1070/4765/3205 975/4766/3206 1091/4767/3207
f 1070/4768/3208 977/4769/3209 975/4770/3210
f 1049/4771/3211 977/4772/3212 1070/4773/3213
f 1049/4774/3214 979/4775/3215 977/4776/3216
f 1028/4777/3217 979/4778/3218 1049/4779/3219
f 1028/4780/3220 981/4781/3221 979/4782/3222
f 1007/4783/3223 981/4784/3224 1028/4785/3225
f 1007/4786/3226 983/4787/3227 981/4788/3228
f 987/4789/3229 983/4790/3230 1007/4791/3231
f 987/4792/3232 985/4793/3233 983/4794/3234
f 987/4795/3235 869/4796/3236 985/4797/3237
f 870/4798/3238 869/4799/3239 987/4800/3240
f 838/4801/3241 1111/4802/3242 833/4803/3243
f 1132/4804/3244 1111/4805/3242 838/4806/3241
f 1132/4807/3245 1090/4808/3246 1111/4809/3247
f 1133/4810/3248 1090/4811/3246 1132/4812/3245
f 1133/4813/3249 1069/4814/3250 1090/4815/3251
f 1134/4816/3252 1069/4817/3250 1133/4818/3249
f 1134/4819/3253 1048/4820/3254 1069/4821/3255
f 1135/4822/3256 1048/4823/3254 1134/4824/3253
f 1135/4825/3257 1027/4826/3258 1048/4827/3259
f 1136/4828/3260 1027/4829/3258 1135/4830/3257
f 1136/4831/3261 1006/4832/3262 1027/4833/3263
f 1137/4834/3264 1006/4835/3262 1136/4836/3261
f 1137/4837/3265 861/4838/3266 1006/4839/3267
f 877/4840/3268 861/4841/3266 1137/4842/3265
f 1138/4843/3269 1139/4844/3270 1140/4845/3271
f 1141/4846/3272 1139/4847/3273 1138/4848/3274
f 1141/4849/3275 1142/4850/3276 1139/4851/3277
f 1143/4852/3278 1142/4853/3279 1141/4854/3280
f 1143/4855/3281 1144/4856/3282 1142/4857/3283
f 1145/4858/3284 1144/4859/3285 1143/4860/3286
f 1145/4861/3287 1146/4862/3288 1144/4863/3289
f 1147/4864/3290 1146/4865/3291 1145/4866/3292
f 1147/4867/3293 1148/4868/3294 1146/4869/3295
f 1147/4870/3296 1149/4871/3297 1148/4872/3298
f 1149/4873/3299 1150/4874/3300 1148/4875/3301
f 1149/4876/3302 1151/4877/3303 1150/4878/3304
f 1151/4879/3305 1152/4880/3306 1150/4881/3307
f 1152/4882/3308 1153/4883/3309 1154/4884/3310
f 1151/4885/3311 1153/4886/3312 1152/4887/3313
f 1139/4888/3314 1155/4889/3315 1140/4890/3316
f 1139/4891/3317 1156/4892/3318 1155/4893/3319
f 1142/4894/3320 1156/4895/3321 1139/4896/3322
f 1142/4897/3323 1157/4898/3324 1156/4899/3325
f 1144/4900/3326 1157/4901/3327 1142/4902/3328
f 1144/4903/3329 1158/4904/3330 1157/4905/3331
f 1146/4906/3332 1158/4907/3333 1144/4908/3334
f 1146/4909/3335 1159/4910/3336 1158/4911/3337
f 1148/4912/3338 1159/4913/3339 1146/4914/3340
f 1148/4915/3341 1160/4916/3342 1159/4917/3343
f 1150/4918/3344 1160/4919/3345 1148/4920/3346
f 1150/4921/3347 1161/4922/3348 1160/4923/3349
f 1152/4924/3350 1161/4925/3351 1150/4926/3352
f 1152/4927/3353 1162/4928/3354 1161/4929/3355
f 1154/4930/3356 1162/4931/3357 1152/4932/3358
f 1153/4933/3359 1163/4934/3360 1154/4935/3361
f 1156/4936/3362 1164/4937/3363 1155/4938/3364
f 1156/4939/3365 1165/4940/3366 1164/4941/3367
f 1157/4942/3368 1165/4943/3369 1156/4944/3370
f 1157/4945/3371 1166/4946/3372 1165/4947/3373
f 1158/4948/3374 1166/4949/3375 1157/4950/3376
f 1158/4951/3377 1167/4952/3378 1166/4953/3379
f 1159/4954/3380 1167/4955/3381 1158/4956/3382
f 1159/4957/3383 1168/4958/3384 1167/4959/3385
f 1160/4960/3386 1168/4961/3387 1159/4962/3388
f 1160/4963/3389 1169/4964/3390 1168/4965/3391
f 1161/4966/3392 1169/4967/3393 1160/4968/3394
f 1161/4969/3395 1170/4970/3396 1169/4971/3397
f 1162/4972/3398 1170/4973/3399 1161/4974/3400
f 1165/4975/3401 1171/4976/3402 1164/4977/3403
f 1165/4978/3404 1172/4979/3405 1171/4980/3406
f 1166/4981/3407 1172/4982/3408 1165/4983/3409
f 1166/4984/3410 1173/4985/3411 1172/4986/3412
f 1167/4987/3413 1173/4988/3414 1166/4989/3415
f 1167/4990/3416 1174/4991/3417 1173/4992/3418
f 1168/4993/3419 1174/4994/3420 1167/4995/3421
f 1168/4996/3422 1175/4997/3423 1174/4998/3424
f 1169/4999/3425 1175/5000/3426 1168/5001/3427
f 1169/5002/3428 1176/5003/3429 1175/5004/3430
f 1170/5005/3431 1176/5006/3432 1169/5007/3433
f 1172/5008/3434 1177/5009/3435 1171/5010/3436
f 1172/5011/3437 1178/5012/3438 1177/5013/3439
f 1173/5014/3440 1178/5015/3441 1172/5016/3442
f 1173/5017/3443 1179/5018/3444 1178/5019/3445
f 1174/5020/3446 1179/5021/3447 1173/5022/3448
f 1174/5023/3449 1180/5024/3450 1179/5025/3451
f 1175/5026/3452 1180/5027/3453 1174/5028/3454
f 1175/5029/3455 1181/5030/3456 1180/5031/3457
f 1176/5032/3458 1181/5033/3459 1175/5034/3460
f 1153/5035/3461 879/5036/3462 1163/5037/3463
f 1153/5038/3464 881/5039/3465 879/5040/3466
f 1151/5041/3467 881/5042/3468 1153/5043/3469
f 1151/5044/3470 883/5045/3471 881/5046/3472
f 1149/5047/3473 883/5048/3474 1151/5049/3475
f 1149/5050/3476 884/5051/3477 883/5052/3478
f 1147/5053/3479 884/5054/3480 1149/5055/3481
f 1147/5056/3482 944/5057/3483 884/5058/3484
f 1145/5059/3485 944/5060/3486 1147/5061/3487
f 1145/5062/3488 945/5063/3489 944/5064/3490
f 1143/5065/3491 945/5066/3492 1145/5067/3493
f 1143/5068/3494 946/5069/3495 945/5070/3496
f 1141/5071/3497 946/5072/3498 1143/5073/3499
f 1141/5074/3500 947/5075/3501 946/5076/3502
f 1138/5077/3503 947/5078/3504 1141/5079/3505
f 1138/5080/3506 948/5081/3507 947/5082/3508
f 1138/5083/3509 1182/5084/3510 948/5085/3511
f 1140/5086/3512 1182/5087/3513 1138/5088/3514
f 1183/5089/3515 1184/5090/3516 1185/5091/3517
f 1183/5092/3518 440/5093/3519 1184/5094/3520
f 854/5095/3521 440/5096/3522 1183/5097/3523
f 1186/5098/3524 1185/5099/3525 1187/5100/3526
f 1186/5101/3527 1183/5102/3528 1185/5103/3529
f 1188/5104/3530 1183/5105/3531 1186/5106/3532
f 1188/5107/3533 854/5108/3534 1183/5109/3535
f 853/5110/3536 854/5111/3537 1188/5112/3538
f 1189/5113/3539 1187/5114/3540 1190/5115/3541
f 1189/5116/3542 1186/5117/3543 1187/5118/3544
f 1191/5119/3545 1186/5120/3546 1189/5121/3547
f 1191/5122/3548 1188/5123/3549 1186/5124/3550
f 1192/5125/3551 1188/5126/3552 1191/5127/3553
f 1192/5128/3554 853/5129/3555 1188/5130/3556
f 852/5131/3557 853/5132/3558 1192/5133/3559
f 1193/5134/3560 1190/5135/3561 1194/5136/3562
f 1193/5137/3563 1189/5138/3564 1190/5139/3565
f 1195/5140/3566 1189/5141/3567 1193/5142/3568
f 1195/5143/3569 1191/5144/3570 1189/5145/3571
f 1196/5146/3572 1191/5147/3573 1195/5148/3574
f 1196/5149/3575 1192/5150/3576 1191/5151/3577
f 1197/5152/3578 1192/5153/3579 1196/5154/3580
f 1197/5155/3581 852/5156/3582 1192/5157/3583
f 850/5158/3584 852/5159/3585 1197/5160/3586
f 1140/5161/3587 1194/5162/3588 1182/5163/3589
f 1140/5164/3590 1193/5165/3591 1194/5166/3592
f 1155/5167/3593 1193/5168/3594 1140/5169/3595
f 1155/5170/3596 1195/5171/3597 1193/5172/3598
f 1164/5173/3599 1195/5174/3600 1155/5175/3601
f 1164/5176/3602 1196/5177/3603 1195/5178/3604
f 1171/5179/3605 1196/5180/3606 1164/5181/3607
f 1171/5182/3608 1197/5183/3609 1196/5184/3610
f 1177/5185/3611 1197/5186/3612 1171/5187/3613
f 1177/5188/3614 850/5189/3615 1197/5190/3616
f 1178/5191/3617 850/5192/3618 1177/5193/3619
f 1178/5194/3620 847/5195/3621 850/5196/3622
f 1179/5197/3623 847/5198/3624 1178/5199/3625
f 1179/5200/3626 845/5201/3627 847/5202/3628
f 1180/5203/3629 845/5204/3630 1179/5205/3631
f 1180/5206/3632 842/5207/3633 845/5208/3634
f 1181/5209/3635 842/5210/3636 1180/5211/3637
f 1181/5212/3638 838/5213/3639 842/5214/3640
f 1181/5215/3641 1132/5216/3642 838/5217/3643
f 1176/5218/3644 1132/5219/3645 1181/5220/3646
f 1176/5221/3647 1133/5222/3648 1132/5223/3649
f 1170/5224/3650 1133/5225/3651 1176/5226/3652
f 1170/5227/3653 1134/5228/3654 1133/5229/3655
f 1162/5230/3656 1134/5231/3657 1170/5232/3658
f 1162/5233/3659 1135/5234/3660 1134/5235/3661
f 1154/5236/3662 1135/5237/3663 1162/5238/3664
f 1154/5239/3665 1136/5240/3666 1135/5241/3667
f 1163/5242/3668 1136/5243/3669 1154/5244/3670
f 1163/5245/3671 1137/5246/3672 1136/5247/3673
f 1163/5248/3674 877/5249/3675 1137/5250/3676
f 879/5251/3677 877/5252/3678 1163/5253/3679
f 1198/5254/3680 949/5255/3681 1199/5256/3682
f 907/5257/3683 949/5258/3684 1198/5259/3685
f 1200/5260/3686 907/5261/3687 1198/5262/3688
f 908/5263/3689 907/5264/3690 1200/5265/3691
f 1201/5266/3692 908/5267/3693 1200/5268/3694
f 909/5269/3695 908/5270/3696 1201/5271/3697
f 1202/5272/3698 909/5273/3699 1201/5274/3700
f 910/5275/3701 909/5276/3702 1202/5277/3703
f 1203/5278/3704 910/5279/3705 1202/5280/3706
f 911/5281/3707 910/5282/3708 1203/5283/3709
f 1204/5284/3710 911/5285/3711 1203/5286/3712
f 912/5287/3713 911/5288/3714 1204/5289/3715
f 1205/5290/3716 912/5291/3717 1204/5292/3718
f 913/5293/3719 912/5294/3720 1205/5295/3721
f 1206/5296/3722 913/5297/3723 1205/5298/3724
f 914/5299/3725 913/5300/3726 1206/5301/3727
f 1207/5302/3728 914/5303/3729 1206/5304/3730
f 915/5305/3731 914/5306/3732 1207/5307/3733
f 1208/5308/3734 915/5309/3735 1207/5310/3736
f 916/5311/3737 915/5312/3738 1208/5313/3739
f 1209/5314/3740 916/5315/3741 1208/5316/3742
f 917/5317/3743 916/5318/3744 1209/5319/3745
f 1210/5320/3746 917/5321/3747 1209/5322/3748
f 918/5323/3749 917/5324/3750 1210/5325/3751
f 1211/5326/3752 918/5327/3753 1210/5328/3754
f 919/5329/3755 918/5330/3756 1211/5331/3757
f 1212/5332/3758 919/5333/3759 1211/5334/3760
f 920/5335/3761 919/5336/3762 1212/5337/3763
f 1213/5338/3764 920/5339/3765 1212/5340/3766
f 1214/5341/3767 920/5342/3768 1213/5343/3769
f 1214/5344/3770 921/5345/3771 920/5346/3772
f 1215/5347/3773 921/5348/3774 1214/5349/3775
f 1215/5350/3776 922/5351/3777 921/5352/3778
f 1216/5353/3779 922/5354/3780 1215/5355/3781
f 1216/5356/3782 923/5357/3783 922/5358/3784
f 1217/5359/3785 923/5360/3786 1216/5361/3787
f 1217/5362/3788 924/5363/3789 923/5364/3790
f 1218/5365/3791 924/5366/3792 1217/5367/3793
f 1218/5368/3794 925/5369/3795 924/5370/3796
f 1219/5371/3797 925/5372/3798 1218/5373/3799
f 1219/5374/3800 926/5375/3801 925/5376/3802
f 1220/5377/3803 926/5378/3804 1219/5379/3805
f 1220/5380/3806 927/5381/3807 926/5382/3808
f 1221/5383/3809 927/5384/3810 1220/5385/3811
f 1221/5386/3812 928/5387/3813 927/5388/3814
f 1222/5389/3815 928/5390/3816 1221/5391/3817
f 1222/5392/3818 929/5393/3819 928/5394/3820
f 1223/5395/3821 929/5396/3822 1222/5397/3823
f 1223/5398/3824 930/5399/3825 929/5400/3826
f 1224/5401/3827 930/5402/3828 1223/5403/3829
f 1224/5404/3830 931/5405/3831 930/5406/3832
f 1225/5407/3833 931/5408/3834 1224/5409/3835
f 1225/5410/3836 932/5411/3837 931/5412/3838
f 1226/5413/3839 932/5414/3840 1225/5415/3841
f 1226/5416/3842 933/5417/3843 932/5418/3844
f 1227/5419/3845 933/5420/3846 1226/5421/3847
f 1227/5422/3848 934/5423/3849 933/5424/3850
f 1228/5425/3851 934/5426/3852 1227/5427/3853
f 1228/5428/3854 935/5429/3855 934/5430/3856
f 1229/5431/3857 935/5432/3858 1228/5433/3859
f 1230/5434/3860 935/5435/3861 1229/5436/3862
f 936/5437/3863 935/5438/3861 1230/5439/3860
f 1231/5440/3864 936/5441/3865 1230/5442/3866
f 937/5443/3867 936/5444/3868 1231/5445/3869
f 1232/5446/3870 937/5447/3871 1231/5448/3872
f 938/5449/3873 937/5450/3874 1232/5451/3875
f 1233/5452/3876 938/5453/3877 1232/5454/3878
f 939/5455/3879 938/5456/3880 1233/5457/3881
f 1234/5458/3882 939/5459/3883 1233/5460/3884
f 940/5461/3885 939/5462/3886 1234/5463/3887
f 1235/5464/3888 940/5465/3889 1234/5466/3890
f 941/5467/3891 940/5468/3892 1235/5469/3893
f 1236/5470/3894 941/5471/3895 1235/5472/3896
f 942/5473/3897 941/5474/3898 1236/5475/3899
f 1237/5476/3900 942/5477/3901 1236/5478/3902
f 951/5479/3903 942/5480/3904 1237/5481/3905
f 1238/5482/3906 951/5483/3907 1237/5484/3908
f 950/5485/3909 951/5486/3910 1238/5487/3911
f 1239/5488/3912 950/5489/3913 1238/5490/3914
f 898/5491/3915 950/5492/3916 1239/5493/3917
f 1240/5494/3918 898/5495/3919 1239/5496/3920
f 899/5497/3921 898/5498/3922 1240/5499/3923
f 1241/5500/3924 899/5501/3925 1240/5502/3926
f 900/5503/3927 899/5504/3928 1241/5505/3929
f 1242/5506/3930 900/5507/3931 1241/5508/3932
f 901/5509/3933 900/5510/3934 1242/5511/3935
f 1243/5512/3936 901/5513/3937 1242/5514/3938
f 902/5515/3939 901/5516/3940 1243/5517/3941
f 1244/5518/3942 902/5519/3943 1243/5520/3944
f 903/5521/3945 902/5522/3946 1244/5523/3947
f 1245/5524/3948 903/5525/3949 1244/5526/3950
f 904/5527/3951 903/5528/3952 1245/5529/3953
f 1246/5530/3954 904/5531/3955 1245/5532/3956
f 1247/5533/3957 904/5534/3958 1246/5535/3959
f 1247/5536/3960 905/5537/3961 904/5538/3962
f 1248/5539/3963 905/5540/3964 1247/5541/3965
f 1248/5542/3966 906/5543/3967 905/5544/3968
f 1249/5545/3969 906/5546/3970 1248/5547/3971
f 1249/5548/3972 892/5549/3973 906/5550/3974
f 1250/5551/3975 892/5552/3976 1249/5553/3977
f 1250/5554/3978 891/5555/3979 892/5556/3980
f 1251/5557/3981 891/5558/3982 1250/5559/3983
f 1251/5560/3984 893/5561/3985 891/5562/3986
f 1252/5563/3987 893/5564/3988 1251/5565/3989
f 1252/5566/3990 894/5567/3991 893/5568/3992
f 1253/5569/3993 894/5570/3994 1252/5571/3995
f 1253/5572/3996 895/5573/3997 894/5574/3998
f 1254/5575/3999 895/5576/4000 1253/5577/4001
f 1254/5578/4002 896/5579/4003 895/5580/4004
f 1255/5581/4005 896/5582/4006 1254/5583/4007
f 1255/5584/4008 897/5585/4009 896/5586/4010
f 1256/5587/4011 897/5588/4012 1255/5589/4013
f 1256/5590/4014 943/5591/4015 897/5592/4016
f 1257/5593/4017 943/5594/4018 1256/5595/4019
f 1257/5596/4020 858/5597/4021 943/5598/4022
f 1258/5599/4023 858/5600/4024 1257/5601/4025
f 1258/5602/4026 857/5603/4027 858/5604/4028
f 1259/5605/4029 857/5606/4030 1258/5607/4031
f 1259/5608/4032 855/5609/4033 857/5610/4034
f 1260/5611/4035 855/5612/4036 1259/5613/4037
f 1260/5614/4038 856/5615/4039 855/5616/4040
f 1261/5617/4041 856/5618/4042 1260/5619/4043
f 1261/5620/4044 890/5621/4045 856/5622/4046
f 1262/5623/4047 890/5624/4048 1261/5625/4049
f 1263/5626/4050 1198/5627/4051 1199/5628/4052
f 1264/5629/4053 1198/5630/4054 1263/5631/4055
f 1264/5632/4056 1200/5633/4057 1198/5634/4058
f 1265/5635/4059 1200/5636/4060 1264/5637/4061
f 1265/5638/4062 1201/5639/4063 1200/5640/4064
f 1266/5641/4065 1201/5642/4066 1265/5643/4067
f 1266/5644/4068 1202/5645/4069 1201/5646/4070
f 1267/5647/4071 1202/5648/4072 1266/5649/4073
f 1267/5650/4074 1203/5651/4075 1202/5652/4076
f 1268/5653/4077 1203/5654/4078 1267/5655/4079
f 1268/5656/4080 1204/5657/4081 1203/5658/4082
f 1269/5659/4083 1204/5660/4084 1268/5661/4085
f 1269/5662/4086 1205/5663/4087 1204/5664/4088
f 1270/5665/4089 1205/5666/4090 1269/5667/4091
f 1270/5668/4092 1206/5669/4093 1205/5670/4094
f 1271/5671/4095 1206/5672/4096 1270/5673/4097
f 1271/5674/4098 1207/5675/4099 1206/5676/4100
f 1272/5677/4101 1207/5678/4102 1271/5679/4103
f 1272/5680/4104 1208/5681/4105 1207/5682/4106
f 1273/5683/4107 1208/5684/4108 1272/5685/4109
f 1273/5686/4110 1209/5687/4111 1208/5688/4112
f 1274/5689/4113 1209/5690/4114 1273/5691/4115
f 1274/5692/4116 1210/5693/4117 1209/5694/4118
f 1275/5695/4119 1210/5696/4120 1274/5697/4121
f 1275/5698/4122 1211/5699/4123 1210/5700/4124
f 1276/5701/4125 1211/5702/4126 1275/5703/4127
f 1276/5704/4128 1212/5705/4129 1211/5706/4130
f 1277/5707/4131 1212/5708/4132 1276/5709/4133
f 1277/5710/4134 1213/5711/4135 1212/5712/4136
f 1278/5713/4137 1213/5714/4138 1277/5715/4139
f 1278/5716/4140 1214/5717/4141 1213/5718/4142
f 1279/5719/4143 1214/5720/4144 1278/5721/4145
f 1279/5722/4146 1215/5723/4147 1214/5724/4148
f 1280/5725/4149 1215/5726/4150 1279/5727/4151
f 1280/5728/4152 1216/5729/4153 1215/5730/4154
f 1281/5731/4155 1216/5732/4156 1280/5733/4157
f 1281/5734/4158 1217/5735/4159 1216/5736/4160
f 1282/5737/4161 1217/5738/4162 1281/5739/4163
f 1282/5740/4164 1218/5741/4165 1217/5742/4166
f 1283/5743/4167 1218/5744/4168 1282/5745/4169
f 1283/5746/4170 1219/5747/4171 1218/5748/4172
f 1284/5749/4173 1219/5750/4174 1283/5751/4175
f 1284/5752/4176 1220/5753/4177 1219/5754/4178
f 1285/5755/4179 1220/5756/4180 1284/5757/4181
f 1285/5758/4182 1221/5759/4183 1220/5760/4184
f 1286/5761/4185 1221/5762/4186 1285/5763/4187
f 1286/5764/4188 1222/5765/4189 1221/5766/4190
f 1287/5767/4191 1222/5768/4192 1286/5769/4193
f 1287/5770/4194 1223/5771/4195 1222/5772/4196
f 1288/5773/4197 1223/5774/4198 1287/5775/4199
f 1288/5776/4200 1224/5777/4201 1223/5778/4202
f 1289/5779/4203 1224/5780/4204 1288/5781/4205
f 1289/5782/4206 1225/5783/4207 1224/5784/4208
f 1290/5785/4209 1225/5786/4210 1289/5787/4211
f 1290/5788/4212 1226/5789/4213 1225/5790/4214
f 1291/5791/4215 1226/5792/4216 1290/5793/4217
f 1291/5794/4218 1227/5795/4219 1226/5796/4220
f 1292/5797/4221 1227/5798/4222 1291/5799/4223
f 1292/5800/4224 1228/5801/4225 1227/5802/4226
f 1293/5803/4227 1228/5804/4228 1292/5805/4229
f 1293/5806/4230 1229/5807/4231 1228/5808/4232
f 1294/5809/4233 1229/5810/4234 1293/5811/4235
f 1294/5812/4236 1230/5813/4237 1229/5814/4238
f 1295/5815/4239 1230/5816/4237 1294/5817/4236
f 1295/5818/4240 1231/5819/4241 1230/5820/4242
f 1296/5821/4243 1231/5822/4244 1295/5823/4245
f 1296/5824/4246 1232/5825/4247 1231/5826/4248
f 1297/5827/4249 1232/5828/4250 1296/5829/4251
f 1297/5830/4252 1233/5831/4253 1232/5832/4254
f 1298/5833/4255 1233/5834/4256 1297/5835/4257
f 1298/5836/4258 1234/5837/4259 1233/5838/4260
f 1299/5839/4261 1234/5840/4262 1298/5841/4263
f 1299/5842/4264 1235/5843/4265 1234/5844/4266
f 1300/5845/4267 1235/5846/4268 1299/5847/4269
f 1300/5848/4270 1236/5849/4271 1235/5850/4272
f 1301/5851/4273 1236/5852/4274 1300/5853/4275
f 1301/5854/4276 1237/5855/4277 1236/5856/4278
f 1302/5857/4279 1237/5858/4280 1301/5859/4281
f 1302/5860/4282 1238/5861/4283 1237/5862/4284
f 1303/5863/4285 1238/5864/4286 1302/5865/4287
f 1303/5866/4288 1239/5867/4289 1238/5868/4290
f 1304/5869/4291 1239/5870/4292 1303/5871/4293
f 1304/5872/4294 1240/5873/4295 1239/5874/4296
f 1305/5875/4297 1240/5876/4298 1304/5877/4299
f 1305/5878/4300 1241/5879/4301 1240/5880/4302
f 1306/5881/4303 1241/5882/4304 1305/5883/4305
f 1306/5884/4306 1242/5885/4307 1241/5886/4308
f 1307/5887/4309 1242/5888/4310 1306/5889/4311
f 1307/5890/4312 1243/5891/4313 1242/5892/4314
f 1308/5893/4315 1243/5894/4316 1307/5895/4317
f 1308/5896/4318 1244/5897/4319 1243/5898/4320
f 1309/5899/4321 1244/5900/4322 1308/5901/4323
f 1309/5902/4324 1245/5903/4325 1244/5904/4326
f 1310/5905/4327 1245/5906/4328 1309/5907/4329
f 1310/5908/4330 1246/5909/4331 1245/5910/4332
f 1311/5911/4333 1246/5912/4334 1310/5913/4335
f 1311/5914/4336 1247/5915/4337 1246/5916/4338
f 1312/5917/4339 1247/5918/4340 1311/5919/4341
f 1312/5920/4342 1248/5921/4343 1247/5922/4344
f 1313/5923/4345 1248/5924/4346 1312/5925/4347
f 1313/5926/4348 1249/5927/4349 1248/5928/4350
f 1314/5929/4351 1249/5930/4352 1313/5931/4353
f 1314/5932/4354 1250/5933/4355 1249/5934/4356
f 1315/5935/4357 1250/5936/4358 1314/5937/4359
f 1315/5938/4360 1251/5939/4361 1250/5940/4362
f 1316/5941/4363 1251/5942/4364 1315/5943/4365
f 1316/5944/4366 1252/5945/4367 1251/5946/4368
f 1317/5947/4369 1252/5948/4370 1316/5949/4371
f 1317/5950/4372 1253/5951/4373 1252/5952/4374
f 1318/5953/4375 1253/5954/4376 1317/5955/4377
f 1318/5956/4378 1254/5957/4379 1253/5958/4380
f 1319/5959/4381 1254/5960/4382 1318/5961/4383
f 1319/5962/4384 1255/5963/4385 1254/5964/4386
f 1320/5965/4387 1255/5966/4388 1319/5967/4389
f 1320/5968/4390 1256/5969/4391 1255/5970/4392
f 1321/5971/4393 1256/5972/4394 1320/5973/4395
f 1321/5974/4396 1257/5975/4397 1256/5976/4398
f 1322/5977/4399 1257/5978/4400 1321/5979/4401
f 1322/5980/4402 1258/5981/4403 1257/5982/4404
f 1323/5983/4405 1258/5984/4406 1322/5985/4407
f 1323/5986/4408 1259/5987/4409 1258/5988/4410
f 1324/5989/4411 1259/5990/4412 1323/5991/4413
f 1324/5992/4414 1260/5993/4415 1259/5994/4416
f 1325/5995/4417 1260/5996/4418 1324/5997/4419
f 1325/5998/4420 1261/5999/4421 1260/6000/4422
f 1326/6001/4423 1261/6002/4424 1325/6003/4425
f 1326/6004/4426 1262/6005/4427 1261/6006/4428
f 1327/6007/4429 1262/6008/4430 1326/6009/4431
f 1328/6010/4432 1264/6011/4433 1263/6012/4434
f 1329/6013/4435 1264/6014/4436 1328/6015/4437
f 1329/6016/4438 1265/6017/4439 1264/6018/4440
f 1330/6019/4441 1265/6020/4442 1329/6021/4443
f 1330/6022/4444 1266/6023/4445 1265/6024/4446
f 1331/6025/4447 1266/6026/4448 1330/6027/4449
f 1331/6028/4450 1267/6029/4451 1266/6030/4452
f 1332/6031/4453 1267/6032/4454 1331/6033/4455
f 1332/6034/4456 1268/6035/4457 1267/6036/4458
f 1333/6037/4459 1268/6038/4460 1332/6039/4461
f 1333/6040/4462 1269/6041/4463 1268/6042/4464
f 1334/6043/4465 1269/6044/4466 1333/6045/4467
f 1334/6046/4468 1270/6047/4469 1269/6048/4470
f 1335/6049/4471 1270/6050/4472 1334/6051/4473
f 1335/6052/4474 1271/6053/4475 1270/6054/4476
f 1336/6055/4477 1271/6056/4478 1335/6057/4479
f 1336/6058/4480 1272/6059/4481 1271/6060/4482
f 1337/6061/4483 1272/6062/4484 1336/6063/4485
f 1337/6064/4486 1273/6065/4487 1272/6066/4488
f 1338/6067/4489 1273/6068/4490 1337/6069/4491
f 1338/6070/4492 1274/6071/4493 1273/6072/4494
f 1339/6073/4495 1274/6074/4496 1338/6075/4497
f 1339/6076/4498 1275/6077/4499 1274/6078/4500
f 1340/6079/4501 1275/6080/4502 1339/6081/4503
f 1340/6082/4504 1276/6083/4505 1275/6084/4506
f 1341/6085/4507 1276/6086/4508 1340/6087/4509
f 1341/6088/4510 1277/6089/4511 1276/6090/4512
f 1342/6091/4513 1277/6092/4514 1341/6093/4515
f 1342/6094/4516 1278/6095/4517 1277/6096/4518
f 1343/6097/4519 1278/6098/4520 1342/6099/4521
f 1343/6100/4522 1279/6101/4523 1278/6102/4524
f 1344/6103/4525 1279/6104/4526 1343/6105/4527
f 1344/6106/4528 1280/6107/4529 1279/6108/4530
f 1345/6109/4531 1280/6110/4532 1344/6111/4533
f 1345/6112/4534 1281/6113/4535 1280/6114/4536
f 1346/6115/4537 1281/6116/4538 1345/6117/4539
f 1346/6118/4540 1282/6119/4541 1281/6120/4542
f 1347/6121/4543 1282/6122/4544 1346/6123/4545
f 1347/6124/4546 1283/6125/4547 1282/6126/4548
f 1348/6127/4549 1283/6128/4550 1347/6129/4551
f 1348/6130/4552 1284/6131/4553 1283/6132/4554
f 1349/6133/4555 1284/6134/4556 1348/6135/4557
f 1349/6136/4558 1285/6137/4559 1284/6138/4560
f 1350/6139/4561 1285/6140/4562 1349/6141/4563
f 1350/6142/4564 1286/6143/4565 1285/6144/4566
f 1351/6145/4567 1286/6146/4568 1350/6147/4569
f 1351/6148/4570 1287/6149/4571 1286/6150/4572
f 1352/6151/4573 1287/6152/4574 1351/6153/4575
f 1352/6154/4576 1288/6155/4577 1287/6156/4578
f 1353/6157/4579 1288/6158/4580 1352/6159/4581
f 1353/6160/4582 1289/6161/4583 1288/6162/4584
f 1354/6163/4585 1289/6164/4586 1353/6165/4587
f 1354/6166/4588 1290/6167/4589 1289/6168/4590
f 1355/6169/4591 1290/6170/4592 1354/6171/4593
f 1355/6172/4594 1291/6173/4595 1290/6174/4596
f 1356/6175/4597 1291/6176/4598 1355/6177/4599
f 1356/6178/4600 1292/6179/4601 1291/6180/4602
f 1357/6181/4603 1292/6182/4604 1356/6183/4605
f 1357/6184/4606 1293/6185/4607 1292/6186/4608
f 1358/6187/4609 1293/6188/4610 1357/6189/4611
f 1358/6190/4612 1294/6191/4613 1293/6192/4614
f 1359/6193/4615 1294/6194/4616 1358/6195/4617
f 1359/6196/4618 1295/6197/4619 1294/6198/4620
f 1360/6199/4621 1295/6200/4619 1359/6201/4618
f 1360/6202/4622 1296/6203/4623 1295/6204/4624
f 1361/6205/4625 1296/6206/4626 1360/6207/4627
f 1361/6208/4628 1297/6209/4629 1296/6210/4630
f 1362/6211/4631 1297/6212/4632 1361/6213/4633
f 1362/6214/4634 1298/6215/4635 1297/6216/4636
f 1363/6217/4637 1298/6218/4638 1362/6219/4639
f 1363/6220/4640 1299/6221/4641 1298/6222/4642
f 1364/6223/4643 1299/6224/4644 1363/6225/4645
f 1364/6226/4646 1300/6227/4647 1299/6228/4648
f 1365/6229/4649 1300/6230/4650 1364/6231/4651
f 1365/6232/4652 1301/6233/4653 1300/6234/4654
f 1366/6235/4655 1301/6236/4656 1365/6237/4657
f 1366/6238/4658 1302/6239/4659 1301/6240/4660
f 1367/6241/4661 1302/6242/4662 1366/6243/4663
f 1367/6244/4664 1303/6245/4665 1302/6246/4666
f 1368/6247/4667 1303/6248/4668 1367/6249/4669
f 1368/6250/4670 1304/6251/4671 1303/6252/4672
f 1369/6253/4673 1304/6254/4674 1368/6255/4675
f 1369/6256/4676 1305/6257/4677 1304/6258/4678
f 1370/6259/4679 1305/6260/4680 1369/6261/4681
f 1370/6262/4682 1306/6263/4683 1305/6264/4684
f 1371/6265/4685 1306/6266/4686 1370/6267/4687
f 1371/6268/4688 1307/6269/4689 1306/6270/4690
f 1372/6271/4691 1307/6272/4692 1371/6273/4693
f 1372/6274/4694 1308/6275/4695 1307/6276/4696
f 1373/6277/4697 1308/6278/4698 1372/6279/4699
f 1373/6280/4700 1309/6281/4701 1308/6282/4702
f 1374/6283/4703 1309/6284/4704 1373/6285/4705
f 1374/6286/4706 1310/6287/4707 1309/6288/4708
f 1375/6289/4709 1310/6290/4710 1374/6291/4711
f 1375/6292/4712 1311/6293/4713 1310/6294/4714
f 1376/6295/4715 1311/6296/4716 1375/6297/4717
f 1376/6298/4718 1312/6299/4719 1311/6300/4720
f 1377/6301/4721 1312/6302/4722 1376/6303/4723
f 1377/6304/4724 1313/6305/4725 1312/6306/4726
f 1378/6307/4727 1313/6308/4728 1377/6309/4729
f 1378/6310/4730 1314/6311/4731 1313/6312/4732
f 1379/6313/4733 1314/6314/4734 1378/6315/4735
f 1379/6316/4736 1315/6317/4737 1314/6318/4738
f 1380/6319/4739 1315/6320/4740 1379/6321/4741
f 1380/6322/4742 1316/6323/4743 1315/6324/4744
f 1381/6325/4745 1316/6326/4746 1380/6327/4747
f 1381/6328/4748 1317/6329/4749 1316/6330/4750
f 1382/6331/4751 1317/6332/4752 1381/6333/4753
f 1382/6334/4754 1318/6335/4755 1317/6336/4756
f 1383/6337/4757 1318/6338/4758 1382/6339/4759
f 1383/6340/4760 1319/6341/4761 1318/6342/4762
f 1384/6343/4763 1319/6344/4764 1383/6345/4765
f 1384/6346/4766 1320/6347/4767 1319/6348/4768
f 1385/6349/4769 1320/6350/4770 1384/6351/4771
f 1385/6352/4772 1321/6353/4773 1320/6354/4774
f 1386/6355/4775 1321/6356/4776 1385/6357/4777
f 1386/6358/4778 1322/6359/4779 1321/6360/4780
f 1387/6361/4781 1322/6362/4782 1386/6363/4783
f 1387/6364/4784 1323/6365/4785 1322/6366/4786
f 1388/6367/4787 1323/6368/4788 1387/6369/4789
f 1388/6370/4790 1324/6371/4791 1323/6372/4792
f 1389/6373/4793 1324/6374/4794 1388/6375/4795
f 1389/6376/4796 1325/6377/4797 1324/6378/4798
f 1390/6379/4799 1325/6380/4800 1389/6381/4801
f 1390/6382/4802 1326/6383/4803 1325/6384/4804
f 1391/6385/4805 1326/6386/4806 1390/6387/4807
f 1391/6388/4808 1327/6389/4809 1326/6390/4810
f 1392/6391/4811 1327/6392/4812 1391/6393/4813
f 1393/6394/4814 1329/6395/4815 1328/6396/4816
f 1394/6397/4817 1329/6398/4818 1393/6399/4819
f 1394/6400/4820 1330/6401/4821 1329/6402/4822
f 1395/6403/4823 1330/6404/4824 1394/6405/4825
f 1395/6406/4826 1331/6407/4827 1330/6408/4828
f 1396/6409/4829 1331/6410/4830 1395/6411/4831
f 1396/6412/4832 1332/6413/4833 1331/6414/4834
f 1397/6415/4835 1332/6416/4836 1396/6417/4837
f 1397/6418/4838 1333/6419/4839 1332/6420/4840
f 1398/6421/4841 1333/6422/4842 1397/6423/4843
f 1398/6424/4844 1334/6425/4845 1333/6426/4846
f 1399/6427/4847 1334/6428/4848 1398/6429/4849
f 1399/6430/4850 1335/6431/4851 1334/6432/4852
f 1400/6433/4853 1335/6434/4854 1399/6435/4855
f 1400/6436/4856 1336/6437/4857 1335/6438/4858
f 1401/6439/4859 1336/6440/4860 1400/6441/4861
f 1401/6442/4862 1337/6443/4863 1336/6444/4864
f 1402/6445/4865 1337/6446/4866 1401/6447/4867
f 1402/6448/4868 1338/6449/4869 1337/6450/4870
f 1403/6451/4871 1338/6452/4872 1402/6453/4873
f 1403/6454/4874 1339/6455/4875 1338/6456/4876
f 1404/6457/4877 1339/6458/4878 1403/6459/4879
f 1404/6460/4880 1340/6461/4881 1339/6462/4882
f 1405/6463/4883 1340/6464/4884 1404/6465/4885
f 1405/6466/4886 1341/6467/4887 1340/6468/4888
f 1406/6469/4889 1341/6470/4890 1405/6471/4891
f 1406/6472/4892 1342/6473/4893 1341/6474/4894
f 1407/6475/4895 1342/6476/4896 1406/6477/4897
f 1407/6478/4898 1343/6479/4899 1342/6480/4900
f 1408/6481/4901 1343/6482/4902 1407/6483/4903
f 1408/6484/4904 1344/6485/4905 1343/6486/4906
f 1409/6487/4907 1344/6488/4908 1408/6489/4909
f 1409/6490/4910 1345/6491/4911 1344/6492/4912
f 1410/6493/4913 1345/6494/4914 1409/6495/4915
f 1410/6496/4916 1346/6497/4917 1345/6498/4918
f 1411/6499/4919 1346/6500/4920 1410/6501/4921
f 1411/6502/4922 1347/6503/4923 1346/6504/4924
f 1412/6505/4925 1347/6506/4926 1411/6507/4927
f 1412/6508/4928 1348/6509/4929 1347/6510/4930
f 1413/6511/4931 1348/6512/4932 1412/6513/4933
f 1413/6514/4934 1349/6515/4935 1348/6516/4936
f 1414/6517/4937 1349/6518/4938 1413/6519/4939
f 1414/6520/4940 1350/6521/4941 1349/6522/4942
f 1415/6523/4943 1350/6524/4944 1414/6525/4945
f 1415/6526/4946 1351/6527/4947 1350/6528/4948
f 1416/6529/4949 1351/6530/4950 1415/6531/4951
f 1416/6532/4952 1352/6533/4953 1351/6534/4954
f 1417/6535/4955 1352/6536/4956 1416/6537/4957
f 1417/6538/4958 1353/6539/4959 1352/6540/4960
f 1418/6541/4961 1353/6542/4962 1417/6543/4963
f 1418/6544/4964 1354/6545/4965 1353/6546/4966
f 1419/6547/4967 1354/6548/4968 1418/6549/4969
f 1419/6550/4970 1355/6551/4971 1354/6552/4972
f 1420/6553/4973 1355/6554/4974 1419/6555/4975
f 1420/6556/4976 1356/6557/4977 1355/6558/4978
f 1421/6559/4979 1356/6560/4980 1420/6561/4981
f 1421/6562/4982 1357/6563/4983 1356/6564/4984
f 1422/6565/4985 1357/6566/4986 1421/6567/4987
f 1422/6568/4988 1358/6569/4989 1357/6570/4990
f 1423/6571/4991 1358/6572/4992 1422/6573/4993
f 1423/6574/4994 1359/6575/4995 1358/6576/4996
f 1424/6577/4997 1359/6578/4998 1423/6579/4999
f 1424/6580/5000 1360/6581/5001 1359/6582/5002
f 1425/6583/5003 1360/6584/5001 1424/6585/5000
f 1425/6586/5004 1361/6587/5005 1360/6588/5006
f 1426/6589/5007 1361/6590/5008 1425/6591/5009
f 1426/6592/5010 1362/6593/5011 1361/6594/5012
f 1427/6595/5013 1362/6596/5014 1426/6597/5015
f 1427/6598/5016 1363/6599/5017 1362/6600/5018
f 1428/6601/5019 1363/6602/5020 1427/6603/5021
f 1428/6604/5022 1364/6605/5023 1363/6606/5024
f 1429/6607/5025 1364/6608/5026 1428/6609/5027
f 1429/6610/5028 1365/6611/5029 1364/6612/5030
f 1430/6613/5031 1365/6614/5032 1429/6615/5033
f 1430/6616/5034 1366/6617/5035 1365/6618/5036
f 1431/6619/5037 1366/6620/5038 1430/6621/5039
f 1431/6622/5040 1367/6623/5041 1366/6624/5042
f 1432/6625/5043 1367/6626/5044 1431/6627/5045
f 1432/6628/5046 1368/6629/5047 1367/6630/5048
f 1433/6631/5049 1368/6632/5050 1432/6633/5051
f 1433/6634/5052 1369/6635/5053 1368/6636/5054
f 1434/6637/5055 1369/6638/5056 1433/6639/5057
f 1434/6640/5058 1370/6641/5059 1369/6642/5060
f 1435/6643/5061 1370/6644/5062 1434/6645/5063
f 1435/6646/5064 1371/6647/5065 1370/6648/5066
f 1436/6649/5067 1371/6650/5068 1435/6651/5069
f 1436/6652/5070 1372/6653/5071 1371/6654/5072
f 1437/6655/5073 1372/6656/5074 1436/6657/5075
f 1437/6658/5076 1373/6659/5077 1372/6660/5078
f 1438/6661/5079 1373/6662/5080 1437/6663/5081
f 1438/6664/5082 1374/6665/5083 1373/6666/5084
f 1439/6667/5085 1374/6668/5086 1438/6669/5087
f 1439/6670/5088 1375/6671/5089 1374/6672/5090
f 1440/6673/5091 1375/6674/5092 1439/6675/5093
f 1440/6676/5094 1376/6677/5095 1375/6678/5096
f 1441/6679/5097 1376/6680/5098 1440/6681/5099
f 1441/6682/5100 1377/6683/5101 1376/6684/5102
f 1442/6685/5103 1377/6686/5104 1441/6687/5105
f 1442/6688/5106 1378/6689/5107 1377/6690/5108
f 1443/6691/5109 1378/6692/5110 1442/6693/5111
f 1443/6694/5112 1379/6695/5113 1378/6696/5114
f 1444/6697/5115 1379/6698/5116 1443/6699/5117
f 1444/6700/5118 1380/6701/5119 1379/6702/5120
f 1445/6703/5121 1380/6704/5122 1444/6705/5123
f 1445/6706/5124 1381/6707/5125 1380/6708/5126
f 1446/6709/5127 1381/6710/5128 1445/6711/5129
f 1446/6712/5130 1382/6713/5131 1381/6714/5132
f 1447/6715/5133 1382/6716/5134 1446/6717/5135
f 1447/6718/5136 1383/6719/5137 1382/6720/5138
f 1448/6721/5139 1383/6722/5140 1447/6723/5141
f 1448/6724/5142 1384/6725/5143 1383/6726/5144
f 1449/6727/5145 1384/6728/5146 1448/6729/5147
f 1449/6730/5148 1385/6731/5149 1384/6732/5150
f 1450/6733/5151 1385/6734/5152 1449/6735/5153
f 1450/6736/5154 1386/6737/5155 1385/6738/5156
f 1451/6739/5157 1386/6740/5158 1450/6741/5159
f 1451/6742/5160 1387/6743/5161 1386/6744/5162
f 1452/6745/5163 1387/6746/5164 1451/6747/5165
f 1452/6748/5166 1388/6749/5167 1387/6750/5168
f 1453/6751/5169 1388/6752/5170 1452/6753/5171
f 1453/6754/5172 1389/6755/5173 1388/6756/5174
f 1454/6757/5175 1389/6758/5176 1453/6759/5177
f 1454/6760/5178 1390/6761/5179 1389/6762/5180
f 1455/6763/5181 1390/6764/5182 1454/6765/5183
f 1455/6766/5184 1391/6767/5185 1390/6768/5186
f 1456/6769/5187 1391/6770/5188 1455/6771/5189
f 1456/6772/5190 1392/6773/5191 1391/6774/5192
f 1457/6775/5193 1392/6776/5194 1456/6777/5195
f 1458/6778/5196 1394/6779/5197 1393/6780/5198
f 1459/6781/5199 1394/6782/5200 1458/6783/5201
f 1459/6784/5202 1395/6785/5203 1394/6786/5204
f 1460/6787/5205 1395/6788/5206 1459/6789/5207
f 1460/6790/5208 1396/6791/5209 1395/6792/5210
f 1461/6793/5211 1396/6794/5212 1460/6795/5213
f 1461/6796/5214 1397/6797/5215 1396/6798/5216
f 1462/6799/5217 1397/6800/5218 1461/6801/5219
f 1462/6802/5220 1398/6803/5221 1397/6804/5222
f 1463/6805/5223 1398/6806/5224 1462/6807/5225
f 1463/6808/5226 1399/6809/5227 1398/6810/5228
f 1464/6811/5229 1399/6812/5230 1463/6813/5231
f 1464/6814/5232 1400/6815/5233 1399/6816/5234
f 1465/6817/5235 1400/6818/5236 1464/6819/5237
f 1465/6820/5238 1401/6821/5239 1400/6822/5240
f 1466/6823/5241 1401/6824/5242 1465/6825/5243
f 1466/6826/5244 1402/6827/5245 1401/6828/5246
f 1467/6829/5247 1402/6830/5248 1466/6831/5249
f 1467/6832/5250 1403/6833/5251 1402/6834/5252
f 1468/6835/5253 1403/6836/5254 1467/6837/5255
f 1468/6838/5256 1404/6839/5257 1403/6840/5258
f 1469/6841/5259 1404/6842/5260 1468/6843/5261
f 1469/6844/5262 1405/6845/5263 1404/6846/5264
f 1470/6847/5265 1405/6848/5266 1469/6849/5267
f 1470/6850/5268 1406/6851/5269 1405/6852/5270
f 1471/6853/5271 1406/6854/5272 1470/6855/5273
f 1471/6856/5274 1407/6857/5275 1406/6858/5276
f 1472/6859/5277 1407/6860/5278 1471/6861/5279
f 1472/6862/5280 1408/6863/5281 1407/6864/5282
f 1473/6865/5283 1408/6866/5284 1472/6867/5285
f 1473/6868/5286 1409/6869/5287 1408/6870/5288
f 1474/6871/5289 1409/6872/5290 1473/6873/5291
f 1474/6874/5292 1410/6875/5293 1409/6876/5294
f 1475/6877/5295 1410/6878/5296 1474/6879/5297
f 1475/6880/5298 1411/6881/5299 1410/6882/5300
f 1476/6883/5301 1411/6884/5302 1475/6885/5303
f 1476/6886/5304 1412/6887/5305 1411/6888/5306
f 1477/6889/5307 1412/6890/5308 1476/6891/5309
f 1477/6892/5310 1413/6893/5311 1412/6894/5312
f 1478/6895/5313 1413/6896/5314 1477/6897/5315
f 1478/6898/5316 1414/6899/5317 1413/6900/5318
f 1479/6901/5319 1414/6902/5320 1478/6903/5321
f 1479/6904/5322 1415/6905/5323 1414/6906/5324
f 1480/6907/5325 1415/6908/5326 1479/6909/5327
f 1480/6910/5328 1416/6911/5329 1415/6912/5330
f 1481/6913/5331 1416/6914/5332 1480/6915/5333
f 1481/6916/5334 1417/6917/5335 1416/6918/5336
f 1482/6919/5337 1417/6920/5338 1481/6921/5339
f 1482/6922/5340 1418/6923/5341 1417/6924/5342
f 1483/6925/5343 1418/6926/5344 1482/6927/5345
f 1483/6928/5346 1419/6929/5347 1418/6930/5348
f 1484/6931/5349 1419/6932/5350 1483/6933/5351
f 1484/6934/5352 1420/6935/5353 1419/6936/5354
f 1485/6937/5355 1420/6938/5356 1484/6939/5357
f 1485/6940/5358 1421/6941/5359 1420/6942/5360
f 1486/6943/5361 1421/6944/5362 1485/6945/5363
f 1486/6946/5364 1422/6947/5365 1421/6948/5366
f 1487/6949/5367 1422/6950/5368 1486/6951/5369
f 1487/6952/5370 1423/6953/5371 1422/6954/5372
f 1488/6955/5373 1423/6956/5374 1487/6957/5375
f 1488/6958/5376 1424/6959/5377 1423/6960/5378
f 1489/6961/5379 1424/6962/5380 1488/6963/5381
f 1489/6964/5382 1425/6965/5383 1424/6966/5384
f 1490/6967/5385 1425/6968/5383 1489/6969/5382
f 1490/6970/5386 1426/6971/5387 1425/6972/5388
f 1491/6973/5389 1426/6974/5390 1490/6975/5391
f 1491/6976/5392 1427/6977/5393 1426/6978/5394
f 1492/6979/5395 1427/6980/5396 1491/6981/5397
f 1492/6982/5398 1428/6983/5399 1427/6984/5400
f 1493/6985/5401 1428/6986/5402 1492/6987/5403
f 1493/6988/5404 1429/6989/5405 1428/6990/5406
f 1494/6991/5407 1429/6992/5408 1493/6993/5409
f 1494/6994/5410 1430/6995/5411 1429/6996/5412
f 1495/6997/5413 1430/6998/5414 1494/6999/5415
f 1495/7000/5416 1431/7001/5417 1430/7002/5418
f 1496/7003/5419 1431/7004/5420 1495/7005/5421
f 1496/7006/5422 1432/7007/5423 1431/7008/5424
f 1497/7009/5425 1432/7010/5426 1496/7011/5427
f 1497/7012/5428 1433/7013/5429 1432/7014/5430
f 1498/7015/5431 1433/7016/5432 1497/7017/5433
f 1498/7018/5434 1434/7019/5435 1433/7020/5436
f 1499/7021/5437 1434/7022/5438 1498/7023/5439
f 1499/7024/5440 1435/7025/5441 1434/7026/5442
f 1500/7027/5443 1435/7028/5444 1499/7029/5445
f 1500/7030/5446 1436/7031/5447 1435/7032/5448
f 1501/7033/5449 1436/7034/5450 1500/7035/5451
f 1501/7036/5452 1437/7037/5453 1436/7038/5454
f 1502/7039/5455 1437/7040/5456 1501/7041/5457
f 1502/7042/5458 1438/7043/5459 1437/7044/5460
f 1503/7045/5461 1438/7046/5462 1502/7047/5463
f 1503/7048/5464 1439/7049/5465 1438/7050/5466
f 1504/7051/5467 1439/7052/5468 1503/7053/5469
f 1504/7054/5470 1440/7055/5471 1439/7056/5472
f 1505/7057/5473 1440/7058/5474 1504/7059/5475
f 1505/7060/5476 1441/7061/5477 1440/7062/5478
f 1506/7063/5479 1441/7064/5480 1505/7065/5481
f 1506/7066/5482 1442/7067/5483 1441/7068/5484
f 1507/7069/5485 1442/7070/5486 1506/7071/5487
f 1507/7072/5488 1443/7073/5489 1442/7074/5490
f 1508/7075/5491 1443/7076/5492 1507/7077/5493
f 1508/7078/5494 1444/7079/5495 1443/7080/5496
f 1509/7081/5497 1444/7082/5498 1508/7083/5499
f 1509/7084/5500 1445/7085/5501 1444/7086/5502
f 1510/7087/5503 1445/7088/5504 1509/7089/5505
f 1510/7090/5506 1446/7091/5507 1445/7092/5508
f 1511/7093/5509 1446/7094/5510 1510/7095/5511
f 1511/7096/5512 1447/7097/5513 1446/7098/5514
f 1512/7099/5515 1447/7100/5516 1511/7101/5517
f 1512/7102/5518 1448/7103/5519 1447/7104/5520
f 1513/7105/5521 1448/7106/5522 1512/7107/5523
f 1513/7108/5524 1449/7109/5525 1448/7110/5526
f 1514/7111/5527 1449/7112/5528 1513/7113/5529
f 1514/7114/5530 1450/7115/5531 1449/7116/5532
f 1515/7117/5533 1450/7118/5534 1514/7119/5535
f 1515/7120/5536 1451/7121/5537 1450/7122/5538
f 1516/7123/5539 1451/7124/5540 1515/7125/5541
f 1516/7126/5542 1452/7127/5543 1451/7128/5544
f 1517/7129/5545 1452/7130/5546 1516/7131/5547
f 1517/7132/5548 1453/7133/5549 1452/7134/5550
f 1518/7135/5551 1453/7136/5552 1517/7137/5553
f 1518/7138/5554 1454/7139/5555 1453/7140/5556
f 1519/7141/5557 1454/7142/5558 1518/7143/5559
f 1519/7144/5560 1455/7145/5561 1454/7146/5562
f 1520/7147/5563 1455/7148/5564 1519/7149/5565
f 1520/7150/5566 1456/7151/5567 1455/7152/5568
f 1521/7153/5569 1456/7154/5570 1520/7155/5571
f 1521/7156/5572 1457/7157/5573 1456/7158/5574
f 1522/7159/5575 1457/7160/5576 1521/7161/5577
f 1523/7162/5578 1459/7163/5579 1458/7164/5580
f 1524/7165/5581 1459/7166/5582 1523/7167/5583
f 1524/7168/5584 1460/7169/5585 1459/7170/5586
f 1525/7171/5587 1460/7172/5588 1524/7173/5589
f 1525/7174/5590 1461/7175/5591 1460/7176/5592
f 1526/7177/5593 1461/7178/5594 1525/7179/5595
f 1526/7180/5596 1462/7181/5597 1461/7182/5598
f 1527/7183/5599 1462/7184/5600 1526/7185/5601
f 1527/7186/5602 1463/7187/5603 1462/7188/5604
f 1528/7189/5605 1463/7190/5606 1527/7191/5607
f 1528/7192/5608 1464/7193/5609 1463/7194/5610
f 1529/7195/5611 1464/7196/5612 1528/7197/5613
f 1529/7198/5614 1465/7199/5615 1464/7200/5616
f 1530/7201/5617 1465/7202/5618 1529/7203/5619
f 1530/7204/5620 1466/7205/5621 1465/7206/5622
f 1531/7207/5623 1466/7208/5624 1530/7209/5625
f 1531/7210/5626 1467/7211/5627 1466/7212/5628
f 1532/7213/5629 1467/7214/5630 1531/7215/5631
f 1532/7216/5632 1468/7217/5633 1467/7218/5634
f 1533/7219/5635 1468/7220/5636 1532/7221/5637
f 1533/7222/5638 1469/7223/5639 1468/7224/5640
f 1534/7225/5641 1469/7226/5642 1533/7227/5643
f 1534/7228/5644 1470/7229/5645 1469/7230/5646
f 1535/7231/5647 1470/7232/5648 1534/7233/5649
f 1535/7234/5650 1471/7235/5651 1470/7236/5652
f 1536/7237/5653 1471/7238/5654 1535/7239/5655
f 1536/7240/5656 1472/7241/5657 1471/7242/5658
f 1537/7243/5659 1472/7244/5660 1536/7245/5661
f 1537/7246/5662 1473/7247/5663 1472/7248/5664
f 1538/7249/5665 1473/7250/5666 1537/7251/5667
f 1538/7252/5668 1474/7253/5669 1473/7254/5670
f 1539/7255/5671 1474/7256/5672 1538/7257/5673
f 1539/7258/5674 1475/7259/5675 1474/7260/5676
f 1540/7261/5677 1475/7262/5678 1539/7263/5679
f 1540/7264/5680 1476/7265/5681 1475/7266/5682
f 1541/7267/5683 1476/7268/5684 1540/7269/5685
f 1541/7270/5686 1477/7271/5687 1476/7272/5688
f 1542/7273/5689 1477/7274/5690 1541/7275/5691
f 1542/7276/5692 1478/7277/5693 1477/7278/5694
f 1543/7279/5695 1478/7280/5696 1542/7281/5697
f 1543/7282/5698 1479/7283/5699 1478/7284/5700
f 1544/7285/5701 1479/7286/5702 1543/7287/5703
f 1544/7288/5704 1480/7289/5705 1479/7290/5706
f 1545/7291/5707 1480/7292/5708 1544/7293/5709
f 1545/7294/5710 1481/7295/5711 1480/7296/5712
f 1546/7297/5713 1481/7298/5714 1545/7299/5715
f 1546/7300/5716 1482/7301/5717 1481/7302/5718
f 1547/7303/5719 1482/7304/5720 1546/7305/5721
f 1547/7306/5722 1483/7307/5723 1482/7308/5724
f 1548/7309/5725 1483/7310/5726 1547/7311/5727
f 1548/7312/5728 1484/7313/5729 1483/7314/5730
f 1549/7315/5731 1484/7316/5732 1548/7317/5733
f 1549/7318/5734 1485/7319/5735 1484/7320/5736
f 1550/7321/5737 1485/7322/5738 1549/7323/5739
f 1550/7324/5740 1486/7325/5741 1485/7326/5742
f 1551/7327/5743 1486/7328/5744 1550/7329/5745
f 1551/7330/5746 1487/7331/5747 1486/7332/5748
f 1552/7333/5749 1487/7334/5750 1551/7335/5751
f 1552/7336/5752 1488/7337/5753 1487/7338/5754
f 1553/7339/5755 1488/7340/5756 1552/7341/5757
f 1553/7342/5758 1489/7343/5759 1488/7344/5760
f 1554/7345/5761 1489/7346/5762 1553/7347/5763
f 1554/7348/5764 1490/7349/5765 1489/7350/5766
f 1555/7351/5767 1490/7352/5765 1554/7353/5764
f 1555/7354/5768 1491/7355/5769 1490/7356/5770
f 1556/7357/5771 1491/7358/5772 1555/7359/5773
f 1556/7360/5774 1492/7361/5775 1491/7362/5776
f 1557/7363/5777 1492/7364/5778 1556/7365/5779
f 1557/7366/5780 1493/7367/5781 1492/7368/5782
f 1558/7369/5783 1493/7370/5784 1557/7371/5785
f 1558/7372/5786 1494/7373/5787 1493/7374/5788
f 1559/7375/5789 1494/7376/5790 1558/7377/5791
f 1559/7378/5792 1495/7379/5793 1494/7380/5794
f 1560/7381/5795 1495/7382/5796 1559/7383/5797
f 1560/7384/5798 1496/7385/5799 1495/7386/5800
f 1561/7387/5801 1496/7388/5802 1560/7389/5803
f 1561/7390/5804 1497/7391/5805 1496/7392/5806
f 1562/7393/5807 1497/7394/5808 1561/7395/5809
f 1562/7396/5810 1498/7397/5811 1497/7398/5812
f 1563/7399/5813 1498/7400/5814 1562/7401/5815
f 1563/7402/5816 1499/7403/5817 1498/7404/5818
f 1564/7405/5819 1499/7406/5820 1563/7407/5821
f 1564/7408/5822 1500/7409/5823 1499/7410/5824
f 1565/7411/5825 1500/7412/5826 1564/7413/5827
f 1565/7414/5828 1501/7415/5829 1500/7416/5830
f 1566/7417/5831 1501/7418/5832 1565/7419/5833
f 1566/7420/5834 1502/7421/5835 1501/7422/5836
f 1567/7423/5837 1502/7424/5838 1566/7425/5839
f 1567/7426/5840 1503/7427/5841 1502/7428/5842
f 1568/7429/5843 1503/7430/5844 1567/7431/5845
f 1568/7432/5846 1504/7433/5847 1503/7434/5848
f 1569/7435/5849 1504/7436/5850 1568/7437/5851
f 1569/7438/5852 1505/7439/5853 1504/7440/5854
f 1570/7441/5855 1505/7442/5856 1569/7443/5857
f 1570/7444/5858 1506/7445/5859 1505/7446/5860
f 1571/7447/5861 1506/7448/5862 1570/7449/5863
f 1571/7450/5864 1507/7451/5865 1506/7452/5866
f 1572/7453/5867 1507/7454/5868 1571/7455/5869
f 1572/7456/5870 1508/7457/5871 1507/7458/5872
f 1573/7459/5873 1508/7460/5874 1572/7461/5875
f 1573/7462/5876 1509/7463/5877 1508/7464/5878
f 1574/7465/5879 1509/7466/5880 1573/7467/5881
f 1574/7468/5882 1510/7469/5883 1509/7470/5884
f 1575/7471/5885 1510/7472/5886 1574/7473/5887
f 1575/7474/5888 1511/7475/5889 1510/7476/5890
f 1576/7477/5891 1511/7478/5892 1575/7479/5893
f 1576/7480/5894 1512/7481/5895 1511/7482/5896
f 1577/7483/5897 1512/7484/5898 1576/7485/5899
f 1577/7486/5900 1513/7487/5901 1512/7488/5902
f 1578/7489/5903 1513/7490/5904 1577/7491/5905
f 1578/7492/5906 1514/7493/5907 1513/7494/5908
f 1579/7495/5909 1514/7496/5910 1578/7497/5911
f 1579/7498/5912 1515/7499/5913 1514/7500/5914
f 1580/7501/5915 1515/7502/5916 1579/7503/5917
f 1580/7504/5918 1516/7505/5919 1515/7506/5920
f 1581/7507/5921 1516/7508/5922 1580/7509/5923
f 1581/7510/5924 1517/7511/5925 1516/7512/5926
f 1582/7513/5927 1517/7514/5928 1581/7515/5929
f 1582/7516/5930 1518/7517/5931 1517/7518/5932
f 1583/7519/5933 1518/7520/5934 1582/7521/5935
f 1583/7522/5936 1519/7523/5937 1518/7524/5938
f 1584/7525/5939 1519/7526/5940 1583/7527/5941
f 1584/7528/5942 1520/7529/5943 1519/7530/5944
f 1585/7531/5945 1520/7532/5946 1584/7533/5947
f 1585/7534/5948 1521/7535/5949 1520/7536/5950
f 1586/7537/5951 1521/7538/5952 1585/7539/5953
f 1586/7540/5954 1522/7541/5955 1521/7542/5956
f 1587/7543/5957 1522/7544/5958 1586/7545/5959
f 1587/7546/5960 503/7547/5961 504/7548/5962
f 1586/7549/5963 503/7550/5964 1587/7551/5965
f 1586/7552/5966 502/7553/5967 503/7554/5968
f 1585/7555/5969 502/7556/5970 1586/7557/5971
f 1585/7558/5972 501/7559/5973 502/7560/5974
f 1584/7561/5975 501/7562/5976 1585/7563/5977
f 1584/7564/5978 500/7565/5979 501/7566/5980
f 1583/7567/5981 500/7568/5982 1584/7569/5983
f 1583/7570/5984 499/7571/5985 500/7572/5986
f 1582/7573/5987 499/7574/5988 1583/7575/5989
f 1582/7576/5990 498/7577/5991 499/7578/5992
f 1581/7579/5993 498/7580/5994 1582/7581/5995
f 1581/7582/5996 497/7583/5997 498/7584/5998
f 1580/7585/5999 497/7586/6000 1581/7587/6001
f 1580/7588/6002 496/7589/6003 497/7590/6004
f 1579/7591/6005 496/7592/6006 1580/7593/6007
f 1579/7594/6008 495/7595/6009 496/7596/6010
f 1578/7597/6011 495/7598/6012 1579/7599/6013
f 1578/7600/6014 494/7601/6015 495/7602/6016
f 1577/7603/6017 494/7604/6018 1578/7605/6019
f 1577/7606/6020 493/7607/6021 494/7608/6022
f 1576/7609/6023 493/7610/6024 1577/7611/6025
f 1576/7612/6026 492/7613/6027 493/7614/6028
f 1575/7615/6029 492/7616/6030 1576/7617/6031
f 1575/7618/6032 491/7619/6033 492/7620/6034
f 1574/7621/6035 491/7622/6036 1575/7623/6037
f 1574/7624/6038 490/7625/6039 491/7626/6040
f 1573/7627/6041 490/7628/6042 1574/7629/6043
f 1573/7630/6044 489/7631/6045 490/7632/6046
f 1572/7633/6047 489/7634/6048 1573/7635/6049
f 1572/7636/6050 488/7637/6051 489/7638/6052
f 1571/7639/6053 488/7640/6054 1572/7641/6055
f 1571/7642/6056 487/7643/6057 488/7644/6058
f 1570/7645/6059 487/7646/6060 1571/7647/6061
f 1570/7648/6062 486/7649/6063 487/7650/6064
f 1569/7651/6065 486/7652/6066 1570/7653/6067
f 1569/7654/6068 485/7655/6069 486/7656/6070
f 1568/7657/6071 485/7658/6072 1569/7659/6073
f 1568/7660/6074 484/7661/6075 485/7662/6076
f 1567/7663/6077 484/7664/6078 1568/7665/6079
f 1567/7666/6080 483/7667/6081 484/7668/6082
f 1566/7669/6083 483/7670/6084 1567/7671/6085
f 1566/7672/6086 482/7673/6087 483/7674/6088
f 1565/7675/6089 482/7676/6090 1566/7677/6091
f 1565/7678/6092 481/7679/6093 482/7680/6094
f 1564/7681/6095 481/7682/6096 1565/7683/6097
f 1564/7684/6098 480/7685/6099 481/7686/6100
f 1563/7687/6101 480/7688/6102 1564/7689/6103
f 1563/7690/6104 479/7691/6105 480/7692/6106
f 1562/7693/6107 479/7694/6108 1563/7695/6109
f 1562/7696/6110 478/7697/6111 479/7698/6112
f 1561/7699/6113 478/7700/6114 1562/7701/6115
f 1561/7702/6116 477/7703/6117 478/7704/6118
f 1560/7705/6119 477/7706/6120 1561/7707/6121
f 1560/7708/6122 476/7709/6123 477/7710/6124
f 1559/7711/6125 476/7712/6126 1560/7713/6127
f 1559/7714/6128 475/7715/6129 476/7716/6130
f 1558/7717/6131 475/7718/6132 1559/7719/6133
f 1558/7720/6134 474/7721/6135 475/7722/6136
f 1557/7723/6137 474/7724/6138 1558/7725/6139
f 1557/7726/6140 473/7727/6141 474/7728/6142
f 1556/7729/6143 473/7730/6144 1557/7731/6145
f 1556/7732/6146 472/7733/6147 473/7734/6148
f 1555/7735/6149 472/7736/6150 1556/7737/6151
f 1555/7738/6152 471/7739/6153 472/7740/6154
f 1554/7741/6155 471/7742/6153 1555/7743/6152
f 1554/7744/6156 470/7745/6157 471/7746/6158
f 1553/7747/6159 470/7748/6160 1554/7749/6161
f 1553/7750/6162 469/7751/6163 470/7752/6164
f 1552/7753/6165 469/7754/6166 1553/7755/6167
f 1552/7756/6168 468/7757/6169 469/7758/6170
f 1551/7759/6171 468/7760/6172 1552/7761/6173
f 1551/7762/6174 467/7763/6175 468/7764/6176
f 1550/7765/6177 467/7766/6178 1551/7767/6179
f 1550/7768/6180 466/7769/6181 467/7770/6182
f 1549/7771/6183 466/7772/6184 1550/7773/6185
f 1549/7774/6186 465/7775/6187 466/7776/6188
f 1548/7777/6189 465/7778/6190 1549/7779/6191
f 1548/7780/6192 464/7781/6193 465/7782/6194
f 1547/7783/6195 464/7784/6196 1548/7785/6197
f 1547/7786/6198 463/7787/6199 464/7788/6200
f 1546/7789/6201 463/7790/6202 1547/7791/6203
f 1546/7792/6204 462/7793/6205 463/7794/6206
f 1545/7795/6207 462/7796/6208 1546/7797/6209
f 1545/7798/6210 461/7799/6211 462/7800/6212
f 1544/7801/6213 461/7802/6214 1545/7803/6215
f 1544/7804/6216 460/7805/6217 461/7806/6218
f 1543/7807/6219 460/7808/6220 1544/7809/6221
f 1543/7810/6222 459/7811/6223 460/7812/6224
f 1542/7813/6225 459/7814/6226 1543/7815/6227
f 1542/7816/6228 458/7817/6229 459/7818/6230
f 1541/7819/6231 458/7820/6232 1542/7821/6233
f 1541/7822/6234 457/7823/6235 458/7824/6236
f 1540/7825/6237 457/7826/6238 1541/7827/6239
f 1540/7828/6240 456/7829/6241 457/7830/6242
f 1539/7831/6243 456/7832/6244 1540/7833/6245
f 1539/7834/6246 455/7835/6247 456/7836/6248
f 1538/7837/6249 455/7838/6250 1539/7839/6251
f 1538/7840/6252 454/7841/6253 455/7842/6254
f 1537/7843/6255 454/7844/6256 1538/7845/6257
f 1537/7846/6258 453/7847/6259 454/7848/6260
f 1536/7849/6261 453/7850/6262 1537/7851/6263
f 1536/7852/6264 452/7853/6265 453/7854/6266
f 1535/7855/6267 452/7856/6268 1536/7857/6269
f 1535/7858/6270 451/7859/6271 452/7860/6272
f 1534/7861/6273 451/7862/6274 1535/7863/6275
f 1534/7864/6276 450/7865/6277 451/7866/6278
f 1533/7867/6279 450/7868/6280 1534/7869/6281
f 1533/7870/6282 449/7871/6283 450/7872/6284
f 1532/7873/6285 449/7874/6286 1533/7875/6287
f 1532/7876/6288 448/7877/6289 449/7878/6290
f 1531/7879/6291 448/7880/6292 1532/7881/6293
f 1531/7882/6294 447/7883/6295 448/7884/6296
f 1530/7885/6297 447/7886/6298 1531/7887/6299
f 1530/7888/6300 446/7889/6301 447/7890/6302
f 1529/7891/6303 446/7892/6304 1530/7893/6305
f 1529/7894/6306 445/7895/6307 446/7896/6308
f 1528/7897/6309 445/7898/6310 1529/7899/6311
f 1528/7900/6312 444/7901/6313 445/7902/6314
f 1527/7903/6315 444/7904/6316 1528/7905/6317
f 1527/7906/6318 443/7907/6319 444/7908/6320
f 1526/7909/6321 443/7910/6322 1527/7911/6323
f 1526/7912/6324 442/7913/6325 443/7914/6326
f 1525/7915/6327 442/7916/6328 1526/7917/6329
f 1525/7918/6330 441/7919/6331 442/7920/6332
f 1524/7921/6333 441/7922/6334 1525/7923/6335
f 1524/7924/6336 439/7925/6337 441/7926/6338
f 1523/7927/6339 439/7928/6340 1524/7929/6341
f 1523/7930/6342 440/7931/6343 439/7932/6344
f 1523/7933/6345 1184/7934/6346 440/7935/6347
f 1458/7936/6348 1184/7937/6349 1523/7938/6350
f 1458/7939/6351 1185/7940/6352 1184/7941/6353
f 1393/7942/6354 1185/7943/6355 1458/7944/6356
f 1393/7945/6357 1187/7946/6358 1185/7947/6359
f 1328/7948/6360 1187/7949/6361 1393/7950/6362
f 1328/7951/6363 1190/7952/6364 1187/7953/6365
f 1263/7954/6366 1190/7955/6367 1328/7956/6368
f 1263/7957/6369 1194/7958/6370 1190/7959/6371
f 1199/7960/6372 1194/7961/6373 1263/7962/6374
f 1199/7963/6375 1182/7964/6376 1194/7965/6377
f 1199/7966/6378 948/7967/6379 1182/7968/6380
f 949/7969/6381 948/7970/6382 1199/7971/6383
f 1588/7972/6384 963/7973/6385 1589/7974/6386
f 961/7975/6387 963/7976/6388 1588/7977/6389
f 1590/7978/6390 961/7979/6391 1588/7980/6392
f 958/7981/6393 961/7982/6394 1590/7983/6395
f 1591/7984/6396 958/7985/6397 1590/7986/6398
f 956/7987/6399 958/7988/6400 1591/7989/6401
f 1592/7990/6402 956/7991/6403 1591/7992/6404
f 1593/7993/6405 956/7994/6406 1592/7995/6407
f 1593/7996/6408 954/7997/6409 956/7998/6410
f 1594/7999/6411 954/8000/6412 1593/8001/6413
f 1594/8002/6414 953/8003/6415 954/8004/6416
f 1595/8005/6417 953/8006/6418 1594/8007/6419
f 1595/8008/6420 952/8009/6421 953/8010/6422
f 1596/8011/6423 952/8012/6424 1595/8013/6425
f 1596/8014/6426 504/8015/6427 952/8016/6428
f 1587/8017/6429 504/8018/6430 1596/8019/6431
f 1597/8020/6432 1588/8021/6433 1589/8022/6434
f 1598/8023/6435 1588/8024/6436 1597/8025/6437
f 1598/8026/6438 1590/8027/6439 1588/8028/6440
f 1599/8029/6441 1590/8030/6442 1598/8031/6443
f 1599/8032/6444 1591/8033/6445 1590/8034/6446
f 1600/8035/6447 1591/8036/6448 1599/8037/6449
f 1600/8038/6450 1592/8039/6451 1591/8040/6452
f 1601/8041/6453 1592/8042/6454 1600/8043/6455
f 1601/8044/6456 1593/8045/6457 1592/8046/6458
f 1602/8047/6459 1593/8048/6460 1601/8049/6461
f 1602/8050/6462 1594/8051/6463 1593/8052/6464
f 1603/8053/6465 1594/8054/6466 1602/8055/6467
f 1603/8056/6468 1595/8057/6469 1594/8058/6470
f 1604/8059/6471 1595/8060/6472 1603/8061/6473
f 1604/8062/6474 1596/8063/6475 1595/8064/6476
f 1605/8065/6477 1596/8066/6478 1604/8067/6479
f 1605/8068/6480 1587/8069/6481 1596/8070/6482
f 1522/8071/6483 1587/8072/6484 1605/8073/6485
f 1606/8074/6486 1598/8075/6487 1597/8076/6488
f 1607/8077/6489 1598/8078/6490 1606/8079/6491
f 1607/8080/6492 1599/8081/6493 1598/8082/6494
f 1608/8083/6495 1599/8084/6496 1607/8085/6497
f 1608/8086/6498 1600/8087/6499 1599/8088/6500
f 1609/8089/6501 1600/8090/6502 1608/8091/6503
f 1609/8092/6504 1601/8093/6505 1600/8094/6506
f 1610/8095/6507 1601/8096/6508 1609/8097/6509
f 1610/8098/6510 1602/8099/6511 1601/8100/6512
f 1611/8101/6513 1602/8102/6514 1610/8103/6515
f 1611/8104/6516 1603/8105/6517 1602/8106/6518
f 1612/8107/6519 1603/8108/6520 1611/8109/6521
f 1612/8110/6522 1604/8111/6523 1603/8112/6524
f 1613/8113/6525 1604/8114/6526 1612/8115/6527
f 1613/8116/6528 1605/8117/6529 1604/8118/6530
f 1614/8119/6531 1605/8120/6532 1613/8121/6533
f 1614/8122/6534 1522/8123/6535 1605/8124/6536
f 1457/8125/6537 1522/8126/6538 1614/8127/6539
f 1615/8128/6540 1607/8129/6541 1606/8130/6542
f 1616/8131/6543 1607/8132/6544 1615/8133/6545
f 1616/8134/6546 1608/8135/6547 1607/8136/6548
f 1617/8137/6549 1608/8138/6550 1616/8139/6551
f 1617/8140/6552 1609/8141/6553 1608/8142/6554
f 1618/8143/6555 1609/8144/6556 1617/8145/6557
f 1618/8146/6558 1610/8147/6559 1609/8148/6560
f 1619/8149/6561 1610/8150/6562 1618/8151/6563
f 1619/8152/6564 1611/8153/6565 1610/8154/6566
f 1620/8155/6567 1611/8156/6568 1619/8157/6569
f 1620/8158/6570 1612/8159/6571 1611/8160/6572
f 1621/8161/6573 1612/8162/6574 1620/8163/6575
f 1621/8164/6576 1613/8165/6577 1612/8166/6578
f 1622/8167/6579 1613/8168/6580 1621/8169/6581
f 1622/8170/6582 1614/8171/6583 1613/8172/6584
f 1623/8173/6585 1614/8174/6586 1622/8175/6587
f 1623/8176/6588 1457/8177/6589 1614/8178/6590
f 1392/8179/6591 1457/8180/6592 1623/8181/6593
f 1624/8182/6594 1616/8183/6595 1615/8184/6596
f 1625/8185/6597 1616/8186/6598 1624/8187/6599
f 1625/8188/6600 1617/8189/6601 1616/8190/6602
f 1626/8191/6603 1617/8192/6604 1625/8193/6605
f 1626/8194/6606 1618/8195/6607 1617/8196/6608
f 1627/8197/6609 1618/8198/6610 1626/8199/6611
f 1627/8200/6612 1619/8201/6613 1618/8202/6614
f 1628/8203/6615 1619/8204/6616 1627/8205/6617
f 1628/8206/6618 1620/8207/6619 1619/8208/6620
f 1629/8209/6621 1620/8210/6622 1628/8211/6623
f 1629/8212/6624 1621/8213/6625 1620/8214/6626
f 1630/8215/6627 1621/8216/6628 1629/8217/6629
f 1630/8218/6630 1622/8219/6631 1621/8220/6632
f 1631/8221/6633 1622/8222/6634 1630/8223/6635
f 1631/8224/6636 1623/8225/6637 1622/8226/6638
f 1632/8227/6639 1623/8228/6640 1631/8229/6641
f 1632/8230/6642 1392/8231/6643 1623/8232/6644
f 1327/8233/6645 1392/8234/6646 1632/8235/6647
f 1633/8236/6648 1625/8237/6649 1624/8238/6650
f 1634/8239/6651 1625/8240/6652 1633/8241/6653
f 1634/8242/6654 1626/8243/6655 1625/8244/6656
f 1635/8245/6657 1626/8246/6658 1634/8247/6659
f 1635/8248/6660 1627/8249/6661 1626/8250/6662
f 1636/8251/6663 1627/8252/6664 1635/8253/6665
f 1636/8254/6666 1628/8255/6667 1627/8256/6668
f 1637/8257/6669 1628/8258/6670 1636/8259/6671
f 1637/8260/6672 1629/8261/6673 1628/8262/6674
f 1638/8263/6675 1629/8264/6676 1637/8265/6677
f 1638/8266/6678 1630/8267/6679 1629/8268/6680
f 1639/8269/6681 1630/8270/6682 1638/8271/6683
f 1639/8272/6684 1631/8273/6685 1630/8274/6686
f 1640/8275/6687 1631/8276/6688 1639/8277/6689
f 1640/8278/6690 1632/8279/6691 1631/8280/6692
f 1641/8281/6693 1632/8282/6694 1640/8283/6695
f 1641/8284/6696 1327/8285/6697 1632/8286/6698
f 1262/8287/6699 1327/8288/6700 1641/8289/6701
f 1641/8290/6702 890/8291/6703 1262/8292/6704
f 1641/8293/6705 889/8294/6706 890/8295/6707
f 1640/8296/6708 889/8297/6709 1641/8298/6710
f 1640/8299/6711 888/8300/6712 889/8301/6713
f 1639/8302/6714 888/8303/6715 1640/8304/6716
f 1639/8305/6717 887/8306/6718 888/8307/6719
f 1638/8308/6720 887/8309/6721 1639/8310/6722
f 1638/8311/6723 886/8312/6724 887/8313/6725
f 1637/8314/6726 886/8315/6727 1638/8316/6728
f 1637/8317/6729 885/8318/6730 886/8319/6731
f 1636/8320/6732 885/8321/6733 1637/8322/6734
f 1636/8323/6735 882/8324/6736 885/8325/6737
f 1635/8326/6738 882/8327/6739 1636/8328/6740
f 1635/8329/6741 880/8330/6742 882/8331/6743
f 1634/8332/6744 880/8333/6745 1635/8334/6746
f 1634/8335/6747 878/8336/6748 880/8337/6749
f 1633/8338/6750 878/8339/6751 1634/8340/6752
f 1633/8341/6753 876/8342/6754 878/8343/6755
f 1633/8344/6756 984/8345/6757 876/8346/6758
f 1624/8347/6759 984/8348/6760 1633/8349/6761
f 1624/8350/6762 982/8351/6763 984/8352/6764
f 1615/8353/6765 982/8354/6766 1624/8355/6767
f 1615/8356/6768 980/8357/6769 982/8358/6770
f 1606/8359/6771 980/8360/6772 1615/8361/6773
f 1606/8362/6774 978/8363/6775 980/8364/6776
f 1597/8365/6777 978/8366/6778 1606/8367/6779
f 1597/8368/6780 976/8369/6781 978/8370/6782
f 1589/8371/6783 976/8372/6784 1597/8373/6785
f 1589/8374/6786 974/8375/6787 976/8376/6788
f 1589/8377/6789 966/8378/6790 974/8379/6791
f 963/8380/6792 966/8381/6793 1589/8382/6794
f 1642/8383/6795 1643/8384/6796 1644/8385/6797
f 1643/8384/6798 1645/8386/6799 1644/8387/6800
f 1643/8388/6798 1646/8389/6801 1645/8390/6799
f 1647/8391/6802 1648/8392/6803 1649/8393/6804
f 1649/8394/6805 1650/8395/6806 1651/8396/6807
f 1648/8397/6803 1650/8398/6808 1649/8399/6804
f 1646/8400/6809 1652/8401/6810 1645/8402/6811
f 1646/8403/6809 1653/8404/6812 1652/8405/6810
f 1651/8406/6813 1654/8407/6814 1655/8408/6815
f 1650/8409/6806 1654/8410/6816 1651/8411/6807
f 1653/8412/6817 1656/8413/6818 1652/8414/6819
f 1653/8415/6817 1657/8416/6820 1656/8417/6818
f 1655/8418/6821 1658/8419/6822 1659/8420/6823
f 1654/8421/6814 1658/8422/6824 1655/8423/6815
f 1657/8424/6825 1660/8425/6826 1656/8426/6827
f 1657/8427/6825 1661/8428/6828 1660/8429/6826
f 1659/8430/6829 1662/8431/6830 1663/8432/6831
f 1658/8433/6822 1662/8434/6832 1659/8435/6823
f 1661/8436/6833 1664/8437/6834 1660/8438/6835
f 1661/8439/6833 1665/8440/6836 1664/8441/6834
f 1663/8442/6837 1666/8443/6838 1667/8444/6839
f 1662/8445/6830 1666/8446/6840 1663/8447/6831
f 1665/8448/6841 1668/8449/6842 1664/8450/6843
f 1665/8451/6841 1669/8452/6844 1668/8453/6842
f 1667/8454/6845 1670/8455/6846 1671/8456/6847
f 1666/8457/6838 1670/8458/6848 1667/8459/6839
f 1669/8460/6849 1672/8461/6850 1668/8462/6851
f 1669/8463/6849 1673/8464/6852 1672/8465/6850
f 1671/8466/6853 1674/8467/6854 1675/8468/6855
f 1670/8469/6846 1674/8470/6856 1671/8471/6847
f 1673/8472/6857 1676/8473/6858 1672/8474/6859
f 1673/8475/6857 1677/8476/6860 1676/8477/6858
f 1675/8478/6861 1678/8479/6862 1679/8480/6863
f 1674/8481/6854 1678/8482/6864 1675/8483/6855
f 1677/8484/6865 1680/8485/6866 1676/8486/6867
f 1677/8487/6865 1681/8488/6868 1680/8489/6866
f 1679/8490/6869 1682/8491/6870 1683/8492/6871
f 1678/8493/6862 1682/8494/6872 1679/8495/6863
f 1681/8496/6873 1684/8497/6874 1680/8498/6875
f 1681/8499/6873 1685/8500/6876 1684/8501/6874
f 1683/8502/6877 1686/8503/6878 1687/8504/6879
f 1682/8505/6870 1686/8506/6880 1683/8507/6871
f 1685/8508/6881 1688/8509/6882 1684/8510/6883
f 1685/8511/6881 1689/8512/6884 1688/8513/6882
f 1687/8514/6885 1690/8515/6886 1691/8516/6887
f 1686/8517/6878 1690/8518/6888 1687/8519/6879
f 1689/8520/6889 1692/8521/6890 1688/8522/6891
f 1689/8523/6889 1693/8524/6892 1692/8525/6890
f 1691/8526/6893 1694/8527/6894 1695/8528/6895
f 1690/8529/6886 1694/8530/6896 1691/8531/6887
f 1693/8532/6897 1696/8533/6898 1692/8534/6899
f 1693/8535/6897 1697/8536/6900 1696/8537/6898
f 1695/8538/6901 1698/8539/6902 1699/8540/6903
f 1694/8541/6894 1698/8542/6904 1695/8543/6895
f 1697/8544/6905 1700/8545/6906 1696/8546/6907
f 1697/8547/6905 1701/8548/6908 1700/8549/6906
f 1699/8550/6909 1702/8551/6910 1703/8552/6911
f 1698/8553/6902 1702/8554/6912 1699/8555/6903
f 1701/8556/6913 1704/8557/6914 1700/8558/6915
f 1701/8559/6913 1705/8560/6916 1704/8561/6914
f 1703/8562/6917 1706/8563/6918 1707/8564/6919
f 1702/8565/6910 1706/8566/6920 1703/8567/6911
f 1705/8568/6921 1708/8569/6922 1704/8570/6923
f 1705/8571/6921 1709/8572/6924 1708/8573/6922
f 1707/8574/6925 1710/8575/6926 1711/8576/6927
f 1706/8577/6918 1710/8578/6928 1707/8579/6919
f 1709/8580/6929 1712/8581/6930 1708/8582/6931
f 1709/8583/6929 1713/8584/6932 1712/8585/6930
f 1711/8586/6933 1714/8587/6934 1715/8588/6935
f 1710/8589/6926 1714/8590/6936 1711/8591/6927
f 1713/8592/6937 1716/8593/6938 1712/8594/6939
f 1713/8595/6937 1717/8596/6940 1716/8597/6938
f 1714/8598/6934 1718/8599/6941 1715/8600/6935
f 1647/8601/6942 1719/8602/6943 1648/8603/6944
f 1719/8604/6945 1720/8605/6946 1721/8606/6947
f 1647/8607/6942 1720/8608/6948 1719/8609/6943
f 1644/8610/6797 1722/8611/6949 1642/8612/6795
f 1723/8613/6950 1724/8614/6951 1721/8615/6952
f 1725/8616/6953 1724/8617/6951 1723/8618/6950
f 1718/8619/6941 1712/8620/6939 1716/8621/6938
f 1714/8622/6934 1712/8623/6939 1718/8624/6941
f 1714/8625/6936 1708/8626/6931 1712/8627/6930
f 1710/8628/6926 1708/8629/6931 1714/8630/6936
f 1710/8631/6928 1704/8632/6923 1708/8633/6922
f 1706/8634/6918 1704/8635/6923 1710/8636/6928
f 1706/8637/6920 1700/8638/6915 1704/8639/6914
f 1702/8640/6910 1700/8641/6915 1706/8642/6920
f 1702/8643/6912 1696/8644/6907 1700/8645/6906
f 1698/8646/6902 1696/8647/6907 1702/8648/6912
f 1698/8649/6904 1692/8650/6899 1696/8651/6898
f 1694/8652/6894 1692/8653/6899 1698/8654/6904
f 1694/8655/6896 1688/8656/6891 1692/8657/6890
f 1690/8658/6886 1688/8659/6891 1694/8660/6896
f 1690/8661/6888 1684/8662/6883 1688/8663/6882
f 1686/8664/6878 1684/8665/6883 1690/8666/6888
f 1686/8667/6880 1680/8668/6875 1684/8669/6874
f 1682/8670/6870 1680/8671/6875 1686/8672/6880
f 1682/8673/6872 1676/8674/6867 1680/8675/6866
f 1678/8676/6862 1676/8677/6867 1682/8678/6872
f 1678/8679/6864 1672/8680/6859 1676/8681/6858
f 1674/8682/6854 1672/8683/6859 1678/8684/6864
f 1674/8685/6856 1668/8686/6851 1672/8687/6850
f 1670/8688/6846 1668/8689/6851 1674/8690/6856
f 1670/8691/6848 1664/8692/6843 1668/8693/6842
f 1666/8694/6838 1664/8695/6843 1670/8696/6848
f 1666/8697/6840 1660/8698/6835 1664/8699/6834
f 1662/8700/6830 1660/8701/6835 1666/8702/6840
f 1662/8703/6832 1656/8704/6827 1660/8705/6826
f 1658/8706/6822 1656/8707/6827 1662/8708/6832
f 1658/8709/6824 1652/8710/6819 1656/8711/6818
f 1654/8712/6814 1652/8713/6819 1658/8714/6824
f 1654/8715/6816 1645/8716/6811 1652/8717/6810
f 1650/8718/6806 1645/8719/6811 1654/8720/6816
f 1650/8721/6808 1644/8722/6800 1645/8723/6799
f 1648/8724/6803 1644/8725/6800 1650/8726/6808
f 1648/8727/6944 1722/8728/6949 1644/8729/6797
f 1719/8730/6943 1722/8731/6949 1648/8732/6944
f 1719/8733/6945 1724/8734/6954 1722/8735/6955
f 1721/8736/6947 1724/8737/6954 1719/8738/6945
f 1726/8739/6956 1727/8740/6957 1728/8741/6958
f 1729/8742/6959 1728/8743/6960 1730/8744/6961
f 1729/8745/6962 1726/8746/6956 1728/8747/6958
f 1731/8748/6963 1726/8749/6956 1729/8750/6962
f 1732/8751/6964 1730/8752/6965 1733/8753/6966
f 1732/8754/6967 1729/8755/6959 1730/8756/6961
f 1734/8757/6968 1729/8758/6959 1732/8759/6967
f 1734/8760/6969 1731/8761/6963 1729/8762/6962
f 1735/8763/6970 1731/8764/6963 1734/8765/6969
f 1717/8766/6971 1130/8767/6972 1131/8768/6973
f 1713/8769/6974 1130/8770/6975 1717/8771/6976
f 1713/8772/6977 1129/8773/6978 1130/8774/6979
f 1709/8775/6980 1129/8776/6981 1713/8777/6982
f 1709/8778/6983 1128/8779/6984 1129/8780/6985
f 1705/8781/6986 1128/8782/6987 1709/8783/6988
f 1705/8784/6989 1127/8785/6990 1128/8786/6991
f 1701/8787/6992 1127/8788/6993 1705/8789/6994
f 1701/8790/6995 1126/8791/6996 1127/8792/6997
f 1697/8793/6998 1126/8794/6999 1701/8795/7000
f 1697/8796/7001 1125/8797/7002 1126/8798/7003
f 1693/8799/7004 1125/8800/7005 1697/8801/7006
f 1693/8802/7007 1124/8803/7008 1125/8804/7009
f 1689/8805/7010 1124/8806/7011 1693/8807/7012
f 1689/8808/7013 1123/8809/7014 1124/8810/7015
f 1685/8811/7016 1123/8812/7017 1689/8813/7018
f 1685/8814/7019 1122/8815/7020 1123/8816/7021
f 1681/8817/7022 1122/8818/7023 1685/8819/7024
f 1681/8820/7025 1121/8821/7026 1122/8822/7027
f 1677/8823/7028 1121/8824/7029 1681/8825/7030
f 1677/8826/7031 1120/8827/7032 1121/8828/7033
f 1673/8829/7034 1120/8830/7035 1677/8831/7036
f 1673/8832/7037 1119/8833/7038 1120/8834/7039
f 1669/8835/7040 1119/8836/7041 1673/8837/7042
f 1669/8838/7043 1118/8839/7044 1119/8840/7045
f 1665/8841/7046 1118/8842/7047 1669/8843/7048
f 1665/8844/7049 1117/8845/7050 1118/8846/7051
f 1661/8847/7052 1117/8848/7053 1665/8849/7054
f 1661/8850/7055 1116/8851/7056 1117/8852/7057
f 1657/8853/7058 1116/8854/7059 1661/8855/7060
f 1657/8856/7061 1115/8857/7062 1116/8858/7063
f 1653/8859/7064 1115/8860/7065 1657/8861/7066
f 1653/8862/7067 1114/8863/7068 1115/8864/7069
f 1646/8865/7070 1114/8866/7071 1653/8867/7072
f 1646/8868/7073 1113/8869/7074 1114/8870/7075
f 1643/8871/7076 1113/8872/7077 1646/8873/7078
f 1643/8874/7079 1112/8875/7080 1113/8876/7081
f 1642/8877/7082 1112/8878/7083 1643/8879/7084
f 1736/8880/7085 837/8881/7086 1737/8882/7087
f 1642/8883/7088 833/8884/7089 1112/8885/7090
f 1642/8886/7091 837/8887/7092 833/8888/7093
f 1722/8889/7094 837/8890/7092 1642/8891/7091
f 1722/8892/7095 1737/8893/7096 837/8894/7097
f 1724/8895/6954 1737/8896/7098 1722/8897/6955
f 1724/8898/7099 1736/8899/7100 1737/8900/7101
f 1725/8901/7102 1736/8902/7103 1724/8903/7104
f 1725/8904/7105 1738/8905/7106 1736/8906/7107
f 1723/8907/7108 1738/8908/7109 1725/8909/7110
f 1739/8910/7111 1738/8911/7112 1723/8912/7113
f 1740/8913/7114 1738/8914/7115 1739/8915/7116
f 1741/8916/7117 1721/8917/6947 1720/8918/6946
f 1742/8919/7118 1721/8920/6952 1741/8921/7119
f 1742/8922/7118 1723/8923/6950 1721/8924/6952
f 1743/8925/7120 1723/8926/7121 1742/8927/7122
f 1743/8928/7120 1739/8929/7123 1723/8930/7121
f 1744/8931/7124 1739/8932/7125 1743/8933/7126
f 1744/8934/7127 1740/8935/7128 1739/8936/7129
f 1745/8937/7130 1740/8938/7131 1744/8939/7132
f 1746/8940/7133 1742/8941/7118 1741/8942/7119
f 1747/8943/7134 1742/8944/7122 1746/8945/7135
f 1747/8946/7134 1743/8947/7120 1742/8948/7122
f 1748/8949/7136 1743/8950/7126 1747/8951/7137
f 1748/8952/7136 1744/8953/7124 1743/8954/7126
f 1749/8955/7138 1744/8956/7139 1748/8957/7140
f 1749/8958/7141 1745/8959/7142 1744/8960/7143
f 1750/8961/7144 1745/8962/7145 1749/8963/7146
f 1751/8964/7147 1747/8965/7134 1746/8966/7135
f 1752/8967/7148 1747/8968/7137 1751/8969/7149
f 1752/8970/7148 1748/8971/7136 1747/8972/7137
f 1753/8973/7150 1748/8974/7140 1752/8975/7151
f 1753/8976/7150 1749/8977/7138 1748/8978/7140
f 1754/8979/7152 1749/8980/7153 1753/8981/7154
f 1754/8982/7155 1750/8983/7156 1749/8984/7157
f 1755/8985/7158 1750/8986/7159 1754/8987/7160
f 1756/8988/7161 1752/8989/7148 1751/8990/7149
f 1757/8991/7162 1752/8992/7151 1756/8993/7163
f 1757/8994/7162 1753/8995/7150 1752/8996/7151
f 1758/8997/7164 1753/8998/7154 1757/8999/7165
f 1758/9000/7164 1754/9001/7152 1753/9002/7154
f 1759/9003/7166 1754/9004/7167 1758/9005/7168
f 1759/9006/7169 1755/9007/7170 1754/9008/7171
f 1760/9009/7172 1755/9010/7173 1759/9011/7174
f 1761/9012/7175 1757/9013/7162 1756/9014/7163
f 1762/9015/7176 1757/9016/7165 1761/9017/7177
f 1762/9018/7176 1758/9019/7164 1757/9020/7165
f 1763/9021/7178 1758/9022/7168 1762/9023/7179
f 1763/9024/7178 1759/9025/7166 1758/9026/7168
f 1764/9027/7180 1759/9028/7181 1763/9029/7182
f 1764/9030/7183 1760/9031/7184 1759/9032/7185
f 1765/9033/7186 1760/9034/7187 1764/9035/7188
f 1766/9036/7189 1762/9037/7176 1761/9038/7177
f 1767/9039/7190 1762/9040/7179 1766/9041/7191
f 1767/9042/7190 1763/9043/7178 1762/9044/7179
f 1768/9045/7192 1763/9046/7182 1767/9047/7193
f 1768/9048/7192 1764/9049/7180 1763/9050/7182
f 1769/9051/7194 1764/9052/7195 1768/9053/7196
f 1769/9054/7197 1765/9055/7198 1764/9056/7199
f 1770/9057/7200 1765/9058/7201 1769/9059/7202
f 1771/9060/7203 1767/9061/7190 1766/9062/7191
f 1772/9063/7204 1767/9064/7193 1771/9065/7205
f 1772/9066/7204 1768/9067/7192 1767/9068/7193
f 1773/9069/7206 1768/9070/7196 1772/9071/7207
f 1773/9072/7206 1769/9073/7194 1768/9074/7196
f 1774/9075/7208 1769/9076/7209 1773/9077/7210
f 1774/9078/7211 1770/9079/7212 1769/9080/7213
f 1775/9081/7214 1770/9082/7215 1774/9083/7216
f 1776/9084/7217 1772/9085/7204 1771/9086/7205
f 1777/9087/7218 1772/9088/7207 1776/9089/7219
f 1777/9090/7218 1773/9091/7206 1772/9092/7207
f 1778/9093/7220 1773/9094/7210 1777/9095/7221
f 1778/9096/7220 1774/9097/7208 1773/9098/7210
f 1779/9099/7222 1774/9100/7223 1778/9101/7224
f 1779/9102/7225 1775/9103/7226 1774/9104/7227
f 1780/9105/7228 1775/9106/7229 1779/9107/7230
f 1781/9108/7231 1777/9109/7218 1776/9110/7219
f 1782/9111/7232 1777/9112/7221 1781/9113/7233
f 1782/9114/7232 1778/9115/7220 1777/9116/7221
f 1783/9117/7234 1778/9118/7224 1782/9119/7235
f 1783/9120/7234 1779/9121/7222 1778/9122/7224
f 1784/9123/7236 1779/9124/7237 1783/9125/7238
f 1784/9126/7239 1780/9127/7240 1779/9128/7241
f 1785/9129/7242 1780/9130/7243 1784/9131/7244
f 104/9132/7245 1782/9133/7232 1781/9134/7233
f 1786/9135/7246 1782/9136/7235 104/9137/7247
f 1786/9138/7246 1783/9139/7234 1782/9140/7235
f 1787/9141/7248 1783/9142/7238 1786/9143/7249
f 1787/9144/7248 1784/9145/7236 1783/9146/7238
f 1788/9147/7250 1784/9148/7251 1787/9149/7252
f 1788/9150/7253 1785/9151/7254 1784/9152/7255
f 1789/9153/7256 1785/9154/7257 1788/9155/7258
f 103/9156/7259 1786/9157/7246 104/9158/7247
f 1790/9159/7260 1786/9160/7249 103/9161/7261
f 1790/9162/7260 1787/9163/7248 1786/9164/7249
f 1791/9165/7262 1787/9166/7252 1790/9167/7263
f 1791/9168/7262 1788/9169/7250 1787/9170/7252
f 1792/9171/7264 1788/9172/7265 1791/9173/7266
f 1792/9174/7267 1789/9175/7268 1788/9176/7269
f 1793/9177/7270 1789/9178/7271 1792/9179/7272
f 111/9180/7273 1790/9181/7260 103/9182/7261
f 1794/9183/7274 1790/9184/7263 111/9185/7275
f 1794/9186/7274 1791/9187/7262 1790/9188/7263
f 1795/9189/7276 1791/9190/7266 1794/9191/7277
f 1795/9192/7276 1792/9193/7264 1791/9194/7266
f 1796/9195/7278 1792/9196/7279 1795/9197/7280
f 1796/9198/7281 1793/9199/7282 1792/9200/7283
f 1797/9201/7284 1793/9202/7285 1796/9203/7286
f 1798/9204/7287 1794/9205/7274 111/9206/7275
f 1799/9207/7288 1794/9208/7277 1798/9209/7289
f 1799/9210/7288 1795/9211/7276 1794/9212/7277
f 1800/9213/7290 1795/9214/7280 1799/9215/7291
f 1800/9216/7290 1796/9217/7278 1795/9218/7280
f 1801/9219/7292 1796/9220/7293 1800/9221/7294
f 1801/9222/7295 1797/9223/7296 1796/9224/7297
f 1802/9225/7298 1797/9226/7299 1801/9227/7300
f 1803/9228/7301 1799/9229/7288 1798/9230/7289
f 1804/9231/7302 1799/9232/7291 1803/9233/7303
f 1804/9234/7302 1800/9235/7290 1799/9236/7291
f 1805/9237/7304 1800/9238/7294 1804/9239/7305
f 1805/9240/7304 1801/9241/7292 1800/9242/7294
f 1806/9243/7306 1801/9244/7307 1805/9245/7308
f 1806/9246/7309 1802/9247/7310 1801/9248/7311
f 1807/9249/7312 1802/9250/7313 1806/9251/7314
f 1808/9252/7315 1804/9253/7302 1803/9254/7303
f 1809/9255/7316 1804/9256/7305 1808/9257/7317
f 1809/9258/7316 1805/9259/7304 1804/9260/7305
f 1810/9261/7318 1805/9262/7308 1809/9263/7319
f 1810/9264/7318 1806/9265/7306 1805/9266/7308
f 1811/9267/7320 1806/9268/7321 1810/9269/7322
f 1811/9270/7323 1807/9271/7324 1806/9272/7325
f 1812/9273/7326 1807/9274/7327 1811/9275/7328
f 1813/9276/7329 1809/9277/7316 1808/9278/7317
f 1814/9279/7330 1809/9280/7319 1813/9281/7331
f 1814/9282/7330 1810/9283/7318 1809/9284/7319
f 1815/9285/7332 1810/9286/7322 1814/9287/7333
f 1815/9288/7332 1811/9289/7320 1810/9290/7322
f 1816/9291/7334 1811/9292/7335 1815/9293/7336
f 1816/9294/7337 1812/9295/7338 1811/9296/7339
f 1817/9297/7340 1812/9298/7341 1816/9299/7342
f 1818/9300/7343 1814/9301/7330 1813/9302/7331
f 1819/9303/7344 1814/9304/7333 1818/9305/7345
f 1819/9306/7344 1815/9307/7332 1814/9308/7333
f 1820/9309/7346 1815/9310/7336 1819/9311/7347
f 1820/9312/7346 1816/9313/7334 1815/9314/7336
f 1821/9315/7348 1816/9316/7349 1820/9317/7350
f 1821/9318/7351 1817/9319/7352 1816/9320/7353
f 1822/9321/7354 1817/9322/7355 1821/9323/7356
f 1733/9324/7357 1819/9325/7344 1818/9326/7345
f 1730/9327/6965 1819/9328/7347 1733/9329/6966
f 1730/9330/6965 1820/9331/7346 1819/9332/7347
f 1728/9333/6960 1820/9334/7350 1730/9335/6961
f 1728/9336/6960 1821/9337/7348 1820/9338/7350
f 1727/9339/6957 1821/9340/7358 1728/9341/6958
f 1727/9342/7359 1822/9343/7360 1821/9344/7361
f 969/9345/7362 1822/9346/7363 1727/9347/7364
f 1718/9348/7365 1735/9349/7366 1715/9350/7367
f 1718/9351/7365 1731/9352/7368 1735/9353/7366
f 1716/9354/7369 1731/9355/7368 1718/9356/7365
f 1716/9357/7369 1726/9358/7370 1731/9359/7368
f 1717/9360/7371 1726/9361/7370 1716/9362/7369
f 1717/9363/7371 1727/9364/7372 1726/9365/7370
f 1131/9366/7373 1727/9367/7374 1717/9368/7375
f 1131/9369/7376 969/9370/7377 1727/9371/7378
f 970/9372/7379 969/9373/7377 1131/9374/7376
f 1823/9375/7380 1746/9376/7381 1741/9377/7382
f 1746/9378/7383 1823/9379/7384 1824/9380/7385
f 1824/9380/7385 1823/9379/7384 123/9381/7386
f 1824/9380/7385 123/9381/7386 122/9382/7387
f 1824/9383/7388 1751/9384/7389 1746/9385/7390
f 1751/9386/7391 1824/9387/7392 1825/9388/7393
f 1825/9388/7393 1824/9387/7392 121/9389/7394
f 121/9389/7394 1824/9387/7392 122/9390/7395
f 1825/9391/7396 1756/9392/7397 1751/9393/7398
f 1756/9394/7399 1825/9395/7400 1826/9396/7401
f 1826/9396/7401 1825/9395/7400 121/9397/7402
f 1826/9396/7401 121/9397/7402 120/9398/7403
f 1826/9399/7404 1761/9400/7405 1756/9401/7406
f 1761/9402/7407 1826/9403/7408 1827/9404/7409
f 1827/9404/7409 1826/9403/7408 120/9405/7410
f 1827/9404/7409 120/9405/7410 119/9406/7411
f 1827/9407/7412 1766/9408/7413 1761/9409/7414
f 1766/9410/7415 1827/9411/7416 1828/9412/7417
f 1828/9412/7417 1827/9411/7416 119/9413/7418
f 1828/9412/7417 119/9413/7418 118/9414/7419
f 1828/9415/7420 1771/9416/7421 1766/9417/7422
f 1771/9418/7423 1828/9419/7424 1829/9420/7425
f 1829/9420/7425 1828/9419/7424 117/9421/7426
f 117/9421/7426 1828/9419/7424 118/9422/7427
f 1829/9423/7428 1776/9424/7429 1771/9425/7430
f 1776/9426/7431 1829/9427/7432 1830/9428/7433
f 1830/9428/7433 1829/9427/7432 117/9429/7434
f 1830/9428/7433 117/9429/7434 116/9430/7435
f 1830/9431/7436 1781/9432/7437 1776/9433/7438
f 1781/9434/7439 1830/9435/7440 108/9436/7441
f 108/9436/7441 1830/9435/7440 116/9437/7442
f 108/9436/7441 116/9437/7442 109/9438/7443
f 115/9439/7444 104/9440/7445 114/9441/7446
f 114/9441/7446 104/9440/7445 1781/9442/7447
f 114/9441/7446 1781/9442/7447 108/9443/7448
f 108/9443/7448 107/9444/7449 114/9441/7446
f 115/9445/7450 101/9446/7451 104/9447/7452
f 113/9448/7453 1798/9449/7454 111/9450/7455
f 1798/9451/7456 113/9452/7457 1831/9453/7458
f 1831/9453/7458 113/9452/7457 112/9454/7459
f 1831/9453/7458 112/9454/7459 152/9455/7460
f 1831/9456/7461 1803/9457/7462 1798/9458/7463
f 1803/9459/7464 1831/9460/7465 1832/9461/7466
f 1832/9461/7466 1831/9460/7465 151/9462/7467
f 151/9462/7467 1831/9460/7465 152/9463/7468
f 1832/9464/7469 1808/9465/7470 1803/9466/7471
f 1808/9467/7472 1832/9468/7473 1833/9469/7474
f 1833/9469/7474 1832/9468/7473 150/9470/7475
f 150/9470/7475 1832/9468/7473 151/9471/7476
f 1833/9472/7477 1813/9473/7478 1808/9474/7479
f 1813/9475/7480 1833/9476/7481 1834/9477/7482
f 1834/9477/7482 1833/9476/7481 150/9478/7483
f 1834/9477/7482 150/9478/7483 149/9479/7484
f 1834/9480/7485 1818/9481/7486 1813/9482/7487
f 1818/9483/7488 1834/9484/7489 1835/9485/7490
f 1835/9485/7490 1834/9484/7489 149/9486/7491
f 1835/9485/7490 149/9486/7491 148/9487/7492
f 1835/9488/7493 1733/9489/7494 1818/9490/7495
f 1733/9491/7496 1835/9492/7497 1836/9493/7498
f 1836/9493/7498 1835/9492/7497 147/9494/7499
f 147/9494/7499 1835/9492/7497 148/9495/7500
f 1836/9496/7501 1732/9497/7502 1733/9498/7503
f 1732/9499/7504 1836/9500/7505 1837/9501/7506
f 1837/9501/7506 1836/9500/7505 146/9502/7507
f 146/9502/7507 1836/9500/7505 147/9503/7508
f 1837/9504/7509 1734/9505/7510 1732/9506/7511
f 1734/9507/7512 1837/9508/7513 1838/9509/7514
f 1838/9509/7514 1837/9508/7513 146/9510/7515
f 1838/9509/7514 146/9510/7515 145/9511/7516
f 1838/9512/7517 1735/9513/7518 1734/9514/7519
f 1735/9515/7520 1838/9516/7521 1839/9517/7522
f 1839/9517/7522 1838/9516/7521 145/9518/7523
f 1839/9517/7522 145/9518/7523 144/9519/7524
f 1839/9520/7525 1715/9521/7526 1735/9522/7527
f 1715/9523/7528 1839/9524/7529 1840/9525/7530
f 1840/9525/7530 1839/9524/7529 144/9526/7531
f 1840/9525/7530 144/9526/7531 143/9527/7532
f 1840/9528/7533 1711/9529/7534 1715/9530/7535
f 1711/9531/7536 1840/9532/7537 1841/9533/7538
f 1841/9533/7538 1840/9532/7537 142/9534/7539
f 142/9534/7539 1840/9532/7537 143/9535/7540
f 1841/9536/7541 1707/9537/7542 1711/9538/7543
f 1707/9539/7544 1841/9540/7545 1842/9541/7546
f 1842/9541/7546 1841/9540/7545 142/9542/7547
f 1842/9541/7546 142/9542/7547 141/9543/7548
f 1842/9544/7549 1703/9545/7550 1707/9546/7551
f 1703/9547/7552 1842/9548/7553 1843/9549/7554
f 1843/9549/7554 1842/9548/7553 141/9550/7555
f 1843/9549/7554 141/9550/7555 140/9551/7556
f 1843/9552/7557 1699/9553/7558 1703/9554/7559
f 1699/9555/7560 1843/9556/7561 1844/9557/7562
f 1844/9557/7562 1843/9556/7561 139/9558/7563
f 139/9558/7563 1843/9556/7561 140/9559/7564
f 1844/9560/7565 1695/9561/7566 1699/9562/7567
f 1695/9563/7568 1844/9564/7569 1845/9565/7570
f 1845/9565/7570 1844/9564/7569 138/9566/7571
f 138/9566/7571 1844/9564/7569 139/9567/7572
f 1845/9568/7573 1691/9569/7574 1695/9570/7575
f 1691/9571/7576 1845/9572/7577 1846/9573/7578
f 1846/9573/7578 1845/9572/7577 137/9574/7579
f 137/9574/7579 1845/9572/7577 138/9575/7580
f 1846/9576/7581 1687/9577/7582 1691/9578/7583
f 1687/9579/7584 1846/9580/7585 1847/9581/7586
f 1847/9581/7586 1846/9580/7585 136/9582/7587
f 136/9582/7587 1846/9580/7585 137/9583/7588
f 1847/9584/7589 1683/9585/7590 1687/9586/7591
f 1683/9587/7592 1847/9588/7593 1848/9589/7594
f 1848/9589/7594 1847/9588/7593 136/9590/7595
f 1848/9589/7594 136/9590/7595 135/9591/7596
f 1848/9592/7597 1679/9593/7598 1683/9594/7599
f 1679/9595/7600 1848/9596/7601 1849/9597/7602
f 1849/9597/7602 1848/9596/7601 135/9598/7603
f 1849/9597/7602 135/9598/7603 134/9599/7604
f 1849/9600/7605 1675/9601/7606 1679/9602/7607
f 1675/9603/7608 1849/9604/7609 1850/9605/7610
f 1850/9605/7610 1849/9604/7609 134/9606/7611
f 1850/9605/7610 134/9606/7611 133/9607/7612
f 1850/9608/7613 1671/9609/7614 1675/9610/7615
f 1671/9611/7616 1850/9612/7617 1851/9613/7618
f 1851/9613/7618 1850/9612/7617 133/9614/7619
f 1851/9613/7618 133/9614/7619 132/9615/7620
f 1851/9616/7621 1667/9617/7622 1671/9618/7623
f 1667/9619/7624 1851/9620/7625 1852/9621/7626
f 1852/9621/7626 1851/9620/7625 131/9622/7627
f 131/9622/7627 1851/9620/7625 132/9623/7628
f 1852/9624/7629 1663/9625/7630 1667/9626/7631
f 1663/9627/7632 1852/9628/7633 1853/9629/7634
f 1853/9629/7634 1852/9628/7633 130/9630/7635
f 130/9630/7635 1852/9628/7633 131/9631/7636
f 1853/9632/7637 1659/9633/7638 1663/9634/7639
f 1659/9635/7640 1853/9636/7641 1854/9637/7642
f 1854/9637/7642 1853/9636/7641 130/9638/7643
f 1854/9637/7642 130/9638/7643 129/9639/7644
f 1854/9640/7645 1655/9641/7646 1659/9642/7647
f 1655/9643/7648 1854/9644/7649 1855/9645/7650
f 1855/9645/7650 1854/9644/7649 128/9646/7651
f 128/9646/7651 1854/9644/7649 129/9647/7652
f 1855/9648/7653 1651/9649/7654 1655/9650/7655
f 1651/9651/7656 1855/9652/7657 1856/9653/7658
f 1856/9653/7658 1855/9652/7657 128/9654/7659
f 1856/9653/7658 128/9654/7659 127/9655/7660
f 1856/9656/7661 1649/9657/7662 1651/9658/7663
f 1649/9659/7664 1856/9660/7665 1857/9661/7666
f 1857/9661/7666 1856/9660/7665 127/9662/7667
f 1857/9661/7666 127/9662/7667 126/9663/7668
f 1857/9664/7669 1647/9665/7670 1649/9666/7671
f 1647/9667/7672 1857/9668/7673 1858/9669/7674
f 1858/9669/7674 1857/9668/7673 125/9670/7675
f 125/9670/7675 1857/9668/7673 126/9671/7676
f 1858/9672/7677 1720/9673/7678 1647/9674/7679
f 1720/9675/7680 1858/9676/7681 1859/9677/7682
f 1859/9677/7682 1858/9676/7681 125/9678/7683
f 1859/9677/7682 125/9678/7683 124/9679/7684
f 1859/9680/7685 1741/9681/7686 1720/9682/7687
f 1741/9683/7688 1859/9684/7689 1823/9685/7690
f 1823/9685/7690 1859/9684/7689 124/9686/7691
f 1823/9685/7690 124/9686/7691 123/9687/7692
f 1860/9688/7693 1861/9689/7694 1862/9690/7695
f 1861/9691/7696 1863/9692/7697 1864/9693/7698
f 1860/9694/7699 1863/9695/7700 1861/9696/7701
f 1861/9697/7702 1865/9698/7703 1862/9699/7704
f 1861/9700/7705 1866/9701/7706 1865/9702/7707
f 1864/9703/7708 1866/9704/7709 1861/9705/7710
f 1867/9706/7711 1868/9707/7712 1869/9708/7713
f 1870/9709/7714 1868/9710/7715 1867/9711/7716
f 1871/9712/7717 1872/9713/7718 1873/9714/7719
f 1874/9715/7720 1875/9716/7721 1876/9717/7722
f 1877/9718/7723 1875/9719/7724 1874/9720/7725
f 1877/9721/7726 1878/9722/7727 1875/9723/7728
f 1879/9724/7729 1878/9725/7730 1877/9726/7731
f 1879/9727/7732 1880/9728/7733 1878/9729/7734
f 1881/9730/7735 1880/9731/7736 1879/9732/7737
f 1882/9733/7738 1880/9734/7739 1881/9735/7740
f 1883/9736/7741 1880/9737/7742 1882/9738/7743
f 1882/9739/7744 1884/9740/7745 1885/9741/7746
f 1881/9742/7747 1884/9743/7748 1882/9744/7749
f 1884/9745/7750 1886/9746/7751 1885/9747/7752
f 1887/9748/7753 1877/9749/7754 1874/9750/7755
f 1888/9751/7756 1877/9752/7757 1887/9753/7758
f 1888/9754/7759 1879/9755/7760 1877/9756/7761
f 1889/9757/7762 1879/9758/7763 1888/9759/7764
f 1889/9760/7765 1881/9761/7766 1879/9762/7767
f 1890/9763/7768 1881/9764/7769 1889/9765/7770
f 1890/9766/7771 1884/9767/7772 1881/9768/7773
f 1891/9769/7774 1884/9770/7775 1890/9771/7776
f 1891/9772/7777 1886/9773/7778 1884/9774/7779
f 1892/9775/7780 1886/9776/7781 1891/9777/7782
f 1893/9778/7783 1894/9779/7784 1895/9780/7785
f 1896/9781/7786 1893/9782/7787 1897/9783/7788
f 1896/9784/7789 1894/9785/7790 1893/9786/7791
f 1898/9787/7792 1894/9788/7793 1896/9789/7794
f 1899/9790/7795 1900/9791/7796 1901/9792/7797
f 1886/9793/7798 1902/9794/7799 1885/9795/7800
f 1886/9796/7801 1903/9797/7802 1902/9798/7803
f 1892/9799/7804 1903/9800/7805 1886/9801/7806
f 1901/9802/7807 1904/9803/7808 1905/9804/7809
f 1900/9805/7810 1904/9806/7811 1901/9807/7812
f 1900/9808/7813 1906/9809/7814 1904/9810/7815
f 1892/9811/7816 1907/9812/7817 1903/9813/7818
f 1908/9814/7819 1888/9815/7820 1887/9816/7821
f 1909/9817/7822 1888/9818/7823 1908/9819/7824
f 1909/9820/7825 1889/9821/7826 1888/9822/7827
f 1910/9823/7828 1889/9824/7829 1909/9825/7830
f 1910/9826/7831 1890/9827/7832 1889/9828/7833
f 1911/9829/7834 1890/9830/7835 1910/9831/7836
f 1911/9832/7837 1891/9833/7838 1890/9834/7839
f 1912/9835/7840 1891/9836/7841 1911/9837/7842
f 1912/9838/7843 1892/9839/7844 1891/9840/7845
f 1913/9841/7846 1892/9842/7847 1912/9843/7848
f 1913/9844/7849 1907/9845/7850 1892/9846/7851
f 1914/9847/7852 1907/9848/7853 1913/9849/7854
f 1915/9850/7855 1904/9851/7856 1906/9852/7857
f 1916/9853/7858 1904/9854/7859 1915/9855/7860
f 1916/9856/7861 1905/9857/7862 1904/9858/7863
f 1917/9859/7864 1905/9860/7865 1916/9861/7866
f 1903/9862/7867 1918/9863/7868 1902/9864/7869
f 1903/9865/7870 1919/9866/7871 1918/9867/7872
f 1907/9868/7873 1919/9869/7874 1903/9870/7875
f 1907/9871/7876 1920/9872/7877 1919/9873/7878
f 1914/9874/7879 1920/9875/7880 1907/9876/7881
f 1921/9877/7882 1922/9878/7883 1923/9879/7884
f 1924/9880/7885 1922/9881/7886 1925/9882/7887
f 1924/9883/7888 1923/9884/7889 1922/9885/7890
f 1926/9886/7891 1923/9887/7892 1924/9888/7893
f 1927/9889/7894 1925/9890/7895 1928/9891/7896
f 1927/9892/7897 1924/9893/7898 1925/9894/7899
f 1929/9895/7900 1924/9896/7901 1927/9897/7902
f 1929/9898/7903 1926/9899/7904 1924/9900/7905
f 1930/9901/7906 1926/9902/7907 1929/9903/7908
f 1931/9904/7909 1928/9905/7910 1932/9906/7911
f 1931/9907/7912 1927/9908/7913 1928/9909/7914
f 1933/9910/7915 1927/9911/7916 1931/9912/7917
f 1933/9913/7918 1929/9914/7919 1927/9915/7920
f 1934/9916/7921 1929/9917/7922 1933/9918/7923
f 1934/9919/7924 1930/9920/7906 1929/9921/7908
f 1935/9922/7925 1930/9923/7926 1934/9924/7927
f 1936/9925/7928 1937/9926/7929 1938/9927/7930
f 1939/9928/7931 1931/9929/7932 1932/9930/7933
f 1940/9931/7934 1931/9932/7935 1939/9933/7936
f 1940/9934/7937 1933/9935/7938 1931/9936/7939
f 1941/9937/7940 1933/9938/7941 1940/9939/7942
f 1941/9940/7943 1934/9941/7921 1933/9942/7923
f 1942/9943/7944 1934/9944/7945 1941/9945/7946
f 1942/9946/7947 1935/9947/7948 1934/9948/7949
f 1943/9949/7950 1935/9950/7951 1942/9951/7952
f 1938/9952/7953 1944/9953/7954 1945/9954/7955
f 1937/9955/7956 1944/9956/7957 1938/9957/7958
f 1946/9958/7959 1940/9959/7960 1939/9960/7961
f 1947/9961/7962 1940/9962/7963 1946/9963/7964
f 1947/9964/7965 1941/9965/7940 1940/9966/7942
f 1948/9967/7966 1941/9968/7967 1947/9969/7968
f 1948/9970/7969 1942/9971/7970 1941/9972/7971
f 1949/9973/7972 1942/9974/7973 1948/9975/7974
f 1949/9976/7975 1943/9977/7976 1942/9978/7977
f 1950/9979/7978 1943/9980/7979 1949/9981/7980
f 1945/9982/7981 1951/9983/7982 1952/9984/7983
f 1944/9985/7984 1951/9986/7985 1945/9987/7986
f 1952/9988/7987 1953/9989/7988 1954/9990/7989
f 1951/9991/7990 1953/9992/7991 1952/9993/7992
f 1954/9994/7993 1955/9995/7994 1956/9996/7995
f 1953/9997/7996 1955/9998/7997 1954/9999/7998
f 1955/10000/7999 1957/10001/8000 1956/10002/8001
f 1958/10003/8002 1944/10004/8003 1937/10005/8004
f 1959/10006/8005 1944/10007/8006 1958/10008/8007
f 1959/10009/8008 1951/10010/8009 1944/10011/8010
f 1960/10012/8011 1951/10013/8012 1959/10014/8013
f 1960/10015/8014 1953/10016/8015 1951/10017/8016
f 1961/10018/8017 1953/10019/8018 1960/10020/8019
f 1961/10021/8020 1955/10022/8021 1953/10023/8022
f 1962/10024/8023 1955/10025/8024 1961/10026/8025
f 1962/10027/8026 1957/10028/8027 1955/10029/8028
f 1963/10030/8029 1957/10031/8030 1962/10032/8031
f 1964/10033/8032 1965/10034/8033 1966/10035/8034
f 1956/10036/8035 1966/10037/8036 1967/10038/8037
f 1957/10039/8038 1966/10040/8039 1956/10041/8040
f 1957/10042/8041 1964/10043/8042 1966/10044/8043
f 1963/10045/8044 1964/10046/8045 1957/10047/8046
f 1869/10048/8047 1968/10049/8048 1969/10050/8049
f 1868/10051/8050 1968/10052/8051 1869/10053/8052
f 1970/10054/8053 1870/10055/8054 1971/10056/8055
f 1970/10057/8056 1868/10058/8057 1870/10059/8058
f 1972/10060/8059 1868/10061/8060 1970/10062/8061
f 1972/10063/8062 1968/10064/8063 1868/10065/8064
f 1973/10066/8065 1968/10067/8066 1972/10068/8067
f 1974/10069/8068 1973/10070/8069 1975/10071/8070
f 1974/10072/8071 1968/10073/8072 1973/10074/8073
f 1969/10075/8074 1968/10076/8075 1974/10077/8076
f 955/10078/8077 355/10079/8078 357/10080/8079
f 356/10081/8080 355/10082/8081 955/10083/8082
f 1965/10084/8083 959/10085/8084 957/10086/8085
f 1965/10087/8086 960/10088/8087 959/10089/8088
f 1964/10090/8089 960/10091/8090 1965/10092/8091
f 1964/10093/8092 962/10094/8093 960/10095/8094
f 1963/10096/8095 962/10097/8096 1964/10098/8097
f 1976/10099/8098 972/10100/8099 971/10101/8100
f 1977/10102/8101 972/10103/8102 1976/10104/8103
f 1863/10105/8104 1977/10106/8105 1864/10107/8106
f 1863/10108/8107 972/10109/8108 1977/10110/8109
f 1860/10111/8110 972/10112/8111 1863/10113/8112
f 1860/10114/8113 973/10115/8114 972/10116/8115
f 1862/10117/8116 973/10118/8117 1860/10119/8118
f 1978/10120/8119 1862/10121/8120 1865/10122/8121
f 1979/10123/8122 1862/10124/8123 1978/10125/8124
f 1979/10126/8125 973/10127/8126 1862/10128/8127
f 968/10129/8128 973/10130/8129 1979/10131/8130
f 1802/10132/8131 1807/10133/8132 1980/10134/8133
f 1981/10135/8134 1980/10136/8135 1982/10137/8136
f 1981/10138/8137 1802/10139/8138 1980/10140/8139
f 1797/10141/8140 1802/10142/8141 1981/10143/8142
f 1869/10144/8143 1982/10145/8144 1867/10146/8145
f 1869/10147/8146 1981/10148/8147 1982/10149/8148
f 1969/10150/8149 1981/10151/8150 1869/10152/8151
f 1969/10153/8152 1797/10154/8153 1981/10155/8154
f 1974/10156/8155 1797/10157/8156 1969/10158/8157
f 1974/10159/8158 1793/10160/8159 1797/10161/8160
f 1975/10162/8161 1793/10163/8162 1974/10164/8163
f 1983/10165/8164 1970/10166/8165 1971/10167/8166
f 1984/10168/8167 1970/10169/8168 1983/10170/8169
f 1984/10171/8170 1972/10172/8171 1970/10173/8172
f 1985/10174/8173 1972/10175/8174 1984/10176/8175
f 1985/10177/8176 1973/10178/8177 1972/10179/8178
f 1986/10180/8179 1973/10181/8180 1985/10182/8181
f 1986/10183/8182 1975/10184/8183 1973/10185/8184
f 1987/10186/8185 1975/10187/8186 1986/10188/8187
f 1987/10189/8188 1793/10190/8189 1975/10191/8190
f 1789/10192/8191 1793/10193/8192 1987/10194/8193
f 1988/10195/8194 1983/10196/8195 1989/10197/8196
f 1988/10198/8197 1984/10199/8198 1983/10200/8199
f 1990/10201/8200 1984/10202/8201 1988/10203/8202
f 1990/10204/8203 1985/10205/8204 1984/10206/8205
f 1991/10207/8206 1985/10208/8207 1990/10209/8208
f 1991/10210/8209 1986/10211/8210 1985/10212/8211
f 1992/10213/8212 1986/10214/8213 1991/10215/8214
f 1992/10216/8215 1987/10217/8216 1986/10218/8217
f 1993/10219/8218 1987/10220/8219 1992/10221/8220
f 1993/10222/8221 1789/10223/8222 1987/10224/8223
f 1785/10225/8224 1789/10226/8225 1993/10227/8226
f 1817/10228/8227 1994/10229/8228 1812/10230/8229
f 1817/10231/8230 1995/10232/8231 1994/10233/8232
f 1822/10234/8233 1995/10235/8234 1817/10236/8235
f 1822/10237/8236 1996/10238/8237 1995/10239/8238
f 969/10240/8239 1996/10241/8240 1822/10242/8241
f 968/10243/8242 1996/10244/8243 969/10245/8244
f 968/10246/8245 1995/10247/8246 1996/10248/8247
f 1979/10249/8248 1995/10250/8249 968/10251/8250
f 1979/10252/8251 1994/10253/8252 1995/10254/8253
f 1978/10255/8254 1994/10256/8255 1979/10257/8256
f 1978/10258/8257 1812/10259/8258 1994/10260/8259
f 1865/10261/8260 1812/10262/8261 1978/10263/8262
f 1865/10264/8263 1807/10265/8264 1812/10266/8265
f 1866/10267/8266 1807/10268/8267 1865/10269/8268
f 1866/10270/8269 1980/10271/8270 1807/10272/8271
f 1864/10273/8272 1980/10274/8273 1866/10275/8274
f 1864/10276/8275 1982/10277/8276 1980/10278/8277
f 1977/10279/8278 1982/10280/8279 1864/10281/8280
f 1977/10282/8281 1867/10283/8282 1982/10284/8283
f 1976/10285/8284 1867/10286/8285 1977/10287/8286
f 1976/10288/8287 1870/10289/8288 1867/10290/8289
f 971/10291/8290 1870/10292/8291 1976/10293/8292
f 971/10294/8293 1971/10295/8294 1870/10296/8295
f 967/10297/8296 1971/10298/8297 971/10299/8298
f 967/10300/8299 1983/10301/8300 1971/10302/8301
f 965/10303/8302 1983/10304/8303 967/10305/8304
f 965/10306/8305 1989/10307/8306 1983/10308/8307
f 964/10309/8308 1989/10310/8309 965/10311/8310
f 962/10312/8311 1989/10313/8312 964/10314/8313
f 1963/10315/8314 1989/10316/8315 962/10317/8316
f 1963/10318/8317 1988/10319/8318 1989/10320/8319
f 1962/10321/8320 1988/10322/8321 1963/10323/8322
f 1962/10324/8323 1990/10325/8324 1988/10326/8325
f 1961/10327/8326 1990/10328/8327 1962/10329/8328
f 1961/10330/8329 1991/10331/8330 1990/10332/8331
f 1960/10333/8332 1991/10334/8333 1961/10335/8334
f 1960/10336/8335 1992/10337/8336 1991/10338/8337
f 1959/10339/8338 1992/10340/8339 1960/10341/8340
f 1959/10342/8341 1993/10343/8342 1992/10344/8343
f 1958/10345/8344 1993/10346/8345 1959/10347/8346
f 1958/10348/8347 1785/10349/8348 1993/10350/8349
f 1937/10351/8350 1785/10352/8351 1958/10353/8352
f 1937/10354/8353 1780/10355/8354 1785/10356/8355
f 1936/10357/8356 1780/10358/8357 1937/10359/8358
f 1765/10360/8359 1770/10361/8360 1997/10362/8361
f 1906/10363/8362 1997/10364/8363 1915/10365/8364
f 1906/10366/8365 1765/10367/8366 1997/10368/8367
f 1900/10369/8368 1765/10370/8369 1906/10371/8370
f 1900/10372/8371 1760/10373/8372 1765/10374/8373
f 1899/10375/8374 1760/10376/8375 1900/10377/8376
f 1899/10378/8377 1755/10379/8378 1760/10380/8379
f 1998/10381/8380 1755/10382/8381 1899/10383/8382
f 1999/10384/8383 1755/10385/8384 1998/10386/8385
f 1750/10387/8386 1755/10388/8387 1999/10389/8388
f 1913/10390/8389 1917/10391/8390 1914/10392/8391
f 1913/10393/8392 1905/10394/8393 1917/10395/8394
f 1912/10396/8395 1905/10397/8396 1913/10398/8397
f 1912/10399/8398 1901/10400/8399 1905/10401/8400
f 1911/10402/8401 1901/10403/8402 1912/10404/8403
f 1911/10405/8404 1899/10406/8405 1901/10407/8406
f 1910/10408/8407 1899/10409/8408 1911/10410/8409
f 1910/10411/8410 1998/10412/8411 1899/10413/8412
f 1909/10414/8413 1998/10415/8414 1910/10416/8415
f 1909/10417/8416 1999/10418/8417 1998/10419/8418
f 1908/10420/8419 1999/10421/8420 1909/10422/8421
f 1908/10423/8422 1750/10424/8423 1999/10425/8424
f 1887/10426/8425 1750/10427/8426 1908/10428/8427
f 1887/10429/8428 1745/10430/8429 1750/10431/8430
f 1874/10432/8431 1745/10433/8432 1887/10434/8433
f 1874/10435/8434 1740/10436/8435 1745/10437/8436
f 1876/10438/8437 1740/10439/8438 1874/10440/8439
f 2000/10441/8440 1736/10442/8441 1738/10443/8442
f 837/10444/8443 1736/10445/8444 2000/10446/8445
f 2001/10447/8446 836/10448/8447 2002/10449/8448
f 834/10450/8449 836/10451/8450 2001/10452/8451
f 2003/10453/8452 2001/10454/8453 2002/10455/8454
f 1872/10456/8455 2001/10457/8456 2003/10458/8457
f 1872/10459/8458 834/10460/8459 2001/10461/8460
f 1871/10462/8461 834/10463/8462 1872/10464/8463
f 1871/10465/8464 835/10466/8465 834/10467/8466
f 1873/10468/8467 835/10469/8468 1871/10470/8469
f 2004/10471/8470 835/10472/8471 1873/10473/8472
f 839/10474/8473 835/10475/8474 2004/10476/8475
f 2000/10477/8476 836/10478/8477 837/10479/8478
f 2000/10480/8479 2002/10481/8480 836/10482/8481
f 1738/10483/8482 2002/10484/8483 2000/10485/8484
f 1738/10486/8485 2003/10487/8486 2002/10488/8487
f 1740/10489/8488 2003/10490/8489 1738/10491/8490
f 1876/10492/8491 2003/10493/8492 1740/10494/8493
f 1876/10495/8494 1872/10496/8495 2003/10497/8496
f 1875/10498/8497 1872/10499/8498 1876/10500/8499
f 1875/10501/8500 1873/10502/8501 1872/10503/8502
f 1878/10504/8503 1873/10505/8504 1875/10506/8505
f 1878/10507/8506 2004/10508/8507 1873/10509/8508
f 1880/10510/8509 2004/10511/8510 1878/10512/8511
f 1880/10513/8512 839/10514/8513 2004/10515/8514
f 1883/10516/8515 839/10517/8516 1880/10518/8517
f 1883/10519/8518 840/10520/8519 839/10521/8520
f 1882/10522/8521 840/10523/8522 1883/10524/8523
f 2005/10525/8524 843/10526/8525 841/10527/8526
f 844/10528/8527 843/10529/8528 2005/10530/8529
f 1897/10531/8530 844/10532/8531 2005/10533/8532
f 1893/10534/8533 844/10535/8534 1897/10536/8535
f 1893/10537/8536 846/10538/8537 844/10539/8538
f 1895/10540/8539 846/10541/8540 1893/10542/8541
f 1895/10543/8542 848/10544/8543 846/10545/8544
f 849/10546/8545 848/10547/8546 1895/10548/8547
f 375/10549/8548 376/10550/8549 851/10551/8550
f 2006/10552/8551 378/10553/8552 377/10554/8553
f 2006/10555/8554 2007/10556/8555 378/10557/8556
f 2008/10558/8557 2007/10559/8558 2006/10560/8559
f 2009/10561/8560 2008/10562/8561 2010/10563/8562
f 851/10564/8563 377/10565/8564 375/10566/8565
f 851/10567/8566 2006/10568/8567 377/10569/8568
f 849/10570/8569 2006/10571/8570 851/10572/8571
f 849/10573/8572 2008/10574/8573 2006/10575/8574
f 1895/10576/8575 2008/10577/8576 849/10578/8577
f 1895/10579/8578 2010/10580/8579 2008/10581/8580
f 1894/10582/8581 2010/10583/8582 1895/10584/8583
f 1894/10585/8584 2009/10586/8585 2010/10587/8586
f 1898/10588/8587 2009/10589/8588 1894/10590/8589
f 1898/10591/8590 2011/10592/8591 2009/10593/8592
f 2012/10594/8593 2011/10595/8594 1898/10596/8595
f 1921/10597/8596 2013/10598/8597 2014/10599/8598
f 1923/10600/8599 2013/10601/8600 1921/10602/8601
f 1923/10603/8602 2015/10604/8603 2013/10605/8604
f 1926/10606/8605 2015/10607/8606 1923/10608/8607
f 1926/10609/8608 2016/10610/8609 2015/10611/8610
f 1930/10612/8611 2016/10613/8612 1926/10614/8613
f 2017/10615/8614 2018/10616/8615 2019/10617/8616
f 1930/10618/8617 2020/10619/8618 2016/10620/8619
f 1930/10621/8620 2021/10622/8621 2020/10623/8622
f 1935/10624/8623 2021/10625/8624 1930/10626/8625
f 1935/10627/8626 2022/10628/8627 2021/10629/8628
f 1943/10630/8629 2022/10631/8630 1935/10632/8631
f 1943/10633/8632 2018/10634/8633 2022/10635/8634
f 1950/10636/8635 2018/10637/8636 1943/10638/8637
f 1950/10639/8638 2019/10640/8639 2018/10641/8640
f 2023/10642/8641 2019/10643/8642 1950/10644/8643
f 2023/10645/8644 2017/10646/8645 2019/10647/8646
f 2024/10648/8647 2017/10649/8648 2023/10650/8649
f 2025/10651/8650 2026/10652/8651 2027/10653/8652
f 2028/10654/8653 2026/10655/8654 2025/10656/8655
f 2029/10657/8656 2028/10658/8657 2030/10659/8658
f 1882/10660/8659 841/10661/8660 840/10662/8661
f 1882/10663/8662 2005/10664/8663 841/10665/8664
f 1885/10666/8665 2005/10667/8666 1882/10668/8667
f 1885/10669/8668 1897/10670/8669 2005/10671/8670
f 1902/10672/8671 1897/10673/8672 1885/10674/8673
f 1902/10675/8674 1896/10676/8675 1897/10677/8676
f 1918/10678/8677 1896/10679/8678 1902/10680/8679
f 1918/10681/8680 1898/10682/8681 1896/10683/8682
f 1919/10684/8683 1898/10685/8684 1918/10686/8685
f 1919/10687/8686 2012/10688/8687 1898/10689/8688
f 1920/10690/8689 2012/10691/8690 1919/10692/8691
f 1920/10693/8692 2014/10694/8693 2012/10695/8694
f 1914/10696/8695 2014/10697/8696 1920/10698/8697
f 1914/10699/8698 1921/10700/8699 2014/10701/8700
f 1917/10702/8701 1921/10703/8702 1914/10704/8703
f 1917/10705/8704 1922/10706/8705 1921/10707/8706
f 1916/10708/8707 1922/10709/8708 1917/10710/8709
f 1916/10711/8710 1925/10712/8711 1922/10713/8712
f 1915/10714/8713 1925/10715/8714 1916/10716/8715
f 1915/10717/8716 1928/10718/8717 1925/10719/8718
f 1997/10720/8719 1928/10721/8720 1915/10722/8721
f 1997/10723/8722 1932/10724/8723 1928/10725/8724
f 1770/10726/8725 1932/10727/8726 1997/10728/8727
f 1770/10729/8728 1939/10730/8729 1932/10731/8730
f 1775/10732/8731 1939/10733/8732 1770/10734/8733
f 1775/10735/8734 1946/10736/8735 1939/10737/8736
f 1780/10738/8737 1946/10739/8738 1775/10740/8739
f 1936/10741/8740 1946/10742/8738 1780/10743/8737
f 1936/10744/8741 1947/10745/7962 1946/10746/7964
f 1938/10747/8742 1947/10748/8743 1936/10749/8744
f 1938/10750/8745 1948/10751/8746 1947/10752/8747
f 1945/10753/8748 1948/10754/8749 1938/10755/8750
f 1945/10756/8751 1949/10757/8752 1948/10758/8753
f 1952/10759/8754 1949/10760/8755 1945/10761/8756
f 1952/10762/8757 1950/10763/8758 1949/10764/8759
f 1954/10765/8760 1950/10766/8761 1952/10767/8762
f 1954/10768/8763 2023/10769/8764 1950/10770/8765
f 1956/10771/8766 2023/10772/8767 1954/10773/8768
f 1956/10774/8769 2024/10775/8770 2023/10776/8771
f 1967/10777/8772 2024/10778/8773 1956/10779/8774
f 1967/10780/8775 2027/10781/8776 2024/10782/8777
f 1966/10783/8778 2027/10784/8779 1967/10785/8780
f 1966/10786/8781 2025/10787/8782 2027/10788/8783
f 1965/10789/8784 2025/10790/8785 1966/10791/8786
f 1965/10792/8787 2028/10793/8788 2025/10794/8789
f 957/10795/8790 2028/10796/8791 1965/10797/8792
f 957/10798/8793 2030/10799/8794 2028/10800/8795
f 955/10801/8796 2030/10802/8797 957/10803/8798
f 357/10804/8799 2030/10805/8800 955/10806/8801
f 357/10807/8802 2029/10808/8803 2030/10809/8804
f 358/10810/8805 2029/10811/8806 357/10812/8807
f 2029/10813/8808 358/10814/8809 359/10815/8810
f 359/10816/8811 2028/10817/8812 2029/10818/8813
f 359/10819/8814 2026/10820/8815 2028/10821/8816
f 360/10822/8817 2026/10823/8818 359/10824/8819
f 360/10825/8820 2027/10826/8821 2026/10827/8822
f 360/10828/8823 2024/10829/8824 2027/10830/8825
f 385/10831/8826 2024/10832/8827 360/10833/8828
f 385/10834/8829 2017/10835/8830 2024/10836/8831
f 385/10837/8832 2018/10838/8833 2017/10839/8834
f 384/10840/8835 2018/10841/8836 385/10842/8837
f 384/10843/8838 2022/10844/8839 2018/10845/8840
f 2021/10846/8841 2022/10847/8842 384/10848/8843
f 384/10849/8844 2020/10850/8845 2021/10851/8846
f 384/10852/8847 2016/10853/8848 2020/10854/8849
f 382/10855/8850 2016/10856/8851 384/10857/8852
f 382/10858/8853 2015/10859/8854 2016/10860/8855
f 382/10861/8856 2013/10862/8857 2015/10863/8858
f 381/10864/8859 2013/10865/8860 382/10866/8861
f 381/10867/8862 2014/10868/8863 2013/10869/8864
f 381/10870/8865 2012/10871/8866 2014/10872/8867
f 380/10873/8868 2012/10874/8869 381/10875/8870
f 380/10876/8871 2011/10877/8872 2012/10878/8873
f 380/10879/8874 2009/10880/8875 2011/10881/8876
f 379/10882/8877 2009/10883/8878 380/10884/8879
f 379/10885/8880 2008/10886/8881 2009/10887/8882
f 379/10888/8883 2007/10889/8884 2008/10890/8885
f 378/10891/8886 2007/10892/8887 379/10893/8888
# 2030 vertices
# 10893 texture params
# 8888 normals
# 4072 facets

# 1 groups
