# WaveFront *.obj file (generated by Autodesk ATF)

mtllib u2d2_mount.mtl

g u2d2_mount

v -174.674244 -19.444751 -3.118750
v -174.063492 -18.386902 1.881250
v -174.263492 -18.733310 1.881250
v -174.263492 -18.733310 7.881250
v -174.674244 -19.444751 7.881250
v -174.263492 -13.444750 1.881250
v -174.263492 -13.444750 7.881250
v -174.263492 -20.156188 1.881250
v -174.263492 -20.156188 7.881250
v -174.263492 -26.144748 7.881250
v -174.263492 -26.144748 1.881250
v -165.063496 -26.144748 7.881250
v -165.063496 -26.144748 1.881250
v -174.263492 28.970811 1.881250
v -174.263492 28.970811 7.881250
v -174.263492 23.682251 7.881250
v -174.263492 23.682251 1.881250
v -174.063492 28.624403 1.881250
v -174.674244 29.682250 -3.118750
v -174.674244 29.682250 7.881250
v -171.063499 23.682251 1.881250
v -170.209618 23.743322 1.881250
v -169.373112 23.925292 1.881250
v -168.571014 24.224458 1.881250
v -167.819653 24.634731 1.881250
v -167.134342 25.147755 1.881250
v -166.529007 25.753088 1.881250
v -166.015987 26.438406 1.881250
v -165.605717 27.189763 1.881250
v -165.306549 27.991855 1.881250
v -165.124569 28.828363 1.881250
v -165.063496 29.682250 1.881250
v -165.063496 32.382250 1.881250
v -169.011591 32.382250 1.881250
v -168.896122 32.182250 1.881250
v -167.452755 29.682250 1.881250
v -169.258118 26.555252 1.881250
v -172.868881 26.555252 1.881250
v -174.263492 30.393690 7.881250
v -174.263492 30.393690 1.881250
v -174.263492 32.382250 1.881250
v -174.263492 32.382250 7.881250
v -174.063492 30.740099 1.881250
v -173.230877 32.182250 1.881250
v -173.115408 32.382250 1.881250
v -172.868881 32.809253 -3.118750
v -172.868881 32.809253 7.881250
v -173.115408 32.382250 7.881250
v -169.011591 32.382250 7.881250
v -165.063496 32.382250 7.881250
v -130.988400 32.382250 1.881250
v -130.988400 32.382250 7.881250
v -134.936504 32.382250 7.881250
v -134.936504 32.382250 1.881250
v -127.131128 32.809253 -3.118750
v -126.769123 32.182250 1.881250
v -126.884595 32.382250 1.881250
v -126.884595 32.382250 7.881250
v -127.131128 32.809253 7.881250
v -125.736499 32.382250 1.881250
v -125.736499 32.382250 7.881250
v -125.936499 30.740099 1.881250
v -125.736499 30.393690 1.881250
v -125.736499 30.393690 7.881250
v -125.325747 29.682250 7.881250
v -125.736499 28.970811 7.881250
v -125.736499 23.682251 7.881250
v -124.600000 23.682251 7.881250
v -124.600000 33.182251 7.881250
v -124.634075 33.441072 7.881250
v -124.733973 33.682251 7.881250
v -124.892893 33.889358 7.881250
v -125.100002 34.048276 7.881250
v -125.341177 34.148178 7.881250
v -125.599995 34.182250 7.881250
v -134.936504 34.182250 7.881250
v -130.741873 32.809253 7.881250
v -125.325747 29.682250 -3.118750
v -125.936499 28.624403 1.881250
v -125.736499 28.970811 1.881250
v -125.736499 23.682251 1.881250
v -169.258118 -16.317751 -3.118750
v -172.868881 -16.317751 -3.118750
v -172.868881 -22.571750 -3.118750
v -169.258118 -22.571750 -3.118750
v -167.452755 -19.444751 -3.118750
v -140.314703 -36.602516 -7.881250
v -140.314703 -36.602516 -3.118750
v -140.527887 -37.258642 -3.118750
v -140.527887 -37.258642 -7.881250
v -139.969759 -36.005058 -7.881250
v -139.969759 -36.005058 -3.118750
v -139.508133 -35.492373 -7.881250
v -139.508133 -35.492373 -3.118750
v -138.950005 -35.086865 -7.881250
v -138.950005 -35.086865 -3.118750
v -138.319759 -34.806263 -7.881250
v -138.319759 -34.806263 -3.118750
v -137.644939 -34.662828 -7.881250
v -137.644939 -34.662828 -3.118750
v -136.955051 -34.662828 -7.881250
v -136.955051 -34.662828 -3.118750
v -136.280241 -34.806263 -7.881250
v -136.280241 -34.806263 -3.118750
v -135.649996 -35.086865 -7.881250
v -135.649996 -35.086865 -3.118750
v -135.091867 -35.492373 -7.881250
v -135.091867 -35.492373 -3.118750
v -134.630241 -36.005058 -7.881250
v -134.630241 -36.005058 -3.118750
v -134.285297 -36.602516 -7.881250
v -134.285297 -36.602516 -3.118750
v -134.072113 -37.258642 -7.881250
v -134.072113 -37.258642 -3.118750
v -133.999996 -37.944748 -7.881250
v -133.999996 -37.944748 -3.118750
v -134.072113 -38.630860 -7.881250
v -134.072113 -38.630860 -3.118750
v -134.285297 -39.286983 -7.881250
v -134.285297 -39.286983 -3.118750
v -134.630241 -39.884441 -7.881250
v -134.630241 -39.884441 -3.118750
v -135.091867 -40.397129 -7.881250
v -135.091867 -40.397129 -3.118750
v -135.649996 -40.802636 -7.881250
v -135.649996 -40.802636 -3.118750
v -136.280241 -41.083241 -7.881250
v -136.280241 -41.083241 -3.118750
v -136.955051 -41.226673 -7.881250
v -136.955051 -41.226673 -3.118750
v -137.644939 -41.226673 -7.881250
v -137.644939 -41.226673 -3.118750
v -138.319759 -41.083241 -7.881250
v -138.319759 -41.083241 -3.118750
v -138.950005 -40.802636 -7.881250
v -138.950005 -40.802636 -3.118750
v -139.508133 -40.397129 -7.881250
v -139.508133 -40.397129 -3.118750
v -139.969759 -39.884441 -7.881250
v -139.969759 -39.884441 -3.118750
v -140.314703 -39.286983 -7.881250
v -140.314703 -39.286983 -3.118750
v -140.527887 -38.630860 -7.881250
v -140.527887 -38.630860 -3.118750
v -140.600004 -37.944748 -7.881250
v -140.600004 -37.944748 -3.118750
v -140.314703 45.524483 -7.881250
v -140.314703 45.524483 -3.118750
v -140.527887 44.868360 -3.118750
v -140.527887 44.868360 -7.881250
v -139.969759 46.121941 -7.881250
v -139.969759 46.121941 -3.118750
v -139.508133 46.634626 -7.881250
v -139.508133 46.634626 -3.118750
v -138.950005 47.040133 -7.881250
v -138.950005 47.040133 -3.118750
v -138.319759 47.320738 -7.881250
v -138.319759 47.320738 -3.118750
v -137.644939 47.464170 -7.881250
v -137.644939 47.464170 -3.118750
v -136.955051 47.464170 -7.881250
v -136.955051 47.464170 -3.118750
v -136.280241 47.320738 -7.881250
v -136.280241 47.320738 -3.118750
v -135.649996 47.040133 -7.881250
v -135.649996 47.040133 -3.118750
v -135.091867 46.634626 -7.881250
v -135.091867 46.634626 -3.118750
v -134.630241 46.121941 -7.881250
v -134.630241 46.121941 -3.118750
v -134.285297 45.524483 -7.881250
v -134.285297 45.524483 -3.118750
v -134.072113 44.868360 -7.881250
v -134.072113 44.868360 -3.118750
v -133.999996 44.182248 -7.881250
v -133.999996 44.182248 -3.118750
v -134.072113 43.496141 -7.881250
v -134.072113 43.496141 -3.118750
v -134.285297 42.840018 -7.881250
v -134.285297 42.840018 -3.118750
v -134.630241 42.242560 -7.881250
v -134.630241 42.242560 -3.118750
v -135.091867 41.729875 -7.881250
v -135.091867 41.729875 -3.118750
v -135.649996 41.324368 -7.881250
v -135.649996 41.324368 -3.118750
v -136.280241 41.043763 -7.881250
v -136.280241 41.043763 -3.118750
v -136.955051 40.900331 -7.881250
v -136.955051 40.900331 -3.118750
v -137.644939 40.900331 -7.881250
v -137.644939 40.900331 -3.118750
v -138.319759 41.043763 -7.881250
v -138.319759 41.043763 -3.118750
v -138.950005 41.324368 -7.881250
v -138.950005 41.324368 -3.118750
v -139.508133 41.729875 -7.881250
v -139.508133 41.729875 -3.118750
v -139.969759 42.242560 -7.881250
v -139.969759 42.242560 -3.118750
v -140.314703 42.840018 -7.881250
v -140.314703 42.840018 -3.118750
v -140.527887 43.496141 -7.881250
v -140.527887 43.496141 -3.118750
v -140.600004 44.182248 -7.881250
v -140.600004 44.182248 -3.118750
v -165.714703 45.524483 -7.881250
v -165.714703 45.524483 -3.118750
v -165.927887 44.868360 -3.118750
v -165.927887 44.868360 -7.881250
v -165.369759 46.121941 -7.881250
v -165.369759 46.121941 -3.118750
v -164.908123 46.634626 -7.881250
v -164.908123 46.634626 -3.118750
v -164.349995 47.040133 -7.881250
v -164.349995 47.040133 -3.118750
v -163.719749 47.320738 -7.881250
v -163.719749 47.320738 -3.118750
v -163.044949 47.464170 -7.881250
v -163.044949 47.464170 -3.118750
v -162.355061 47.464170 -7.881250
v -162.355061 47.464170 -3.118750
v -161.680241 47.320738 -7.881250
v -161.680241 47.320738 -3.118750
v -161.049995 47.040133 -7.881250
v -161.049995 47.040133 -3.118750
v -160.491867 46.634626 -7.881250
v -160.491867 46.634626 -3.118750
v -160.030251 46.121941 -7.881250
v -160.030251 46.121941 -3.118750
v -159.685297 45.524483 -7.881250
v -159.685297 45.524483 -3.118750
v -159.472113 44.868360 -7.881250
v -159.472113 44.868360 -3.118750
v -159.399996 44.182248 -7.881250
v -159.399996 44.182248 -3.118750
v -159.472113 43.496141 -7.881250
v -159.472113 43.496141 -3.118750
v -159.685297 42.840018 -7.881250
v -159.685297 42.840018 -3.118750
v -160.030251 42.242560 -7.881250
v -160.030251 42.242560 -3.118750
v -160.491867 41.729875 -7.881250
v -160.491867 41.729875 -3.118750
v -161.049995 41.324368 -7.881250
v -161.049995 41.324368 -3.118750
v -161.680241 41.043763 -7.881250
v -161.680241 41.043763 -3.118750
v -162.355061 40.900331 -7.881250
v -162.355061 40.900331 -3.118750
v -163.044949 40.900331 -7.881250
v -163.044949 40.900331 -3.118750
v -163.719749 41.043763 -7.881250
v -163.719749 41.043763 -3.118750
v -164.349995 41.324368 -7.881250
v -164.349995 41.324368 -3.118750
v -164.908123 41.729875 -7.881250
v -164.908123 41.729875 -3.118750
v -165.369759 42.242560 -7.881250
v -165.369759 42.242560 -3.118750
v -165.714703 42.840018 -7.881250
v -165.714703 42.840018 -3.118750
v -165.927887 43.496141 -7.881250
v -165.927887 43.496141 -3.118750
v -166.000004 44.182248 -7.881250
v -166.000004 44.182248 -3.118750
v -165.714703 -36.602516 -7.881250
v -165.714703 -36.602516 -3.118750
v -165.927887 -37.258642 -3.118750
v -165.927887 -37.258642 -7.881250
v -165.369759 -36.005058 -7.881250
v -165.369759 -36.005058 -3.118750
v -164.908123 -35.492373 -7.881250
v -164.908123 -35.492373 -3.118750
v -164.349995 -35.086865 -7.881250
v -164.349995 -35.086865 -3.118750
v -163.719749 -34.806263 -7.881250
v -163.719749 -34.806263 -3.118750
v -163.044949 -34.662828 -7.881250
v -163.044949 -34.662828 -3.118750
v -162.355061 -34.662828 -7.881250
v -162.355061 -34.662828 -3.118750
v -161.680241 -34.806263 -7.881250
v -161.680241 -34.806263 -3.118750
v -161.049995 -35.086865 -7.881250
v -161.049995 -35.086865 -3.118750
v -160.491867 -35.492373 -7.881250
v -160.491867 -35.492373 -3.118750
v -160.030251 -36.005058 -7.881250
v -160.030251 -36.005058 -3.118750
v -159.685297 -36.602516 -7.881250
v -159.685297 -36.602516 -3.118750
v -159.472113 -37.258642 -7.881250
v -159.472113 -37.258642 -3.118750
v -159.399996 -37.944748 -7.881250
v -159.399996 -37.944748 -3.118750
v -159.472113 -38.630860 -7.881250
v -159.472113 -38.630860 -3.118750
v -159.685297 -39.286983 -7.881250
v -159.685297 -39.286983 -3.118750
v -160.030251 -39.884441 -7.881250
v -160.030251 -39.884441 -3.118750
v -160.491867 -40.397129 -7.881250
v -160.491867 -40.397129 -3.118750
v -161.049995 -40.802636 -7.881250
v -161.049995 -40.802636 -3.118750
v -161.680241 -41.083241 -7.881250
v -161.680241 -41.083241 -3.118750
v -162.355061 -41.226673 -7.881250
v -162.355061 -41.226673 -3.118750
v -163.044949 -41.226673 -7.881250
v -163.044949 -41.226673 -3.118750
v -163.719749 -41.083241 -7.881250
v -163.719749 -41.083241 -3.118750
v -164.349995 -40.802636 -7.881250
v -164.349995 -40.802636 -3.118750
v -164.908123 -40.397129 -7.881250
v -164.908123 -40.397129 -3.118750
v -165.369759 -39.884441 -7.881250
v -165.369759 -39.884441 -3.118750
v -165.714703 -39.286983 -7.881250
v -165.714703 -39.286983 -3.118750
v -165.927887 -38.630860 -7.881250
v -165.927887 -38.630860 -3.118750
v -166.000004 -37.944748 -7.881250
v -166.000004 -37.944748 -3.118750
v -130.741873 -22.571750 -3.118750
v -127.131128 -22.571750 -3.118750
v -125.325747 -19.444751 -3.118750
v -127.131128 -16.317751 -3.118750
v -130.741873 -16.317751 -3.118750
v -132.547245 -19.444751 -3.118750
v -169.258118 -22.571750 1.881250
v -172.868881 -22.571750 1.881250
v -174.063492 -20.502596 1.881250
v -165.063496 -19.444751 1.881250
v -165.124569 -18.590862 1.881250
v -165.306549 -17.754356 1.881250
v -165.605717 -16.952261 1.881250
v -166.015987 -16.200905 1.881250
v -166.529007 -15.515587 1.881250
v -167.134342 -14.910253 1.881250
v -167.819653 -14.397230 1.881250
v -168.571014 -13.986957 1.881250
v -169.373112 -13.687792 1.881250
v -170.209618 -13.505821 1.881250
v -171.063499 -13.444750 1.881250
v -172.868881 -16.317751 1.881250
v -169.258118 -16.317751 1.881250
v -167.452755 -19.444751 1.881250
v -170.209618 -13.505821 -3.118750
v -171.063499 -13.444750 -3.118750
v -169.373112 -13.687792 -3.118750
v -168.571014 -13.986957 -3.118750
v -167.819653 -14.397230 -3.118750
v -167.134342 -14.910253 -3.118750
v -166.529007 -15.515587 -3.118750
v -166.015987 -16.200905 -3.118750
v -165.605717 -16.952261 -3.118750
v -165.306549 -17.754356 -3.118750
v -165.124569 -18.590862 -3.118750
v -165.063496 -19.444751 -3.118750
v -165.063496 -27.944748 7.881250
v -165.063496 -27.944748 -3.118750
v -130.741873 26.555252 -3.118750
v -127.131128 26.555252 -3.118750
v -130.741873 32.809253 -3.118750
v -132.547245 29.682250 -3.118750
v -134.936504 34.182250 -3.118750
v -134.936504 29.682250 -3.118750
v -134.936504 29.682250 1.881250
v -129.790382 23.743322 1.881250
v -129.790382 23.743322 -3.118750
v -128.936501 23.682251 -3.118750
v -128.936501 23.682251 1.881250
v -130.626898 23.925292 1.881250
v -130.626898 23.925292 -3.118750
v -131.428986 24.224458 1.881250
v -131.428986 24.224458 -3.118750
v -132.180347 24.634731 1.881250
v -132.180347 24.634731 -3.118750
v -132.865667 25.147755 1.881250
v -132.865667 25.147755 -3.118750
v -133.470993 25.753088 1.881250
v -133.470993 25.753088 -3.118750
v -133.984022 26.438406 1.881250
v -133.984022 26.438406 -3.118750
v -134.394293 27.189763 1.881250
v -134.394293 27.189763 -3.118750
v -134.693460 27.991855 1.881250
v -134.693460 27.991855 -3.118750
v -134.875431 28.828363 1.881250
v -134.875431 28.828363 -3.118750
v -130.741873 26.555252 1.881250
v -127.131128 26.555252 1.881250
v -132.547245 29.682250 1.881250
v -169.258118 32.809253 -3.118750
v -172.868881 26.555252 -3.118750
v -169.258118 26.555252 -3.118750
v -167.452755 29.682250 -3.118750
v -134.936504 -26.144748 1.881250
v -125.736499 -26.144748 1.881250
v -125.736499 -20.156188 1.881250
v -125.936499 -20.502596 1.881250
v -127.131128 -22.571750 1.881250
v -130.741873 -22.571750 1.881250
v -132.547245 -19.444751 1.881250
v -130.741873 -16.317751 1.881250
v -127.131128 -16.317751 1.881250
v -125.936499 -18.386902 1.881250
v -125.736499 -18.733310 1.881250
v -125.736499 -13.444750 1.881250
v -128.936501 -13.444750 1.881250
v -129.790382 -13.505821 1.881250
v -130.626898 -13.687792 1.881250
v -131.428986 -13.986957 1.881250
v -132.180347 -14.397230 1.881250
v -132.865667 -14.910253 1.881250
v -133.470993 -15.515587 1.881250
v -133.984022 -16.200905 1.881250
v -134.394293 -16.952261 1.881250
v -134.693460 -17.754356 1.881250
v -134.875431 -18.590862 1.881250
v -134.936504 -19.444751 1.881250
v -134.875431 -18.590862 -3.118750
v -134.936504 -19.444751 -3.118750
v -134.693460 -17.754356 -3.118750
v -134.394293 -16.952261 -3.118750
v -133.984022 -16.200905 -3.118750
v -133.470993 -15.515587 -3.118750
v -132.865667 -14.910253 -3.118750
v -132.180347 -14.397230 -3.118750
v -131.428986 -13.986957 -3.118750
v -130.626898 -13.687792 -3.118750
v -129.790382 -13.505821 -3.118750
v -128.936501 -13.444750 -3.118750
v -134.936504 -27.944748 -3.118750
v -134.936504 -27.944748 7.881250
v -134.936504 -26.144748 7.881250
v -125.599995 -27.944748 7.881250
v -125.599995 -27.944748 -3.118750
v -125.736499 -13.444750 7.881250
v -124.600000 -13.444750 7.881250
v -124.600000 -13.444750 -4.118750
v -124.634075 -13.444750 -3.859931
v -124.733973 -13.444750 -3.618750
v -124.892893 -13.444750 -3.411643
v -125.100002 -13.444750 -3.252725
v -125.341177 -13.444750 -3.152824
v -125.599995 -13.444750 -3.118750
v -125.736499 -20.156188 7.881250
v -125.325747 -19.444751 7.881250
v -174.400005 44.182248 -3.118750
v -174.400005 34.182250 -3.118750
v -165.063496 34.182250 -3.118750
v -165.063496 29.682250 -3.118750
v -165.124569 28.828363 -3.118750
v -165.306549 27.991855 -3.118750
v -165.605717 27.189763 -3.118750
v -166.015987 26.438406 -3.118750
v -166.529007 25.753088 -3.118750
v -167.134342 25.147755 -3.118750
v -167.819653 24.634731 -3.118750
v -168.571014 24.224458 -3.118750
v -169.373112 23.925292 -3.118750
v -170.209618 23.743322 -3.118750
v -171.063499 23.682251 -3.118750
v -174.400005 23.682251 -3.118750
v -174.400005 -13.444750 -3.118750
v -174.400005 -27.944748 -3.118750
v -174.400005 -37.944748 -3.118750
v -174.334373 -39.029582 -3.118750
v -174.138470 -40.098596 -3.118750
v -173.815155 -41.136198 -3.118750
v -173.369102 -42.127261 -3.118750
v -172.806854 -43.057337 -3.118750
v -172.136593 -43.912859 -3.118750
v -171.368103 -44.681349 -3.118750
v -170.512581 -45.351610 -3.118750
v -169.582500 -45.913858 -3.118750
v -168.591442 -46.359897 -3.118750
v -167.553844 -46.683226 -3.118750
v -166.484833 -46.879129 -3.118750
v -165.400009 -46.944752 -3.118750
v -134.600000 -46.944752 -3.118750
v -133.515167 -46.879129 -3.118750
v -132.446156 -46.683226 -3.118750
v -131.408558 -46.359897 -3.118750
v -130.417490 -45.913858 -3.118750
v -129.487419 -45.351610 -3.118750
v -128.631897 -44.681349 -3.118750
v -127.863407 -43.912859 -3.118750
v -127.193146 -43.057337 -3.118750
v -126.630898 -42.127261 -3.118750
v -126.184855 -41.136198 -3.118750
v -125.861521 -40.098596 -3.118750
v -125.665617 -39.029582 -3.118750
v -125.599995 -37.944748 -3.118750
v -125.599995 23.682251 -3.118750
v -125.599995 34.182250 -3.118750
v -125.599995 44.182248 -3.118750
v -125.665617 45.267081 -3.118750
v -125.861521 46.336093 -3.118750
v -126.184855 47.373695 -3.118750
v -126.630898 48.364758 -3.118750
v -127.193146 49.294834 -3.118750
v -127.863407 50.150356 -3.118750
v -128.631897 50.918846 -3.118750
v -129.487419 51.589108 -3.118750
v -130.417490 52.151356 -3.118750
v -131.408558 52.597394 -3.118750
v -132.446156 52.920723 -3.118750
v -133.515167 53.116627 -3.118750
v -134.600000 53.182249 -3.118750
v -165.400009 53.182249 -3.118750
v -166.484833 53.116627 -3.118750
v -167.553844 52.920723 -3.118750
v -168.591442 52.597394 -3.118750
v -169.582500 52.151356 -3.118750
v -170.512581 51.589108 -3.118750
v -171.368103 50.918846 -3.118750
v -172.136593 50.150356 -3.118750
v -172.806854 49.294834 -3.118750
v -173.369102 48.364758 -3.118750
v -173.815155 47.373695 -3.118750
v -174.138470 46.336093 -3.118750
v -174.334373 45.267081 -3.118750
v -165.063496 34.182250 7.881250
v -174.400005 34.182250 7.881250
v -169.258118 32.809253 7.881250
v -175.400009 23.682251 -4.118750
v -175.365925 23.682251 -3.859931
v -175.266018 23.682251 -3.618750
v -175.107117 23.682251 -3.411643
v -174.899998 23.682251 -3.252725
v -174.658813 23.682251 -3.152824
v -175.400009 23.682251 7.881250
v -125.736499 -18.733310 7.881250
v -125.736499 -26.144748 7.881250
v -131.103868 32.182250 1.881250
v -125.341177 23.682251 -3.152824
v -125.100002 23.682251 -3.252725
v -124.892893 23.682251 -3.411643
v -124.733973 23.682251 -3.618750
v -124.634075 23.682251 -3.859931
v -124.600000 23.682251 -4.118750
v -174.658813 -13.444750 -3.152824
v -174.899998 -13.444750 -3.252725
v -175.107117 -13.444750 -3.411643
v -175.266018 -13.444750 -3.618750
v -175.365925 -13.444750 -3.859931
v -175.400009 -13.444750 -4.118750
v -175.400009 -13.444750 7.881250
v -175.365925 -27.203569 7.881250
v -175.266018 -27.444749 7.881250
v -175.107117 -27.651856 7.881250
v -174.899998 -27.810774 7.881250
v -174.658813 -27.910676 7.881250
v -174.400005 -27.944748 7.881250
v -175.400009 -26.944749 7.881250
v -134.600000 54.182248 -7.881250
v -133.394632 54.109340 -7.881250
v -132.206841 53.891668 -7.881250
v -131.053953 53.532410 -7.881250
v -129.952765 53.036809 -7.881250
v -128.919353 52.412090 -7.881250
v -127.968769 51.667356 -7.881250
v -127.114887 50.813479 -7.881250
v -126.370163 49.862900 -7.881250
v -125.745440 48.829479 -7.881250
v -125.249834 47.728300 -7.881250
v -124.890575 46.575408 -7.881250
v -124.672909 45.387616 -7.881250
v -124.600000 44.182248 -7.881250
v -124.600000 -37.944748 -7.881250
v -124.672909 -39.150116 -7.881250
v -124.890575 -40.337911 -7.881250
v -125.249834 -41.490803 -7.881250
v -125.745440 -42.591982 -7.881250
v -126.370163 -43.625402 -7.881250
v -127.114887 -44.575982 -7.881250
v -127.968769 -45.429859 -7.881250
v -128.919353 -46.174593 -7.881250
v -129.952765 -46.799312 -7.881250
v -131.053953 -47.294912 -7.881250
v -132.206841 -47.654171 -7.881250
v -133.394632 -47.871842 -7.881250
v -134.600000 -47.944751 -7.881250
v -165.400009 -47.944751 -7.881250
v -166.605377 -47.871842 -7.881250
v -167.793159 -47.654171 -7.881250
v -168.946056 -47.294912 -7.881250
v -170.047226 -46.799312 -7.881250
v -171.080647 -46.174593 -7.881250
v -172.031231 -45.429859 -7.881250
v -172.885113 -44.575982 -7.881250
v -173.629837 -43.625402 -7.881250
v -174.254570 -42.591982 -7.881250
v -174.750156 -41.490803 -7.881250
v -175.109425 -40.337911 -7.881250
v -175.327091 -39.150116 -7.881250
v -175.400009 -37.944748 -7.881250
v -175.400009 44.182248 -7.881250
v -175.327091 45.387616 -7.881250
v -175.109425 46.575408 -7.881250
v -174.750156 47.728300 -7.881250
v -174.254570 48.829479 -7.881250
v -173.629837 49.862900 -7.881250
v -172.885113 50.813479 -7.881250
v -172.031231 51.667356 -7.881250
v -171.080647 52.412090 -7.881250
v -170.047226 53.036809 -7.881250
v -168.946056 53.532410 -7.881250
v -167.793159 53.891668 -7.881250
v -166.605377 54.109340 -7.881250
v -165.400009 54.182248 -7.881250
v -175.327091 -39.150116 -4.118750
v -175.400009 -37.944748 -4.118750
v -175.109425 -40.337911 -4.118750
v -174.750156 -41.490803 -4.118750
v -174.254570 -42.591982 -4.118750
v -173.629837 -43.625402 -4.118750
v -172.885113 -44.575982 -4.118750
v -172.031231 -45.429859 -4.118750
v -171.080647 -46.174593 -4.118750
v -170.047226 -46.799312 -4.118750
v -168.946056 -47.294912 -4.118750
v -167.793159 -47.654171 -4.118750
v -166.605377 -47.871842 -4.118750
v -165.400009 -47.944751 -4.118750
v -134.600000 -47.944751 -4.118750
v -133.394632 -47.871842 -4.118750
v -132.206841 -47.654171 -4.118750
v -131.053953 -47.294912 -4.118750
v -129.952765 -46.799312 -4.118750
v -128.919353 -46.174593 -4.118750
v -127.968769 -45.429859 -4.118750
v -127.114887 -44.575982 -4.118750
v -126.370163 -43.625402 -4.118750
v -125.745440 -42.591982 -4.118750
v -125.249834 -41.490803 -4.118750
v -124.890575 -40.337911 -4.118750
v -124.672909 -39.150116 -4.118750
v -124.600000 -37.944748 -4.118750
v -125.341177 -37.944748 -3.152824
v -125.341177 -32.444749 -3.152824
v -125.100002 -37.944748 -3.252725
v -125.100002 -32.444749 -3.252725
v -124.892893 -37.944748 -3.411643
v -124.892893 -32.444749 -3.411643
v -124.733973 -37.944748 -3.618750
v -124.733973 -32.444749 -3.618750
v -124.634075 -37.944748 -3.859931
v -124.634075 -32.444749 -3.859931
v -124.600000 -26.944749 -4.118750
v -124.619217 -27.139840 -3.923660
v -124.676123 -27.327433 -3.736067
v -124.768524 -27.500319 -3.563180
v -124.892893 -27.651856 -3.411643
v -125.044432 -27.776220 -3.287280
v -125.217314 -27.868629 -3.194870
v -125.404911 -27.925534 -3.137965
v -125.501986 -27.939935 -3.123565
v -133.483973 -47.136064 -3.152824
v -132.384224 -46.934528 -3.152824
v -131.316776 -46.601896 -3.152824
v -130.297213 -46.143026 -3.152824
v -129.340391 -45.564609 -3.152824
v -128.460264 -44.875078 -3.152824
v -127.669678 -44.084482 -3.152824
v -126.980143 -43.204360 -3.152824
v -126.401720 -42.247539 -3.152824
v -125.942850 -41.227975 -3.152824
v -125.610228 -40.160532 -3.152824
v -125.408688 -39.060776 -3.152824
v -133.454905 -47.375484 -3.252725
v -132.326498 -47.168703 -3.252725
v -131.231251 -46.827407 -3.252725
v -130.185127 -46.356583 -3.252725
v -129.203386 -45.763102 -3.252725
v -128.300333 -45.055604 -3.252725
v -127.489147 -44.244418 -3.252725
v -126.781654 -43.341365 -3.252725
v -126.188164 -42.359624 -3.252725
v -125.717344 -41.313500 -3.252725
v -125.376053 -40.218248 -3.252725
v -125.169268 -39.089849 -3.252725
v -133.429937 -47.581081 -3.411643
v -132.276936 -47.369790 -3.411643
v -131.157808 -47.021055 -3.411643
v -130.088882 -46.539965 -3.411643
v -129.085732 -45.933542 -3.411643
v -128.162994 -45.210624 -3.411643
v -127.334127 -44.381757 -3.411643
v -126.611204 -43.459020 -3.411643
v -126.004782 -42.455869 -3.411643
v -125.523701 -41.386938 -3.411643
v -125.174961 -40.267816 -3.411643
v -124.963665 -39.114811 -3.411643
v -133.410778 -47.738843 -3.618750
v -132.238903 -47.524090 -3.618750
v -131.101456 -47.169647 -3.618750
v -130.015030 -46.680684 -3.618750
v -128.995457 -46.064329 -3.618750
v -128.057613 -45.329580 -3.618750
v -127.215176 -44.487138 -3.618750
v -126.480417 -43.549294 -3.618750
v -125.864067 -42.529726 -3.618750
v -125.375109 -41.443295 -3.618750
v -125.020657 -40.305848 -3.618750
v -124.805908 -39.133971 -3.618750
v -133.398743 -47.838016 -3.859931
v -132.214994 -47.621088 -3.859931
v -131.066036 -47.263055 -3.859931
v -129.968605 -46.769142 -3.859931
v -128.938713 -46.146550 -3.859931
v -127.991371 -45.404353 -3.859931
v -127.140398 -44.553385 -3.859931
v -126.398201 -43.606043 -3.859931
v -125.775614 -42.576151 -3.859931
v -125.281696 -41.478720 -3.859931
v -124.923668 -40.329752 -3.859931
v -124.706736 -39.146011 -3.859931
v -134.600000 -47.203569 -3.152824
v -134.600000 -47.444754 -3.252725
v -134.600000 -47.651858 -3.411643
v -134.600000 -47.810774 -3.618750
v -134.600000 -47.910681 -3.859931
v -165.400009 -47.810774 -3.618750
v -165.400009 -47.910681 -3.859931
v -165.400009 -47.651858 -3.411643
v -165.400009 -47.203569 -3.152824
v -165.400009 -47.444754 -3.252725
v -174.591312 -39.060776 -3.152824
v -174.389782 -40.160532 -3.152824
v -174.057140 -41.227975 -3.152824
v -173.598270 -42.247539 -3.152824
v -173.019867 -43.204360 -3.152824
v -172.330322 -44.084482 -3.152824
v -171.539726 -44.875078 -3.152824
v -170.659599 -45.564609 -3.152824
v -169.702797 -46.143026 -3.152824
v -168.683224 -46.601896 -3.152824
v -167.615776 -46.934528 -3.152824
v -166.516037 -47.136064 -3.152824
v -174.830742 -39.089849 -3.252725
v -174.623947 -40.218248 -3.252725
v -174.282646 -41.313500 -3.252725
v -173.811836 -42.359624 -3.252725
v -173.218346 -43.341365 -3.252725
v -172.510853 -44.244418 -3.252725
v -171.699657 -45.055604 -3.252725
v -170.796623 -45.763102 -3.252725
v -169.814873 -46.356583 -3.252725
v -168.768749 -46.827407 -3.252725
v -167.673492 -47.168703 -3.252725
v -166.545105 -47.375484 -3.252725
v -175.036335 -39.114811 -3.411643
v -174.825039 -40.267816 -3.411643
v -174.476299 -41.386938 -3.411643
v -173.995209 -42.455869 -3.411643
v -173.388786 -43.459020 -3.411643
v -172.665882 -44.381757 -3.411643
v -171.837006 -45.210624 -3.411643
v -170.914268 -45.933542 -3.411643
v -169.911118 -46.539965 -3.411643
v -168.842182 -47.021055 -3.411643
v -167.723064 -47.369790 -3.411643
v -166.570053 -47.581081 -3.411643
v -175.194092 -39.133971 -3.618750
v -174.979343 -40.305848 -3.618750
v -174.624901 -41.443295 -3.618750
v -174.135933 -42.529726 -3.618750
v -173.519573 -43.549294 -3.618750
v -172.784824 -44.487138 -3.618750
v -171.942387 -45.329580 -3.618750
v -171.004543 -46.064329 -3.618750
v -169.984970 -46.680684 -3.618750
v -168.898544 -47.169647 -3.618750
v -167.761097 -47.524090 -3.618750
v -166.589222 -47.738843 -3.618750
v -175.293255 -39.146011 -3.859931
v -175.076332 -40.329752 -3.859931
v -174.718304 -41.478720 -3.859931
v -174.224396 -42.576151 -3.859931
v -173.601799 -43.606043 -3.859931
v -172.859612 -44.553385 -3.859931
v -172.008629 -45.404353 -3.859931
v -171.061287 -46.146550 -3.859931
v -170.031395 -46.769142 -3.859931
v -168.933964 -47.263055 -3.859931
v -167.784996 -47.621088 -3.859931
v -166.601257 -47.838016 -3.859931
v -174.658813 -37.944748 -3.152824
v -174.899998 -37.944748 -3.252725
v -175.107117 -37.944748 -3.411643
v -175.266018 -37.944748 -3.618750
v -175.365925 -37.944748 -3.859931
v -175.365925 -32.444749 -3.859931
v -175.323887 -27.327433 -3.736067
v -175.380783 -27.139840 -3.923660
v -175.266018 -32.444749 -3.618750
v -175.231476 -27.500319 -3.563180
v -175.107117 -32.444749 -3.411643
v -175.107117 -27.651856 -3.411643
v -174.955578 -27.776220 -3.287280
v -174.899998 -32.444749 -3.252725
v -174.782677 -27.868629 -3.194870
v -174.658813 -32.444749 -3.152824
v -174.595089 -27.925534 -3.137965
v -174.498024 -27.939935 -3.123565
v -175.400009 -26.944749 -4.118750
v -124.672909 45.387616 -4.118750
v -124.600000 44.182248 -4.118750
v -124.890575 46.575408 -4.118750
v -125.249834 47.728300 -4.118750
v -125.745440 48.829479 -4.118750
v -126.370163 49.862900 -4.118750
v -127.114887 50.813479 -4.118750
v -127.968769 51.667356 -4.118750
v -128.919353 52.412090 -4.118750
v -129.952765 53.036809 -4.118750
v -131.053953 53.532410 -4.118750
v -132.206841 53.891668 -4.118750
v -133.394632 54.109340 -4.118750
v -134.600000 54.182248 -4.118750
v -165.400009 54.182248 -4.118750
v -166.605377 54.109340 -4.118750
v -167.793159 53.891668 -4.118750
v -168.946056 53.532410 -4.118750
v -170.047226 53.036809 -4.118750
v -171.080647 52.412090 -4.118750
v -172.031231 51.667356 -4.118750
v -172.885113 50.813479 -4.118750
v -173.629837 49.862900 -4.118750
v -174.254570 48.829479 -4.118750
v -174.750156 47.728300 -4.118750
v -175.109425 46.575408 -4.118750
v -175.327091 45.387616 -4.118750
v -175.400009 44.182248 -4.118750
v -174.658813 44.182248 -3.152824
v -174.658813 38.682251 -3.152824
v -174.899998 44.182248 -3.252725
v -174.899998 38.682251 -3.252725
v -175.107117 44.182248 -3.411643
v -175.107117 38.682251 -3.411643
v -175.266018 44.182248 -3.618750
v -175.266018 38.682251 -3.618750
v -175.365925 44.182248 -3.859931
v -175.365925 38.682251 -3.859931
v -175.400009 33.182251 -4.118750
v -175.380783 33.377342 -3.923660
v -175.323887 33.564935 -3.736067
v -175.231476 33.737822 -3.563180
v -175.107117 33.889358 -3.411643
v -174.955578 34.013722 -3.287280
v -174.782677 34.106131 -3.194870
v -174.595089 34.163036 -3.137965
v -174.498024 34.177437 -3.123565
v -166.516037 53.373561 -3.152824
v -167.615776 53.172026 -3.152824
v -168.683224 52.839394 -3.152824
v -169.702797 52.380524 -3.152824
v -170.659599 51.802106 -3.152824
v -171.539726 51.112576 -3.152824
v -172.330322 50.321980 -3.152824
v -173.019867 49.441857 -3.152824
v -173.598270 48.485036 -3.152824
v -174.057140 47.465472 -3.152824
v -174.389782 46.398029 -3.152824
v -174.591312 45.298276 -3.152824
v -166.545105 53.612981 -3.252725
v -167.673492 53.406200 -3.252725
v -168.768749 53.064904 -3.252725
v -169.814873 52.594080 -3.252725
v -170.796623 52.000599 -3.252725
v -171.699657 51.293101 -3.252725
v -172.510853 50.481915 -3.252725
v -173.218346 49.578862 -3.252725
v -173.811836 48.597121 -3.252725
v -174.282646 47.550998 -3.252725
v -174.623947 46.455746 -3.252725
v -174.830742 45.327349 -3.252725
v -166.570053 53.818579 -3.411643
v -167.723064 53.607287 -3.411643
v -168.842182 53.258553 -3.411643
v -169.911118 52.777462 -3.411643
v -170.914268 52.171040 -3.411643
v -171.837006 51.448121 -3.411643
v -172.665882 50.619254 -3.411643
v -173.388786 49.696517 -3.411643
v -173.995209 48.693366 -3.411643
v -174.476299 47.624435 -3.411643
v -174.825039 46.505313 -3.411643
v -175.036335 45.352311 -3.411643
v -166.589222 53.976340 -3.618750
v -167.761097 53.761587 -3.618750
v -168.898544 53.407145 -3.618750
v -169.984970 52.918181 -3.618750
v -171.004543 52.301826 -3.618750
v -171.942387 51.567078 -3.618750
v -172.784824 50.724635 -3.618750
v -173.519573 49.786792 -3.618750
v -174.135933 48.767223 -3.618750
v -174.624901 47.680793 -3.618750
v -174.979343 46.543345 -3.618750
v -175.194092 45.371470 -3.618750
v -166.601257 54.075513 -3.859931
v -167.784996 53.858585 -3.859931
v -168.933964 53.500552 -3.859931
v -170.031395 53.006639 -3.859931
v -171.061287 52.384048 -3.859931
v -172.008629 51.641850 -3.859931
v -172.859612 50.790882 -3.859931
v -173.601799 49.843540 -3.859931
v -174.224396 48.813648 -3.859931
v -174.718304 47.716217 -3.859931
v -175.076332 46.567249 -3.859931
v -175.293255 45.383511 -3.859931
v -165.400009 53.441067 -3.152824
v -165.400009 53.682251 -3.252725
v -165.400009 53.889356 -3.411643
v -165.400009 54.048271 -3.618750
v -165.400009 54.148178 -3.859931
v -134.600000 54.048271 -3.618750
v -134.600000 54.148178 -3.859931
v -134.600000 53.889356 -3.411643
v -134.600000 53.441067 -3.152824
v -134.600000 53.682251 -3.252725
v -125.408688 45.298276 -3.152824
v -125.610228 46.398029 -3.152824
v -125.942850 47.465472 -3.152824
v -126.401720 48.485036 -3.152824
v -126.980143 49.441857 -3.152824
v -127.669678 50.321980 -3.152824
v -128.460264 51.112576 -3.152824
v -129.340391 51.802106 -3.152824
v -130.297213 52.380524 -3.152824
v -131.316776 52.839394 -3.152824
v -132.384224 53.172026 -3.152824
v -133.483973 53.373561 -3.152824
v -125.169268 45.327349 -3.252725
v -125.376053 46.455746 -3.252725
v -125.717344 47.550998 -3.252725
v -126.188164 48.597121 -3.252725
v -126.781654 49.578862 -3.252725
v -127.489147 50.481915 -3.252725
v -128.300333 51.293101 -3.252725
v -129.203386 52.000599 -3.252725
v -130.185127 52.594080 -3.252725
v -131.231251 53.064904 -3.252725
v -132.326498 53.406200 -3.252725
v -133.454905 53.612981 -3.252725
v -124.963665 45.352311 -3.411643
v -125.174961 46.505313 -3.411643
v -125.523701 47.624435 -3.411643
v -126.004782 48.693366 -3.411643
v -126.611204 49.696517 -3.411643
v -127.334127 50.619254 -3.411643
v -128.162994 51.448121 -3.411643
v -129.085732 52.171040 -3.411643
v -130.088882 52.777462 -3.411643
v -131.157808 53.258553 -3.411643
v -132.276936 53.607287 -3.411643
v -133.429937 53.818579 -3.411643
v -124.805908 45.371470 -3.618750
v -125.020657 46.543345 -3.618750
v -125.375109 47.680793 -3.618750
v -125.864067 48.767223 -3.618750
v -126.480417 49.786792 -3.618750
v -127.215176 50.724635 -3.618750
v -128.057613 51.567078 -3.618750
v -128.995457 52.301826 -3.618750
v -130.015030 52.918181 -3.618750
v -131.101456 53.407145 -3.618750
v -132.238903 53.761587 -3.618750
v -133.410778 53.976340 -3.618750
v -124.706736 45.383511 -3.859931
v -124.923668 46.567249 -3.859931
v -125.281696 47.716217 -3.859931
v -125.775614 48.813648 -3.859931
v -126.398201 49.843540 -3.859931
v -127.140398 50.790882 -3.859931
v -127.991371 51.641850 -3.859931
v -128.938713 52.384048 -3.859931
v -129.968605 53.006639 -3.859931
v -131.066036 53.500552 -3.859931
v -132.214994 53.858585 -3.859931
v -133.398743 54.075513 -3.859931
v -125.341177 44.182248 -3.152824
v -125.100002 44.182248 -3.252725
v -124.892893 44.182248 -3.411643
v -124.733973 44.182248 -3.618750
v -124.634075 44.182248 -3.859931
v -124.634075 38.682251 -3.859931
v -124.676123 33.564935 -3.736067
v -124.619217 33.377342 -3.923660
v -124.733973 38.682251 -3.618750
v -124.768524 33.737822 -3.563180
v -124.892893 38.682251 -3.411643
v -124.892893 33.889358 -3.411643
v -125.044432 34.013722 -3.287280
v -125.100002 38.682251 -3.252725
v -125.217314 34.106131 -3.194870
v -125.341177 38.682251 -3.152824
v -125.404911 34.163036 -3.137965
v -125.501986 34.177437 -3.123565
v -124.600000 33.182251 -4.118750
v -125.100002 34.048276 -0.118750
v -125.341177 34.148178 -0.118750
v -124.892893 33.889358 -0.118750
v -124.733973 33.682251 -0.118750
v -124.634075 33.441072 -0.118750
v -124.600000 -26.944749 7.881250
v -125.341177 -27.910676 7.881250
v -125.100002 -27.810774 7.881250
v -124.892893 -27.651856 7.881250
v -124.733973 -27.444749 7.881250
v -124.634075 -27.203569 7.881250
v -124.733973 -27.444749 -0.118750
v -124.634075 -27.203569 -0.118750
v -124.892893 -27.651856 -0.118750
v -125.100002 -27.810774 -0.118750
v -125.341177 -27.910676 -0.118750
v -174.899998 -27.810774 -0.118750
v -174.658813 -27.910676 -0.118750
v -175.107117 -27.651856 -0.118750
v -175.266018 -27.444749 -0.118750
v -175.365925 -27.203569 -0.118750
v -175.400009 33.182251 7.881250
v -174.658813 34.148178 7.881250
v -174.899998 34.048276 7.881250
v -175.107117 33.889358 7.881250
v -175.266018 33.682251 7.881250
v -175.365925 33.441072 7.881250
v -175.266018 33.682251 -0.118750
v -175.365925 33.441072 -0.118750
v -175.107117 33.889358 -0.118750
v -174.899998 34.048276 -0.118750
v -174.658813 34.148178 -0.118750
vt 0.000000 0.000000 0.000000
vt -0.000000 -0.040000 0.000000
vt 0.500000 -0.122150 0.000000
vt -0.600000 -0.122150 0.000000
vt -0.600000 -0.040000 0.000000
vt 0.600000 0.494215 0.000000
vt 0.000000 0.494215 0.000000
vt 0.600000 -0.034641 0.000000
vt 0.000000 -0.034641 0.000000
vt 0.600000 0.578856 0.000000
vt 0.000000 0.578856 0.000000
vt 0.600000 -0.020000 0.000000
vt 0.000000 -0.020000 0.000000
vt 0.000000 0.000000 0.000000
vt -0.600000 0.000000 0.000000
vt 0.000000 -0.920000 0.000000
vt -0.600000 -0.920000 0.000000
vt 0.600000 0.528856 0.000000
vt 0.000000 0.528856 0.000000
vt 0.600000 0.000000 0.000000
vt 0.000000 0.000000 0.000000
vt 0.600000 -0.122150 0.000000
vt 1.100000 0.000000 0.000000
vt 0.600000 -0.082150 0.000000
vt 0.000000 0.000000 0.000000
vt 0.000000 -0.082150 0.000000
vt -0.681074 -0.071144 0.000000
vt -0.681074 -0.600000 0.000000
vt -0.661074 -0.105785 0.000000
vt -0.541613 -0.312700 0.000000
vt -0.361074 -0.600000 0.000000
vt -0.180536 -0.312700 0.000000
vt -0.275686 -0.593893 0.000000
vt -0.192036 -0.575696 0.000000
vt -0.111826 -0.545779 0.000000
vt -0.036690 -0.504752 0.000000
vt 0.031841 -0.453449 0.000000
vt 0.092375 -0.392916 0.000000
vt 0.143677 -0.324384 0.000000
vt 0.184704 -0.249249 0.000000
vt 0.000000 0.000000 0.000000
vt 0.214621 -0.169039 0.000000
vt 0.232819 -0.085389 0.000000
vt 0.238926 0.000000 0.000000
vt 0.238926 0.270000 0.000000
vt -0.144337 0.250000 0.000000
vt -0.155884 0.270000 0.000000
vt 0.000000 -0.178856 0.000000
vt 0.600000 -0.178856 0.000000
vt 0.000000 0.020000 0.000000
vt 0.600000 0.020000 0.000000
vt -0.103261 -0.178856 0.000000
vt -0.083261 -0.144215 0.000000
vt -0.103261 0.020000 0.000000
vt 0.000000 0.000000 0.000000
vt 0.011547 0.020000 0.000000
vt 0.600000 -0.072400 0.000000
vt 1.100000 0.000000 0.000000
vt 0.600000 -0.049306 0.000000
vt 0.000000 0.000000 0.000000
vt -0.000000 -0.049306 0.000000
vt 0.600000 0.094808 0.000000
vt 0.000000 0.094808 0.000000
vt 0.600000 -0.020000 0.000000
vt -0.000000 -0.020000 0.000000
vt 0.000000 -0.340244 0.000000
vt 0.600000 -0.340244 0.000000
vt 0.000000 0.054565 0.000000
vt 0.600000 0.054565 0.000000
vt 0.600000 0.394810 0.000000
vt 0.000000 0.394810 0.000000
vt 0.600000 0.000000 0.000000
vt 0.000000 0.000000 0.000000
vt 0.500000 -0.072400 0.000000
vt 0.500000 -0.049306 0.000000
vt 0.000000 0.000000 0.000000
vt 1.100000 0.000000 0.000000
vt 1.100000 -0.049306 0.000000
vt 0.000000 -0.094810 0.000000
vt 0.600000 -0.094810 0.000000
vt 0.000000 0.020000 0.000000
vt 0.600000 0.020000 0.000000
vt -0.011547 0.020000 0.000000
vt -0.000000 0.000000 0.000000
vt 0.103262 0.020000 0.000000
vt 0.083262 -0.144215 0.000000
vt 0.103262 -0.178856 0.000000
vt -0.094810 0.164215 0.000000
vt 0.020000 0.164215 0.000000
vt -0.119463 0.206915 0.000000
vt 0.033650 0.344215 0.000000
vt -0.480537 0.206915 0.000000
vt -0.900001 0.344215 0.000000
vt -0.505190 0.164215 0.000000
vt -0.900001 0.164215 0.000000
vt 0.020000 -0.034641 0.000000
vt 0.133650 0.244215 0.000000
vt 0.130242 0.270097 0.000000
vt 0.120253 0.294215 0.000000
vt 0.061075 -0.105785 0.000000
vt 0.133650 -0.705785 0.000000
vt 0.020000 -0.176929 0.000000
vt 0.020000 -0.705785 0.000000
vt 0.104361 0.314926 0.000000
vt 0.083650 0.330818 0.000000
vt 0.059532 0.340808 0.000000
vt -0.600000 -0.178856 0.000000
vt 0.000000 -0.178856 0.000000
vt -0.600000 0.020000 0.000000
vt 0.000000 0.020000 0.000000
vt 0.000000 0.000000 0.000000
vt 0.000000 0.040000 0.000000
vt -0.500000 0.122150 0.000000
vt 0.600000 0.122150 0.000000
vt 0.600000 0.040000 0.000000
vt -0.600000 -0.494215 0.000000
vt 0.000000 -0.494215 0.000000
vt -0.600000 0.034641 0.000000
vt 0.000000 0.034641 0.000000
vt -0.180536 0.312700 0.000000
vt -0.541613 0.312700 0.000000
vt 0.000000 0.000000 0.000000
vt -0.722149 0.000000 0.000000
vt -0.180536 -0.312700 0.000000
vt -0.541613 -0.312700 0.000000
vt 0.000000 0.068989 0.000000
vt -0.476250 0.068989 0.000000
vt 0.000000 0.000000 0.000000
vt -0.476250 0.000000 0.000000
vt 0.000000 0.068989 0.000000
vt -0.476250 0.068989 0.000000
vt 0.000000 0.000000 0.000000
vt -0.476250 0.000000 0.000000
vt 0.000000 0.068989 0.000000
vt -0.476250 0.068989 0.000000
vt 0.000000 0.000000 0.000000
vt -0.476250 0.000000 0.000000
vt 0.000000 0.068989 0.000000
vt -0.476250 0.068989 0.000000
vt 0.000000 0.000000 0.000000
vt -0.476250 0.000000 0.000000
vt 0.000000 0.068989 0.000000
vt -0.476250 0.068989 0.000000
vt 0.000000 0.000000 0.000000
vt -0.476250 0.000000 0.000000
vt 0.000000 0.068990 0.000000
vt -0.476250 0.068990 0.000000
vt 0.000000 0.000000 0.000000
vt -0.476250 0.000000 0.000000
vt 0.000000 0.068989 0.000000
vt -0.476250 0.068989 0.000000
vt 0.000000 0.000000 0.000000
vt -0.476250 0.000000 0.000000
vt 0.000000 0.068989 0.000000
vt -0.476250 0.068989 0.000000
vt 0.000000 0.000000 0.000000
vt -0.476250 0.000000 0.000000
vt 0.000000 0.068989 0.000000
vt -0.476250 0.068989 0.000000
vt 0.000000 0.000000 0.000000
vt -0.476250 0.000000 0.000000
vt 0.000000 -0.068989 0.000000
vt 0.476250 -0.068989 0.000000
vt 0.000000 0.000000 0.000000
vt 0.476250 0.000000 0.000000
vt 0.000000 -0.068989 0.000000
vt 0.476250 -0.068989 0.000000
vt 0.000000 0.000000 0.000000
vt 0.476250 0.000000 0.000000
vt 0.000000 -0.068989 0.000000
vt 0.476250 -0.068989 0.000000
vt 0.000000 0.000000 0.000000
vt 0.476250 0.000000 0.000000
vt 0.000000 -0.068989 0.000000
vt 0.476250 -0.068989 0.000000
vt 0.000000 0.000000 0.000000
vt 0.476250 0.000000 0.000000
vt 0.000000 -0.068989 0.000000
vt 0.476250 -0.068989 0.000000
vt 0.000000 0.000000 0.000000
vt 0.476250 0.000000 0.000000
vt 0.000000 -0.068989 0.000000
vt 0.476250 -0.068989 0.000000
vt 0.000000 0.000000 0.000000
vt 0.476250 0.000000 0.000000
vt 0.000000 -0.068989 0.000000
vt 0.476250 -0.068989 0.000000
vt 0.000000 0.000000 0.000000
vt 0.476250 0.000000 0.000000
vt 0.000000 -0.068989 0.000000
vt 0.476250 -0.068989 0.000000
vt 0.000000 0.000000 0.000000
vt 0.476250 0.000000 0.000000
vt 0.000000 -0.068989 0.000000
vt 0.476250 -0.068989 0.000000
vt 0.000000 0.000000 0.000000
vt 0.476250 0.000000 0.000000
vt 0.000000 -0.068989 0.000000
vt 0.476250 -0.068989 0.000000
vt 0.000000 0.000000 0.000000
vt 0.476250 0.000000 0.000000
vt 0.000000 -0.068989 0.000000
vt 0.476250 -0.068989 0.000000
vt 0.000000 0.000000 0.000000
vt 0.476250 0.000000 0.000000
vt 0.000000 -0.068989 0.000000
vt 0.476250 -0.068989 0.000000
vt 0.000000 0.000000 0.000000
vt 0.476250 0.000000 0.000000
vt 0.000000 -0.068989 0.000000
vt 0.476250 -0.068989 0.000000
vt 0.000000 0.000000 0.000000
vt 0.476250 0.000000 0.000000
vt 0.000000 -0.068989 0.000000
vt 0.476250 -0.068989 0.000000
vt 0.000000 0.000000 0.000000
vt 0.476250 0.000000 0.000000
vt 0.000000 -0.068989 0.000000
vt 0.476250 -0.068989 0.000000
vt 0.000000 0.000000 0.000000
vt 0.476250 0.000000 0.000000
vt 0.000000 0.068989 0.000000
vt -0.476250 0.068989 0.000000
vt 0.000000 0.000000 0.000000
vt -0.476250 0.000000 0.000000
vt 0.000000 0.068989 0.000000
vt -0.476250 0.068989 0.000000
vt 0.000000 0.000000 0.000000
vt -0.476250 0.000000 0.000000
vt 0.000000 0.068989 0.000000
vt -0.476250 0.068989 0.000000
vt 0.000000 0.000000 0.000000
vt -0.476250 0.000000 0.000000
vt 0.000000 0.068989 0.000000
vt -0.476250 0.068989 0.000000
vt 0.000000 0.000000 0.000000
vt -0.476250 0.000000 0.000000
vt 0.000000 0.068989 0.000000
vt -0.476250 0.068989 0.000000
vt 0.000000 0.000000 0.000000
vt -0.476250 0.000000 0.000000
vt 0.000000 0.068989 0.000000
vt -0.476250 0.068989 0.000000
vt 0.000000 0.000000 0.000000
vt -0.476250 0.000000 0.000000
vt 0.000000 0.068989 0.000000
vt -0.476250 0.068989 0.000000
vt 0.000000 0.000000 0.000000
vt -0.476250 0.000000 0.000000
vt 0.000000 0.068989 0.000000
vt -0.476250 0.068989 0.000000
vt 0.000000 0.000000 0.000000
vt -0.476250 0.000000 0.000000
vt 0.000000 0.068989 0.000000
vt -0.476250 0.068989 0.000000
vt 0.000000 0.000000 0.000000
vt -0.476250 0.000000 0.000000
vt 0.000000 0.068989 0.000000
vt -0.476250 0.068989 0.000000
vt 0.000000 0.000000 0.000000
vt -0.476250 0.000000 0.000000
vt 0.000000 0.068989 0.000000
vt -0.476250 0.068989 0.000000
vt 0.000000 0.000000 0.000000
vt -0.476250 0.000000 0.000000
vt 0.000000 0.068989 0.000000
vt -0.476250 0.068989 0.000000
vt 0.000000 0.000000 0.000000
vt -0.476250 0.000000 0.000000
vt 0.000000 0.068989 0.000000
vt -0.476250 0.068989 0.000000
vt 0.000000 0.000000 0.000000
vt -0.476250 0.000000 0.000000
vt 0.000000 0.068989 0.000000
vt -0.476250 0.068989 0.000000
vt 0.000000 0.000000 0.000000
vt -0.476250 0.000000 0.000000
vt 0.000000 0.068989 0.000000
vt -0.476250 0.068989 0.000000
vt 0.000000 0.000000 0.000000
vt -0.476250 0.000000 0.000000
vt 0.000000 -0.068989 0.000000
vt 0.476250 -0.068989 0.000000
vt 0.000000 0.000000 0.000000
vt 0.476250 0.000000 0.000000
vt 0.000000 -0.068989 0.000000
vt 0.476250 -0.068989 0.000000
vt 0.000000 0.000000 0.000000
vt 0.476250 0.000000 0.000000
vt 0.000000 -0.068989 0.000000
vt 0.476250 -0.068989 0.000000
vt 0.000000 0.000000 0.000000
vt 0.476250 0.000000 0.000000
vt 0.000000 -0.068989 0.000000
vt 0.476250 -0.068989 0.000000
vt 0.000000 0.000000 0.000000
vt 0.476250 0.000000 0.000000
vt 0.000000 -0.068989 0.000000
vt 0.476250 -0.068989 0.000000
vt 0.000000 0.000000 0.000000
vt 0.476250 0.000000 0.000000
vt 0.000000 -0.068989 0.000000
vt 0.476250 -0.068989 0.000000
vt 0.000000 0.000000 0.000000
vt 0.476250 0.000000 0.000000
vt 0.000000 -0.068989 0.000000
vt 0.476250 -0.068989 0.000000
vt 0.000000 0.000000 0.000000
vt 0.476250 0.000000 0.000000
vt 0.000000 -0.068989 0.000000
vt 0.476250 -0.068989 0.000000
vt 0.000000 0.000000 0.000000
vt 0.476250 0.000000 0.000000
vt 0.000000 -0.068989 0.000000
vt 0.476250 -0.068989 0.000000
vt 0.000000 0.000000 0.000000
vt 0.476250 0.000000 0.000000
vt 0.000000 -0.068989 0.000000
vt 0.476250 -0.068989 0.000000
vt 0.000000 0.000000 0.000000
vt 0.476250 0.000000 0.000000
vt 0.000000 -0.068989 0.000000
vt 0.476250 -0.068989 0.000000
vt 0.000000 0.000000 0.000000
vt 0.476250 0.000000 0.000000
vt 0.000000 -0.068989 0.000000
vt 0.476250 -0.068989 0.000000
vt 0.000000 0.000000 0.000000
vt 0.476250 0.000000 0.000000
vt 0.000000 -0.068989 0.000000
vt 0.476250 -0.068989 0.000000
vt 0.000000 0.000000 0.000000
vt 0.476250 0.000000 0.000000
vt 0.000000 -0.068989 0.000000
vt 0.476250 -0.068989 0.000000
vt 0.000000 0.000000 0.000000
vt 0.476250 0.000000 0.000000
vt 0.000000 -0.068989 0.000000
vt 0.476250 -0.068989 0.000000
vt 0.000000 0.000000 0.000000
vt 0.476250 0.000000 0.000000
vt 0.000000 0.068989 0.000000
vt -0.476250 0.068989 0.000000
vt 0.000000 0.000000 0.000000
vt -0.476250 0.000000 0.000000
vt 0.000000 0.068989 0.000000
vt -0.476250 0.068989 0.000000
vt 0.000000 0.000000 0.000000
vt -0.476250 0.000000 0.000000
vt 0.000000 0.068989 0.000000
vt -0.476250 0.068989 0.000000
vt 0.000000 0.000000 0.000000
vt -0.476250 0.000000 0.000000
vt 0.000000 0.068989 0.000000
vt -0.476250 0.068989 0.000000
vt 0.000000 0.000000 0.000000
vt -0.476250 0.000000 0.000000
vt 0.000000 0.068989 0.000000
vt -0.476250 0.068989 0.000000
vt 0.000000 0.000000 0.000000
vt -0.476250 0.000000 0.000000
vt 0.000000 0.068989 0.000000
vt -0.476250 0.068989 0.000000
vt 0.000000 0.000000 0.000000
vt -0.476250 0.000000 0.000000
vt 0.000000 0.068989 0.000000
vt -0.476250 0.068989 0.000000
vt 0.000000 0.000000 0.000000
vt -0.476250 0.000000 0.000000
vt 0.000000 0.068989 0.000000
vt -0.476250 0.068989 0.000000
vt 0.000000 0.000000 0.000000
vt -0.476250 0.000000 0.000000
vt 0.000000 0.068989 0.000000
vt -0.476250 0.068989 0.000000
vt 0.000000 0.000000 0.000000
vt -0.476250 0.000000 0.000000
vt 0.000000 0.068989 0.000000
vt -0.476250 0.068989 0.000000
vt 0.000000 0.000000 0.000000
vt -0.476250 0.000000 0.000000
vt 0.000000 0.068989 0.000000
vt -0.476250 0.068989 0.000000
vt 0.000000 0.000000 0.000000
vt -0.476250 0.000000 0.000000
vt 0.000000 0.068988 0.000000
vt -0.476250 0.068988 0.000000
vt 0.000000 0.000000 0.000000
vt -0.476250 0.000000 0.000000
vt 0.000000 0.068989 0.000000
vt -0.476250 0.068989 0.000000
vt 0.000000 0.000000 0.000000
vt -0.476250 0.000000 0.000000
vt 0.000000 0.068989 0.000000
vt -0.476250 0.068989 0.000000
vt 0.000000 0.000000 0.000000
vt -0.476250 0.000000 0.000000
vt 0.000000 0.068989 0.000000
vt -0.476250 0.068989 0.000000
vt 0.000000 0.000000 0.000000
vt -0.476250 0.000000 0.000000
vt 0.000000 -0.068989 0.000000
vt 0.476250 -0.068989 0.000000
vt 0.000000 0.000000 0.000000
vt 0.476250 0.000000 0.000000
vt 0.000000 -0.068988 0.000000
vt 0.476250 -0.068988 0.000000
vt 0.000000 0.000000 0.000000
vt 0.476250 0.000000 0.000000
vt 0.000000 -0.068989 0.000000
vt 0.476250 -0.068989 0.000000
vt 0.000000 0.000000 0.000000
vt 0.476250 0.000000 0.000000
vt 0.000000 -0.068989 0.000000
vt 0.476250 -0.068989 0.000000
vt 0.000000 0.000000 0.000000
vt 0.476250 0.000000 0.000000
vt 0.000000 -0.068989 0.000000
vt 0.476250 -0.068989 0.000000
vt 0.000000 0.000000 0.000000
vt 0.476250 0.000000 0.000000
vt 0.000000 -0.068989 0.000000
vt 0.476250 -0.068989 0.000000
vt 0.000000 0.000000 0.000000
vt 0.476250 0.000000 0.000000
vt 0.000000 -0.068989 0.000000
vt 0.476250 -0.068989 0.000000
vt 0.000000 0.000000 0.000000
vt 0.476250 0.000000 0.000000
vt 0.000000 -0.068989 0.000000
vt 0.476250 -0.068989 0.000000
vt 0.000000 0.000000 0.000000
vt 0.476250 0.000000 0.000000
vt 0.000000 -0.068988 0.000000
vt 0.476250 -0.068988 0.000000
vt 0.000000 0.000000 0.000000
vt 0.476250 0.000000 0.000000
vt 0.000000 -0.068989 0.000000
vt 0.476250 -0.068989 0.000000
vt 0.000000 0.000000 0.000000
vt 0.476250 0.000000 0.000000
vt 0.000000 -0.068989 0.000000
vt 0.476250 -0.068989 0.000000
vt 0.000000 0.000000 0.000000
vt 0.476250 0.000000 0.000000
vt 0.000000 -0.068989 0.000000
vt 0.476250 -0.068989 0.000000
vt 0.000000 0.000000 0.000000
vt 0.476250 0.000000 0.000000
vt 0.000000 -0.068989 0.000000
vt 0.476250 -0.068989 0.000000
vt 0.000000 0.000000 0.000000
vt 0.476250 0.000000 0.000000
vt 0.000000 -0.068988 0.000000
vt 0.476250 -0.068988 0.000000
vt 0.000000 0.000000 0.000000
vt 0.476250 0.000000 0.000000
vt 0.000000 -0.068989 0.000000
vt 0.476250 -0.068989 0.000000
vt 0.000000 0.000000 0.000000
vt 0.476250 0.000000 0.000000
vt 0.000000 0.068989 0.000000
vt -0.476250 0.068989 0.000000
vt 0.000000 0.000000 0.000000
vt -0.476250 0.000000 0.000000
vt 0.000000 0.068989 0.000000
vt -0.476250 0.068989 0.000000
vt 0.000000 0.000000 0.000000
vt -0.476250 0.000000 0.000000
vt 0.000000 0.068989 0.000000
vt -0.476250 0.068989 0.000000
vt 0.000000 0.000000 0.000000
vt -0.476250 0.000000 0.000000
vt 0.000000 0.068989 0.000000
vt -0.476250 0.068989 0.000000
vt 0.000000 0.000000 0.000000
vt -0.476250 0.000000 0.000000
vt 0.000000 0.068989 0.000000
vt -0.476250 0.068989 0.000000
vt 0.000000 0.000000 0.000000
vt -0.476250 0.000000 0.000000
vt 0.000000 0.068989 0.000000
vt -0.476250 0.068989 0.000000
vt 0.000000 0.000000 0.000000
vt -0.476250 0.000000 0.000000
vt 0.000000 0.068989 0.000000
vt -0.476250 0.068989 0.000000
vt 0.000000 0.000000 0.000000
vt -0.476250 0.000000 0.000000
vt 0.000000 0.068989 0.000000
vt -0.476250 0.068989 0.000000
vt 0.000000 0.000000 0.000000
vt -0.476250 0.000000 0.000000
vt 0.000000 0.068989 0.000000
vt -0.476250 0.068989 0.000000
vt 0.000000 0.000000 0.000000
vt -0.476250 0.000000 0.000000
vt 0.000000 0.068989 0.000000
vt -0.476250 0.068989 0.000000
vt 0.000000 0.000000 0.000000
vt -0.476250 0.000000 0.000000
vt 0.000000 0.068989 0.000000
vt -0.476250 0.068989 0.000000
vt 0.000000 0.000000 0.000000
vt -0.476250 0.000000 0.000000
vt 0.000000 0.068988 0.000000
vt -0.476250 0.068988 0.000000
vt 0.000000 0.000000 0.000000
vt -0.476250 0.000000 0.000000
vt 0.000000 0.068989 0.000000
vt -0.476250 0.068989 0.000000
vt 0.000000 0.000000 0.000000
vt -0.476250 0.000000 0.000000
vt 0.000000 0.068990 0.000000
vt -0.476250 0.068990 0.000000
vt 0.000000 0.000000 0.000000
vt -0.476250 0.000000 0.000000
vt 0.000000 0.068989 0.000000
vt -0.476250 0.068989 0.000000
vt 0.000000 0.000000 0.000000
vt -0.476250 0.000000 0.000000
vt 0.000000 -0.068989 0.000000
vt 0.476250 -0.068989 0.000000
vt 0.000000 0.000000 0.000000
vt 0.476250 0.000000 0.000000
vt 0.000000 -0.068988 0.000000
vt 0.476250 -0.068988 0.000000
vt 0.000000 0.000000 0.000000
vt 0.476250 0.000000 0.000000
vt 0.000000 -0.068989 0.000000
vt 0.476250 -0.068989 0.000000
vt 0.000000 0.000000 0.000000
vt 0.476250 0.000000 0.000000
vt 0.000000 -0.068989 0.000000
vt 0.476250 -0.068989 0.000000
vt 0.000000 0.000000 0.000000
vt 0.476250 0.000000 0.000000
vt 0.000000 -0.068989 0.000000
vt 0.476250 -0.068989 0.000000
vt 0.000000 0.000000 0.000000
vt 0.476250 0.000000 0.000000
vt 0.000000 -0.068989 0.000000
vt 0.476250 -0.068989 0.000000
vt 0.000000 0.000000 0.000000
vt 0.476250 0.000000 0.000000
vt 0.000000 -0.068989 0.000000
vt 0.476250 -0.068989 0.000000
vt 0.000000 0.000000 0.000000
vt 0.476250 0.000000 0.000000
vt 0.000000 -0.068989 0.000000
vt 0.476250 -0.068989 0.000000
vt 0.000000 0.000000 0.000000
vt 0.476250 0.000000 0.000000
vt 0.000000 -0.068988 0.000000
vt 0.476250 -0.068988 0.000000
vt 0.000000 0.000000 0.000000
vt 0.476250 0.000000 0.000000
vt 0.000000 -0.068989 0.000000
vt 0.476250 -0.068989 0.000000
vt 0.000000 0.000000 0.000000
vt 0.476250 0.000000 0.000000
vt 0.000000 -0.068989 0.000000
vt 0.476250 -0.068989 0.000000
vt 0.000000 0.000000 0.000000
vt 0.476250 0.000000 0.000000
vt 0.000000 -0.068989 0.000000
vt 0.476250 -0.068989 0.000000
vt 0.000000 0.000000 0.000000
vt 0.476250 0.000000 0.000000
vt 0.000000 -0.068989 0.000000
vt 0.476250 -0.068989 0.000000
vt 0.000000 0.000000 0.000000
vt 0.476250 0.000000 0.000000
vt 0.000000 -0.068988 0.000000
vt 0.476250 -0.068988 0.000000
vt 0.000000 0.000000 0.000000
vt 0.476250 0.000000 0.000000
vt 0.000000 -0.068989 0.000000
vt 0.476250 -0.068989 0.000000
vt 0.000000 0.000000 0.000000
vt 0.476250 0.000000 0.000000
vt 0.000000 0.068989 0.000000
vt -0.476250 0.068989 0.000000
vt 0.000000 0.000000 0.000000
vt -0.476250 0.000000 0.000000
vt 0.000000 0.068990 0.000000
vt -0.476250 0.068990 0.000000
vt 0.000000 0.000000 0.000000
vt -0.476250 0.000000 0.000000
vt 0.000000 0.068989 0.000000
vt -0.476250 0.068989 0.000000
vt 0.000000 0.000000 0.000000
vt -0.476250 0.000000 0.000000
vt 0.000000 0.068989 0.000000
vt -0.476250 0.068989 0.000000
vt 0.000000 0.000000 0.000000
vt -0.476250 0.000000 0.000000
vt 0.000000 0.068989 0.000000
vt -0.476250 0.068989 0.000000
vt 0.000000 0.000000 0.000000
vt -0.476250 0.000000 0.000000
vt 0.000000 0.068989 0.000000
vt -0.476250 0.068989 0.000000
vt 0.000000 0.000000 0.000000
vt -0.476250 0.000000 0.000000
vt 0.180537 -0.312700 0.000000
vt 0.541612 -0.312700 0.000000
vt 0.000000 0.000000 0.000000
vt 0.722150 0.000000 0.000000
vt 0.541612 0.312700 0.000000
vt 0.180537 0.312700 0.000000
vt 0.119461 0.337300 0.000000
vt -0.020000 -0.020000 0.000000
vt 0.480537 0.337300 0.000000
vt 0.900000 -0.020000 0.000000
vt 0.661074 0.650000 0.000000
vt 0.900000 0.650000 0.000000
vt 0.893892 0.735389 0.000000
vt 0.000000 0.544215 0.000000
vt -0.020000 0.578856 0.000000
vt 0.875694 0.819039 0.000000
vt 0.845778 0.899249 0.000000
vt 0.804750 0.974384 0.000000
vt 0.753448 1.042916 0.000000
vt 0.480537 0.962700 0.000000
vt 0.692915 1.103449 0.000000
vt 0.624384 1.154752 0.000000
vt 0.549248 1.195779 0.000000
vt 0.469038 1.225696 0.000000
vt 0.385387 1.243893 0.000000
vt 0.299999 1.250000 0.000000
vt 0.119461 0.962700 0.000000
vt -0.020000 1.250000 0.000000
vt 0.000000 0.755785 0.000000
vt -0.020000 0.721144 0.000000
vt 0.000000 0.085606 0.000000
vt -0.500000 0.085606 0.000000
vt 0.000000 0.000000 0.000000
vt -0.500000 0.000000 0.000000
vt 0.500000 0.085607 0.000000
vt 0.000000 0.085607 0.000000
vt 0.500000 0.000000 0.000000
vt 0.000000 0.000000 0.000000
vt 0.500000 0.085607 0.000000
vt 0.000000 0.085607 0.000000
vt 0.500000 0.000000 0.000000
vt 0.000000 0.000000 0.000000
vt 0.500000 0.085608 0.000000
vt 0.000000 0.085608 0.000000
vt 0.500000 0.000000 0.000000
vt 0.000000 0.000000 0.000000
vt -0.500000 -0.085606 0.000000
vt 0.000000 -0.085606 0.000000
vt -0.500000 0.000000 0.000000
vt 0.000000 0.000000 0.000000
vt -0.500000 -0.085607 0.000000
vt 0.000000 -0.085607 0.000000
vt -0.500000 0.000000 0.000000
vt 0.000000 0.000000 0.000000
vt -0.500000 -0.085607 0.000000
vt 0.000000 -0.085607 0.000000
vt -0.500000 0.000000 0.000000
vt 0.000000 0.000000 0.000000
vt -0.500000 -0.085607 0.000000
vt 0.000000 -0.085607 0.000000
vt -0.500000 0.000000 0.000000
vt 0.000000 0.000000 0.000000
vt -0.500000 -0.085607 0.000000
vt 0.000000 -0.085607 0.000000
vt -0.500000 0.000000 0.000000
vt 0.000000 0.000000 0.000000
vt -0.500000 -0.085607 0.000000
vt 0.000000 -0.085607 0.000000
vt -0.500000 0.000000 0.000000
vt 0.000000 0.000000 0.000000
vt 0.000000 -0.085607 0.000000
vt 0.500000 -0.085607 0.000000
vt 0.000000 0.000000 0.000000
vt 0.500000 0.000000 0.000000
vt -0.600000 -0.020000 0.000000
vt -0.600000 -0.200000 0.000000
vt 0.000000 -0.020000 0.000000
vt 0.500000 -0.200000 0.000000
vt 0.500000 0.650000 0.000000
vt 0.000000 0.650000 0.000000
vt -0.500000 -0.361074 0.000000
vt 0.000000 -0.361074 0.000000
vt -0.500000 0.000000 0.000000
vt 0.000000 0.000000 0.000000
vt -0.500000 -0.361074 0.000000
vt 0.000000 -0.361074 0.000000
vt -0.500000 0.000000 0.000000
vt 0.000000 0.000000 0.000000
vt -0.500000 -0.361076 0.000000
vt 0.000000 -0.361076 0.000000
vt -0.500000 0.000000 0.000000
vt 0.000000 0.000000 0.000000
vt 0.500000 0.361076 0.000000
vt 0.000000 0.361076 0.000000
vt 0.500000 0.000000 0.000000
vt 0.000000 0.000000 0.000000
vt 0.180537 -0.312700 0.000000
vt 0.541612 -0.312700 0.000000
vt 0.000000 0.000000 0.000000
vt 0.722150 0.000000 0.000000
vt 0.541612 0.312700 0.000000
vt 0.180537 0.312700 0.000000
vt 0.600000 0.020000 0.000000
vt 0.600000 0.200000 0.000000
vt 0.000000 0.020000 0.000000
vt -0.500000 0.200000 0.000000
vt -0.500000 -0.250000 0.000000
vt 0.000000 -0.250000 0.000000
vt -0.000000 -0.085606 0.000000
vt 0.500000 -0.085606 0.000000
vt 0.000000 0.000000 0.000000
vt 0.500000 0.000000 0.000000
vt -0.500000 -0.085608 0.000000
vt -0.000000 -0.085608 0.000000
vt -0.500000 0.000000 0.000000
vt 0.000000 0.000000 0.000000
vt -0.500000 -0.085606 0.000000
vt -0.000000 -0.085606 0.000000
vt -0.500000 0.000000 0.000000
vt 0.000000 0.000000 0.000000
vt -0.500000 -0.085608 0.000000
vt -0.000000 -0.085608 0.000000
vt -0.500000 0.000000 0.000000
vt 0.000000 0.000000 0.000000
vt 0.500000 0.085607 0.000000
vt 0.000000 0.085607 0.000000
vt 0.500000 0.000000 0.000000
vt 0.000000 0.000000 0.000000
vt 0.500000 0.085606 0.000000
vt 0.000000 0.085606 0.000000
vt 0.500000 0.000000 0.000000
vt 0.000000 0.000000 0.000000
vt 0.500000 0.085607 0.000000
vt 0.000000 0.085607 0.000000
vt 0.500000 0.000000 0.000000
vt 0.000000 0.000000 0.000000
vt 0.500000 0.085607 0.000000
vt 0.000000 0.085607 0.000000
vt 0.500000 0.000000 0.000000
vt 0.000000 0.000000 0.000000
vt 0.500000 0.085607 0.000000
vt 0.000000 0.085607 0.000000
vt 0.500000 0.000000 0.000000
vt 0.000000 0.000000 0.000000
vt 0.500000 0.085607 0.000000
vt 0.000000 0.085607 0.000000
vt 0.500000 0.000000 0.000000
vt 0.000000 0.000000 0.000000
vt 0.000000 0.085607 0.000000
vt -0.500000 0.085607 0.000000
vt 0.000000 0.000000 0.000000
vt -0.500000 0.000000 0.000000
vt -0.500000 -0.361074 0.000000
vt 0.000000 -0.361074 0.000000
vt -0.500000 0.000000 0.000000
vt 0.000000 0.000000 0.000000
vt 0.500000 0.361075 0.000000
vt 0.000000 0.361075 0.000000
vt 0.500000 0.000000 0.000000
vt 0.000000 0.000000 0.000000
vt 1.100000 0.361074 0.000000
vt 0.000000 0.361074 0.000000
vt 1.100000 0.000000 0.000000
vt 0.000000 0.000000 0.000000
vt 0.000000 0.238925 0.000000
vt -0.500000 0.000000 0.000000
vt 0.000000 0.000000 0.000000
vt 0.500000 0.238925 0.000000
vt -0.000000 0.361075 0.000000
vt 0.000000 0.000000 0.000000
vt -0.180536 0.312700 0.000000
vt -0.541613 0.312700 0.000000
vt 0.000000 0.000000 0.000000
vt -0.722149 0.000000 0.000000
vt -0.180536 -0.312700 0.000000
vt -0.541613 -0.312700 0.000000
vt 0.020000 -0.020000 0.000000
vt -0.480537 0.337300 0.000000
vt -0.900001 -0.020000 0.000000
vt -0.661075 0.650000 0.000000
vt -0.900001 0.650000 0.000000
vt -0.893893 0.735389 0.000000
vt -0.875696 0.819039 0.000000
vt -0.845779 0.899249 0.000000
vt -0.804752 0.974384 0.000000
vt -0.753449 1.042916 0.000000
vt -0.480537 0.962700 0.000000
vt -0.692917 1.103449 0.000000
vt -0.624385 1.154752 0.000000
vt -0.549249 1.195779 0.000000
vt -0.469040 1.225696 0.000000
vt -0.385388 1.243893 0.000000
vt -0.300000 1.250000 0.000000
vt -0.119463 0.962700 0.000000
vt 0.020000 1.250000 0.000000
vt -0.000000 0.755785 0.000000
vt 0.020000 0.721144 0.000000
vt 0.020000 0.578856 0.000000
vt 0.000000 0.544215 0.000000
vt -0.119463 0.337300 0.000000
vt 0.000000 0.085607 0.000000
vt -0.500000 0.085607 0.000000
vt 0.000000 0.000000 0.000000
vt -0.500000 0.000000 0.000000
vt 0.500000 0.085607 0.000000
vt 0.000000 0.085607 0.000000
vt 0.500000 0.000000 0.000000
vt 0.000000 0.000000 0.000000
vt 0.500000 0.085607 0.000000
vt 0.000000 0.085607 0.000000
vt 0.500000 0.000000 0.000000
vt 0.000000 0.000000 0.000000
vt 0.500000 0.085607 0.000000
vt 0.000000 0.085607 0.000000
vt 0.500000 0.000000 0.000000
vt 0.000000 0.000000 0.000000
vt 0.500000 0.085607 0.000000
vt 0.000000 0.085607 0.000000
vt 0.500000 0.000000 0.000000
vt 0.000000 0.000000 0.000000
vt 0.500000 0.085607 0.000000
vt 0.000000 0.085607 0.000000
vt 0.500000 0.000000 0.000000
vt 0.000000 0.000000 0.000000
vt 0.500000 0.085607 0.000000
vt 0.000000 0.085607 0.000000
vt 0.500000 0.000000 0.000000
vt 0.000000 0.000000 0.000000
vt 0.500000 0.085608 0.000000
vt 0.000000 0.085608 0.000000
vt 0.500000 0.000000 0.000000
vt 0.000000 0.000000 0.000000
vt 0.500000 0.085606 0.000000
vt 0.000000 0.085606 0.000000
vt 0.500000 0.000000 0.000000
vt 0.000000 0.000000 0.000000
vt 0.500000 0.085608 0.000000
vt 0.000000 0.085608 0.000000
vt 0.500000 0.000000 0.000000
vt 0.000000 0.000000 0.000000
vt 0.000000 0.085606 0.000000
vt -0.500000 0.085606 0.000000
vt 0.000000 0.000000 0.000000
vt -0.500000 0.000000 0.000000
vt 0.000000 0.650000 0.000000
vt -0.500000 0.650000 0.000000
vt 0.000000 -0.020000 0.000000
vt -0.500000 -0.200000 0.000000
vt 0.600000 -0.200000 0.000000
vt 0.600000 -0.020000 0.000000
vt -1.100000 -0.933651 0.000000
vt 0.000000 -0.933651 0.000000
vt -1.100000 0.000000 0.000000
vt 0.000000 0.000000 0.000000
vt 0.600000 0.020000 0.000000
vt 0.600000 0.133650 0.000000
vt 0.000000 0.020000 0.000000
vt -0.550000 0.120253 0.000000
vt -0.529289 0.104361 0.000000
vt -0.600000 0.133650 0.000000
vt -0.574118 0.130242 0.000000
vt -0.513397 0.083650 0.000000
vt -0.503407 0.059532 0.000000
vt -0.500000 0.033650 0.000000
vt -0.500000 -0.300000 0.000000
vt 0.000000 -0.300000 0.000000
vt 0.500000 0.361075 0.000000
vt 0.000000 0.361075 0.000000
vt 0.500000 0.000000 0.000000
vt 0.000000 0.000000 0.000000
vt 0.500000 0.361074 0.000000
vt 0.000000 0.361074 0.000000
vt 0.500000 0.000000 0.000000
vt 0.000000 0.000000 0.000000
vt 0.000000 -0.082150 0.000000
vt 0.000000 0.000000 0.000000
vt -0.600000 -0.082150 0.000000
vt -1.100000 0.000000 0.000000
vt -0.600000 -0.122150 0.000000
vt 0.000000 0.238925 0.000000
vt -0.500000 0.000000 0.000000
vt 0.000000 0.000000 0.000000
vt 0.500000 0.238926 0.000000
vt -0.000000 0.361075 0.000000
vt 0.000000 0.000000 0.000000
vt -0.500000 -0.361074 0.000000
vt 0.000000 -0.361074 0.000000
vt -0.500000 0.000000 0.000000
vt 0.000000 0.000000 0.000000
vt 0.500000 0.361075 0.000000
vt 0.000000 0.361075 0.000000
vt 0.500000 0.000000 0.000000
vt 0.000000 0.000000 0.000000
vt -0.840000 -1.000000 0.000000
vt 0.007212 -0.068611 0.000000
vt -0.840000 0.000000 0.000000
vt 0.000000 0.000000 0.000000
vt -0.680685 0.511259 0.000000
vt -0.613659 0.596811 0.000000
vt -0.536810 0.673660 0.000000
vt -0.451258 0.740686 0.000000
vt -0.358250 0.796911 0.000000
vt 0.007212 0.068611 0.000000
vt -0.259144 0.841515 0.000000
vt 0.028530 0.134223 0.000000
vt -0.155384 0.873847 0.000000
vt 0.063025 0.193969 0.000000
vt -0.048483 0.893438 0.000000
vt 0.109188 0.245238 0.000000
vt 0.059999 0.900000 0.000000
vt 0.165001 0.285789 0.000000
vt 0.228025 0.313849 0.000000
vt 0.028530 -0.134223 0.000000
vt 0.093651 -1.000000 0.000000
vt 0.063025 -0.193969 0.000000
vt 0.109188 -0.245237 0.000000
vt 0.165001 -0.285788 0.000000
vt 0.228025 -0.313848 0.000000
vt 0.295506 -0.328192 0.000000
vt 0.364494 -0.328192 0.000000
vt 0.431976 -0.313848 0.000000
vt 0.093651 -1.450000 0.000000
vt 0.495001 -0.285788 0.000000
vt 0.550814 -0.245237 0.000000
vt 0.087543 -1.535388 0.000000
vt 0.596975 -0.193969 0.000000
vt 2.603024 -0.193969 0.000000
vt 0.631471 -0.134223 0.000000
vt 2.568530 -0.134223 0.000000
vt 0.652789 -0.068611 0.000000
vt 2.547212 -0.068611 0.000000
vt 0.660001 0.000000 0.000000
vt 2.540000 0.000000 0.000000
vt 0.652789 0.068611 0.000000
vt 2.547212 0.068611 0.000000
vt 0.631471 0.134223 0.000000
vt 2.568530 0.134223 0.000000
vt 2.603024 0.193969 0.000000
vt 0.069345 -1.619039 0.000000
vt 3.130654 -1.619039 0.000000
vt 3.112457 -1.535388 0.000000
vt 2.649187 -0.245237 0.000000
vt 3.106350 -1.450000 0.000000
vt 2.705000 -0.285788 0.000000
vt 2.768024 -0.313848 0.000000
vt 3.106350 -1.000000 0.000000
vt 2.835506 -0.328192 0.000000
vt 2.904495 -0.328192 0.000000
vt 2.971976 -0.313848 0.000000
vt 3.035001 -0.285788 0.000000
vt 3.090814 -0.245237 0.000000
vt 3.136976 -0.193969 0.000000
vt 3.171471 -0.134223 0.000000
vt 4.040001 -1.000000 0.000000
vt 3.192789 -0.068611 0.000000
vt 4.040001 0.000000 0.000000
vt 3.200001 0.000000 0.000000
vt 3.880686 0.511259 0.000000
vt 3.813660 0.596811 0.000000
vt 0.039429 -1.699249 0.000000
vt 0.039429 -6.113451 0.000000
vt 0.069345 -6.193660 0.000000
vt 3.130654 -6.193660 0.000000
vt 0.087543 -6.277311 0.000000
vt 3.112457 -6.277311 0.000000
vt 2.603024 -8.018731 0.000000
vt 3.106350 -6.362700 0.000000
vt 2.649187 -7.967462 0.000000
vt 2.705000 -7.926911 0.000000
vt -0.001598 -1.774384 0.000000
vt -0.001598 -6.038315 0.000000
vt -0.052900 -1.842916 0.000000
vt -0.052900 -5.969784 0.000000
vt -0.113434 -5.909250 0.000000
vt -0.113434 -1.903449 0.000000
vt -0.181965 -1.954752 0.000000
vt -0.181965 -5.857948 0.000000
vt -0.257101 -1.995779 0.000000
vt -0.257101 -5.816921 0.000000
vt -0.337311 -2.025696 0.000000
vt -0.337311 -5.787004 0.000000
vt -0.420961 -2.043893 0.000000
vt -0.420961 -5.768807 0.000000
vt -0.506350 -2.050000 0.000000
vt -0.506350 -5.762700 0.000000
vt -0.840000 -2.050000 0.000000
vt -0.840000 -5.762700 0.000000
vt 0.596975 -8.018731 0.000000
vt 0.093651 -6.362700 0.000000
vt 0.550814 -7.967462 0.000000
vt 0.495001 -7.926911 0.000000
vt 0.093651 -7.212700 0.000000
vt 0.431976 -7.898851 0.000000
vt 0.364494 -7.884508 0.000000
vt 0.295506 -7.884508 0.000000
vt 0.228025 -7.898851 0.000000
vt 0.165001 -7.926911 0.000000
vt 0.109188 -7.967462 0.000000
vt 0.063025 -8.018731 0.000000
vt 0.028530 -8.078476 0.000000
vt -0.840000 -7.212700 0.000000
vt 0.007212 -8.144089 0.000000
vt -0.840000 -8.212700 0.000000
vt 0.000000 -8.212700 0.000000
vt -0.680685 -8.723958 0.000000
vt -0.613659 -8.809511 0.000000
vt -0.833437 -8.321183 0.000000
vt -0.813847 -8.428084 0.000000
vt -0.781515 -8.531845 0.000000
vt -0.736910 -8.630951 0.000000
vt -0.536810 -8.886360 0.000000
vt -0.451258 -8.953386 0.000000
vt -0.358250 -9.009611 0.000000
vt 0.007212 -8.281311 0.000000
vt -0.259144 -9.054214 0.000000
vt 0.028530 -8.346923 0.000000
vt -0.155384 -9.086547 0.000000
vt 0.063025 -8.406669 0.000000
vt -0.048483 -9.106138 0.000000
vt 0.109188 -8.457938 0.000000
vt 0.059999 -9.112700 0.000000
vt 0.165001 -8.498488 0.000000
vt 0.228025 -8.526549 0.000000
vt 0.295506 -8.540892 0.000000
vt 0.364494 -8.540892 0.000000
vt 0.431976 -8.526549 0.000000
vt 0.495001 -8.498488 0.000000
vt 0.550814 -8.457938 0.000000
vt 3.140000 -9.112700 0.000000
vt 2.649187 -8.457938 0.000000
vt 2.705000 -8.498488 0.000000
vt 2.768024 -8.526549 0.000000
vt 2.835506 -8.540892 0.000000
vt 2.904495 -8.540892 0.000000
vt 2.971976 -8.526549 0.000000
vt 3.035001 -8.498488 0.000000
vt 3.090814 -8.457938 0.000000
vt 3.248484 -9.106138 0.000000
vt 3.136976 -8.406669 0.000000
vt 3.355385 -9.086547 0.000000
vt 3.171471 -8.346923 0.000000
vt 3.459145 -9.054214 0.000000
vt 3.192789 -8.281311 0.000000
vt 3.558251 -9.009611 0.000000
vt 3.200001 -8.212700 0.000000
vt 3.651258 -8.953386 0.000000
vt 3.736811 -8.886360 0.000000
vt 3.813660 -8.809511 0.000000
vt 3.880686 -8.723958 0.000000
vt 4.040001 -8.212700 0.000000
vt 3.936911 -8.630951 0.000000
vt 3.981515 -8.531845 0.000000
vt 4.013848 -8.428084 0.000000
vt 4.033439 -8.321183 0.000000
vt 3.192789 -8.144089 0.000000
vt 4.040001 -7.212700 0.000000
vt 3.171471 -8.078476 0.000000
vt 3.106350 -7.212700 0.000000
vt 3.136976 -8.018731 0.000000
vt 3.090814 -7.967462 0.000000
vt 3.035001 -7.926911 0.000000
vt 2.971976 -7.898851 0.000000
vt 2.904495 -7.884508 0.000000
vt 2.835506 -7.884508 0.000000
vt 2.768024 -7.898851 0.000000
vt 3.160571 -6.113451 0.000000
vt 3.160571 -1.699249 0.000000
vt 3.201598 -1.774384 0.000000
vt 3.201598 -6.038315 0.000000
vt 3.252901 -1.842916 0.000000
vt 3.252901 -5.969784 0.000000
vt 3.313434 -5.909250 0.000000
vt 3.381966 -5.857948 0.000000
vt 3.381966 -1.954752 0.000000
vt 3.313434 -1.903449 0.000000
vt 3.457102 -1.995779 0.000000
vt 3.457102 -5.816921 0.000000
vt 3.537311 -2.025696 0.000000
vt 3.537311 -5.787004 0.000000
vt 3.620962 -2.043893 0.000000
vt 3.620962 -5.768807 0.000000
vt 3.706350 -2.050000 0.000000
vt 3.706350 -5.762700 0.000000
vt 4.040001 -5.762700 0.000000
vt 4.040001 -2.050000 0.000000
vt 4.033439 0.108483 0.000000
vt 4.013848 0.215384 0.000000
vt 3.981515 0.319145 0.000000
vt 3.936911 0.418251 0.000000
vt 3.736811 0.673660 0.000000
vt 3.651258 0.740686 0.000000
vt 3.558251 0.796911 0.000000
vt 3.192789 0.068611 0.000000
vt 3.459145 0.841515 0.000000
vt 3.171471 0.134223 0.000000
vt 3.355385 0.873847 0.000000
vt 3.136976 0.193969 0.000000
vt 3.248484 0.893438 0.000000
vt 3.090814 0.245238 0.000000
vt 3.140000 0.900000 0.000000
vt 3.035001 0.285789 0.000000
vt 2.971976 0.313849 0.000000
vt 2.904495 0.328192 0.000000
vt 2.835506 0.328192 0.000000
vt 2.768024 0.313849 0.000000
vt 2.705000 0.285789 0.000000
vt 2.649187 0.245238 0.000000
vt 0.550814 0.245238 0.000000
vt 0.596975 0.193969 0.000000
vt 0.495001 0.285789 0.000000
vt 0.431976 0.313849 0.000000
vt 0.364494 0.328192 0.000000
vt 0.295506 0.328192 0.000000
vt -0.736910 0.418251 0.000000
vt -0.781515 0.319145 0.000000
vt -0.813847 0.215384 0.000000
vt -0.833437 0.108483 0.000000
vt 0.631471 -8.078476 0.000000
vt 2.568530 -8.078476 0.000000
vt 2.547212 -8.144089 0.000000
vt 0.652789 -8.144089 0.000000
vt 2.540000 -8.212700 0.000000
vt 0.660001 -8.212700 0.000000
vt 2.547212 -8.281311 0.000000
vt 0.652789 -8.281311 0.000000
vt 2.568530 -8.346923 0.000000
vt 0.631471 -8.346923 0.000000
vt 2.603024 -8.406669 0.000000
vt 0.596975 -8.406669 0.000000
vt -0.000000 -0.085607 0.000000
vt 0.500000 -0.085607 0.000000
vt 0.000000 0.000000 0.000000
vt 0.500000 0.000000 0.000000
vt -0.500000 -0.085607 0.000000
vt -0.000000 -0.085607 0.000000
vt -0.500000 0.000000 0.000000
vt 0.000000 0.000000 0.000000
vt -0.500000 -0.085607 0.000000
vt -0.000000 -0.085607 0.000000
vt -0.500000 0.000000 0.000000
vt 0.000000 0.000000 0.000000
vt -0.500000 -0.085607 0.000000
vt -0.000000 -0.085607 0.000000
vt -0.500000 0.000000 0.000000
vt 0.000000 0.000000 0.000000
vt -0.500000 -0.085607 0.000000
vt -0.000000 -0.085607 0.000000
vt -0.500000 0.000000 0.000000
vt 0.000000 0.000000 0.000000
vt -0.500000 -0.085607 0.000000
vt -0.000000 -0.085607 0.000000
vt -0.500000 0.000000 0.000000
vt 0.000000 0.000000 0.000000
vt -0.500000 -0.085606 0.000000
vt -0.000000 -0.085606 0.000000
vt -0.500000 0.000000 0.000000
vt 0.000000 0.000000 0.000000
vt -0.500000 -0.085608 0.000000
vt -0.000000 -0.085608 0.000000
vt -0.500000 0.000000 0.000000
vt 0.000000 0.000000 0.000000
vt -0.500000 -0.085607 0.000000
vt -0.000000 -0.085607 0.000000
vt -0.500000 0.000000 0.000000
vt 0.000000 0.000000 0.000000
vt -0.500000 -0.085607 0.000000
vt -0.000000 -0.085607 0.000000
vt -0.500000 0.000000 0.000000
vt 0.000000 0.000000 0.000000
vt -0.000000 -0.085606 0.000000
vt 0.500000 -0.085606 0.000000
vt 0.000000 0.000000 0.000000
vt 0.500000 0.000000 0.000000
vt 0.600000 0.000000 0.000000
vt 1.100000 0.000000 0.000000
vt 0.600000 0.270000 0.000000
vt 1.100000 0.450000 0.000000
vt 0.000000 0.450000 0.000000
vt 0.000000 0.270000 0.000000
vt 1.100000 0.933651 0.000000
vt 0.000000 0.933651 0.000000
vt 1.100000 0.000000 0.000000
vt 0.000000 0.000000 0.000000
vt -0.500000 -0.361074 0.000000
vt 0.000000 -0.361074 0.000000
vt -0.500000 0.000000 0.000000
vt 0.000000 0.000000 0.000000
vt -0.500000 -0.361076 0.000000
vt 0.000000 -0.361076 0.000000
vt -0.500000 0.000000 0.000000
vt 0.000000 0.000000 0.000000
vt -0.000000 -0.166525 0.000000
vt 0.500000 0.072400 0.000000
vt 0.000000 0.000000 0.000000
vt -0.500000 -0.238925 0.000000
vt 0.000000 -0.361075 0.000000
vt 0.000000 0.000000 0.000000
vt -0.600000 -0.040000 0.000000
vt -0.600000 -0.122150 0.000000
vt -0.000000 -0.040000 0.000000
vt 0.500000 -0.122150 0.000000
vt 0.000000 0.000000 0.000000
vt 1.100000 0.361076 0.000000
vt 0.000000 0.361076 0.000000
vt 1.100000 0.000000 0.000000
vt 0.000000 0.000000 0.000000
vt 0.000000 0.288675 0.000000
vt -0.500000 0.000000 0.000000
vt 0.000000 0.000000 0.000000
vt 0.500000 0.288675 0.000000
vt 0.000000 0.361075 0.000000
vt 0.000000 0.000000 0.000000
vt 0.600000 0.023094 0.000000
vt 0.600000 0.072400 0.000000
vt 0.000000 0.023094 0.000000
vt -0.500000 0.072400 0.000000
vt 0.000000 0.000000 0.000000
vt 1.200000 0.000000 0.000000
vt 1.174118 0.003408 0.000000
vt 0.000000 0.000000 0.000000
vt 1.150000 0.013399 0.000000
vt 0.600000 0.113652 0.000000
vt 1.129289 0.029289 0.000000
vt 1.113398 0.050001 0.000000
vt 1.103407 0.074120 0.000000
vt 1.100000 0.100000 0.000000
vt 1.100000 0.433651 0.000000
vt 0.600000 0.433651 0.000000
vt 0.000000 0.113652 0.000000
vt -0.500000 -0.122149 0.000000
vt -0.000000 -0.361074 0.000000
vt 0.000000 0.000000 0.000000
vt 0.000000 0.000000 0.000000
vt 0.000000 -0.238924 0.000000
vt 0.500000 -0.238924 0.000000
vt -0.600000 0.122150 0.000000
vt -1.100000 0.000000 0.000000
vt -0.600000 0.082150 0.000000
vt 0.000000 0.000000 0.000000
vt 0.000000 0.082150 0.000000
vt 0.500000 0.122150 0.000000
vt 0.000000 0.361075 0.000000
vt 0.000000 0.000000 0.000000
vt 0.000000 0.238925 0.000000
vt -0.500000 0.238925 0.000000
vt 0.000000 0.000000 0.000000
vt 0.000000 0.000000 0.000000
vt -0.600000 0.000000 0.000000
vt 0.000000 -0.528856 0.000000
vt -0.600000 -0.528856 0.000000
vt 0.000000 0.020000 0.000000
vt -0.600000 0.020000 0.000000
vt 0.000000 -0.900001 0.000000
vt -0.600000 -0.900001 0.000000
vt -0.600000 -0.564215 0.000000
vt 0.000000 -0.564215 0.000000
vt -0.600000 0.034641 0.000000
vt 0.000000 0.034641 0.000000
vt 0.000000 0.082150 0.000000
vt -0.600000 0.082150 0.000000
vt 0.000000 0.000000 0.000000
vt -1.100000 0.000000 0.000000
vt -0.600000 0.122150 0.000000
vt 0.500000 0.122150 0.000000
vt 0.000000 0.361075 0.000000
vt 0.000000 0.000000 0.000000
vt -0.000000 0.166525 0.000000
vt -0.500000 0.238925 0.000000
vt 0.000000 0.000000 0.000000
vt -0.000000 -0.049306 0.000000
vt 0.600000 -0.049306 0.000000
vt 0.000000 0.000000 0.000000
vt 1.100000 0.000000 0.000000
vt 0.600000 -0.072400 0.000000
vt -0.500000 -0.072400 0.000000
vt 0.000000 -0.361075 0.000000
vt 0.000000 0.000000 0.000000
vt 0.000000 0.000000 0.000000
vt -0.000000 -0.288675 0.000000
vt 0.500000 -0.288675 0.000000
vt 0.020000 0.000000 0.000000
vt -0.119463 0.287300 0.000000
vt -0.300000 0.000000 0.000000
vt -0.480537 0.287300 0.000000
vt -0.385388 0.006107 0.000000
vt -0.469040 0.024304 0.000000
vt -0.549249 0.054221 0.000000
vt -0.624385 0.095248 0.000000
vt -0.692917 0.146550 0.000000
vt -0.753449 0.207084 0.000000
vt -0.804752 0.275615 0.000000
vt -0.845779 0.350751 0.000000
vt -0.661075 0.600000 0.000000
vt -0.875696 0.430960 0.000000
vt -0.893893 0.514611 0.000000
vt -0.900001 0.600000 0.000000
vt -0.900001 0.870000 0.000000
vt -0.516737 0.850000 0.000000
vt -0.505190 0.870000 0.000000
vt 0.020000 0.528856 0.000000
vt 0.000000 0.494215 0.000000
vt 0.600000 -0.433650 0.000000
vt 1.100000 -0.433650 0.000000
vt 0.600000 -0.113650 0.000000
vt 1.100000 -0.099999 0.000000
vt 1.103407 -0.074118 0.000000
vt 1.113398 -0.050000 0.000000
vt 1.129289 -0.029289 0.000000
vt 1.150000 -0.013397 0.000000
vt 0.000000 0.000000 0.000000
vt 1.174118 -0.003407 0.000000
vt 1.200000 0.000000 0.000000
vt 0.000000 -0.113650 0.000000
vt -0.000000 -0.238924 0.000000
vt 0.500000 0.000000 0.000000
vt 0.000000 0.000000 0.000000
vt -0.500000 -0.238925 0.000000
vt 0.000000 -0.361074 0.000000
vt 0.000000 0.000000 0.000000
vt 0.000000 -0.082150 0.000000
vt 0.600000 -0.082150 0.000000
vt 0.000000 0.000000 0.000000
vt 1.100000 0.000000 0.000000
vt 0.600000 -0.122150 0.000000
vt -0.500000 -0.122149 0.000000
vt -0.000000 -0.361074 0.000000
vt 0.000000 0.000000 0.000000
vt 0.000000 0.000000 0.000000
vt 0.000000 -0.238925 0.000000
vt 0.500000 -0.238925 0.000000
vt -0.600000 0.433651 0.000000
vt -1.100000 0.433651 0.000000
vt -0.600000 0.113652 0.000000
vt -1.100000 0.100000 0.000000
vt -1.103407 0.074120 0.000000
vt -1.113398 0.050001 0.000000
vt -1.129289 0.029289 0.000000
vt -1.150000 0.013399 0.000000
vt 0.000000 0.000000 0.000000
vt -1.174118 0.003408 0.000000
vt -1.200000 0.000000 0.000000
vt 0.000000 0.113652 0.000000
vt 0.000000 0.000000 0.000000
vt 0.003408 -0.025882 0.000000
vt 0.113652 0.080000 0.000000
vt 0.013399 -0.050000 0.000000
vt 0.029289 -0.070711 0.000000
vt 0.050001 -0.086602 0.000000
vt 0.074120 -0.096593 0.000000
vt 0.100000 -0.100000 0.000000
vt 1.033651 -0.100000 0.000000
vt 1.033651 0.080000 0.000000
vt 0.113652 0.678856 0.000000
vt 0.072577 0.750000 0.000000
vt 0.000000 1.350000 0.000000
vt 0.113652 0.821144 0.000000
vt 0.113652 1.350000 0.000000
vt -1.887211 -0.068611 0.000000
vt 0.007212 -0.068611 0.000000
vt -1.879999 0.000000 0.000000
vt 0.000000 0.000000 0.000000
vt -1.887211 0.068611 0.000000
vt 0.007212 0.068611 0.000000
vt -1.908529 0.134223 0.000000
vt 0.028530 0.134223 0.000000
vt -1.943024 0.193969 0.000000
vt 0.063025 0.193969 0.000000
vt 0.109187 0.245238 0.000000
vt 0.028530 -0.134223 0.000000
vt -1.908529 -0.134223 0.000000
vt -1.943024 -0.193969 0.000000
vt -1.989186 -0.245238 0.000000
vt 0.109187 -0.245238 0.000000
vt 0.063025 -0.193969 0.000000
vt -2.480000 -1.000000 0.000000
vt -2.044999 -0.285789 0.000000
vt -2.108024 -0.313849 0.000000
vt -2.175506 -0.328192 0.000000
vt -2.244494 -0.328192 0.000000
vt -2.311975 -0.313849 0.000000
vt -2.375000 -0.285789 0.000000
vt -2.430813 -0.245238 0.000000
vt -2.600536 -0.992709 0.000000
vt -2.476975 -0.193969 0.000000
vt -2.719316 -0.970942 0.000000
vt -2.511470 -0.134223 0.000000
vt -2.834604 -0.935016 0.000000
vt -2.532788 -0.068611 0.000000
vt -2.944723 -0.885456 0.000000
vt -2.540000 0.000000 0.000000
vt -3.048064 -0.822984 0.000000
vt -3.143123 -0.748511 0.000000
vt -3.228511 -0.663123 0.000000
vt -3.302983 -0.568065 0.000000
vt -3.480000 0.000000 0.000000
vt -3.365456 -0.464723 0.000000
vt -3.415016 -0.354605 0.000000
vt -3.450942 -0.239316 0.000000
vt -3.472709 -0.120537 0.000000
vt -2.532788 0.068611 0.000000
vt -2.511470 0.134223 0.000000
vt -2.476975 0.193969 0.000000
vt -2.430813 0.245238 0.000000
vt -3.480000 8.212700 0.000000
vt -2.430813 7.967462 0.000000
vt -2.476975 8.018731 0.000000
vt -2.375000 0.285788 0.000000
vt -2.375000 7.926912 0.000000
vt -2.311975 7.898851 0.000000
vt -2.311975 0.313848 0.000000
vt -2.244494 0.328192 0.000000
vt -2.244494 7.884508 0.000000
vt -2.175506 0.328192 0.000000
vt -2.175506 7.884508 0.000000
vt -2.108024 7.898851 0.000000
vt -2.108024 0.313848 0.000000
vt -2.044999 0.285788 0.000000
vt -2.044999 7.926912 0.000000
vt -1.989186 0.245238 0.000000
vt -1.989186 7.967462 0.000000
vt 0.109187 7.967462 0.000000
vt 0.165000 7.926912 0.000000
vt 0.165000 0.285788 0.000000
vt 0.228024 7.898851 0.000000
vt 0.228024 0.313848 0.000000
vt 0.295506 0.328192 0.000000
vt -1.943024 8.018731 0.000000
vt 0.063025 8.018731 0.000000
vt 0.028530 8.078477 0.000000
vt 0.007212 8.144089 0.000000
vt -1.887211 8.144089 0.000000
vt -1.908529 8.078477 0.000000
vt -1.879999 8.212700 0.000000
vt 0.000000 8.212700 0.000000
vt -1.887211 8.281311 0.000000
vt 0.007212 8.281311 0.000000
vt -1.908529 8.346923 0.000000
vt 0.028530 8.346923 0.000000
vt -1.943024 8.406669 0.000000
vt 0.063025 8.406669 0.000000
vt 0.109187 8.457937 0.000000
vt 0.165000 8.498488 0.000000
vt 0.600001 9.212700 0.000000
vt -2.480000 9.212700 0.000000
vt -1.989186 8.457937 0.000000
vt -2.044999 8.498488 0.000000
vt -2.108024 8.526549 0.000000
vt -2.175506 8.540892 0.000000
vt -2.244494 8.540892 0.000000
vt -2.311975 8.526549 0.000000
vt -2.375000 8.498488 0.000000
vt -2.430813 8.457937 0.000000
vt -2.600536 9.205409 0.000000
vt -2.476975 8.406669 0.000000
vt -2.719316 9.183642 0.000000
vt -2.511470 8.346923 0.000000
vt -2.834604 9.147716 0.000000
vt -2.532788 8.281311 0.000000
vt -2.944723 9.098156 0.000000
vt -2.540000 8.212700 0.000000
vt -3.048064 9.035684 0.000000
vt -3.143123 8.961210 0.000000
vt 0.228024 8.526549 0.000000
vt 0.295506 8.540892 0.000000
vt 0.364495 8.540892 0.000000
vt 0.431975 8.526549 0.000000
vt 0.495000 8.498488 0.000000
vt 0.550813 8.457937 0.000000
vt 0.720538 9.205409 0.000000
vt 0.596976 8.406669 0.000000
vt 0.839316 9.183642 0.000000
vt 0.631471 8.346923 0.000000
vt 0.954606 9.147716 0.000000
vt 0.652789 8.281311 0.000000
vt 1.064723 9.098156 0.000000
vt 0.660001 8.212700 0.000000
vt 1.168065 9.035684 0.000000
vt 1.263124 8.961210 0.000000
vt 1.348512 8.875823 0.000000
vt 1.422984 8.780765 0.000000
vt 1.600001 8.212700 0.000000
vt 1.485457 8.677423 0.000000
vt 1.535016 8.567305 0.000000
vt 1.570943 8.452016 0.000000
vt 1.592710 8.333236 0.000000
vt 0.652789 8.144089 0.000000
vt 0.631471 8.078477 0.000000
vt 0.596976 8.018731 0.000000
vt 0.550813 7.967462 0.000000
vt 0.550813 0.245238 0.000000
vt 1.600001 0.000000 0.000000
vt 0.596976 0.193969 0.000000
vt 0.631471 0.134223 0.000000
vt 0.495000 0.285788 0.000000
vt 0.495000 7.926912 0.000000
vt 0.431975 7.898851 0.000000
vt 0.364495 7.884508 0.000000
vt 0.364495 0.328192 0.000000
vt 0.431975 0.313848 0.000000
vt 0.295506 7.884508 0.000000
vt -3.228511 8.875823 0.000000
vt -3.302983 8.780765 0.000000
vt -3.365456 8.677423 0.000000
vt -3.415016 8.567305 0.000000
vt -3.450942 8.452016 0.000000
vt -3.472709 8.333236 0.000000
vt 0.600001 -1.000000 0.000000
vt 0.165000 -0.285789 0.000000
vt 0.228024 -0.313849 0.000000
vt 0.295506 -0.328192 0.000000
vt 0.364495 -0.328192 0.000000
vt 0.431975 -0.313849 0.000000
vt 0.495000 -0.285789 0.000000
vt 0.550813 -0.245238 0.000000
vt 0.720538 -0.992709 0.000000
vt 0.596976 -0.193969 0.000000
vt 0.839316 -0.970942 0.000000
vt 0.631471 -0.134223 0.000000
vt 0.954606 -0.935016 0.000000
vt 0.652789 -0.068611 0.000000
vt 1.064723 -0.885456 0.000000
vt 0.660001 0.000000 0.000000
vt 1.168065 -0.822984 0.000000
vt 1.263124 -0.748511 0.000000
vt 1.348512 -0.663123 0.000000
vt 1.422984 -0.568065 0.000000
vt 1.485457 -0.464723 0.000000
vt 1.535016 -0.354605 0.000000
vt 1.570943 -0.239316 0.000000
vt 1.592710 -0.120537 0.000000
vt -2.511470 8.078477 0.000000
vt -2.532788 8.144089 0.000000
vt 0.652789 0.068611 0.000000
vt 0.000000 -0.120757 0.000000
vt 0.376250 -0.120757 0.000000
vt 0.000000 0.000000 0.000000
vt 0.376250 0.000000 0.000000
vt 0.000000 -0.120757 0.000000
vt 0.376250 -0.120757 0.000000
vt 0.000000 0.000000 0.000000
vt 0.376250 0.000000 0.000000
vt 0.000000 -0.120757 0.000000
vt 0.376250 -0.120757 0.000000
vt 0.000000 0.000000 0.000000
vt 0.376250 0.000000 0.000000
vt 0.000000 -0.120756 0.000000
vt 0.376250 -0.120756 0.000000
vt 0.000000 0.000000 0.000000
vt 0.376250 0.000000 0.000000
vt 0.000000 -0.120758 0.000000
vt 0.376250 -0.120758 0.000000
vt 0.000000 0.000000 0.000000
vt 0.376250 0.000000 0.000000
vt 0.000000 -0.120757 0.000000
vt 0.376250 -0.120757 0.000000
vt 0.000000 0.000000 0.000000
vt 0.376250 0.000000 0.000000
vt 0.000000 -0.120757 0.000000
vt 0.376250 -0.120757 0.000000
vt 0.000000 0.000000 0.000000
vt 0.376250 0.000000 0.000000
vt 0.000000 -0.120758 0.000000
vt 0.376250 -0.120758 0.000000
vt 0.000000 0.000000 0.000000
vt 0.376250 0.000000 0.000000
vt 0.000000 -0.120757 0.000000
vt 0.376250 -0.120757 0.000000
vt 0.000000 0.000000 0.000000
vt 0.376250 0.000000 0.000000
vt 0.000000 0.120756 0.000000
vt -0.376250 0.120756 0.000000
vt 0.000000 0.000000 0.000000
vt -0.376250 0.000000 0.000000
vt 0.000000 0.120758 0.000000
vt -0.376250 0.120758 0.000000
vt 0.000000 0.000000 0.000000
vt -0.376250 0.000000 0.000000
vt 0.000000 0.120756 0.000000
vt -0.376250 0.120756 0.000000
vt 0.000000 0.000000 0.000000
vt -0.376250 0.000000 0.000000
vt 0.000000 0.120757 0.000000
vt -0.376250 0.120757 0.000000
vt 0.000000 0.000000 0.000000
vt -0.376250 0.000000 0.000000
vt -0.376250 -3.080001 0.000000
vt 0.000000 -3.080001 0.000000
vt -0.376250 0.000000 0.000000
vt 0.000000 0.000000 0.000000
vt 0.000000 0.120757 0.000000
vt -0.376250 0.120757 0.000000
vt 0.000000 0.000000 0.000000
vt -0.376250 0.000000 0.000000
vt 0.000000 0.120757 0.000000
vt -0.376250 0.120757 0.000000
vt 0.000000 0.000000 0.000000
vt -0.376250 0.000000 0.000000
vt 0.000000 0.120757 0.000000
vt -0.376250 0.120757 0.000000
vt 0.000000 0.000000 0.000000
vt -0.376250 0.000000 0.000000
vt 0.000000 0.120757 0.000000
vt -0.376250 0.120757 0.000000
vt 0.000000 0.000000 0.000000
vt -0.376250 0.000000 0.000000
vt 0.000000 0.120756 0.000000
vt -0.376250 0.120756 0.000000
vt 0.000000 0.000000 0.000000
vt -0.376250 0.000000 0.000000
vt 0.000000 0.120758 0.000000
vt -0.376250 0.120758 0.000000
vt 0.000000 0.000000 0.000000
vt -0.376250 0.000000 0.000000
vt 0.000000 0.120757 0.000000
vt -0.376250 0.120757 0.000000
vt 0.000000 0.000000 0.000000
vt -0.376250 0.000000 0.000000
vt 0.000000 0.120757 0.000000
vt -0.376250 0.120757 0.000000
vt 0.000000 0.000000 0.000000
vt -0.376250 0.000000 0.000000
vt 0.000000 0.120758 0.000000
vt -0.376250 0.120758 0.000000
vt 0.000000 0.000000 0.000000
vt -0.376250 0.000000 0.000000
vt 0.000000 0.120757 0.000000
vt -0.376250 0.120757 0.000000
vt 0.000000 0.000000 0.000000
vt -0.376250 0.000000 0.000000
vt 0.000000 0.120757 0.000000
vt -0.376250 0.120757 0.000000
vt 0.000000 0.000000 0.000000
vt -0.376250 0.000000 0.000000
vt 0.000000 0.120757 0.000000
vt -0.376250 0.120757 0.000000
vt 0.000000 0.000000 0.000000
vt -0.376250 0.000000 0.000000
vt 0.000000 0.120757 0.000000
vt -0.376250 0.120757 0.000000
vt 0.000000 0.000000 0.000000
vt -0.376250 0.000000 0.000000
vt 0.026105 0.000000 0.000000
vt 0.026105 0.550000 0.000000
vt 0.000000 0.000000 0.000000
vt 0.026105 0.550000 0.000000
vt 0.000000 0.550000 0.000000
vt 0.026105 0.000000 0.000000
vt 0.000000 0.000000 0.000000
vt 0.026105 0.550000 0.000000
vt 0.000000 0.550000 0.000000
vt 0.026105 0.000000 0.000000
vt 0.000000 0.000000 0.000000
vt 0.026105 0.550000 0.000000
vt 0.000000 0.550000 0.000000
vt 0.026105 0.000000 0.000000
vt 0.000000 0.000000 0.000000
vt 0.026105 0.550000 0.000000
vt 0.000000 0.550000 0.000000
vt 0.026105 0.000000 0.000000
vt 0.000000 0.000000 0.000000
vt 0.000000 1.100000 0.000000
vt -0.026105 0.550000 0.000000
vt 0.000000 0.000000 0.000000
vt -0.026105 0.000000 0.000000
vt -0.019603 -0.019509 0.000000
vt -0.026090 -0.550001 0.000000
vt 0.000000 0.000000 0.000000
vt -0.019603 -0.018759 0.000000
vt -0.006529 -0.530491 0.000000
vt 0.000000 0.000000 0.000000
vt -0.013053 0.511732 0.000000
vt -0.026105 0.000000 0.000000
vt 0.000000 0.000000 0.000000
vt -0.019603 -0.017289 0.000000
vt -0.013073 -0.511732 0.000000
vt 0.000000 0.000000 0.000000
vt -0.006512 0.494443 0.000000
vt -0.026105 0.000000 0.000000
vt 0.000000 0.000000 0.000000
vt -0.019604 -0.015154 0.000000
vt -0.019604 -0.494443 0.000000
vt 0.000000 0.000000 0.000000
vt -0.019604 -0.012436 0.000000
vt 0.000000 -0.479289 0.000000
vt 0.000000 0.000000 0.000000
vt -0.019593 0.466853 0.000000
vt -0.026105 0.000000 0.000000
vt 0.000000 0.000000 0.000000
vt -0.019603 -0.009241 0.000000
vt -0.006530 -0.466853 0.000000
vt 0.000000 0.000000 0.000000
vt -0.013052 0.457613 0.000000
vt -0.026105 -0.000000 0.000000
vt 0.000000 0.000000 0.000000
vt -0.019604 -0.005691 0.000000
vt -0.013073 -0.457612 0.000000
vt 0.000000 0.000000 0.000000
vt -0.009814 -0.001440 0.000000
vt 0.006523 -0.451922 0.000000
vt 0.000000 0.000000 0.000000
vt -0.016339 0.450482 0.000000
vt -0.026099 -0.550000 0.000000
vt 0.000000 0.000000 0.000000
vt -0.009813 -0.000481 0.000000
vt -0.009813 -1.000481 0.000000
vt 0.000000 0.000000 0.000000
vt 0.003200 -0.025909 0.000000
vt 0.106871 0.019754 0.000000
vt 0.000000 0.000000 0.000000
vt 0.109944 0.020322 0.000000
vt 0.103671 0.045663 0.000000
vt 0.000000 0.000000 0.000000
vt 0.006322 -0.025328 0.000000
vt 0.103680 0.032588 0.000000
vt 0.000000 0.000000 0.000000
vt 0.106663 0.033525 0.000000
vt 0.097358 0.057916 0.000000
vt 0.000000 0.000000 0.000000
vt 0.009349 -0.024374 0.000000
vt 0.098962 0.044924 0.000000
vt 0.000000 0.000000 0.000000
vt 0.101807 0.046217 0.000000
vt 0.089613 0.069298 0.000000
vt 0.000000 0.000000 0.000000
vt 0.012232 -0.023062 0.000000
vt 0.092791 0.056580 0.000000
vt 0.000000 0.000000 0.000000
vt 0.095460 0.058207 0.000000
vt 0.080560 0.079642 0.000000
vt 0.000000 0.000000 0.000000
vt 0.014931 -0.021414 0.000000
vt 0.085271 0.067384 0.000000
vt 0.000000 0.000000 0.000000
vt 0.087723 0.069321 0.000000
vt 0.070340 0.088798 0.000000
vt 0.000000 0.000000 0.000000
vt 0.017406 -0.019456 0.000000
vt 0.076517 0.077180 0.000000
vt 0.000000 0.000000 0.000000
vt 0.078717 0.079400 0.000000
vt 0.059111 0.096636 0.000000
vt 0.000000 0.000000 0.000000
vt 0.019621 -0.017218 0.000000
vt 0.066668 0.085832 0.000000
vt 0.000000 0.000000 0.000000
vt 0.068585 0.088300 0.000000
vt 0.047047 0.103050 0.000000
vt 0.000000 0.000000 0.000000
vt 0.021548 -0.014736 0.000000
vt 0.055870 0.093221 0.000000
vt 0.000000 0.000000 0.000000
vt 0.057477 0.095902 0.000000
vt 0.034322 0.107957 0.000000
vt 0.000000 0.000000 0.000000
vt 0.023161 -0.012045 0.000000
vt 0.044285 0.099249 0.000000
vt 0.000000 0.000000 0.000000
vt 0.045559 0.102103 0.000000
vt 0.021125 0.111294 0.000000
vt 0.000000 0.000000 0.000000
vt 0.024437 -0.009185 0.000000
vt 0.032080 0.103839 0.000000
vt 0.000000 0.000000 0.000000
vt 0.033002 0.106825 0.000000
vt 0.007644 0.113023 0.000000
vt 0.000000 0.000000 0.000000
vt 0.025359 -0.006195 0.000000
vt 0.019428 0.106931 0.000000
vt 0.000000 0.000000 0.000000
vt 0.019987 0.110006 0.000000
vt -0.005931 0.113126 0.000000
vt 0.000000 0.000000 0.000000
vt 0.025918 -0.003120 0.000000
vt 0.006506 0.108487 0.000000
vt 0.000000 0.000000 0.000000
vt 0.006693 0.111606 0.000000
vt -0.019412 0.111606 0.000000
vt 0.000000 0.000000 0.000000
vt 0.003644 -0.025849 0.000000
vt 0.109668 0.021759 0.000000
vt 0.000000 0.000000 0.000000
vt 0.112526 0.022325 0.000000
vt 0.106025 0.047608 0.000000
vt 0.000000 0.000000 0.000000
vt 0.006953 -0.025163 0.000000
vt 0.105941 0.035742 0.000000
vt 0.000000 0.000000 0.000000
vt 0.108700 0.036673 0.000000
vt 0.098987 0.060905 0.000000
vt 0.000000 0.000000 0.000000
vt 0.010108 -0.024069 0.000000
vt 0.100509 0.048976 0.000000
vt 0.000000 0.000000 0.000000
vt 0.103127 0.050252 0.000000
vt 0.090401 0.073045 0.000000
vt 0.000000 0.000000 0.000000
vt 0.013056 -0.022606 0.000000
vt 0.093551 0.061229 0.000000
vt 0.000000 0.000000 0.000000
vt 0.095987 0.062824 0.000000
vt 0.080495 0.083835 0.000000
vt 0.000000 0.000000 0.000000
vt 0.015750 -0.020820 0.000000
vt 0.085265 0.072323 0.000000
vt 0.000000 0.000000 0.000000
vt 0.087486 0.074208 0.000000
vt 0.069515 0.093143 0.000000
vt 0.000000 0.000000 0.000000
vt 0.018159 -0.018754 0.000000
vt 0.075860 0.082134 0.000000
vt 0.000000 0.000000 0.000000
vt 0.077837 0.084273 0.000000
vt 0.057702 0.100888 0.000000
vt 0.000000 0.000000 0.000000
vt 0.020263 -0.016460 0.000000
vt 0.065545 0.090579 0.000000
vt 0.000000 0.000000 0.000000
vt 0.067252 0.092939 0.000000
vt 0.045282 0.107039 0.000000
vt 0.000000 0.000000 0.000000
vt 0.022048 -0.013978 0.000000
vt 0.054507 0.097621 0.000000
vt 0.000000 0.000000 0.000000
vt 0.055927 0.100163 0.000000
vt 0.032460 0.111599 0.000000
vt 0.000000 0.000000 0.000000
vt 0.023509 -0.011350 0.000000
vt 0.042917 0.103242 0.000000
vt 0.000000 0.000000 0.000000
vt 0.044035 0.105931 0.000000
vt 0.019408 0.114592 0.000000
vt 0.000000 0.000000 0.000000
vt 0.024645 -0.008609 0.000000
vt 0.030924 0.107445 0.000000
vt 0.000000 0.000000 0.000000
vt 0.031730 0.110244 0.000000
vt 0.006279 0.116054 0.000000
vt 0.000000 0.000000 0.000000
vt 0.025456 -0.005785 0.000000
vt 0.018659 0.110239 0.000000
vt 0.000000 0.000000 0.000000
vt 0.019145 0.113110 0.000000
vt -0.006797 0.116024 0.000000
vt 0.000000 0.000000 0.000000
vt 0.025943 -0.002908 0.000000
vt 0.006237 0.111633 0.000000
vt 0.000000 0.000000 0.000000
vt 0.006399 0.114541 0.000000
vt -0.019705 0.114541 0.000000
vt 0.000000 0.000000 0.000000
vt 0.004654 -0.025687 0.000000
vt 0.111773 0.025835 0.000000
vt 0.000000 0.000000 0.000000
vt 0.114209 0.026399 0.000000
vt 0.107118 0.051522 0.000000
vt 0.000000 0.000000 0.000000
vt 0.008375 -0.024725 0.000000
vt 0.106768 0.041965 0.000000
vt 0.000000 0.000000 0.000000
vt 0.109096 0.042880 0.000000
vt 0.098394 0.066690 0.000000
vt 0.000000 0.000000 0.000000
vt 0.011785 -0.023294 0.000000
vt 0.099765 0.056634 0.000000
vt 0.000000 0.000000 0.000000
vt 0.101939 0.057870 0.000000
vt 0.087979 0.079928 0.000000
vt 0.000000 0.000000 0.000000
vt 0.014816 -0.021493 0.000000
vt 0.091225 0.069559 0.000000
vt 0.000000 0.000000 0.000000
vt 0.093214 0.071075 0.000000
vt 0.076409 0.091052 0.000000
vt 0.000000 0.000000 0.000000
vt 0.017439 -0.019426 0.000000
vt 0.081599 0.080636 0.000000
vt 0.000000 0.000000 0.000000
vt 0.083378 0.082393 0.000000
vt 0.064160 0.100061 0.000000
vt 0.000000 0.000000 0.000000
vt 0.072823 0.091854 0.000000
vt 0.051614 0.107074 0.000000
vt 0.000000 0.000000 0.000000
vt -0.019656 0.017179 0.000000
vt 0.021490 -0.014821 0.000000
vt 0.060530 0.097451 0.000000
vt 0.000000 0.000000 0.000000
vt 0.061850 0.099575 0.000000
vt 0.039040 0.112271 0.000000
vt 0.000000 0.000000 0.000000
vt 0.022974 -0.012398 0.000000
vt 0.049582 0.103451 0.000000
vt 0.000000 0.000000 0.000000
vt 0.050662 0.105707 0.000000
vt 0.026608 0.115849 0.000000
vt 0.000000 0.000000 0.000000
vt 0.024138 -0.009940 0.000000
vt 0.038553 0.108047 0.000000
vt 0.000000 0.000000 0.000000
vt 0.039393 0.110403 0.000000
vt 0.014414 0.117987 0.000000
vt 0.000000 0.000000 0.000000
vt 0.025014 -0.007468 0.000000
vt 0.027514 0.111371 0.000000
vt 0.000000 0.000000 0.000000
vt 0.028115 0.113799 0.000000
vt 0.002501 0.118839 0.000000
vt 0.000000 0.000000 0.000000
vt 0.025625 -0.004987 0.000000
vt 0.016494 0.113527 0.000000
vt 0.000000 0.000000 0.000000
vt 0.016854 0.116003 0.000000
vt -0.009130 0.118514 0.000000
vt 0.000000 0.000000 0.000000
vt 0.025986 -0.002498 0.000000
vt 0.005495 0.114588 0.000000
vt 0.000000 0.000000 0.000000
vt 0.005615 0.117086 0.000000
vt -0.020491 0.117086 0.000000
vt 0.000000 0.000000 0.000000
vt 0.006609 -0.025255 0.000000
vt 0.112234 0.033824 0.000000
vt 0.000000 0.000000 0.000000
vt 0.114071 0.034379 0.000000
vt 0.105624 0.059080 0.000000
vt 0.000000 0.000000 0.000000
vt 0.011044 -0.023654 0.000000
vt 0.104320 0.053461 0.000000
vt 0.000000 0.000000 0.000000
vt 0.106027 0.054336 0.000000
vt 0.093276 0.077115 0.000000
vt 0.000000 0.000000 0.000000
vt 0.014749 -0.021540 0.000000
vt 0.094219 0.069738 0.000000
vt 0.000000 0.000000 0.000000
vt 0.095762 0.070879 0.000000
vt 0.079470 0.091277 0.000000
vt 0.000000 0.000000 0.000000
vt 0.017712 -0.019177 0.000000
vt 0.083130 0.082644 0.000000
vt 0.000000 0.000000 0.000000
vt 0.084490 0.083998 0.000000
vt 0.065416 0.101822 0.000000
vt 0.000000 0.000000 0.000000
vt 0.020020 -0.016753 0.000000
vt 0.071871 0.092602 0.000000
vt 0.000000 0.000000 0.000000
vt 0.073048 0.094117 0.000000
vt 0.051852 0.109355 0.000000
vt 0.000000 0.000000 0.000000
vt 0.021792 -0.014374 0.000000
vt 0.060902 0.100157 0.000000
vt 0.000000 0.000000 0.000000
vt 0.061898 0.101797 0.000000
vt 0.039110 0.114531 0.000000
vt 0.000000 0.000000 0.000000
vt 0.023139 -0.012086 0.000000
vt 0.050414 0.105826 0.000000
vt 0.000000 0.000000 0.000000
vt 0.051239 0.107558 0.000000
vt 0.027275 0.117911 0.000000
vt 0.000000 0.000000 0.000000
vt 0.024155 -0.009901 0.000000
vt 0.040442 0.110023 0.000000
vt 0.000000 0.000000 0.000000
vt 0.041105 0.111823 0.000000
vt 0.016288 0.119924 0.000000
vt 0.000000 0.000000 0.000000
vt 0.024909 -0.007812 0.000000
vt 0.030941 0.113063 0.000000
vt 0.000000 0.000000 0.000000
vt 0.031448 0.114914 0.000000
vt 0.006032 0.120875 0.000000
vt 0.000000 0.000000 0.000000
vt 0.025453 -0.005800 0.000000
vt 0.021823 0.115171 0.000000
vt 0.000000 0.000000 0.000000
vt 0.022181 0.117057 0.000000
vt -0.003630 0.120971 0.000000
vt 0.000000 0.000000 0.000000
vt 0.025821 -0.003843 0.000000
vt 0.012982 0.116499 0.000000
vt 0.000000 0.000000 0.000000
vt 0.013194 0.118406 0.000000
vt -0.012840 0.120342 0.000000
vt 0.000000 0.000000 0.000000
vt 0.026035 -0.001918 0.000000
vt 0.004308 0.117141 0.000000
vt 0.000000 0.000000 0.000000
vt 0.004379 0.119059 0.000000
vt -0.021726 0.119059 0.000000
vt 0.000000 0.000000 0.000000
vt 0.026077 0.001221 0.000000
vt -0.008322 0.118848 0.000000
vt 0.000000 0.000000 0.000000
vt -0.008406 0.120052 0.000000
vt -0.034398 0.117627 0.000000
vt 0.000000 0.000000 0.000000
vt 0.025987 0.002487 0.000000
vt -0.014086 0.118304 0.000000
vt 0.000000 0.000000 0.000000
vt -0.014228 0.119501 0.000000
vt -0.040072 0.115817 0.000000
vt 0.000000 0.000000 0.000000
vt 0.019505 -0.017350 0.000000
vt 0.077104 0.090824 0.000000
vt 0.000000 0.000000 0.000000
vt 0.077886 0.091743 0.000000
vt 0.057601 0.108174 0.000000
vt 0.000000 0.000000 0.000000
vt 0.021739 -0.014454 0.000000
vt 0.063653 0.100710 0.000000
vt 0.000000 0.000000 0.000000
vt 0.064298 0.101729 0.000000
vt 0.041915 0.115163 0.000000
vt 0.000000 0.000000 0.000000
vt 0.023193 -0.011983 0.000000
vt 0.052224 0.107083 0.000000
vt 0.000000 0.000000 0.000000
vt 0.052751 0.108169 0.000000
vt 0.029029 0.119066 0.000000
vt 0.000000 0.000000 0.000000
vt 0.024164 -0.009878 0.000000
vt 0.042521 0.111293 0.000000
vt 0.000000 0.000000 0.000000
vt 0.042954 0.112419 0.000000
vt 0.018360 0.121170 0.000000
vt 0.000000 0.000000 0.000000
vt 0.024829 -0.008062 0.000000
vt 0.034167 0.114135 0.000000
vt 0.000000 0.000000 0.000000
vt 0.034512 0.115291 0.000000
vt 0.009337 0.122197 0.000000
vt 0.000000 0.000000 0.000000
vt 0.025293 -0.006461 0.000000
vt 0.026812 0.116083 0.000000
vt 0.000000 0.000000 0.000000
vt 0.027083 0.117258 0.000000
vt 0.001519 0.122544 0.000000
vt 0.000000 0.000000 0.000000
vt 0.025618 -0.005017 0.000000
vt 0.020190 0.117416 0.000000
vt 0.000000 0.000000 0.000000
vt 0.020396 0.118605 0.000000
vt -0.005427 0.122433 0.000000
vt 0.000000 0.000000 0.000000
vt 0.025844 -0.003684 0.000000
vt 0.014086 0.118304 0.000000
vt 0.000000 0.000000 0.000000
vt 0.014227 0.119502 0.000000
vt -0.011759 0.121988 0.000000
vt 0.000000 0.000000 0.000000
vt 0.025992 -0.002424 0.000000
vt 0.008321 0.118848 0.000000
vt 0.000000 0.000000 0.000000
vt 0.008406 0.120051 0.000000
vt -0.017671 0.121273 0.000000
vt 0.000000 0.000000 0.000000
vt 0.026077 -0.001206 0.000000
vt 0.002753 0.119108 0.000000
vt 0.000000 0.000000 0.000000
vt 0.002781 0.120314 0.000000
vt -0.023325 0.120314 0.000000
vt 0.000000 0.000000 0.000000
vt 0.000027 -0.026105 0.000000
vt 0.108480 0.006619 0.000000
vt 0.000000 0.000000 0.000000
vt -0.108453 -0.032724 0.000000
vt 0.003147 -0.025915 0.000000
vt 0.000000 0.000000 0.000000
vt 0.000250 -0.026104 0.000000
vt 0.111568 0.007306 0.000000
vt 0.000000 0.000000 0.000000
vt -0.111318 -0.033411 0.000000
vt 0.003156 -0.025913 0.000000
vt 0.000000 0.000000 0.000000
vt 0.000737 -0.026095 0.000000
vt 0.114386 0.008728 0.000000
vt 0.000000 0.000000 0.000000
vt -0.113650 -0.034822 0.000000
vt 0.003231 -0.025905 0.000000
vt 0.000000 0.000000 0.000000
vt 0.001628 -0.026054 0.000000
vt 0.116644 0.011604 0.000000
vt 0.000000 0.000000 0.000000
vt -0.115017 -0.037657 0.000000
vt 0.003537 -0.025865 0.000000
vt 0.000000 0.000000 0.000000
vt 0.026105 0.000000 0.000000
vt -0.002753 0.119108 0.000000
vt 0.000000 0.000000 0.000000
vt 0.028858 -0.119108 0.000000
vt 0.026077 0.001205 0.000000
vt 0.000000 0.000000 0.000000
vt 0.026105 0.000000 0.000000
vt -0.000948 0.120342 0.000000
vt 0.000000 0.000000 0.000000
vt -0.000952 0.120753 0.000000
vt -0.027054 0.120342 0.000000
vt 0.000000 0.000000 0.000000
vt 0.026102 0.000418 0.000000
vt -0.002873 0.120312 0.000000
vt 0.000000 0.000000 0.000000
vt -0.002882 0.120723 0.000000
vt -0.028974 0.119894 0.000000
vt 0.000000 0.000000 0.000000
vt 0.026091 0.000853 0.000000
vt -0.004882 0.120246 0.000000
vt 0.000000 0.000000 0.000000
vt -0.004899 0.120657 0.000000
vt -0.030973 0.119393 0.000000
vt 0.000000 0.000000 0.000000
vt 0.026072 0.001323 0.000000
vt -0.007044 0.120139 0.000000
vt 0.000000 0.000000 0.000000
vt -0.007069 0.120550 0.000000
vt -0.033117 0.118816 0.000000
vt 0.000000 0.000000 0.000000
vt 0.025475 -0.005701 0.000000
vt 0.025357 0.117644 0.000000
vt 0.000000 0.000000 0.000000
vt 0.025444 0.118045 0.000000
vt -0.000118 0.123344 0.000000
vt 0.000000 0.000000 0.000000
vt 0.025717 -0.004485 0.000000
vt 0.019744 0.118715 0.000000
vt 0.000000 0.000000 0.000000
vt 0.019813 0.119121 0.000000
vt -0.005971 0.123201 0.000000
vt 0.000000 0.000000 0.000000
vt 0.025859 -0.003577 0.000000
vt 0.015551 0.119336 0.000000
vt 0.000000 0.000000 0.000000
vt 0.015604 0.119744 0.000000
vt -0.010308 0.122913 0.000000
vt 0.000000 0.000000 0.000000
vt 0.025949 -0.002856 0.000000
vt 0.012223 0.119724 0.000000
vt 0.000000 0.000000 0.000000
vt 0.012262 0.120132 0.000000
vt -0.013728 0.122579 0.000000
vt 0.000000 0.000000 0.000000
vt 0.026008 -0.002255 0.000000
vt 0.009449 0.119973 0.000000
vt 0.000000 0.000000 0.000000
vt 0.009482 0.120385 0.000000
vt -0.016558 0.122229 0.000000
vt 0.000000 0.000000 0.000000
vt 0.026048 -0.001733 0.000000
vt 0.007045 0.120139 0.000000
vt 0.000000 0.000000 0.000000
vt 0.007070 0.120550 0.000000
vt -0.019002 0.121872 0.000000
vt 0.000000 0.000000 0.000000
vt 0.026075 -0.001265 0.000000
vt 0.004882 0.120247 0.000000
vt 0.000000 0.000000 0.000000
vt 0.004900 0.120658 0.000000
vt -0.021191 0.121511 0.000000
vt 0.000000 0.000000 0.000000
vt 0.026092 -0.000829 0.000000
vt 0.002873 0.120311 0.000000
vt 0.000000 0.000000 0.000000
vt 0.002882 0.120723 0.000000
vt -0.023219 0.121140 0.000000
vt 0.000000 0.000000 0.000000
vt 0.026102 -0.000411 0.000000
vt 0.000948 0.120342 0.000000
vt 0.000000 0.000000 0.000000
vt 0.000952 0.120753 0.000000
vt -0.025154 0.120753 0.000000
vt 0.000000 0.000000 0.000000
vt -0.026105 -3.080001 0.000000
vt -0.000000 -3.080001 0.000000
vt -0.026105 0.000000 0.000000
vt 0.000000 0.000000 0.000000
vt 0.513333 0.026105 0.000000
vt -2.566668 0.026105 0.000000
vt 0.513333 0.000000 0.000000
vt -2.566668 0.000000 0.000000
vt 0.000000 -0.026105 0.000000
vt 3.080001 -0.026105 0.000000
vt 0.000000 0.000000 0.000000
vt 3.080001 0.000000 0.000000
vt 0.000000 -0.026106 0.000000
vt 3.080001 -0.026106 0.000000
vt 0.000000 0.000000 0.000000
vt 3.080001 0.000000 0.000000
vt -0.513334 -0.026105 0.000000
vt 2.566667 -0.026105 0.000000
vt -0.513334 0.000000 0.000000
vt 2.566667 0.000000 0.000000
vt -0.026105 -3.080001 0.000000
vt -0.000000 -3.080001 0.000000
vt -0.026105 0.000000 0.000000
vt 0.000000 0.000000 0.000000
vt -0.025919 -0.003120 0.000000
vt 0.019428 -0.106931 0.000000
vt 0.000000 0.000000 0.000000
vt 0.019986 -0.110006 0.000000
vt 0.045346 -0.103811 0.000000
vt 0.000000 0.000000 0.000000
vt -0.025360 -0.006198 0.000000
vt 0.032078 -0.103839 0.000000
vt 0.000000 0.000000 0.000000
vt 0.033004 -0.106825 0.000000
vt 0.057438 -0.097641 0.000000
vt 0.000000 0.000000 0.000000
vt -0.024432 -0.009191 0.000000
vt 0.044286 -0.099249 0.000000
vt 0.000000 0.000000 0.000000
vt 0.045559 -0.102104 0.000000
vt 0.068718 -0.090058 0.000000
vt 0.000000 0.000000 0.000000
vt -0.023154 -0.012055 0.000000
vt 0.055870 -0.093221 0.000000
vt 0.000000 0.000000 0.000000
vt 0.057475 -0.095902 0.000000
vt 0.079024 -0.081166 0.000000
vt 0.000000 0.000000 0.000000
vt -0.021539 -0.014750 0.000000
vt 0.066668 -0.085832 0.000000
vt 0.000000 0.000000 0.000000
vt 0.068586 -0.088300 0.000000
vt 0.088207 -0.071081 0.000000
vt 0.000000 0.000000 0.000000
vt 0.096123 -0.059943 0.000000
vt 0.019606 0.017236 0.000000
vt 0.078718 -0.079400 0.000000
vt 0.000000 0.000000 0.000000
vt -0.017382 -0.019476 0.000000
vt 0.085271 -0.067384 0.000000
vt 0.000000 0.000000 0.000000
vt 0.087723 -0.069321 0.000000
vt 0.102653 -0.047908 0.000000
vt 0.000000 0.000000 0.000000
vt -0.014900 -0.021434 0.000000
vt 0.092792 -0.056580 0.000000
vt 0.000000 0.000000 0.000000
vt 0.095458 -0.058207 0.000000
vt 0.107692 -0.035146 0.000000
vt 0.000000 0.000000 0.000000
vt -0.012196 -0.023081 0.000000
vt 0.098961 -0.044924 0.000000
vt 0.000000 0.000000 0.000000
vt 0.101808 -0.046217 0.000000
vt 0.111157 -0.021843 0.000000
vt 0.000000 0.000000 0.000000
vt -0.009305 -0.024391 0.000000
vt 0.103680 -0.032588 0.000000
vt 0.000000 0.000000 0.000000
vt 0.106663 -0.033525 0.000000
vt 0.112985 -0.008197 0.000000
vt 0.000000 0.000000 0.000000
vt -0.006272 -0.025341 0.000000
vt 0.106871 -0.019754 0.000000
vt 0.000000 0.000000 0.000000
vt 0.109943 -0.020322 0.000000
vt 0.113143 0.005586 0.000000
vt 0.000000 0.000000 0.000000
vt -0.003147 -0.025915 0.000000
vt 0.108479 -0.006619 0.000000
vt 0.000000 0.000000 0.000000
vt 0.111599 -0.006809 0.000000
vt 0.111626 0.019296 0.000000
vt 0.000000 0.000000 0.000000
vt -0.025943 -0.002914 0.000000
vt 0.018659 -0.110239 0.000000
vt 0.000000 0.000000 0.000000
vt 0.019146 -0.113110 0.000000
vt 0.044601 -0.107325 0.000000
vt 0.000000 0.000000 0.000000
vt -0.025450 -0.005810 0.000000
vt 0.030925 -0.107445 0.000000
vt 0.000000 0.000000 0.000000
vt 0.031731 -0.110244 0.000000
vt 0.056375 -0.101636 0.000000
vt 0.000000 0.000000 0.000000
vt -0.024627 -0.008660 0.000000
vt 0.042917 -0.103242 0.000000
vt 0.000000 0.000000 0.000000
vt 0.044034 -0.105931 0.000000
vt 0.067544 -0.094581 0.000000
vt 0.000000 0.000000 0.000000
vt -0.023468 -0.011436 0.000000
vt 0.054506 -0.097620 0.000000
vt 0.000000 0.000000 0.000000
vt 0.055927 -0.100163 0.000000
vt 0.077974 -0.086185 0.000000
vt 0.000000 0.000000 0.000000
vt -0.021969 -0.014100 0.000000
vt 0.065546 -0.090579 0.000000
vt 0.000000 0.000000 0.000000
vt 0.067252 -0.092939 0.000000
vt 0.087515 -0.076479 0.000000
vt 0.000000 0.000000 0.000000
vt -0.020135 -0.016615 0.000000
vt 0.075861 -0.082133 0.000000
vt 0.000000 0.000000 0.000000
vt 0.077838 -0.084273 0.000000
vt 0.095997 -0.065518 0.000000
vt 0.000000 0.000000 0.000000
vt -0.017971 -0.018935 0.000000
vt 0.085265 -0.072323 0.000000
vt 0.000000 0.000000 0.000000
vt 0.087484 -0.074207 0.000000
vt 0.103236 -0.053388 0.000000
vt 0.000000 0.000000 0.000000
vt -0.015494 -0.021012 0.000000
vt 0.093549 -0.061229 0.000000
vt 0.000000 0.000000 0.000000
vt 0.095988 -0.062824 0.000000
vt 0.109043 -0.040218 0.000000
vt 0.000000 0.000000 0.000000
vt -0.012726 -0.022793 0.000000
vt 0.100510 -0.048976 0.000000
vt 0.000000 0.000000 0.000000
vt 0.103127 -0.050252 0.000000
vt 0.113236 -0.026183 0.000000
vt 0.000000 0.000000 0.000000
vt -0.009712 -0.024232 0.000000
vt 0.105940 -0.035742 0.000000
vt 0.000000 0.000000 0.000000
vt 0.108700 -0.036673 0.000000
vt 0.115653 -0.011510 0.000000
vt 0.000000 0.000000 0.000000
vt -0.006501 -0.025283 0.000000
vt 0.109668 -0.021759 0.000000
vt 0.000000 0.000000 0.000000
vt 0.112524 -0.022325 0.000000
vt 0.116168 0.003524 0.000000
vt 0.000000 0.000000 0.000000
vt -0.003156 -0.025914 0.000000
vt 0.111568 -0.007306 0.000000
vt 0.000000 0.000000 0.000000
vt 0.114474 -0.007497 0.000000
vt 0.114724 0.018607 0.000000
vt 0.000000 0.000000 0.000000
vt -0.025984 -0.002511 0.000000
vt 0.016495 -0.113527 0.000000
vt 0.000000 0.000000 0.000000
vt 0.016854 -0.116003 0.000000
vt 0.042479 -0.111016 0.000000
vt 0.000000 0.000000 0.000000
vt -0.025614 -0.005040 0.000000
vt 0.027515 -0.111371 0.000000
vt 0.000000 0.000000 0.000000
vt 0.028115 -0.113799 0.000000
vt 0.053129 -0.106331 0.000000
vt 0.000000 0.000000 0.000000
vt -0.024979 -0.007585 0.000000
vt 0.038552 -0.108047 0.000000
vt 0.000000 0.000000 0.000000
vt 0.039393 -0.110403 0.000000
vt 0.063531 -0.100462 0.000000
vt 0.000000 0.000000 0.000000
vt -0.024054 -0.010142 0.000000
vt 0.049581 -0.103451 0.000000
vt 0.000000 0.000000 0.000000
vt 0.050662 -0.105707 0.000000
vt 0.073635 -0.093309 0.000000
vt 0.000000 0.000000 0.000000
vt -0.022810 -0.012696 0.000000
vt 0.060529 -0.097451 0.000000
vt 0.000000 0.000000 0.000000
vt 0.061849 -0.099575 0.000000
vt 0.083340 -0.084754 0.000000
vt 0.000000 0.000000 0.000000
vt -0.021210 -0.015220 0.000000
vt 0.071271 -0.089894 0.000000
vt 0.000000 0.000000 0.000000
vt 0.072825 -0.091854 0.000000
vt 0.092482 -0.074675 0.000000
vt 0.000000 0.000000 0.000000
vt -0.019219 -0.017668 0.000000
vt 0.081598 -0.080635 0.000000
vt 0.000000 0.000000 0.000000
vt 0.083378 -0.082394 0.000000
vt 0.100816 -0.062968 0.000000
vt 0.000000 0.000000 0.000000
vt -0.016805 -0.019977 0.000000
vt 0.091225 -0.069559 0.000000
vt 0.000000 0.000000 0.000000
vt 0.093214 -0.071076 0.000000
vt 0.108030 -0.049582 0.000000
vt 0.000000 0.000000 0.000000
vt -0.013960 -0.022059 0.000000
vt 0.099765 -0.056635 0.000000
vt 0.000000 0.000000 0.000000
vt 0.101940 -0.057870 0.000000
vt 0.113725 -0.034576 0.000000
vt 0.000000 0.000000 0.000000
vt -0.010701 -0.023811 0.000000
vt 0.106769 -0.041965 0.000000
vt 0.000000 0.000000 0.000000
vt 0.109095 -0.042880 0.000000
vt 0.117471 -0.018154 0.000000
vt 0.000000 0.000000 0.000000
vt -0.007091 -0.025124 0.000000
vt 0.111771 -0.025835 0.000000
vt 0.000000 0.000000 0.000000
vt 0.114210 -0.026399 0.000000
vt 0.118862 -0.000711 0.000000
vt 0.000000 0.000000 0.000000
vt -0.003229 -0.025905 0.000000
vt 0.114386 -0.008728 0.000000
vt 0.000000 0.000000 0.000000
vt 0.116879 -0.008918 0.000000
vt 0.117615 0.017177 0.000000
vt 0.000000 0.000000 0.000000
vt -0.026033 -0.001936 0.000000
vt 0.012982 -0.116499 0.000000
vt 0.000000 0.000000 0.000000
vt 0.013194 -0.118406 0.000000
vt 0.039015 -0.114564 0.000000
vt 0.000000 0.000000 0.000000
vt -0.025810 -0.003914 0.000000
vt 0.021823 -0.115171 0.000000
vt 0.000000 0.000000 0.000000
vt 0.022181 -0.117056 0.000000
vt 0.047634 -0.111256 0.000000
vt 0.000000 0.000000 0.000000
vt -0.025416 -0.005961 0.000000
vt 0.030943 -0.113063 0.000000
vt 0.000000 0.000000 0.000000
vt 0.031450 -0.114914 0.000000
vt 0.056359 -0.107102 0.000000
vt 0.000000 0.000000 0.000000
vt -0.024817 -0.008100 0.000000
vt 0.040444 -0.110022 0.000000
vt 0.000000 0.000000 0.000000
vt 0.041105 -0.111824 0.000000
vt 0.065260 -0.101923 0.000000
vt 0.000000 0.000000 0.000000
vt -0.023964 -0.010353 0.000000
vt 0.050412 -0.105825 0.000000
vt 0.000000 0.000000 0.000000
vt 0.051237 -0.107558 0.000000
vt 0.074376 -0.095473 0.000000
vt 0.000000 0.000000 0.000000
vt -0.022788 -0.012734 0.000000
vt 0.060901 -0.100158 0.000000
vt 0.000000 0.000000 0.000000
vt 0.061899 -0.101797 0.000000
vt 0.083691 -0.087423 0.000000
vt 0.000000 0.000000 0.000000
vt -0.021197 -0.015238 0.000000
vt 0.071872 -0.092601 0.000000
vt 0.000000 0.000000 0.000000
vt 0.073048 -0.094117 0.000000
vt 0.093068 -0.077364 0.000000
vt 0.000000 0.000000 0.000000
vt -0.019073 -0.017824 0.000000
vt 0.083129 -0.082645 0.000000
vt 0.000000 0.000000 0.000000
vt 0.084490 -0.083998 0.000000
vt 0.102203 -0.064820 0.000000
vt 0.000000 0.000000 0.000000
vt -0.016291 -0.020398 0.000000
vt 0.094220 -0.069737 0.000000
vt 0.000000 0.000000 0.000000
vt 0.095762 -0.070878 0.000000
vt 0.110511 -0.049339 0.000000
vt 0.000000 0.000000 0.000000
vt -0.012752 -0.022779 0.000000
vt 0.104319 -0.053460 0.000000
vt 0.000000 0.000000 0.000000
vt 0.106027 -0.054336 0.000000
vt 0.117071 -0.030682 0.000000
vt 0.000000 0.000000 0.000000
vt -0.008447 -0.024701 0.000000
vt 0.112235 -0.033824 0.000000
vt 0.000000 0.000000 0.000000
vt 0.114071 -0.034378 0.000000
vt 0.120682 -0.009123 0.000000
vt 0.000000 0.000000 0.000000
vt -0.003539 -0.025865 0.000000
vt 0.116643 -0.011604 0.000000
vt 0.000000 0.000000 0.000000
vt 0.118554 -0.011793 0.000000
vt 0.120181 0.014261 0.000000
vt 0.000000 0.000000 0.000000
vt -0.026076 -0.001221 0.000000
vt 0.008321 -0.118848 0.000000
vt 0.000000 0.000000 0.000000
vt 0.008405 -0.120051 0.000000
vt 0.034397 -0.117627 0.000000
vt 0.000000 0.000000 0.000000
vt -0.025986 -0.002486 0.000000
vt 0.014084 -0.118304 0.000000
vt 0.000000 0.000000 0.000000
vt 0.014227 -0.119502 0.000000
vt 0.040071 -0.115817 0.000000
vt 0.000000 0.000000 0.000000
vt -0.025823 -0.003828 0.000000
vt 0.020191 -0.117416 0.000000
vt 0.000000 0.000000 0.000000
vt 0.020396 -0.118604 0.000000
vt 0.046015 -0.113587 0.000000
vt 0.000000 0.000000 0.000000
vt -0.025565 -0.005286 0.000000
vt 0.026814 -0.116083 0.000000
vt 0.000000 0.000000 0.000000
vt 0.027086 -0.117258 0.000000
vt 0.052379 -0.110797 0.000000
vt 0.000000 0.000000 0.000000
vt -0.025175 -0.006906 0.000000
vt 0.034167 -0.114134 0.000000
vt 0.000000 0.000000 0.000000
vt 0.034514 -0.115290 0.000000
vt 0.059343 -0.107228 0.000000
vt 0.000000 0.000000 0.000000
vt -0.024595 -0.008752 0.000000
vt 0.042526 -0.111291 0.000000
vt 0.000000 0.000000 0.000000
vt 0.042953 -0.112420 0.000000
vt 0.067117 -0.102542 0.000000
vt 0.000000 0.000000 0.000000
vt -0.023722 -0.010898 0.000000
vt 0.052222 -0.107084 0.000000
vt 0.000000 0.000000 0.000000
vt 0.052753 -0.108168 0.000000
vt 0.075946 -0.096185 0.000000
vt 0.000000 0.000000 0.000000
vt -0.022383 -0.013435 0.000000
vt 0.063654 -0.100710 0.000000
vt 0.000000 0.000000 0.000000
vt 0.064298 -0.101729 0.000000
vt 0.086036 -0.087275 0.000000
vt 0.000000 0.000000 0.000000
vt -0.020286 -0.016431 0.000000
vt 0.077105 -0.090823 0.000000
vt 0.000000 0.000000 0.000000
vt 0.077885 -0.091744 0.000000
vt 0.097390 -0.074393 0.000000
vt 0.000000 0.000000 0.000000
vt 0.025844 -0.003684 0.000000
vt 0.014085 0.118304 0.000000
vt 0.000000 0.000000 0.000000
vt 0.014228 0.119502 0.000000
vt -0.011759 0.121988 0.000000
vt 0.000000 0.000000 0.000000
vt 0.025992 -0.002424 0.000000
vt 0.008322 0.118848 0.000000
vt 0.000000 0.000000 0.000000
vt 0.008406 0.120051 0.000000
vt -0.017671 0.121272 0.000000
vt 0.000000 0.000000 0.000000
vt 0.026077 -0.001205 0.000000
vt 0.002753 0.119107 0.000000
vt 0.000000 0.000000 0.000000
vt 0.002781 0.120312 0.000000
vt -0.023325 0.120312 0.000000
vt 0.000000 0.000000 0.000000
vt -0.026104 -0.000000 0.000000
vt 0.006507 -0.108487 0.000000
vt 0.000000 0.000000 0.000000
vt -0.032611 0.108487 0.000000
vt -0.025919 -0.003120 0.000000
vt 0.000000 0.000000 0.000000
vt -0.026106 0.000000 0.000000
vt 0.006236 -0.111633 0.000000
vt 0.000000 0.000000 0.000000
vt -0.032342 0.111633 0.000000
vt -0.025943 -0.002908 0.000000
vt 0.000000 0.000000 0.000000
vt -0.026106 -0.000000 0.000000
vt 0.005495 -0.114588 0.000000
vt 0.000000 0.000000 0.000000
vt -0.031601 0.114588 0.000000
vt -0.025985 -0.002498 0.000000
vt 0.000000 0.000000 0.000000
vt -0.026104 0.000000 0.000000
vt 0.004309 -0.117141 0.000000
vt 0.000000 0.000000 0.000000
vt -0.030413 0.117141 0.000000
vt -0.026035 -0.001918 0.000000
vt 0.000000 0.000000 0.000000
vt -0.026105 0.000000 0.000000
vt 0.002753 -0.119108 0.000000
vt 0.000000 0.000000 0.000000
vt -0.028858 0.119108 0.000000
vt -0.026077 -0.001206 0.000000
vt 0.000000 0.000000 0.000000
vt -0.026105 0.000000 0.000000
vt 0.000949 -0.120342 0.000000
vt 0.000000 0.000000 0.000000
vt 0.000952 -0.120753 0.000000
vt 0.027054 -0.120342 0.000000
vt 0.000000 0.000000 0.000000
vt -0.026102 -0.000417 0.000000
vt 0.002873 -0.120311 0.000000
vt 0.000000 0.000000 0.000000
vt 0.002883 -0.120723 0.000000
vt 0.028975 -0.119894 0.000000
vt 0.000000 0.000000 0.000000
vt -0.026091 -0.000854 0.000000
vt 0.004883 -0.120247 0.000000
vt 0.000000 0.000000 0.000000
vt 0.004898 -0.120658 0.000000
vt 0.030972 -0.119393 0.000000
vt 0.000000 0.000000 0.000000
vt -0.026072 -0.001323 0.000000
vt 0.007044 -0.120139 0.000000
vt 0.000000 0.000000 0.000000
vt 0.007069 -0.120549 0.000000
vt 0.033117 -0.118816 0.000000
vt 0.000000 0.000000 0.000000
vt -0.026040 -0.001844 0.000000
vt 0.009450 -0.119974 0.000000
vt 0.000000 0.000000 0.000000
vt 0.009482 -0.120385 0.000000
vt 0.035489 -0.118130 0.000000
vt 0.000000 0.000000 0.000000
vt -0.025990 -0.002447 0.000000
vt 0.012220 -0.119723 0.000000
vt 0.000000 0.000000 0.000000
vt 0.012262 -0.120132 0.000000
vt 0.038211 -0.117277 0.000000
vt 0.000000 0.000000 0.000000
vt -0.025912 -0.003169 0.000000
vt 0.015548 -0.119337 0.000000
vt 0.000000 0.000000 0.000000
vt 0.015604 -0.119744 0.000000
vt 0.041463 -0.116167 0.000000
vt 0.000000 0.000000 0.000000
vt -0.025785 -0.004080 0.000000
vt 0.019746 -0.118715 0.000000
vt 0.000000 0.000000 0.000000
vt 0.019812 -0.119121 0.000000
vt 0.045529 -0.114636 0.000000
vt 0.000000 0.000000 0.000000
vt -0.025562 -0.005299 0.000000
vt 0.025357 -0.117644 0.000000
vt 0.000000 0.000000 0.000000
vt 0.025440 -0.118047 0.000000
vt 0.050915 -0.112346 0.000000
vt 0.000000 0.000000 0.000000
vt 0.026048 -0.001733 0.000000
vt 0.007044 0.120139 0.000000
vt 0.000000 0.000000 0.000000
vt 0.007069 0.120549 0.000000
vt -0.019002 0.121872 0.000000
vt 0.000000 0.000000 0.000000
vt 0.026075 -0.001266 0.000000
vt 0.004882 0.120247 0.000000
vt 0.000000 0.000000 0.000000
vt 0.004899 0.120658 0.000000
vt -0.021192 0.121512 0.000000
vt 0.000000 0.000000 0.000000
vt 0.026092 -0.000830 0.000000
vt 0.002873 0.120311 0.000000
vt 0.000000 0.000000 0.000000
vt 0.002883 0.120722 0.000000
vt -0.023219 0.121141 0.000000
vt 0.000000 0.000000 0.000000
vt 0.026102 -0.000413 0.000000
vt 0.000949 0.120341 0.000000
vt 0.000000 0.000000 0.000000
vt 0.000952 0.120753 0.000000
vt -0.025154 0.120753 0.000000
vt 0.000000 0.000000 0.000000
vt 0.006529 -0.530491 0.000000
vt 0.019603 -0.018759 0.000000
vt 0.000000 0.000000 0.000000
vt 0.026105 0.000000 0.000000
vt 0.013052 0.511732 0.000000
vt 0.000000 0.000000 0.000000
vt 0.013074 -0.511732 0.000000
vt 0.019603 -0.017289 0.000000
vt 0.000000 0.000000 0.000000
vt 0.026104 0.000000 0.000000
vt 0.006511 0.494443 0.000000
vt 0.000000 0.000000 0.000000
vt 0.019603 -0.494443 0.000000
vt 0.019603 -0.015154 0.000000
vt 0.000000 0.000000 0.000000
vt 0.000000 -0.479289 0.000000
vt 0.019604 -0.012436 0.000000
vt 0.000000 0.000000 0.000000
vt 0.026106 -0.000000 0.000000
vt 0.019593 0.466853 0.000000
vt 0.000000 0.000000 0.000000
vt 0.006530 -0.466853 0.000000
vt 0.019605 -0.009241 0.000000
vt 0.000000 0.000000 0.000000
vt 0.026106 0.000000 0.000000
vt 0.013053 0.457613 0.000000
vt 0.000000 0.000000 0.000000
vt 0.013073 -0.457612 0.000000
vt 0.019603 -0.005691 0.000000
vt 0.000000 0.000000 0.000000
vt 0.016334 0.450482 0.000000
vt 0.006522 0.451922 0.000000
vt 0.000000 0.000000 0.000000
vt -0.009814 0.000481 0.000000
vt 0.000000 -1.000000 0.000000
vt 0.000000 0.000000 0.000000
vt -0.009781 1.000482 0.000000
vt -0.026104 0.000000 0.000000
vt 0.000000 0.000000 0.000000
vt -0.016343 -0.450481 0.000000
vt -0.016343 -1.000481 0.000000
vt 0.000000 0.000000 0.000000
vt -0.026106 -0.550000 0.000000
vt 0.000000 -0.550000 0.000000
vt -0.026106 0.000000 0.000000
vt 0.000000 0.000000 0.000000
vt -0.026106 -0.550000 0.000000
vt 0.000000 -0.550000 0.000000
vt -0.026106 0.000000 0.000000
vt 0.000000 0.000000 0.000000
vt -0.026104 -0.550000 0.000000
vt 0.000000 -0.550000 0.000000
vt -0.026104 0.000000 0.000000
vt 0.000000 0.000000 0.000000
vt -0.026105 -0.550000 0.000000
vt 0.000000 -0.550000 0.000000
vt -0.026105 0.000000 0.000000
vt 0.000000 0.000000 0.000000
vt 0.000000 -1.100000 0.000000
vt 0.019603 -0.019509 0.000000
vt 0.000000 0.000000 0.000000
vt -0.019576 -1.080491 0.000000
vt 0.006524 -0.530491 0.000000
vt 0.000000 0.000000 0.000000
vt 0.026105 0.000000 0.000000
vt 0.026105 0.550000 0.000000
vt 0.000000 0.000000 0.000000
vt -0.026105 -3.712700 0.000000
vt 0.000000 -3.712700 0.000000
vt -0.026105 0.000000 0.000000
vt 0.000000 0.000000 0.000000
vt -0.026105 -3.182314 0.000000
vt 0.000000 -3.182314 0.000000
vt -0.026105 0.530386 0.000000
vt 0.000000 0.530386 0.000000
vt -0.026105 -2.651929 0.000000
vt 0.000000 -2.651929 0.000000
vt -0.026105 1.060771 0.000000
vt 0.000000 1.060771 0.000000
vt -0.026105 -2.121543 0.000000
vt 0.000000 -2.121543 0.000000
vt -0.026105 1.591157 0.000000
vt 0.000000 1.591157 0.000000
vt -0.026105 -1.591157 0.000000
vt 0.000000 -1.591157 0.000000
vt -0.026105 2.121543 0.000000
vt 0.000000 2.121543 0.000000
vt 0.026105 3.712700 0.000000
vt 0.000000 3.712700 0.000000
vt 0.026105 0.000000 0.000000
vt 0.000000 0.000000 0.000000
vt 0.026105 3.712700 0.000000
vt 0.000000 3.712700 0.000000
vt 0.026105 0.000000 0.000000
vt 0.000000 0.000000 0.000000
vt 0.026105 3.182314 0.000000
vt 0.000000 3.182314 0.000000
vt 0.026105 -0.530386 0.000000
vt 0.000000 -0.530386 0.000000
vt 0.026104 2.651929 0.000000
vt 0.000000 2.651929 0.000000
vt 0.026104 -1.060771 0.000000
vt 0.000000 -1.060771 0.000000
vt 0.026106 2.121543 0.000000
vt 0.000000 2.121543 0.000000
vt 0.026106 -1.591157 0.000000
vt 0.000000 -1.591157 0.000000
vt 0.026106 1.591157 0.000000
vt 0.000000 1.591157 0.000000
vt 0.026106 -2.121543 0.000000
vt 0.000000 -2.121543 0.000000
vt -0.026104 -3.712700 0.000000
vt 0.000000 -3.712700 0.000000
vt -0.026104 0.000000 0.000000
vt 0.000000 0.000000 0.000000
vt 0.000000 0.120757 0.000000
vt -0.376250 0.120757 0.000000
vt 0.000000 0.000000 0.000000
vt -0.376250 0.000000 0.000000
vt 0.000000 0.120757 0.000000
vt -0.376250 0.120757 0.000000
vt 0.000000 0.000000 0.000000
vt -0.376250 0.000000 0.000000
vt 0.000000 0.120757 0.000000
vt -0.376250 0.120757 0.000000
vt 0.000000 0.000000 0.000000
vt -0.376250 0.000000 0.000000
vt 0.000000 0.120757 0.000000
vt -0.376250 0.120757 0.000000
vt 0.000000 0.000000 0.000000
vt -0.376250 0.000000 0.000000
vt 0.000000 0.120758 0.000000
vt -0.376250 0.120758 0.000000
vt 0.000000 0.000000 0.000000
vt -0.376250 0.000000 0.000000
vt 0.000000 0.120757 0.000000
vt -0.376250 0.120757 0.000000
vt 0.000000 0.000000 0.000000
vt -0.376250 0.000000 0.000000
vt 0.000000 0.120757 0.000000
vt -0.376250 0.120757 0.000000
vt 0.000000 0.000000 0.000000
vt -0.376250 0.000000 0.000000
vt 0.000000 0.120758 0.000000
vt -0.376250 0.120758 0.000000
vt 0.000000 0.000000 0.000000
vt -0.376250 0.000000 0.000000
vt 0.000000 0.120756 0.000000
vt -0.376250 0.120756 0.000000
vt 0.000000 0.000000 0.000000
vt -0.376250 0.000000 0.000000
vt 0.000000 -0.120757 0.000000
vt 0.376250 -0.120757 0.000000
vt 0.000000 0.000000 0.000000
vt 0.376250 0.000000 0.000000
vt 0.000000 -0.120757 0.000000
vt 0.376250 -0.120757 0.000000
vt 0.000000 0.000000 0.000000
vt 0.376250 0.000000 0.000000
vt 0.000000 -0.120757 0.000000
vt 0.376250 -0.120757 0.000000
vt 0.000000 0.000000 0.000000
vt 0.376250 0.000000 0.000000
vt 0.000000 -0.120757 0.000000
vt 0.376250 -0.120757 0.000000
vt 0.000000 0.000000 0.000000
vt 0.376250 0.000000 0.000000
vt 0.376250 3.080001 0.000000
vt 0.000000 3.080001 0.000000
vt 0.376250 0.000000 0.000000
vt 0.000000 0.000000 0.000000
vt 0.000000 -0.120757 0.000000
vt 0.376250 -0.120757 0.000000
vt 0.000000 0.000000 0.000000
vt 0.376250 0.000000 0.000000
vt 0.000000 -0.120756 0.000000
vt 0.376250 -0.120756 0.000000
vt 0.000000 0.000000 0.000000
vt 0.376250 0.000000 0.000000
vt 0.000000 -0.120758 0.000000
vt 0.376250 -0.120758 0.000000
vt 0.000000 0.000000 0.000000
vt 0.376250 0.000000 0.000000
vt 0.000000 -0.120756 0.000000
vt 0.376250 -0.120756 0.000000
vt 0.000000 0.000000 0.000000
vt 0.376250 0.000000 0.000000
vt 0.000000 -0.120757 0.000000
vt 0.376250 -0.120757 0.000000
vt 0.000000 0.000000 0.000000
vt 0.376250 0.000000 0.000000
vt 0.000000 -0.120758 0.000000
vt 0.376250 -0.120758 0.000000
vt 0.000000 0.000000 0.000000
vt 0.376250 0.000000 0.000000
vt 0.000000 -0.120757 0.000000
vt 0.376250 -0.120757 0.000000
vt 0.000000 0.000000 0.000000
vt 0.376250 0.000000 0.000000
vt 0.000000 -0.120757 0.000000
vt 0.376250 -0.120757 0.000000
vt 0.000000 0.000000 0.000000
vt 0.376250 0.000000 0.000000
vt 0.000000 -0.120758 0.000000
vt 0.376250 -0.120758 0.000000
vt 0.000000 0.000000 0.000000
vt 0.376250 0.000000 0.000000
vt 0.000000 -0.120756 0.000000
vt 0.376250 -0.120756 0.000000
vt 0.000000 0.000000 0.000000
vt 0.376250 0.000000 0.000000
vt 0.000000 -0.120757 0.000000
vt 0.376250 -0.120757 0.000000
vt 0.000000 0.000000 0.000000
vt 0.376250 0.000000 0.000000
vt 0.000000 -0.120757 0.000000
vt 0.376250 -0.120757 0.000000
vt 0.000000 0.000000 0.000000
vt 0.376250 0.000000 0.000000
vt 0.000000 -0.120757 0.000000
vt 0.376250 -0.120757 0.000000
vt 0.000000 0.000000 0.000000
vt 0.376250 0.000000 0.000000
vt -0.026104 0.000000 0.000000
vt -0.026104 -0.550000 0.000000
vt 0.000000 0.000000 0.000000
vt -0.026106 -0.550000 0.000000
vt 0.000000 -0.550000 0.000000
vt -0.026106 0.000000 0.000000
vt 0.000000 0.000000 0.000000
vt -0.026106 -0.550000 0.000000
vt 0.000000 -0.550000 0.000000
vt -0.026106 0.000000 0.000000
vt 0.000000 0.000000 0.000000
vt -0.026104 -0.550000 0.000000
vt 0.000000 -0.550000 0.000000
vt -0.026104 0.000000 0.000000
vt 0.000000 0.000000 0.000000
vt -0.026105 -0.550000 0.000000
vt 0.000000 -0.550000 0.000000
vt -0.026105 0.000000 0.000000
vt 0.000000 0.000000 0.000000
vt 0.000000 -1.100000 0.000000
vt 0.026105 -0.550000 0.000000
vt 0.000000 0.000000 0.000000
vt 0.026105 0.000000 0.000000
vt 0.019603 0.019509 0.000000
vt 0.026090 0.550001 0.000000
vt 0.000000 0.000000 0.000000
vt 0.019603 0.018759 0.000000
vt 0.006529 0.530491 0.000000
vt 0.000000 0.000000 0.000000
vt 0.013052 -0.511732 0.000000
vt 0.026105 0.000000 0.000000
vt 0.000000 0.000000 0.000000
vt 0.019603 0.017289 0.000000
vt 0.013074 0.511732 0.000000
vt 0.000000 0.000000 0.000000
vt 0.006511 -0.494443 0.000000
vt 0.026104 -0.000000 0.000000
vt 0.000000 0.000000 0.000000
vt 0.019603 0.015154 0.000000
vt 0.019603 0.494443 0.000000
vt 0.000000 0.000000 0.000000
vt 0.019604 0.012436 0.000000
vt 0.000000 0.479289 0.000000
vt 0.000000 0.000000 0.000000
vt 0.019593 -0.466853 0.000000
vt 0.026106 0.000000 0.000000
vt 0.000000 0.000000 0.000000
vt 0.019605 0.009241 0.000000
vt 0.006530 0.466853 0.000000
vt 0.000000 0.000000 0.000000
vt 0.013053 -0.457613 0.000000
vt 0.026106 0.000000 0.000000
vt 0.000000 0.000000 0.000000
vt 0.019603 0.005691 0.000000
vt 0.013073 0.457612 0.000000
vt 0.000000 0.000000 0.000000
vt 0.009813 0.001440 0.000000
vt -0.006522 0.451922 0.000000
vt 0.000000 0.000000 0.000000
vt 0.016337 -0.450482 0.000000
vt 0.026098 0.550000 0.000000
vt 0.000000 0.000000 0.000000
vt 0.009814 0.000481 0.000000
vt 0.009814 1.000481 0.000000
vt 0.000000 0.000000 0.000000
vt -0.003201 0.025909 0.000000
vt -0.106871 -0.019754 0.000000
vt 0.000000 0.000000 0.000000
vt -0.109943 -0.020322 0.000000
vt -0.103670 -0.045663 0.000000
vt 0.000000 0.000000 0.000000
vt -0.006322 0.025328 0.000000
vt -0.103680 -0.032588 0.000000
vt 0.000000 0.000000 0.000000
vt -0.106663 -0.033525 0.000000
vt -0.097358 -0.057916 0.000000
vt 0.000000 0.000000 0.000000
vt -0.009349 0.024374 0.000000
vt -0.098961 -0.044924 0.000000
vt 0.000000 0.000000 0.000000
vt -0.101808 -0.046217 0.000000
vt -0.089612 -0.069298 0.000000
vt 0.000000 0.000000 0.000000
vt -0.012234 0.023062 0.000000
vt -0.092792 -0.056580 0.000000
vt 0.000000 0.000000 0.000000
vt -0.095458 -0.058207 0.000000
vt -0.080559 -0.079642 0.000000
vt 0.000000 0.000000 0.000000
vt -0.014930 0.021414 0.000000
vt -0.085271 -0.067384 0.000000
vt 0.000000 0.000000 0.000000
vt -0.087723 -0.069321 0.000000
vt -0.070341 -0.088798 0.000000
vt 0.000000 0.000000 0.000000
vt -0.078718 -0.079400 0.000000
vt -0.059112 -0.096636 0.000000
vt 0.000000 0.000000 0.000000
vt 0.017405 -0.019456 0.000000
vt -0.019621 0.017218 0.000000
vt -0.066668 -0.085832 0.000000
vt 0.000000 0.000000 0.000000
vt -0.068586 -0.088300 0.000000
vt -0.047047 -0.103050 0.000000
vt 0.000000 0.000000 0.000000
vt -0.021549 0.014736 0.000000
vt -0.055870 -0.093221 0.000000
vt 0.000000 0.000000 0.000000
vt -0.057475 -0.095902 0.000000
vt -0.034321 -0.107957 0.000000
vt 0.000000 0.000000 0.000000
vt -0.023160 0.012045 0.000000
vt -0.044286 -0.099249 0.000000
vt 0.000000 0.000000 0.000000
vt -0.045559 -0.102104 0.000000
vt -0.021126 -0.111294 0.000000
vt 0.000000 0.000000 0.000000
vt -0.024435 0.009185 0.000000
vt -0.032078 -0.103839 0.000000
vt 0.000000 0.000000 0.000000
vt -0.033004 -0.106825 0.000000
vt -0.007644 -0.113023 0.000000
vt 0.000000 0.000000 0.000000
vt -0.025361 0.006195 0.000000
vt -0.019428 -0.106931 0.000000
vt 0.000000 0.000000 0.000000
vt -0.019986 -0.110006 0.000000
vt 0.005933 -0.113126 0.000000
vt 0.000000 0.000000 0.000000
vt -0.025919 0.003120 0.000000
vt -0.006507 -0.108487 0.000000
vt 0.000000 0.000000 0.000000
vt -0.006692 -0.111606 0.000000
vt 0.019412 -0.111606 0.000000
vt 0.000000 0.000000 0.000000
vt -0.003644 0.025849 0.000000
vt -0.109668 -0.021759 0.000000
vt 0.000000 0.000000 0.000000
vt -0.112524 -0.022325 0.000000
vt -0.106024 -0.047608 0.000000
vt 0.000000 0.000000 0.000000
vt -0.006952 0.025163 0.000000
vt -0.105940 -0.035742 0.000000
vt 0.000000 0.000000 0.000000
vt -0.108700 -0.036673 0.000000
vt -0.098988 -0.060905 0.000000
vt 0.000000 0.000000 0.000000
vt -0.010108 0.024069 0.000000
vt -0.100510 -0.048976 0.000000
vt 0.000000 0.000000 0.000000
vt -0.103127 -0.050252 0.000000
vt -0.090402 -0.073045 0.000000
vt 0.000000 0.000000 0.000000
vt -0.013055 0.022606 0.000000
vt -0.093549 -0.061229 0.000000
vt 0.000000 0.000000 0.000000
vt -0.095988 -0.062823 0.000000
vt -0.080494 -0.083835 0.000000
vt 0.000000 0.000000 0.000000
vt -0.015751 0.020819 0.000000
vt -0.085265 -0.072323 0.000000
vt 0.000000 0.000000 0.000000
vt -0.087484 -0.074208 0.000000
vt -0.069513 -0.093143 0.000000
vt 0.000000 0.000000 0.000000
vt -0.018159 0.018755 0.000000
vt -0.075861 -0.082134 0.000000
vt 0.000000 0.000000 0.000000
vt -0.077838 -0.084273 0.000000
vt -0.057702 -0.100888 0.000000
vt 0.000000 0.000000 0.000000
vt -0.020263 0.016460 0.000000
vt -0.065546 -0.090579 0.000000
vt 0.000000 0.000000 0.000000
vt -0.067252 -0.092939 0.000000
vt -0.045283 -0.107039 0.000000
vt 0.000000 0.000000 0.000000
vt -0.022047 0.013978 0.000000
vt -0.054505 -0.097621 0.000000
vt 0.000000 0.000000 0.000000
vt -0.055927 -0.100163 0.000000
vt -0.032459 -0.111598 0.000000
vt 0.000000 0.000000 0.000000
vt -0.023510 0.011350 0.000000
vt -0.042917 -0.103242 0.000000
vt 0.000000 0.000000 0.000000
vt -0.044034 -0.105931 0.000000
vt -0.019407 -0.114591 0.000000
vt 0.000000 0.000000 0.000000
vt -0.024645 0.008609 0.000000
vt -0.030926 -0.107445 0.000000
vt 0.000000 0.000000 0.000000
vt -0.031730 -0.110244 0.000000
vt -0.006281 -0.116054 0.000000
vt 0.000000 0.000000 0.000000
vt -0.025455 0.005785 0.000000
vt -0.018658 -0.110239 0.000000
vt 0.000000 0.000000 0.000000
vt -0.019146 -0.113110 0.000000
vt 0.006797 -0.116024 0.000000
vt 0.000000 0.000000 0.000000
vt -0.025943 0.002908 0.000000
vt -0.006236 -0.111633 0.000000
vt 0.000000 0.000000 0.000000
vt -0.006398 -0.114541 0.000000
vt 0.019707 -0.114541 0.000000
vt 0.000000 0.000000 0.000000
vt -0.004652 0.025687 0.000000
vt -0.111771 -0.025835 0.000000
vt 0.000000 0.000000 0.000000
vt -0.114210 -0.026399 0.000000
vt -0.107118 -0.051522 0.000000
vt 0.000000 0.000000 0.000000
vt -0.008375 0.024725 0.000000
vt -0.106769 -0.041965 0.000000
vt 0.000000 0.000000 0.000000
vt -0.109095 -0.042880 0.000000
vt -0.098394 -0.066691 0.000000
vt 0.000000 0.000000 0.000000
vt -0.011785 0.023294 0.000000
vt -0.099765 -0.056635 0.000000
vt 0.000000 0.000000 0.000000
vt -0.101940 -0.057870 0.000000
vt -0.087980 -0.079928 0.000000
vt 0.000000 0.000000 0.000000
vt -0.014816 0.021493 0.000000
vt -0.091226 -0.069559 0.000000
vt 0.000000 0.000000 0.000000
vt -0.093214 -0.071076 0.000000
vt -0.076409 -0.091052 0.000000
vt 0.000000 0.000000 0.000000
vt -0.017438 0.019426 0.000000
vt -0.081597 -0.080636 0.000000
vt 0.000000 0.000000 0.000000
vt -0.083379 -0.082393 0.000000
vt -0.064160 -0.100061 0.000000
vt 0.000000 0.000000 0.000000
vt -0.019657 0.017179 0.000000
vt -0.071271 -0.089894 0.000000
vt 0.000000 0.000000 0.000000
vt -0.072825 -0.091854 0.000000
vt -0.051615 -0.107073 0.000000
vt 0.000000 0.000000 0.000000
vt -0.021491 0.014821 0.000000
vt -0.060530 -0.097451 0.000000
vt 0.000000 0.000000 0.000000
vt -0.061848 -0.099575 0.000000
vt -0.039038 -0.112271 0.000000
vt 0.000000 0.000000 0.000000
vt -0.022973 0.012398 0.000000
vt -0.049582 -0.103451 0.000000
vt 0.000000 0.000000 0.000000
vt -0.050661 -0.105707 0.000000
vt -0.026608 -0.115849 0.000000
vt 0.000000 0.000000 0.000000
vt -0.024138 0.009940 0.000000
vt -0.038551 -0.108047 0.000000
vt 0.000000 0.000000 0.000000
vt -0.039394 -0.110402 0.000000
vt -0.014415 -0.117987 0.000000
vt 0.000000 0.000000 0.000000
vt -0.025015 0.007468 0.000000
vt -0.027515 -0.111371 0.000000
vt 0.000000 0.000000 0.000000
vt -0.028115 -0.113799 0.000000
vt -0.002501 -0.118839 0.000000
vt 0.000000 0.000000 0.000000
vt -0.025625 0.004987 0.000000
vt -0.016495 -0.113527 0.000000
vt 0.000000 0.000000 0.000000
vt -0.016854 -0.116002 0.000000
vt 0.009130 -0.118514 0.000000
vt 0.000000 0.000000 0.000000
vt -0.025985 0.002498 0.000000
vt -0.005494 -0.114588 0.000000
vt 0.000000 0.000000 0.000000
vt -0.005616 -0.117086 0.000000
vt 0.020491 -0.117086 0.000000
vt 0.000000 0.000000 0.000000
vt -0.006610 0.025255 0.000000
vt -0.112235 -0.033824 0.000000
vt 0.000000 0.000000 0.000000
vt -0.114071 -0.034379 0.000000
vt -0.105624 -0.059080 0.000000
vt 0.000000 0.000000 0.000000
vt -0.011044 0.023654 0.000000
vt -0.104319 -0.053461 0.000000
vt 0.000000 0.000000 0.000000
vt -0.106028 -0.054335 0.000000
vt -0.093275 -0.077114 0.000000
vt 0.000000 0.000000 0.000000
vt -0.014750 0.021539 0.000000
vt -0.094220 -0.069737 0.000000
vt 0.000000 0.000000 0.000000
vt -0.095762 -0.070879 0.000000
vt -0.079470 -0.091277 0.000000
vt 0.000000 0.000000 0.000000
vt -0.017712 0.019177 0.000000
vt -0.083130 -0.082644 0.000000
vt 0.000000 0.000000 0.000000
vt -0.084490 -0.083998 0.000000
vt -0.065416 -0.101822 0.000000
vt 0.000000 0.000000 0.000000
vt -0.020020 0.016753 0.000000
vt -0.071871 -0.092602 0.000000
vt 0.000000 0.000000 0.000000
vt -0.073048 -0.094117 0.000000
vt -0.051852 -0.109355 0.000000
vt 0.000000 0.000000 0.000000
vt -0.021792 0.014374 0.000000
vt -0.060903 -0.100157 0.000000
vt 0.000000 0.000000 0.000000
vt -0.061897 -0.101798 0.000000
vt -0.039109 -0.114532 0.000000
vt 0.000000 0.000000 0.000000
vt -0.023139 0.012086 0.000000
vt -0.050411 -0.105826 0.000000
vt 0.000000 0.000000 0.000000
vt -0.051238 -0.107558 0.000000
vt -0.027274 -0.117911 0.000000
vt 0.000000 0.000000 0.000000
vt -0.024155 0.009901 0.000000
vt -0.040442 -0.110023 0.000000
vt 0.000000 0.000000 0.000000
vt -0.041107 -0.111823 0.000000
vt -0.016289 -0.119924 0.000000
vt 0.000000 0.000000 0.000000
vt -0.024910 0.007812 0.000000
vt -0.030943 -0.113063 0.000000
vt 0.000000 0.000000 0.000000
vt -0.031450 -0.114914 0.000000
vt -0.006033 -0.120875 0.000000
vt 0.000000 0.000000 0.000000
vt -0.025454 0.005800 0.000000
vt -0.021824 -0.115171 0.000000
vt 0.000000 0.000000 0.000000
vt -0.022180 -0.117056 0.000000
vt 0.003630 -0.120970 0.000000
vt 0.000000 0.000000 0.000000
vt -0.025821 0.003843 0.000000
vt -0.012982 -0.116499 0.000000
vt 0.000000 0.000000 0.000000
vt -0.013194 -0.118406 0.000000
vt 0.012840 -0.120342 0.000000
vt 0.000000 0.000000 0.000000
vt -0.026035 0.001918 0.000000
vt -0.004309 -0.117141 0.000000
vt 0.000000 0.000000 0.000000
vt -0.004378 -0.119059 0.000000
vt 0.021726 -0.119059 0.000000
vt 0.000000 0.000000 0.000000
vt -0.026077 -0.001221 0.000000
vt 0.008322 -0.118848 0.000000
vt 0.000000 0.000000 0.000000
vt 0.008406 -0.120051 0.000000
vt 0.034398 -0.117627 0.000000
vt 0.000000 0.000000 0.000000
vt -0.025987 -0.002486 0.000000
vt 0.014085 -0.118304 0.000000
vt 0.000000 0.000000 0.000000
vt 0.014228 -0.119502 0.000000
vt 0.040072 -0.115818 0.000000
vt 0.000000 0.000000 0.000000
vt -0.019505 0.017350 0.000000
vt -0.077104 -0.090824 0.000000
vt 0.000000 0.000000 0.000000
vt -0.077886 -0.091743 0.000000
vt -0.057601 -0.108174 0.000000
vt 0.000000 0.000000 0.000000
vt -0.021739 0.014454 0.000000
vt -0.063653 -0.100710 0.000000
vt 0.000000 0.000000 0.000000
vt -0.064298 -0.101729 0.000000
vt -0.041915 -0.115163 0.000000
vt 0.000000 0.000000 0.000000
vt -0.023193 0.011983 0.000000
vt -0.052224 -0.107083 0.000000
vt 0.000000 0.000000 0.000000
vt -0.052751 -0.108169 0.000000
vt -0.029029 -0.119066 0.000000
vt 0.000000 0.000000 0.000000
vt -0.024164 0.009878 0.000000
vt -0.042521 -0.111293 0.000000
vt 0.000000 0.000000 0.000000
vt -0.042957 -0.112418 0.000000
vt -0.018362 -0.121170 0.000000
vt 0.000000 0.000000 0.000000
vt -0.024829 0.008062 0.000000
vt -0.034168 -0.114134 0.000000
vt 0.000000 0.000000 0.000000
vt -0.034513 -0.115290 0.000000
vt -0.009338 -0.122196 0.000000
vt 0.000000 0.000000 0.000000
vt -0.025293 0.006461 0.000000
vt -0.026815 -0.116083 0.000000
vt 0.000000 0.000000 0.000000
vt -0.027085 -0.117258 0.000000
vt -0.001521 -0.122544 0.000000
vt 0.000000 0.000000 0.000000
vt -0.025619 0.005017 0.000000
vt -0.020192 -0.117416 0.000000
vt 0.000000 0.000000 0.000000
vt -0.020394 -0.118605 0.000000
vt 0.005428 -0.122433 0.000000
vt 0.000000 0.000000 0.000000
vt -0.025844 0.003684 0.000000
vt -0.014085 -0.118304 0.000000
vt 0.000000 0.000000 0.000000
vt -0.014227 -0.119502 0.000000
vt 0.011759 -0.121988 0.000000
vt 0.000000 0.000000 0.000000
vt -0.025992 0.002424 0.000000
vt -0.008321 -0.118848 0.000000
vt 0.000000 0.000000 0.000000
vt -0.008405 -0.120051 0.000000
vt 0.017671 -0.121272 0.000000
vt 0.000000 0.000000 0.000000
vt -0.026077 0.001206 0.000000
vt -0.002752 -0.119108 0.000000
vt 0.000000 0.000000 0.000000
vt -0.002781 -0.120314 0.000000
vt 0.023324 -0.120314 0.000000
vt 0.000000 0.000000 0.000000
vt -0.000027 0.026105 0.000000
vt -0.108479 -0.006619 0.000000
vt 0.000000 0.000000 0.000000
vt 0.108452 0.032724 0.000000
vt -0.003147 0.025915 0.000000
vt 0.000000 0.000000 0.000000
vt -0.000250 0.026104 0.000000
vt -0.111568 -0.007306 0.000000
vt 0.000000 0.000000 0.000000
vt 0.111318 0.033411 0.000000
vt -0.003156 0.025913 0.000000
vt 0.000000 0.000000 0.000000
vt -0.000737 0.026095 0.000000
vt -0.114386 -0.008728 0.000000
vt 0.000000 0.000000 0.000000
vt 0.113650 0.034822 0.000000
vt -0.003229 0.025905 0.000000
vt 0.000000 0.000000 0.000000
vt -0.001628 0.026054 0.000000
vt -0.116642 -0.011604 0.000000
vt 0.000000 0.000000 0.000000
vt 0.115015 0.037657 0.000000
vt -0.003538 0.025865 0.000000
vt 0.000000 0.000000 0.000000
vt -0.026105 0.000000 0.000000
vt 0.002753 -0.119107 0.000000
vt 0.000000 0.000000 0.000000
vt -0.028858 0.119107 0.000000
vt -0.026077 -0.001205 0.000000
vt 0.000000 0.000000 0.000000
vt -0.026105 0.000000 0.000000
vt 0.000948 -0.120341 0.000000
vt 0.000000 0.000000 0.000000
vt 0.000952 -0.120753 0.000000
vt 0.027054 -0.120341 0.000000
vt 0.000000 0.000000 0.000000
vt -0.026102 -0.000419 0.000000
vt 0.002873 -0.120311 0.000000
vt 0.000000 0.000000 0.000000
vt 0.002883 -0.120722 0.000000
vt 0.028975 -0.119892 0.000000
vt 0.000000 0.000000 0.000000
vt -0.026091 -0.000854 0.000000
vt 0.004882 -0.120247 0.000000
vt 0.000000 0.000000 0.000000
vt 0.004899 -0.120658 0.000000
vt 0.030973 -0.119393 0.000000
vt 0.000000 0.000000 0.000000
vt -0.026072 -0.001324 0.000000
vt 0.007045 -0.120139 0.000000
vt 0.000000 0.000000 0.000000
vt 0.007068 -0.120549 0.000000
vt 0.033116 -0.118816 0.000000
vt 0.000000 0.000000 0.000000
vt -0.025475 0.005701 0.000000
vt -0.025353 -0.117644 0.000000
vt 0.000000 0.000000 0.000000
vt -0.025444 -0.118046 0.000000
vt 0.000118 -0.123345 0.000000
vt 0.000000 0.000000 0.000000
vt -0.025717 0.004485 0.000000
vt -0.019744 -0.118715 0.000000
vt 0.000000 0.000000 0.000000
vt -0.019813 -0.119121 0.000000
vt 0.005971 -0.123201 0.000000
vt 0.000000 0.000000 0.000000
vt -0.025859 0.003577 0.000000
vt -0.015551 -0.119337 0.000000
vt 0.000000 0.000000 0.000000
vt -0.015601 -0.119745 0.000000
vt 0.010311 -0.122914 0.000000
vt 0.000000 0.000000 0.000000
vt -0.025949 0.002856 0.000000
vt -0.012220 -0.119723 0.000000
vt 0.000000 0.000000 0.000000
vt -0.012262 -0.120132 0.000000
vt 0.013728 -0.122579 0.000000
vt 0.000000 0.000000 0.000000
vt -0.026008 0.002255 0.000000
vt -0.009449 -0.119974 0.000000
vt 0.000000 0.000000 0.000000
vt -0.009482 -0.120385 0.000000
vt 0.016558 -0.122229 0.000000
vt 0.000000 0.000000 0.000000
vt -0.026048 0.001733 0.000000
vt -0.007045 -0.120139 0.000000
vt 0.000000 0.000000 0.000000
vt -0.007067 -0.120549 0.000000
vt 0.019004 -0.121872 0.000000
vt 0.000000 0.000000 0.000000
vt -0.026074 0.001265 0.000000
vt -0.004881 -0.120247 0.000000
vt 0.000000 0.000000 0.000000
vt -0.004900 -0.120658 0.000000
vt 0.021191 -0.121512 0.000000
vt 0.000000 0.000000 0.000000
vt -0.026092 0.000829 0.000000
vt -0.002873 -0.120311 0.000000
vt 0.000000 0.000000 0.000000
vt -0.002883 -0.120723 0.000000
vt 0.023219 -0.121140 0.000000
vt 0.000000 0.000000 0.000000
vt -0.026102 0.000411 0.000000
vt -0.000949 -0.120342 0.000000
vt 0.000000 0.000000 0.000000
vt -0.000952 -0.120753 0.000000
vt 0.025153 -0.120753 0.000000
vt 0.000000 0.000000 0.000000
vt 0.026105 3.080001 0.000000
vt 0.000000 3.080001 0.000000
vt 0.026105 0.000000 0.000000
vt 0.000000 0.000000 0.000000
vt -0.513334 -0.026105 0.000000
vt 2.566667 -0.026105 0.000000
vt -0.513334 0.000000 0.000000
vt 2.566667 0.000000 0.000000
vt 0.000000 0.026105 0.000000
vt -3.080001 0.026105 0.000000
vt 0.000000 0.000000 0.000000
vt -3.080001 0.000000 0.000000
vt 0.000000 0.026106 0.000000
vt -3.080001 0.026106 0.000000
vt 0.000000 0.000000 0.000000
vt -3.080001 0.000000 0.000000
vt 0.513333 0.026105 0.000000
vt -2.566668 0.026105 0.000000
vt 0.513333 0.000000 0.000000
vt -2.566668 0.000000 0.000000
vt 0.026105 3.080001 0.000000
vt 0.000000 3.080001 0.000000
vt 0.026105 0.000000 0.000000
vt 0.000000 0.000000 0.000000
vt 0.025918 0.003120 0.000000
vt -0.019428 0.106931 0.000000
vt 0.000000 0.000000 0.000000
vt -0.019987 0.110006 0.000000
vt -0.045345 0.103811 0.000000
vt 0.000000 0.000000 0.000000
vt 0.025358 0.006198 0.000000
vt -0.032080 0.103839 0.000000
vt 0.000000 0.000000 0.000000
vt -0.033002 0.106825 0.000000
vt -0.057438 0.097641 0.000000
vt 0.000000 0.000000 0.000000
vt 0.024434 0.009191 0.000000
vt -0.044285 0.099249 0.000000
vt 0.000000 0.000000 0.000000
vt -0.045559 0.102103 0.000000
vt -0.068719 0.090058 0.000000
vt 0.000000 0.000000 0.000000
vt 0.023155 0.012055 0.000000
vt -0.055870 0.093221 0.000000
vt 0.000000 0.000000 0.000000
vt -0.057477 0.095902 0.000000
vt -0.079025 0.081166 0.000000
vt 0.000000 0.000000 0.000000
vt 0.021538 0.014750 0.000000
vt -0.066668 0.085832 0.000000
vt 0.000000 0.000000 0.000000
vt -0.068585 0.088300 0.000000
vt -0.088206 0.071081 0.000000
vt 0.000000 0.000000 0.000000
vt 0.019606 0.017236 0.000000
vt -0.076517 0.077180 0.000000
vt 0.000000 0.000000 0.000000
vt -0.078717 0.079400 0.000000
vt -0.096123 0.059943 0.000000
vt 0.000000 0.000000 0.000000
vt 0.017383 0.019476 0.000000
vt -0.085271 0.067384 0.000000
vt 0.000000 0.000000 0.000000
vt -0.087723 0.069321 0.000000
vt -0.102654 0.047908 0.000000
vt 0.000000 0.000000 0.000000
vt 0.014901 0.021434 0.000000
vt -0.092791 0.056580 0.000000
vt 0.000000 0.000000 0.000000
vt -0.095460 0.058207 0.000000
vt -0.107692 0.035146 0.000000
vt 0.000000 0.000000 0.000000
vt 0.012194 0.023081 0.000000
vt -0.098962 0.044924 0.000000
vt 0.000000 0.000000 0.000000
vt -0.101807 0.046217 0.000000
vt -0.111156 0.021843 0.000000
vt 0.000000 0.000000 0.000000
vt 0.009305 0.024391 0.000000
vt -0.103680 0.032588 0.000000
vt 0.000000 0.000000 0.000000
vt -0.106663 0.033525 0.000000
vt -0.112985 0.008197 0.000000
vt 0.000000 0.000000 0.000000
vt 0.006272 0.025341 0.000000
vt -0.106871 0.019754 0.000000
vt 0.000000 0.000000 0.000000
vt -0.109944 0.020322 0.000000
vt -0.113143 -0.005586 0.000000
vt 0.000000 0.000000 0.000000
vt 0.003147 0.025915 0.000000
vt -0.108480 0.006619 0.000000
vt 0.000000 0.000000 0.000000
vt -0.111599 0.006809 0.000000
vt -0.111626 -0.019296 0.000000
vt 0.000000 0.000000 0.000000
vt 0.025942 0.002914 0.000000
vt -0.018659 0.110239 0.000000
vt 0.000000 0.000000 0.000000
vt -0.019145 0.113110 0.000000
vt -0.044601 0.107325 0.000000
vt 0.000000 0.000000 0.000000
vt 0.025451 0.005810 0.000000
vt -0.030924 0.107445 0.000000
vt 0.000000 0.000000 0.000000
vt -0.031730 0.110244 0.000000
vt -0.056374 0.101636 0.000000
vt 0.000000 0.000000 0.000000
vt 0.024627 0.008660 0.000000
vt -0.042917 0.103242 0.000000
vt 0.000000 0.000000 0.000000
vt -0.044035 0.105931 0.000000
vt -0.067544 0.094581 0.000000
vt 0.000000 0.000000 0.000000
vt 0.023467 0.011436 0.000000
vt -0.054507 0.097620 0.000000
vt 0.000000 0.000000 0.000000
vt -0.055927 0.100163 0.000000
vt -0.077975 0.086185 0.000000
vt 0.000000 0.000000 0.000000
vt 0.021970 0.014100 0.000000
vt -0.065545 0.090579 0.000000
vt 0.000000 0.000000 0.000000
vt -0.067252 0.092939 0.000000
vt -0.087515 0.076479 0.000000
vt 0.000000 0.000000 0.000000
vt 0.020135 0.016615 0.000000
vt -0.075860 0.082133 0.000000
vt 0.000000 0.000000 0.000000
vt -0.077837 0.084273 0.000000
vt -0.095996 0.065518 0.000000
vt 0.000000 0.000000 0.000000
vt 0.017971 0.018935 0.000000
vt -0.085265 0.072323 0.000000
vt 0.000000 0.000000 0.000000
vt -0.087486 0.074208 0.000000
vt -0.103235 0.053388 0.000000
vt 0.000000 0.000000 0.000000
vt 0.015492 0.021012 0.000000
vt -0.093551 0.061229 0.000000
vt 0.000000 0.000000 0.000000
vt -0.095987 0.062824 0.000000
vt -0.109043 0.040217 0.000000
vt 0.000000 0.000000 0.000000
vt 0.012727 0.022793 0.000000
vt -0.100509 0.048976 0.000000
vt 0.000000 0.000000 0.000000
vt -0.103127 0.050252 0.000000
vt -0.113236 0.026183 0.000000
vt 0.000000 0.000000 0.000000
vt 0.009712 0.024232 0.000000
vt -0.105940 0.035742 0.000000
vt 0.000000 0.000000 0.000000
vt -0.108700 0.036673 0.000000
vt -0.115653 0.011510 0.000000
vt 0.000000 0.000000 0.000000
vt 0.006502 0.025283 0.000000
vt -0.109668 0.021759 0.000000
vt 0.000000 0.000000 0.000000
vt -0.112526 0.022325 0.000000
vt -0.116170 -0.003524 0.000000
vt 0.000000 0.000000 0.000000
vt 0.003156 0.025914 0.000000
vt -0.111568 0.007306 0.000000
vt 0.000000 0.000000 0.000000
vt -0.114474 0.007497 0.000000
vt -0.114724 -0.018607 0.000000
vt 0.000000 0.000000 0.000000
vt 0.025985 0.002511 0.000000
vt -0.016494 0.113527 0.000000
vt 0.000000 0.000000 0.000000
vt -0.016854 0.116002 0.000000
vt -0.042479 0.111015 0.000000
vt 0.000000 0.000000 0.000000
vt 0.025614 0.005040 0.000000
vt -0.027514 0.111371 0.000000
vt 0.000000 0.000000 0.000000
vt -0.028114 0.113799 0.000000
vt -0.053128 0.106331 0.000000
vt 0.000000 0.000000 0.000000
vt 0.024979 0.007585 0.000000
vt -0.038553 0.108047 0.000000
vt 0.000000 0.000000 0.000000
vt -0.039393 0.110403 0.000000
vt -0.063531 0.100462 0.000000
vt 0.000000 0.000000 0.000000
vt 0.024054 0.010142 0.000000
vt -0.049582 0.103451 0.000000
vt 0.000000 0.000000 0.000000
vt -0.050663 0.105707 0.000000
vt -0.073637 0.093309 0.000000
vt 0.000000 0.000000 0.000000
vt 0.022810 0.012696 0.000000
vt -0.060530 0.097451 0.000000
vt 0.000000 0.000000 0.000000
vt -0.061850 0.099575 0.000000
vt -0.083340 0.084755 0.000000
vt 0.000000 0.000000 0.000000
vt -0.092479 0.074675 0.000000
vt -0.021209 -0.015220 0.000000
vt -0.072823 0.091854 0.000000
vt 0.000000 0.000000 0.000000
vt 0.019218 0.017668 0.000000
vt -0.081600 0.080636 0.000000
vt 0.000000 0.000000 0.000000
vt -0.083378 0.082393 0.000000
vt -0.100817 0.062968 0.000000
vt 0.000000 0.000000 0.000000
vt 0.016805 0.019976 0.000000
vt -0.091225 0.069559 0.000000
vt 0.000000 0.000000 0.000000
vt -0.093214 0.071076 0.000000
vt -0.108030 0.049582 0.000000
vt 0.000000 0.000000 0.000000
vt 0.013960 0.022059 0.000000
vt -0.099765 0.056635 0.000000
vt 0.000000 0.000000 0.000000
vt -0.101939 0.057869 0.000000
vt -0.113725 0.034576 0.000000
vt 0.000000 0.000000 0.000000
vt 0.010702 0.023811 0.000000
vt -0.106768 0.041965 0.000000
vt 0.000000 0.000000 0.000000
vt -0.109096 0.042880 0.000000
vt -0.117471 0.018155 0.000000
vt 0.000000 0.000000 0.000000
vt 0.007091 0.025124 0.000000
vt -0.111773 0.025835 0.000000
vt 0.000000 0.000000 0.000000
vt -0.114209 0.026398 0.000000
vt -0.118863 0.000711 0.000000
vt 0.000000 0.000000 0.000000
vt 0.003231 0.025905 0.000000
vt -0.114386 0.008728 0.000000
vt 0.000000 0.000000 0.000000
vt -0.116880 0.008918 0.000000
vt -0.117617 -0.017177 0.000000
vt 0.000000 0.000000 0.000000
vt 0.026033 0.001936 0.000000
vt -0.012982 0.116499 0.000000
vt 0.000000 0.000000 0.000000
vt -0.013194 0.118406 0.000000
vt -0.039015 0.114563 0.000000
vt 0.000000 0.000000 0.000000
vt 0.025810 0.003914 0.000000
vt -0.021823 0.115171 0.000000
vt 0.000000 0.000000 0.000000
vt -0.022181 0.117057 0.000000
vt -0.047634 0.111257 0.000000
vt 0.000000 0.000000 0.000000
vt 0.025416 0.005961 0.000000
vt -0.030941 0.113063 0.000000
vt 0.000000 0.000000 0.000000
vt -0.031448 0.114914 0.000000
vt -0.056357 0.107102 0.000000
vt 0.000000 0.000000 0.000000
vt 0.024817 0.008100 0.000000
vt -0.040443 0.110023 0.000000
vt 0.000000 0.000000 0.000000
vt -0.041105 0.111823 0.000000
vt -0.065259 0.101922 0.000000
vt 0.000000 0.000000 0.000000
vt 0.023964 0.010353 0.000000
vt -0.050414 0.105826 0.000000
vt 0.000000 0.000000 0.000000
vt -0.051239 0.107558 0.000000
vt -0.074378 0.095472 0.000000
vt 0.000000 0.000000 0.000000
vt 0.022789 0.012734 0.000000
vt -0.060901 0.100157 0.000000
vt 0.000000 0.000000 0.000000
vt -0.061899 0.101797 0.000000
vt -0.083691 0.087423 0.000000
vt 0.000000 0.000000 0.000000
vt 0.021197 0.015238 0.000000
vt -0.071872 0.092601 0.000000
vt 0.000000 0.000000 0.000000
vt -0.073048 0.094117 0.000000
vt -0.093068 0.077364 0.000000
vt 0.000000 0.000000 0.000000
vt 0.019073 0.017824 0.000000
vt -0.083129 0.082645 0.000000
vt 0.000000 0.000000 0.000000
vt -0.084490 0.083998 0.000000
vt -0.102203 0.064820 0.000000
vt 0.000000 0.000000 0.000000
vt 0.016291 0.020398 0.000000
vt -0.094219 0.069737 0.000000
vt 0.000000 0.000000 0.000000
vt -0.095761 0.070879 0.000000
vt -0.110510 0.049340 0.000000
vt 0.000000 0.000000 0.000000
vt 0.012752 0.022779 0.000000
vt -0.104320 0.053461 0.000000
vt 0.000000 0.000000 0.000000
vt -0.106027 0.054336 0.000000
vt -0.117071 0.030682 0.000000
vt 0.000000 0.000000 0.000000
vt 0.008447 0.024701 0.000000
vt -0.112234 0.033824 0.000000
vt 0.000000 0.000000 0.000000
vt -0.114071 0.034378 0.000000
vt -0.120681 0.009123 0.000000
vt 0.000000 0.000000 0.000000
vt 0.003538 0.025865 0.000000
vt -0.116644 0.011604 0.000000
vt 0.000000 0.000000 0.000000
vt -0.118554 0.011793 0.000000
vt -0.120182 -0.014261 0.000000
vt 0.000000 0.000000 0.000000
vt 0.026077 0.001221 0.000000
vt -0.008322 0.118848 0.000000
vt 0.000000 0.000000 0.000000
vt -0.008405 0.120051 0.000000
vt -0.034398 0.117627 0.000000
vt 0.000000 0.000000 0.000000
vt 0.025986 0.002486 0.000000
vt -0.014085 0.118304 0.000000
vt 0.000000 0.000000 0.000000
vt -0.014228 0.119502 0.000000
vt -0.040073 0.115817 0.000000
vt 0.000000 0.000000 0.000000
vt 0.025823 0.003828 0.000000
vt -0.020192 0.117416 0.000000
vt 0.000000 0.000000 0.000000
vt -0.020395 0.118605 0.000000
vt -0.046014 0.113588 0.000000
vt 0.000000 0.000000 0.000000
vt 0.025564 0.005286 0.000000
vt -0.026812 0.116083 0.000000
vt 0.000000 0.000000 0.000000
vt -0.027084 0.117258 0.000000
vt -0.052377 0.110797 0.000000
vt 0.000000 0.000000 0.000000
vt 0.025175 0.006906 0.000000
vt -0.034166 0.114135 0.000000
vt 0.000000 0.000000 0.000000
vt -0.034512 0.115291 0.000000
vt -0.059342 0.107229 0.000000
vt 0.000000 0.000000 0.000000
vt 0.024595 0.008752 0.000000
vt -0.042523 0.111292 0.000000
vt 0.000000 0.000000 0.000000
vt -0.042952 0.112419 0.000000
vt -0.067116 0.102541 0.000000
vt 0.000000 0.000000 0.000000
vt 0.023722 0.010898 0.000000
vt -0.052222 0.107084 0.000000
vt 0.000000 0.000000 0.000000
vt -0.052753 0.108168 0.000000
vt -0.075946 0.096185 0.000000
vt 0.000000 0.000000 0.000000
vt 0.022383 0.013435 0.000000
vt -0.063654 0.100710 0.000000
vt 0.000000 0.000000 0.000000
vt -0.064298 0.101729 0.000000
vt -0.086036 0.087275 0.000000
vt 0.000000 0.000000 0.000000
vt 0.020286 0.016431 0.000000
vt -0.077105 0.090823 0.000000
vt 0.000000 0.000000 0.000000
vt -0.077885 0.091744 0.000000
vt -0.097390 0.074393 0.000000
vt 0.000000 0.000000 0.000000
vt -0.025844 0.003684 0.000000
vt -0.014085 -0.118304 0.000000
vt 0.000000 0.000000 0.000000
vt -0.014228 -0.119501 0.000000
vt 0.011758 -0.121988 0.000000
vt 0.000000 0.000000 0.000000
vt -0.025992 0.002425 0.000000
vt -0.008322 -0.118848 0.000000
vt 0.000000 0.000000 0.000000
vt -0.008406 -0.120052 0.000000
vt 0.017671 -0.121273 0.000000
vt 0.000000 0.000000 0.000000
vt -0.026077 0.001205 0.000000
vt -0.002753 -0.119108 0.000000
vt 0.000000 0.000000 0.000000
vt -0.002781 -0.120313 0.000000
vt 0.023325 -0.120313 0.000000
vt 0.000000 0.000000 0.000000
vt 0.026105 0.000000 0.000000
vt -0.006506 0.108487 0.000000
vt 0.000000 0.000000 0.000000
vt 0.032611 -0.108487 0.000000
vt 0.025918 0.003120 0.000000
vt 0.000000 0.000000 0.000000
vt 0.026105 0.000000 0.000000
vt -0.006237 0.111633 0.000000
vt 0.000000 0.000000 0.000000
vt 0.032342 -0.111633 0.000000
vt 0.025943 0.002908 0.000000
vt 0.000000 0.000000 0.000000
vt 0.026105 0.000000 0.000000
vt -0.005495 0.114588 0.000000
vt 0.000000 0.000000 0.000000
vt 0.031601 -0.114588 0.000000
vt 0.025986 0.002498 0.000000
vt 0.000000 0.000000 0.000000
vt 0.026105 0.000000 0.000000
vt -0.004308 0.117141 0.000000
vt 0.000000 0.000000 0.000000
vt 0.030414 -0.117141 0.000000
vt 0.026035 0.001918 0.000000
vt 0.000000 0.000000 0.000000
vt 0.026105 0.000000 0.000000
vt -0.002753 0.119108 0.000000
vt 0.000000 0.000000 0.000000
vt 0.028858 -0.119108 0.000000
vt 0.026077 0.001206 0.000000
vt 0.000000 0.000000 0.000000
vt 0.026105 0.000000 0.000000
vt -0.000948 0.120342 0.000000
vt 0.000000 0.000000 0.000000
vt -0.000952 0.120753 0.000000
vt -0.027054 0.120342 0.000000
vt 0.000000 0.000000 0.000000
vt 0.026102 0.000417 0.000000
vt -0.002873 0.120311 0.000000
vt 0.000000 0.000000 0.000000
vt -0.002883 0.120723 0.000000
vt -0.028975 0.119893 0.000000
vt 0.000000 0.000000 0.000000
vt 0.026091 0.000854 0.000000
vt -0.004883 0.120247 0.000000
vt 0.000000 0.000000 0.000000
vt -0.004899 0.120658 0.000000
vt -0.030974 0.119393 0.000000
vt 0.000000 0.000000 0.000000
vt 0.026072 0.001323 0.000000
vt -0.007045 0.120139 0.000000
vt 0.000000 0.000000 0.000000
vt -0.007069 0.120550 0.000000
vt -0.033117 0.118817 0.000000
vt 0.000000 0.000000 0.000000
vt 0.026040 0.001844 0.000000
vt -0.009450 0.119973 0.000000
vt 0.000000 0.000000 0.000000
vt -0.009481 0.120385 0.000000
vt -0.035489 0.118129 0.000000
vt 0.000000 0.000000 0.000000
vt 0.025990 0.002447 0.000000
vt -0.012221 0.119724 0.000000
vt 0.000000 0.000000 0.000000
vt -0.012265 0.120132 0.000000
vt -0.038213 0.117276 0.000000
vt 0.000000 0.000000 0.000000
vt 0.025912 0.003169 0.000000
vt -0.015551 0.119336 0.000000
vt 0.000000 0.000000 0.000000
vt -0.015604 0.119744 0.000000
vt -0.041463 0.116167 0.000000
vt 0.000000 0.000000 0.000000
vt 0.025785 0.004080 0.000000
vt -0.019746 0.118715 0.000000
vt 0.000000 0.000000 0.000000
vt -0.019812 0.119121 0.000000
vt -0.045529 0.114636 0.000000
vt 0.000000 0.000000 0.000000
vt 0.025562 0.005299 0.000000
vt -0.025357 0.117644 0.000000
vt 0.000000 0.000000 0.000000
vt -0.025443 0.118046 0.000000
vt -0.050919 0.112345 0.000000
vt 0.000000 0.000000 0.000000
vt -0.026048 0.001734 0.000000
vt -0.007045 -0.120139 0.000000
vt 0.000000 0.000000 0.000000
vt -0.007069 -0.120550 0.000000
vt 0.019003 -0.121873 0.000000
vt 0.000000 0.000000 0.000000
vt -0.026075 0.001265 0.000000
vt -0.004882 -0.120246 0.000000
vt 0.000000 0.000000 0.000000
vt -0.004899 -0.120657 0.000000
vt 0.021193 -0.121511 0.000000
vt 0.000000 0.000000 0.000000
vt -0.026092 0.000829 0.000000
vt -0.002873 -0.120312 0.000000
vt 0.000000 0.000000 0.000000
vt -0.002883 -0.120723 0.000000
vt 0.023219 -0.121141 0.000000
vt 0.000000 0.000000 0.000000
vt -0.026102 0.000412 0.000000
vt -0.000949 -0.120342 0.000000
vt 0.000000 0.000000 0.000000
vt -0.000952 -0.120753 0.000000
vt 0.025154 -0.120753 0.000000
vt 0.000000 0.000000 0.000000
vt -0.006529 0.530491 0.000000
vt -0.019603 0.018759 0.000000
vt 0.000000 0.000000 0.000000
vt -0.026105 -0.000000 0.000000
vt -0.013053 -0.511732 0.000000
vt 0.000000 0.000000 0.000000
vt -0.013073 0.511732 0.000000
vt -0.019603 0.017289 0.000000
vt 0.000000 0.000000 0.000000
vt -0.026105 0.000000 0.000000
vt -0.006512 -0.494443 0.000000
vt 0.000000 0.000000 0.000000
vt -0.019604 0.494443 0.000000
vt -0.019604 0.015154 0.000000
vt 0.000000 0.000000 0.000000
vt 0.000000 0.479289 0.000000
vt -0.019604 0.012436 0.000000
vt 0.000000 0.000000 0.000000
vt -0.026105 0.000000 0.000000
vt -0.019593 -0.466853 0.000000
vt 0.000000 0.000000 0.000000
vt -0.006530 0.466853 0.000000
vt -0.019603 0.009241 0.000000
vt 0.000000 0.000000 0.000000
vt -0.026105 0.000000 0.000000
vt -0.013052 -0.457613 0.000000
vt 0.000000 0.000000 0.000000
vt -0.013073 0.457612 0.000000
vt -0.019604 0.005691 0.000000
vt 0.000000 0.000000 0.000000
vt -0.016336 -0.450482 0.000000
vt -0.006523 -0.451922 0.000000
vt 0.000000 0.000000 0.000000
vt 0.009813 -0.000481 0.000000
vt 0.000000 1.000000 0.000000
vt 0.000000 0.000000 0.000000
vt 0.009780 -1.000481 0.000000
vt 0.026105 -0.000000 0.000000
vt 0.000000 0.000000 0.000000
vt 0.016345 0.450481 0.000000
vt 0.016345 1.000481 0.000000
vt 0.000000 0.000000 0.000000
vt 0.026105 0.550000 0.000000
vt 0.000000 0.550000 0.000000
vt 0.026105 0.000000 0.000000
vt 0.000000 0.000000 0.000000
vt 0.026105 0.550000 0.000000
vt 0.000000 0.550000 0.000000
vt 0.026105 0.000000 0.000000
vt 0.000000 0.000000 0.000000
vt 0.026105 0.550000 0.000000
vt 0.000000 0.550000 0.000000
vt 0.026105 0.000000 0.000000
vt 0.000000 0.000000 0.000000
vt 0.026105 0.550000 0.000000
vt 0.000000 0.550000 0.000000
vt 0.026105 0.000000 0.000000
vt 0.000000 0.000000 0.000000
vt 0.000000 1.100000 0.000000
vt -0.019603 0.019509 0.000000
vt 0.000000 0.000000 0.000000
vt 0.019576 1.080491 0.000000
vt -0.006524 0.530491 0.000000
vt 0.000000 0.000000 0.000000
vt -0.026105 0.000000 0.000000
vt -0.026105 -0.550000 0.000000
vt 0.000000 0.000000 0.000000
vt -1.100000 -0.933651 0.000000
vt 0.000000 -0.933651 0.000000
vt -1.100000 0.000000 0.000000
vt 0.000000 0.000000 0.000000
vt -1.100482 0.009813 0.000000
vt -1.100000 0.000000 0.000000
vt 0.000000 0.000000 0.000000
vt 0.000000 0.026105 0.000000
vt -0.800000 0.026105 0.000000
vt 0.000000 0.000000 0.000000
vt -0.800000 0.000000 0.000000
vt 0.000000 -0.026105 0.000000
vt 0.800000 -0.026105 0.000000
vt 0.000000 0.000000 0.000000
vt 0.800000 0.000000 0.000000
vt 0.000000 -0.026105 0.000000
vt 0.800000 -0.026105 0.000000
vt 0.000000 0.000000 0.000000
vt 0.800000 0.000000 0.000000
vt 0.000000 -0.026105 0.000000
vt 0.800000 -0.026105 0.000000
vt 0.000000 0.000000 0.000000
vt 0.800000 0.000000 0.000000
vt 0.800000 -0.026105 0.000000
vt 0.400000 0.000000 0.000000
vt -0.400000 -0.026105 0.000000
vt -0.400000 0.000000 0.000000
vt -0.019513 0.019599 0.000000
vt -0.400007 0.026002 0.000000
vt 0.000000 0.000000 0.000000
vt -0.018752 0.019610 0.000000
vt -0.380489 0.006662 0.000000
vt 0.000000 0.000000 0.000000
vt 0.361720 0.013407 0.000000
vt -0.000026 0.026105 0.000000
vt 0.000000 0.000000 0.000000
vt -0.017276 0.019614 0.000000
vt -0.361723 0.013310 0.000000
vt 0.000000 0.000000 0.000000
vt 0.344434 0.007005 0.000000
vt -0.000037 0.026105 0.000000
vt 0.000000 0.000000 0.000000
vt -0.015154 0.019604 0.000000
vt -0.344443 0.019604 0.000000
vt 0.000000 0.000000 0.000000
vt -0.012436 0.019604 0.000000
vt -0.329289 0.000000 0.000000
vt 0.000000 0.000000 0.000000
vt 0.316801 0.020429 0.000000
vt -0.000069 0.026105 0.000000
vt 0.000000 0.000000 0.000000
vt 0.009255 -0.019596 0.000000
vt 0.316858 -0.006299 0.000000
vt 0.000000 0.000000 0.000000
vt -0.307628 -0.012698 0.000000
vt -0.000030 -0.026105 0.000000
vt 0.000000 0.000000 0.000000
vt 0.005699 -0.019601 0.000000
vt 0.307618 -0.012942 0.000000
vt 0.000000 0.000000 0.000000
vt 0.001437 -0.009814 0.000000
vt 0.301924 0.006443 0.000000
vt 0.000000 0.000000 0.000000
vt 1.100480 -0.009930 0.000000
vt 0.300484 0.016293 0.000000
vt 0.000000 0.000000 0.000000
vt 0.000000 0.026105 0.000000
vt -0.800000 0.026105 0.000000
vt 0.000000 0.000000 0.000000
vt -1.200000 -1.350000 0.000000
vt 0.000000 -1.350000 0.000000
vt -1.200000 0.000000 0.000000
vt 0.000000 0.000000 0.000000
vt 0.376250 -2.450000 0.000000
vt 0.376250 5.762700 0.000000
vt 0.000000 -2.450000 0.000000
vt 0.000000 5.762700 0.000000
vt 0.000000 4.662700 0.000000
vt 0.000000 3.712700 0.000000
vt -1.200000 4.662700 0.000000
vt -1.200000 3.712700 0.000000
vt -0.900001 -0.020000 0.000000
vt -0.900001 -0.200000 0.000000
vt 0.020000 -0.020000 0.000000
vt 0.033650 -0.200000 0.000000
vt 0.059532 -0.196593 0.000000
vt 0.083650 -0.186603 0.000000
vt 0.104361 -0.170711 0.000000
vt 0.120253 -0.150000 0.000000
vt 0.130242 -0.125882 0.000000
vt 0.133650 -0.100000 0.000000
vt 0.020000 0.578856 0.000000
vt 0.061075 0.650000 0.000000
vt 0.133650 1.250000 0.000000
vt 0.020000 0.721144 0.000000
vt 0.020000 1.250000 0.000000
vt 1.180491 -0.019603 0.000000
vt 1.200000 0.000000 0.000000
vt 0.000000 0.000000 0.000000
vt 0.000481 0.009813 0.000000
vt -1.100000 0.000000 0.000000
vt 0.000000 0.000000 0.000000
vt -1.100483 0.016220 0.000000
vt -1.100481 -0.009885 0.000000
vt 0.000000 0.000000 0.000000
vt -0.000000 -0.026105 0.000000
vt 0.800000 -0.026105 0.000000
vt 0.000000 0.000000 0.000000
vt 0.800000 0.000000 0.000000
vt -0.000000 -0.026105 0.000000
vt 0.800000 -0.026105 0.000000
vt 0.000000 0.000000 0.000000
vt 0.800000 0.000000 0.000000
vt -0.000000 -0.026105 0.000000
vt 0.800000 -0.026105 0.000000
vt 0.000000 0.000000 0.000000
vt 0.800000 0.000000 0.000000
vt -0.000000 -0.026105 0.000000
vt 0.800000 -0.026105 0.000000
vt 0.000000 0.000000 0.000000
vt 0.800000 0.000000 0.000000
vt 0.700481 -0.016345 0.000000
vt 0.400000 0.000000 0.000000
vt -0.400000 0.000000 0.000000
vt 0.001437 0.009814 0.000000
vt -0.300486 0.016257 0.000000
vt 0.000000 0.000000 0.000000
vt 0.005699 0.019601 0.000000
vt -0.301919 0.006659 0.000000
vt 0.000000 0.000000 0.000000
vt 0.307598 0.013407 0.000000
vt -0.000030 0.026105 0.000000
vt 0.000000 0.000000 0.000000
vt 0.009255 0.019596 0.000000
vt -0.307603 0.013297 0.000000
vt 0.000000 0.000000 0.000000
vt 0.316870 0.005676 0.000000
vt 0.000069 0.026105 0.000000
vt 0.000000 0.000000 0.000000
vt 0.012436 0.019604 0.000000
vt -0.316853 0.019604 0.000000
vt 0.000000 0.000000 0.000000
vt 0.015154 0.019604 0.000000
vt -0.329289 0.000000 0.000000
vt 0.000000 0.000000 0.000000
vt 0.344471 0.019101 0.000000
vt 0.000037 0.026105 0.000000
vt 0.000000 0.000000 0.000000
vt 0.017276 0.019614 0.000000
vt -0.344447 0.006305 0.000000
vt 0.000000 0.000000 0.000000
vt 0.361745 0.012698 0.000000
vt 0.000026 0.026105 0.000000
vt 0.000000 0.000000 0.000000
vt 0.018752 0.019610 0.000000
vt -0.361736 0.012948 0.000000
vt 0.000000 0.000000 0.000000
vt -1.180488 0.019777 0.000000
vt -0.380492 -0.006460 0.000000
vt 0.000000 0.000000 0.000000
vt -0.000000 -0.026105 0.000000
vt 0.800000 -0.026105 0.000000
vt 0.000000 0.000000 0.000000
vt 1.100000 0.933651 0.000000
vt 0.000000 0.933651 0.000000
vt 1.100000 0.000000 0.000000
vt 0.000000 0.000000 0.000000
vt 1.100482 -0.009814 0.000000
vt 1.100000 0.000000 0.000000
vt 0.000000 0.000000 0.000000
vt -0.000000 -0.026106 0.000000
vt 0.800000 -0.026106 0.000000
vt 0.000000 0.000000 0.000000
vt 0.800000 0.000000 0.000000
vt 0.000000 0.026106 0.000000
vt -0.800000 0.026106 0.000000
vt 0.000000 0.000000 0.000000
vt -0.800000 0.000000 0.000000
vt 0.000000 0.026104 0.000000
vt -0.800000 0.026104 0.000000
vt 0.000000 0.000000 0.000000
vt -0.800000 0.000000 0.000000
vt 0.000000 0.026105 0.000000
vt -0.800000 0.026105 0.000000
vt 0.000000 0.000000 0.000000
vt -0.800000 0.000000 0.000000
vt -0.800000 0.026105 0.000000
vt -0.400000 0.000000 0.000000
vt 0.400000 0.026105 0.000000
vt 0.400000 0.000000 0.000000
vt 0.019513 -0.019599 0.000000
vt 0.400007 -0.026002 0.000000
vt 0.000000 0.000000 0.000000
vt 0.018752 -0.019610 0.000000
vt 0.380489 -0.006662 0.000000
vt 0.000000 0.000000 0.000000
vt -0.361720 -0.013407 0.000000
vt 0.000026 -0.026105 0.000000
vt 0.000000 0.000000 0.000000
vt 0.017276 -0.019615 0.000000
vt 0.361723 -0.013310 0.000000
vt 0.000000 0.000000 0.000000
vt -0.344434 -0.007004 0.000000
vt 0.000037 -0.026104 0.000000
vt 0.000000 0.000000 0.000000
vt 0.015154 -0.019603 0.000000
vt 0.344443 -0.019603 0.000000
vt 0.000000 0.000000 0.000000
vt 0.012436 -0.019604 0.000000
vt 0.329289 0.000000 0.000000
vt 0.000000 0.000000 0.000000
vt -0.316801 -0.020430 0.000000
vt 0.000069 -0.026106 0.000000
vt 0.000000 0.000000 0.000000
vt -0.009255 0.019598 0.000000
vt -0.316858 0.006300 0.000000
vt 0.000000 0.000000 0.000000
vt 0.307628 0.012699 0.000000
vt 0.000030 0.026106 0.000000
vt 0.000000 0.000000 0.000000
vt -0.005699 0.019600 0.000000
vt -0.307618 0.012942 0.000000
vt 0.000000 0.000000 0.000000
vt -0.001437 0.009813 0.000000
vt -0.301924 -0.006442 0.000000
vt 0.000000 0.000000 0.000000
vt -1.100480 0.009931 0.000000
vt -0.300484 -0.016291 0.000000
vt 0.000000 0.000000 0.000000
vt -0.000000 -0.026104 0.000000
vt 0.800000 -0.026104 0.000000
vt 0.000000 0.000000 0.000000
vt 1.200000 0.950000 0.000000
vt 0.000000 0.950000 0.000000
vt 1.200000 0.000000 0.000000
vt 0.000000 0.000000 0.000000
vt -0.376250 2.050000 0.000000
vt 0.000000 -3.712700 0.000000
vt -0.376250 -6.162700 0.000000
vt 0.000000 -5.062700 0.000000
vt 0.000000 -6.162700 0.000000
vt 0.000000 2.050000 0.000000
vt 1.200000 -5.062700 0.000000
vt 1.200000 -3.712700 0.000000
vt 0.000000 -0.180000 0.000000
vt 0.000000 0.000000 0.000000
vt -0.394809 -0.180000 0.000000
vt -0.419462 -0.137300 0.000000
vt -0.933651 0.000000 0.000000
vt -0.780539 -0.137300 0.000000
vt -0.920000 -0.180000 0.000000
vt -0.805191 -0.180000 0.000000
vt -0.959532 -0.003407 0.000000
vt -0.983650 -0.013397 0.000000
vt -1.004362 -0.029289 0.000000
vt -1.020252 -0.050000 0.000000
vt -1.030243 -0.074118 0.000000
vt -1.033651 -0.100000 0.000000
vt -1.033651 -1.050000 0.000000
vt -0.961075 -0.450000 0.000000
vt -0.920000 -0.378856 0.000000
vt -0.920000 -1.050000 0.000000
vt -0.920000 -0.521144 0.000000
vt -1.180491 0.019604 0.000000
vt -1.200000 0.000000 0.000000
vt 0.000000 0.000000 0.000000
vt -0.000481 -0.009814 0.000000
vt 1.100000 0.000000 0.000000
vt 0.000000 0.000000 0.000000
vt 1.100483 -0.016218 0.000000
vt 1.100481 0.009886 0.000000
vt 0.000000 0.000000 0.000000
vt 0.000000 0.026105 0.000000
vt -0.800000 0.026105 0.000000
vt 0.000000 0.000000 0.000000
vt -0.800000 0.000000 0.000000
vt 0.000000 0.026104 0.000000
vt -0.800000 0.026104 0.000000
vt 0.000000 0.000000 0.000000
vt -0.800000 0.000000 0.000000
vt 0.000000 0.026106 0.000000
vt -0.800000 0.026106 0.000000
vt 0.000000 0.000000 0.000000
vt -0.800000 0.000000 0.000000
vt 0.000000 0.026106 0.000000
vt -0.800000 0.026106 0.000000
vt 0.000000 0.000000 0.000000
vt -0.800000 0.000000 0.000000
vt -0.700481 0.016343 0.000000
vt -0.400000 0.000000 0.000000
vt 0.400000 0.000000 0.000000
vt -0.001437 -0.009813 0.000000
vt 0.300486 -0.016256 0.000000
vt 0.000000 0.000000 0.000000
vt -0.005699 -0.019600 0.000000
vt 0.301919 -0.006658 0.000000
vt 0.000000 0.000000 0.000000
vt -0.307598 -0.013407 0.000000
vt 0.000030 -0.026106 0.000000
vt 0.000000 0.000000 0.000000
vt -0.009255 -0.019598 0.000000
vt 0.307603 -0.013298 0.000000
vt 0.000000 0.000000 0.000000
vt -0.316870 -0.005676 0.000000
vt -0.000069 -0.026106 0.000000
vt 0.000000 0.000000 0.000000
vt -0.012436 -0.019604 0.000000
vt 0.316853 -0.019604 0.000000
vt 0.000000 0.000000 0.000000
vt -0.015154 -0.019603 0.000000
vt 0.329289 0.000000 0.000000
vt 0.000000 0.000000 0.000000
vt -0.344471 -0.019100 0.000000
vt -0.000037 -0.026104 0.000000
vt 0.000000 0.000000 0.000000
vt -0.017276 -0.019615 0.000000
vt 0.344447 -0.006305 0.000000
vt 0.000000 0.000000 0.000000
vt -0.361745 -0.012698 0.000000
vt -0.000026 -0.026105 0.000000
vt 0.000000 0.000000 0.000000
vt -0.018752 -0.019610 0.000000
vt 0.361736 -0.012948 0.000000
vt 0.000000 0.000000 0.000000
vt 1.180488 -0.019777 0.000000
vt 0.380492 0.006460 0.000000
vt 0.000000 0.000000 0.000000
vt 0.000000 0.026105 0.000000
vt -0.800000 0.026105 0.000000
vt 0.000000 0.000000 0.000000
vn 0.086602 -0.050000 0.000000
vn 0.086602 -0.050000 0.000000
vn 0.086602 -0.050000 0.000000
vn 0.086602 -0.050000 0.000000
vn 0.086602 -0.050000 0.000000
vn 0.100000 0.000000 0.000000
vn 0.100000 0.000000 0.000000
vn 0.100000 0.000000 0.000000
vn 0.100000 0.000000 0.000000
vn 0.100000 0.000000 0.000000
vn 0.100000 0.000000 0.000000
vn 0.100000 0.000000 0.000000
vn 0.100000 0.000000 0.000000
vn 0.000000 0.100000 0.000000
vn 0.000000 0.100000 0.000000
vn 0.000000 0.100000 0.000000
vn 0.000000 0.100000 0.000000
vn 0.100000 0.000000 0.000000
vn 0.100000 0.000000 0.000000
vn 0.100000 0.000000 0.000000
vn 0.100000 0.000000 0.000000
vn 0.086602 0.050000 0.000000
vn 0.086602 0.050000 0.000000
vn 0.086602 0.050000 0.000000
vn 0.086602 0.050000 0.000000
vn 0.086602 0.050000 0.000000
vn 0.000000 0.000000 0.100000
vn 0.000000 0.000000 0.100000
vn 0.000000 0.000000 0.100000
vn 0.000000 0.000000 0.100000
vn 0.000000 0.000000 0.100000
vn 0.000000 0.000000 0.100000
vn 0.000000 0.000000 0.100000
vn 0.000000 0.000000 0.100000
vn 0.000000 0.000000 0.100000
vn 0.000000 0.000000 0.100000
vn 0.000000 0.000000 0.100000
vn 0.000000 0.000000 0.100000
vn 0.000000 0.000000 0.100000
vn 0.000000 0.000000 0.100000
vn 0.000000 0.000000 0.100000
vn 0.000000 0.000000 0.100000
vn 0.000000 0.000000 0.100000
vn 0.000000 0.000000 0.100000
vn 0.000000 0.000000 0.100000
vn 0.000000 0.000000 0.100000
vn 0.000000 0.000000 0.100000
vn 0.100000 0.000000 0.000000
vn 0.100000 0.000000 0.000000
vn 0.100000 0.000000 0.000000
vn 0.100000 0.000000 0.000000
vn 0.000000 0.000000 0.100000
vn 0.000000 0.000000 0.100000
vn 0.000000 0.000000 0.100000
vn 0.000000 0.000000 0.100000
vn 0.000000 0.000000 0.100000
vn 0.086603 -0.050000 0.000000
vn 0.086603 -0.050000 0.000000
vn 0.086603 -0.050000 0.000000
vn 0.086603 -0.050000 0.000000
vn 0.086603 -0.050000 0.000000
vn 0.000000 -0.100000 0.000000
vn 0.000000 -0.100000 0.000000
vn 0.000000 -0.100000 0.000000
vn 0.000000 -0.100000 0.000000
vn 0.000000 -0.100000 0.000000
vn 0.000000 -0.100000 0.000000
vn 0.000000 -0.100000 0.000000
vn 0.000000 -0.100000 0.000000
vn 0.000000 -0.100000 0.000000
vn 0.000000 -0.100000 0.000000
vn 0.000000 -0.100000 0.000000
vn 0.000000 -0.100000 0.000000
vn -0.086602 -0.050001 0.000000
vn -0.086602 -0.050001 0.000000
vn -0.086602 -0.050001 0.000000
vn -0.086602 -0.050001 0.000000
vn -0.086602 -0.050001 0.000000
vn 0.000000 -0.100000 0.000000
vn 0.000000 -0.100000 0.000000
vn 0.000000 -0.100000 0.000000
vn 0.000000 -0.100000 0.000000
vn 0.000000 0.000000 0.100000
vn 0.000000 0.000000 0.100000
vn 0.000000 0.000000 0.100000
vn 0.000000 0.000000 0.100000
vn 0.000000 0.000000 0.100000
vn 0.000000 0.000000 0.100000
vn 0.000000 0.000000 0.100000
vn 0.000000 0.000000 0.100000
vn 0.000000 0.000000 0.100000
vn 0.000000 0.000000 0.100000
vn 0.000000 0.000000 0.100000
vn 0.000000 0.000000 0.100000
vn 0.000000 0.000000 0.100000
vn 0.000000 0.000000 0.100000
vn 0.000000 0.000000 0.100000
vn 0.000000 0.000000 0.100000
vn 0.000000 0.000000 0.100000
vn 0.000000 0.000000 0.100000
vn 0.000000 0.000000 0.100000
vn 0.000000 0.000000 0.100000
vn 0.000000 0.000000 0.100000
vn 0.000000 0.000000 0.100000
vn 0.000000 0.000000 0.100000
vn 0.000000 0.000000 0.100000
vn -0.100000 0.000000 0.000000
vn -0.100000 0.000000 0.000000
vn -0.100000 0.000000 0.000000
vn -0.100000 0.000000 0.000000
vn -0.086602 0.050000 0.000000
vn -0.086602 0.050000 0.000000
vn -0.086602 0.050000 0.000000
vn -0.086602 0.050000 0.000000
vn -0.086602 0.050000 0.000000
vn -0.100000 0.000000 0.000000
vn -0.100000 0.000000 0.000000
vn -0.100000 0.000000 0.000000
vn -0.100000 0.000000 0.000000
vn 0.000000 0.000000 0.100000
vn 0.000000 0.000000 0.100000
vn 0.000000 0.000000 0.100000
vn 0.000000 0.000000 0.100000
vn 0.000000 0.000000 0.100000
vn 0.000000 0.000000 0.100000
vn 0.095106 -0.030901 0.000000
vn 0.095106 -0.030901 0.000000
vn 0.095106 -0.030901 0.000000
vn 0.095106 -0.030901 0.000000
vn 0.086602 -0.050000 0.000000
vn 0.086602 -0.050000 0.000000
vn 0.086602 -0.050000 0.000000
vn 0.086602 -0.050000 0.000000
vn 0.074314 -0.066913 0.000000
vn 0.074314 -0.066913 0.000000
vn 0.074314 -0.066913 0.000000
vn 0.074314 -0.066913 0.000000
vn 0.058779 -0.080901 0.000000
vn 0.058779 -0.080901 0.000000
vn 0.058779 -0.080901 0.000000
vn 0.058779 -0.080901 0.000000
vn 0.040674 -0.091355 0.000000
vn 0.040674 -0.091355 0.000000
vn 0.040674 -0.091355 0.000000
vn 0.040674 -0.091355 0.000000
vn 0.020791 -0.097815 0.000000
vn 0.020791 -0.097815 0.000000
vn 0.020791 -0.097815 0.000000
vn 0.020791 -0.097815 0.000000
vn 0.000000 -0.100000 0.000000
vn 0.000000 -0.100000 0.000000
vn 0.000000 -0.100000 0.000000
vn 0.000000 -0.100000 0.000000
vn -0.020791 -0.097815 0.000000
vn -0.020791 -0.097815 0.000000
vn -0.020791 -0.097815 0.000000
vn -0.020791 -0.097815 0.000000
vn -0.040674 -0.091355 0.000000
vn -0.040674 -0.091355 0.000000
vn -0.040674 -0.091355 0.000000
vn -0.040674 -0.091355 0.000000
vn -0.058779 -0.080901 0.000000
vn -0.058779 -0.080901 0.000000
vn -0.058779 -0.080901 0.000000
vn -0.058779 -0.080901 0.000000
vn -0.074314 -0.066913 0.000000
vn -0.074314 -0.066913 0.000000
vn -0.074314 -0.066913 0.000000
vn -0.074314 -0.066913 0.000000
vn -0.086602 -0.050000 0.000000
vn -0.086602 -0.050000 0.000000
vn -0.086602 -0.050000 0.000000
vn -0.086602 -0.050000 0.000000
vn -0.095106 -0.030901 0.000000
vn -0.095106 -0.030901 0.000000
vn -0.095106 -0.030901 0.000000
vn -0.095106 -0.030901 0.000000
vn -0.099452 -0.010453 0.000000
vn -0.099452 -0.010453 0.000000
vn -0.099452 -0.010453 0.000000
vn -0.099452 -0.010453 0.000000
vn -0.099452 0.010453 0.000000
vn -0.099452 0.010453 0.000000
vn -0.099452 0.010453 0.000000
vn -0.099452 0.010453 0.000000
vn -0.095106 0.030901 0.000000
vn -0.095106 0.030901 0.000000
vn -0.095106 0.030901 0.000000
vn -0.095106 0.030901 0.000000
vn -0.086602 0.050000 0.000000
vn -0.086602 0.050000 0.000000
vn -0.086602 0.050000 0.000000
vn -0.086602 0.050000 0.000000
vn -0.074315 0.066913 0.000000
vn -0.074315 0.066913 0.000000
vn -0.074315 0.066913 0.000000
vn -0.074315 0.066913 0.000000
vn -0.058779 0.080901 0.000000
vn -0.058779 0.080901 0.000000
vn -0.058779 0.080901 0.000000
vn -0.058779 0.080901 0.000000
vn -0.040674 0.091354 0.000000
vn -0.040674 0.091354 0.000000
vn -0.040674 0.091354 0.000000
vn -0.040674 0.091354 0.000000
vn -0.020791 0.097815 0.000000
vn -0.020791 0.097815 0.000000
vn -0.020791 0.097815 0.000000
vn -0.020791 0.097815 0.000000
vn 0.000000 0.100000 0.000000
vn 0.000000 0.100000 0.000000
vn 0.000000 0.100000 0.000000
vn 0.000000 0.100000 0.000000
vn 0.020791 0.097815 0.000000
vn 0.020791 0.097815 0.000000
vn 0.020791 0.097815 0.000000
vn 0.020791 0.097815 0.000000
vn 0.040674 0.091354 0.000000
vn 0.040674 0.091354 0.000000
vn 0.040674 0.091354 0.000000
vn 0.040674 0.091354 0.000000
vn 0.058779 0.080901 0.000000
vn 0.058779 0.080901 0.000000
vn 0.058779 0.080901 0.000000
vn 0.058779 0.080901 0.000000
vn 0.074315 0.066913 0.000000
vn 0.074315 0.066913 0.000000
vn 0.074315 0.066913 0.000000
vn 0.074315 0.066913 0.000000
vn 0.086602 0.050000 0.000000
vn 0.086602 0.050000 0.000000
vn 0.086602 0.050000 0.000000
vn 0.086602 0.050000 0.000000
vn 0.095106 0.030901 0.000000
vn 0.095106 0.030901 0.000000
vn 0.095106 0.030901 0.000000
vn 0.095106 0.030901 0.000000
vn 0.099452 0.010453 0.000000
vn 0.099452 0.010453 0.000000
vn 0.099452 0.010453 0.000000
vn 0.099452 0.010453 0.000000
vn 0.099452 -0.010453 0.000000
vn 0.099452 -0.010453 0.000000
vn 0.099452 -0.010453 0.000000
vn 0.099452 -0.010453 0.000000
vn 0.095106 -0.030901 0.000000
vn 0.095106 -0.030901 0.000000
vn 0.095106 -0.030901 0.000000
vn 0.095106 -0.030901 0.000000
vn 0.086602 -0.050000 0.000000
vn 0.086602 -0.050000 0.000000
vn 0.086602 -0.050000 0.000000
vn 0.086602 -0.050000 0.000000
vn 0.074314 -0.066913 0.000000
vn 0.074314 -0.066913 0.000000
vn 0.074314 -0.066913 0.000000
vn 0.074314 -0.066913 0.000000
vn 0.058779 -0.080901 0.000000
vn 0.058779 -0.080901 0.000000
vn 0.058779 -0.080901 0.000000
vn 0.058779 -0.080901 0.000000
vn 0.040674 -0.091354 0.000000
vn 0.040674 -0.091354 0.000000
vn 0.040674 -0.091354 0.000000
vn 0.040674 -0.091354 0.000000
vn 0.020791 -0.097815 0.000000
vn 0.020791 -0.097815 0.000000
vn 0.020791 -0.097815 0.000000
vn 0.020791 -0.097815 0.000000
vn 0.000000 -0.100000 0.000000
vn 0.000000 -0.100000 0.000000
vn 0.000000 -0.100000 0.000000
vn 0.000000 -0.100000 0.000000
vn -0.020791 -0.097815 0.000000
vn -0.020791 -0.097815 0.000000
vn -0.020791 -0.097815 0.000000
vn -0.020791 -0.097815 0.000000
vn -0.040674 -0.091354 0.000000
vn -0.040674 -0.091354 0.000000
vn -0.040674 -0.091354 0.000000
vn -0.040674 -0.091354 0.000000
vn -0.058779 -0.080901 0.000000
vn -0.058779 -0.080901 0.000000
vn -0.058779 -0.080901 0.000000
vn -0.058779 -0.080901 0.000000
vn -0.074314 -0.066913 0.000000
vn -0.074314 -0.066913 0.000000
vn -0.074314 -0.066913 0.000000
vn -0.074314 -0.066913 0.000000
vn -0.086602 -0.050000 0.000000
vn -0.086602 -0.050000 0.000000
vn -0.086602 -0.050000 0.000000
vn -0.086602 -0.050000 0.000000
vn -0.095106 -0.030901 0.000000
vn -0.095106 -0.030901 0.000000
vn -0.095106 -0.030901 0.000000
vn -0.095106 -0.030901 0.000000
vn -0.099452 -0.010453 0.000000
vn -0.099452 -0.010453 0.000000
vn -0.099452 -0.010453 0.000000
vn -0.099452 -0.010453 0.000000
vn -0.099452 0.010453 0.000000
vn -0.099452 0.010453 0.000000
vn -0.099452 0.010453 0.000000
vn -0.099452 0.010453 0.000000
vn -0.095106 0.030901 0.000000
vn -0.095106 0.030901 0.000000
vn -0.095106 0.030901 0.000000
vn -0.095106 0.030901 0.000000
vn -0.086602 0.050000 0.000000
vn -0.086602 0.050000 0.000000
vn -0.086602 0.050000 0.000000
vn -0.086602 0.050000 0.000000
vn -0.074314 0.066913 0.000000
vn -0.074314 0.066913 0.000000
vn -0.074314 0.066913 0.000000
vn -0.074314 0.066913 0.000000
vn -0.058779 0.080901 0.000000
vn -0.058779 0.080901 0.000000
vn -0.058779 0.080901 0.000000
vn -0.058779 0.080901 0.000000
vn -0.040674 0.091354 0.000000
vn -0.040674 0.091354 0.000000
vn -0.040674 0.091354 0.000000
vn -0.040674 0.091354 0.000000
vn -0.020791 0.097815 0.000000
vn -0.020791 0.097815 0.000000
vn -0.020791 0.097815 0.000000
vn -0.020791 0.097815 0.000000
vn 0.000000 0.100000 0.000000
vn 0.000000 0.100000 0.000000
vn 0.000000 0.100000 0.000000
vn 0.000000 0.100000 0.000000
vn 0.020791 0.097815 0.000000
vn 0.020791 0.097815 0.000000
vn 0.020791 0.097815 0.000000
vn 0.020791 0.097815 0.000000
vn 0.040674 0.091354 0.000000
vn 0.040674 0.091354 0.000000
vn 0.040674 0.091354 0.000000
vn 0.040674 0.091354 0.000000
vn 0.058779 0.080901 0.000000
vn 0.058779 0.080901 0.000000
vn 0.058779 0.080901 0.000000
vn 0.058779 0.080901 0.000000
vn 0.074314 0.066913 0.000000
vn 0.074314 0.066913 0.000000
vn 0.074314 0.066913 0.000000
vn 0.074314 0.066913 0.000000
vn 0.086602 0.050000 0.000000
vn 0.086602 0.050000 0.000000
vn 0.086602 0.050000 0.000000
vn 0.086602 0.050000 0.000000
vn 0.095106 0.030901 0.000000
vn 0.095106 0.030901 0.000000
vn 0.095106 0.030901 0.000000
vn 0.095106 0.030901 0.000000
vn 0.099452 0.010453 0.000000
vn 0.099452 0.010453 0.000000
vn 0.099452 0.010453 0.000000
vn 0.099452 0.010453 0.000000
vn 0.099452 -0.010453 0.000000
vn 0.099452 -0.010453 0.000000
vn 0.099452 -0.010453 0.000000
vn 0.099452 -0.010453 0.000000
vn 0.095106 -0.030901 0.000000
vn 0.095106 -0.030901 0.000000
vn 0.095106 -0.030901 0.000000
vn 0.095106 -0.030901 0.000000
vn 0.086602 -0.050000 0.000000
vn 0.086602 -0.050000 0.000000
vn 0.086602 -0.050000 0.000000
vn 0.086602 -0.050000 0.000000
vn 0.074314 -0.066914 0.000000
vn 0.074314 -0.066914 0.000000
vn 0.074314 -0.066914 0.000000
vn 0.074314 -0.066914 0.000000
vn 0.058779 -0.080901 0.000000
vn 0.058779 -0.080901 0.000000
vn 0.058779 -0.080901 0.000000
vn 0.058779 -0.080901 0.000000
vn 0.040674 -0.091354 0.000000
vn 0.040674 -0.091354 0.000000
vn 0.040674 -0.091354 0.000000
vn 0.040674 -0.091354 0.000000
vn 0.020791 -0.097815 0.000000
vn 0.020791 -0.097815 0.000000
vn 0.020791 -0.097815 0.000000
vn 0.020791 -0.097815 0.000000
vn 0.000000 -0.100000 0.000000
vn 0.000000 -0.100000 0.000000
vn 0.000000 -0.100000 0.000000
vn 0.000000 -0.100000 0.000000
vn -0.020791 -0.097815 0.000000
vn -0.020791 -0.097815 0.000000
vn -0.020791 -0.097815 0.000000
vn -0.020791 -0.097815 0.000000
vn -0.040674 -0.091354 0.000000
vn -0.040674 -0.091354 0.000000
vn -0.040674 -0.091354 0.000000
vn -0.040674 -0.091354 0.000000
vn -0.058779 -0.080901 0.000000
vn -0.058779 -0.080901 0.000000
vn -0.058779 -0.080901 0.000000
vn -0.058779 -0.080901 0.000000
vn -0.074315 -0.066912 0.000000
vn -0.074315 -0.066912 0.000000
vn -0.074315 -0.066912 0.000000
vn -0.074315 -0.066912 0.000000
vn -0.086602 -0.050001 0.000000
vn -0.086602 -0.050001 0.000000
vn -0.086602 -0.050001 0.000000
vn -0.086602 -0.050001 0.000000
vn -0.095106 -0.030901 0.000000
vn -0.095106 -0.030901 0.000000
vn -0.095106 -0.030901 0.000000
vn -0.095106 -0.030901 0.000000
vn -0.099452 -0.010453 0.000000
vn -0.099452 -0.010453 0.000000
vn -0.099452 -0.010453 0.000000
vn -0.099452 -0.010453 0.000000
vn -0.099452 0.010453 0.000000
vn -0.099452 0.010453 0.000000
vn -0.099452 0.010453 0.000000
vn -0.099452 0.010453 0.000000
vn -0.095106 0.030901 0.000000
vn -0.095106 0.030901 0.000000
vn -0.095106 0.030901 0.000000
vn -0.095106 0.030901 0.000000
vn -0.086602 0.050001 0.000000
vn -0.086602 0.050001 0.000000
vn -0.086602 0.050001 0.000000
vn -0.086602 0.050001 0.000000
vn -0.074315 0.066912 0.000000
vn -0.074315 0.066912 0.000000
vn -0.074315 0.066912 0.000000
vn -0.074315 0.066912 0.000000
vn -0.058779 0.080901 0.000000
vn -0.058779 0.080901 0.000000
vn -0.058779 0.080901 0.000000
vn -0.058779 0.080901 0.000000
vn -0.040674 0.091354 0.000000
vn -0.040674 0.091354 0.000000
vn -0.040674 0.091354 0.000000
vn -0.040674 0.091354 0.000000
vn -0.020791 0.097815 0.000000
vn -0.020791 0.097815 0.000000
vn -0.020791 0.097815 0.000000
vn -0.020791 0.097815 0.000000
vn 0.000000 0.100000 0.000000
vn 0.000000 0.100000 0.000000
vn 0.000000 0.100000 0.000000
vn 0.000000 0.100000 0.000000
vn 0.020791 0.097815 0.000000
vn 0.020791 0.097815 0.000000
vn 0.020791 0.097815 0.000000
vn 0.020791 0.097815 0.000000
vn 0.040674 0.091354 0.000000
vn 0.040674 0.091354 0.000000
vn 0.040674 0.091354 0.000000
vn 0.040674 0.091354 0.000000
vn 0.058779 0.080901 0.000000
vn 0.058779 0.080901 0.000000
vn 0.058779 0.080901 0.000000
vn 0.058779 0.080901 0.000000
vn 0.074314 0.066914 0.000000
vn 0.074314 0.066914 0.000000
vn 0.074314 0.066914 0.000000
vn 0.074314 0.066914 0.000000
vn 0.086602 0.050000 0.000000
vn 0.086602 0.050000 0.000000
vn 0.086602 0.050000 0.000000
vn 0.086602 0.050000 0.000000
vn 0.095106 0.030901 0.000000
vn 0.095106 0.030901 0.000000
vn 0.095106 0.030901 0.000000
vn 0.095106 0.030901 0.000000
vn 0.099452 0.010453 0.000000
vn 0.099452 0.010453 0.000000
vn 0.099452 0.010453 0.000000
vn 0.099452 0.010453 0.000000
vn 0.099452 -0.010453 0.000000
vn 0.099452 -0.010453 0.000000
vn 0.099452 -0.010453 0.000000
vn 0.099452 -0.010453 0.000000
vn 0.095106 -0.030901 0.000000
vn 0.095106 -0.030901 0.000000
vn 0.095106 -0.030901 0.000000
vn 0.095106 -0.030901 0.000000
vn 0.086602 -0.050000 0.000000
vn 0.086602 -0.050000 0.000000
vn 0.086602 -0.050000 0.000000
vn 0.086602 -0.050000 0.000000
vn 0.074314 -0.066914 0.000000
vn 0.074314 -0.066914 0.000000
vn 0.074314 -0.066914 0.000000
vn 0.074314 -0.066914 0.000000
vn 0.058779 -0.080901 0.000000
vn 0.058779 -0.080901 0.000000
vn 0.058779 -0.080901 0.000000
vn 0.058779 -0.080901 0.000000
vn 0.040674 -0.091355 0.000000
vn 0.040674 -0.091355 0.000000
vn 0.040674 -0.091355 0.000000
vn 0.040674 -0.091355 0.000000
vn 0.020791 -0.097815 0.000000
vn 0.020791 -0.097815 0.000000
vn 0.020791 -0.097815 0.000000
vn 0.020791 -0.097815 0.000000
vn 0.000000 -0.100000 0.000000
vn 0.000000 -0.100000 0.000000
vn 0.000000 -0.100000 0.000000
vn 0.000000 -0.100000 0.000000
vn -0.020791 -0.097815 0.000000
vn -0.020791 -0.097815 0.000000
vn -0.020791 -0.097815 0.000000
vn -0.020791 -0.097815 0.000000
vn -0.040674 -0.091355 0.000000
vn -0.040674 -0.091355 0.000000
vn -0.040674 -0.091355 0.000000
vn -0.040674 -0.091355 0.000000
vn -0.058779 -0.080901 0.000000
vn -0.058779 -0.080901 0.000000
vn -0.058779 -0.080901 0.000000
vn -0.058779 -0.080901 0.000000
vn -0.074315 -0.066912 0.000000
vn -0.074315 -0.066912 0.000000
vn -0.074315 -0.066912 0.000000
vn -0.074315 -0.066912 0.000000
vn -0.086602 -0.050001 0.000000
vn -0.086602 -0.050001 0.000000
vn -0.086602 -0.050001 0.000000
vn -0.086602 -0.050001 0.000000
vn -0.095106 -0.030901 0.000000
vn -0.095106 -0.030901 0.000000
vn -0.095106 -0.030901 0.000000
vn -0.095106 -0.030901 0.000000
vn -0.099452 -0.010453 0.000000
vn -0.099452 -0.010453 0.000000
vn -0.099452 -0.010453 0.000000
vn -0.099452 -0.010453 0.000000
vn -0.099452 0.010453 0.000000
vn -0.099452 0.010453 0.000000
vn -0.099452 0.010453 0.000000
vn -0.099452 0.010453 0.000000
vn -0.095106 0.030901 0.000000
vn -0.095106 0.030901 0.000000
vn -0.095106 0.030901 0.000000
vn -0.095106 0.030901 0.000000
vn -0.086602 0.050001 0.000000
vn -0.086602 0.050001 0.000000
vn -0.086602 0.050001 0.000000
vn -0.086602 0.050001 0.000000
vn -0.074315 0.066912 0.000000
vn -0.074315 0.066912 0.000000
vn -0.074315 0.066912 0.000000
vn -0.074315 0.066912 0.000000
vn -0.058779 0.080901 0.000000
vn -0.058779 0.080901 0.000000
vn -0.058779 0.080901 0.000000
vn -0.058779 0.080901 0.000000
vn -0.040674 0.091354 0.000000
vn -0.040674 0.091354 0.000000
vn -0.040674 0.091354 0.000000
vn -0.040674 0.091354 0.000000
vn -0.020791 0.097815 0.000000
vn -0.020791 0.097815 0.000000
vn -0.020791 0.097815 0.000000
vn -0.020791 0.097815 0.000000
vn 0.000000 0.100000 0.000000
vn 0.000000 0.100000 0.000000
vn 0.000000 0.100000 0.000000
vn 0.000000 0.100000 0.000000
vn 0.020791 0.097815 0.000000
vn 0.020791 0.097815 0.000000
vn 0.020791 0.097815 0.000000
vn 0.020791 0.097815 0.000000
vn 0.040674 0.091354 0.000000
vn 0.040674 0.091354 0.000000
vn 0.040674 0.091354 0.000000
vn 0.040674 0.091354 0.000000
vn 0.058779 0.080901 0.000000
vn 0.058779 0.080901 0.000000
vn 0.058779 0.080901 0.000000
vn 0.058779 0.080901 0.000000
vn 0.074314 0.066914 0.000000
vn 0.074314 0.066914 0.000000
vn 0.074314 0.066914 0.000000
vn 0.074314 0.066914 0.000000
vn 0.086602 0.050000 0.000000
vn 0.086602 0.050000 0.000000
vn 0.086602 0.050000 0.000000
vn 0.086602 0.050000 0.000000
vn 0.095106 0.030901 0.000000
vn 0.095106 0.030901 0.000000
vn 0.095106 0.030901 0.000000
vn 0.095106 0.030901 0.000000
vn 0.099452 0.010453 0.000000
vn 0.099452 0.010453 0.000000
vn 0.099452 0.010453 0.000000
vn 0.099452 0.010453 0.000000
vn 0.099452 -0.010453 0.000000
vn 0.099452 -0.010453 0.000000
vn 0.099452 -0.010453 0.000000
vn 0.099452 -0.010453 0.000000
vn 0.000000 0.000000 0.100000
vn 0.000000 0.000000 0.100000
vn 0.000000 0.000000 0.100000
vn 0.000000 0.000000 0.100000
vn 0.000000 0.000000 0.100000
vn 0.000000 0.000000 0.100000
vn 0.000000 0.000000 0.100000
vn 0.000000 0.000000 0.100000
vn 0.000000 0.000000 0.100000
vn 0.000000 0.000000 0.100000
vn 0.000000 0.000000 0.100000
vn 0.000000 0.000000 0.100000
vn 0.000000 0.000000 0.100000
vn 0.000000 0.000000 0.100000
vn 0.000000 0.000000 0.100000
vn 0.000000 0.000000 0.100000
vn 0.000000 0.000000 0.100000
vn 0.000000 0.000000 0.100000
vn 0.000000 0.000000 0.100000
vn 0.000000 0.000000 0.100000
vn 0.000000 0.000000 0.100000
vn 0.000000 0.000000 0.100000
vn 0.000000 0.000000 0.100000
vn 0.000000 0.000000 0.100000
vn 0.000000 0.000000 0.100000
vn 0.000000 0.000000 0.100000
vn 0.000000 0.000000 0.100000
vn 0.000000 0.000000 0.100000
vn 0.000000 0.000000 0.100000
vn 0.000000 0.000000 0.100000
vn 0.007134 0.099745 0.000000
vn 0.007134 0.099745 0.000000
vn 0.007134 0.099745 0.000000
vn 0.007134 0.099745 0.000000
vn 0.021257 0.097715 0.000000
vn 0.021257 0.097715 0.000000
vn 0.021257 0.097715 0.000000
vn 0.021257 0.097715 0.000000
vn 0.034946 0.093695 0.000000
vn 0.034946 0.093695 0.000000
vn 0.034946 0.093695 0.000000
vn 0.034946 0.093695 0.000000
vn 0.047925 0.087768 0.000000
vn 0.047925 0.087768 0.000000
vn 0.047925 0.087768 0.000000
vn 0.047925 0.087768 0.000000
vn 0.059928 0.080054 0.000000
vn 0.059928 0.080054 0.000000
vn 0.059928 0.080054 0.000000
vn 0.059928 0.080054 0.000000
vn 0.070711 0.070711 0.000000
vn 0.070711 0.070711 0.000000
vn 0.070711 0.070711 0.000000
vn 0.070711 0.070711 0.000000
vn 0.080054 0.059928 0.000000
vn 0.080054 0.059928 0.000000
vn 0.080054 0.059928 0.000000
vn 0.080054 0.059928 0.000000
vn 0.087768 0.047925 0.000000
vn 0.087768 0.047925 0.000000
vn 0.087768 0.047925 0.000000
vn 0.087768 0.047925 0.000000
vn 0.093695 0.034947 0.000000
vn 0.093695 0.034947 0.000000
vn 0.093695 0.034947 0.000000
vn 0.093695 0.034947 0.000000
vn 0.097714 0.021258 0.000000
vn 0.097714 0.021258 0.000000
vn 0.097714 0.021258 0.000000
vn 0.097714 0.021258 0.000000
vn 0.099745 0.007134 0.000000
vn 0.099745 0.007134 0.000000
vn 0.099745 0.007134 0.000000
vn 0.099745 0.007134 0.000000
vn 0.100000 0.000000 0.000000
vn 0.100000 0.000000 0.000000
vn 0.100000 0.000000 0.000000
vn 0.100000 0.000000 0.000000
vn 0.100000 0.000000 0.000000
vn 0.100000 0.000000 0.000000
vn -0.086603 -0.050000 0.000000
vn -0.086603 -0.050000 0.000000
vn -0.086603 -0.050000 0.000000
vn -0.086603 -0.050000 0.000000
vn -0.086603 0.050000 0.000000
vn -0.086603 0.050000 0.000000
vn -0.086603 0.050000 0.000000
vn -0.086603 0.050000 0.000000
vn 0.000000 0.100000 0.000000
vn 0.000000 0.100000 0.000000
vn 0.000000 0.100000 0.000000
vn 0.000000 0.100000 0.000000
vn 0.000000 -0.100000 0.000000
vn 0.000000 -0.100000 0.000000
vn 0.000000 -0.100000 0.000000
vn 0.000000 -0.100000 0.000000
vn 0.000000 0.000000 0.100000
vn 0.000000 0.000000 0.100000
vn 0.000000 0.000000 0.100000
vn 0.000000 0.000000 0.100000
vn 0.000000 0.000000 0.100000
vn 0.000000 0.000000 0.100000
vn -0.100000 0.000000 0.000000
vn -0.100000 0.000000 0.000000
vn -0.100000 0.000000 0.000000
vn -0.100000 0.000000 0.000000
vn -0.100000 0.000000 0.000000
vn -0.100000 0.000000 0.000000
vn -0.007134 -0.099745 0.000000
vn -0.007134 -0.099745 0.000000
vn -0.007134 -0.099745 0.000000
vn -0.007134 -0.099745 0.000000
vn -0.021256 -0.097715 0.000000
vn -0.021256 -0.097715 0.000000
vn -0.021256 -0.097715 0.000000
vn -0.021256 -0.097715 0.000000
vn -0.034947 -0.093695 0.000000
vn -0.034947 -0.093695 0.000000
vn -0.034947 -0.093695 0.000000
vn -0.034947 -0.093695 0.000000
vn -0.047925 -0.087768 0.000000
vn -0.047925 -0.087768 0.000000
vn -0.047925 -0.087768 0.000000
vn -0.047925 -0.087768 0.000000
vn -0.059928 -0.080054 0.000000
vn -0.059928 -0.080054 0.000000
vn -0.059928 -0.080054 0.000000
vn -0.059928 -0.080054 0.000000
vn -0.070711 -0.070710 0.000000
vn -0.070711 -0.070710 0.000000
vn -0.070711 -0.070710 0.000000
vn -0.070711 -0.070710 0.000000
vn -0.080054 -0.059928 0.000000
vn -0.080054 -0.059928 0.000000
vn -0.080054 -0.059928 0.000000
vn -0.080054 -0.059928 0.000000
vn -0.087768 -0.047925 0.000000
vn -0.087768 -0.047925 0.000000
vn -0.087768 -0.047925 0.000000
vn -0.087768 -0.047925 0.000000
vn -0.093695 -0.034947 0.000000
vn -0.093695 -0.034947 0.000000
vn -0.093695 -0.034947 0.000000
vn -0.093695 -0.034947 0.000000
vn -0.097715 -0.021256 0.000000
vn -0.097715 -0.021256 0.000000
vn -0.097715 -0.021256 0.000000
vn -0.097715 -0.021256 0.000000
vn -0.099745 -0.007134 0.000000
vn -0.099745 -0.007134 0.000000
vn -0.099745 -0.007134 0.000000
vn -0.099745 -0.007134 0.000000
vn 0.000000 0.100000 0.000000
vn 0.000000 0.100000 0.000000
vn 0.000000 0.100000 0.000000
vn 0.000000 0.100000 0.000000
vn 0.086603 0.050000 0.000000
vn 0.086603 0.050000 0.000000
vn 0.086603 0.050000 0.000000
vn 0.086603 0.050000 0.000000
vn 0.000000 -0.100000 0.000000
vn 0.000000 -0.100000 0.000000
vn 0.000000 -0.100000 0.000000
vn 0.000000 -0.100000 0.000000
vn -0.086602 0.050000 0.000000
vn -0.086602 0.050000 0.000000
vn -0.086602 0.050000 0.000000
vn -0.086602 0.050000 -0.000000
vn -0.086602 0.050000 -0.000000
vn -0.086602 0.050000 -0.000000
vn 0.000000 0.000000 0.100000
vn 0.000000 0.000000 0.100000
vn 0.000000 0.000000 0.100000
vn 0.000000 0.000000 0.100000
vn 0.000000 0.000000 0.100000
vn 0.000000 0.000000 0.100000
vn 0.000000 0.000000 0.100000
vn 0.000000 0.000000 0.100000
vn 0.000000 0.000000 0.100000
vn 0.000000 0.000000 0.100000
vn 0.000000 0.000000 0.100000
vn 0.000000 0.000000 0.100000
vn 0.000000 0.000000 0.100000
vn 0.000000 0.000000 0.100000
vn 0.000000 0.000000 0.100000
vn 0.000000 0.000000 0.100000
vn 0.000000 0.000000 0.100000
vn 0.000000 0.000000 0.100000
vn 0.000000 0.000000 0.100000
vn 0.000000 0.000000 0.100000
vn 0.000000 0.000000 0.100000
vn 0.000000 0.000000 0.100000
vn 0.000000 0.000000 0.100000
vn 0.000000 0.000000 0.100000
vn 0.000000 0.000000 0.100000
vn 0.000000 0.000000 0.100000
vn 0.000000 0.000000 0.100000
vn 0.000000 0.000000 0.100000
vn 0.000000 0.000000 0.100000
vn 0.000000 0.000000 0.100000
vn -0.099745 0.007134 0.000000
vn -0.099745 0.007134 0.000000
vn -0.099745 0.007134 0.000000
vn -0.099745 0.007134 0.000000
vn -0.097715 0.021257 0.000000
vn -0.097715 0.021257 0.000000
vn -0.097715 0.021257 0.000000
vn -0.097715 0.021257 0.000000
vn -0.093695 0.034947 0.000000
vn -0.093695 0.034947 0.000000
vn -0.093695 0.034947 0.000000
vn -0.093695 0.034947 0.000000
vn -0.087768 0.047925 0.000000
vn -0.087768 0.047925 0.000000
vn -0.087768 0.047925 0.000000
vn -0.087768 0.047925 0.000000
vn -0.080054 0.059928 0.000000
vn -0.080054 0.059928 0.000000
vn -0.080054 0.059928 0.000000
vn -0.080054 0.059928 0.000000
vn -0.070711 0.070710 0.000000
vn -0.070711 0.070710 0.000000
vn -0.070711 0.070710 0.000000
vn -0.070711 0.070710 0.000000
vn -0.059928 0.080054 0.000000
vn -0.059928 0.080054 0.000000
vn -0.059928 0.080054 0.000000
vn -0.059928 0.080054 0.000000
vn -0.047925 0.087768 0.000000
vn -0.047925 0.087768 0.000000
vn -0.047925 0.087768 0.000000
vn -0.047925 0.087768 0.000000
vn -0.034947 0.093695 0.000000
vn -0.034947 0.093695 0.000000
vn -0.034947 0.093695 0.000000
vn -0.034947 0.093695 0.000000
vn -0.021256 0.097715 0.000000
vn -0.021256 0.097715 0.000000
vn -0.021256 0.097715 0.000000
vn -0.021256 0.097715 0.000000
vn -0.007134 0.099745 0.000000
vn -0.007134 0.099745 0.000000
vn -0.007134 0.099745 0.000000
vn -0.007134 0.099745 0.000000
vn -0.100000 0.000000 0.000000
vn -0.100000 0.000000 0.000000
vn -0.100000 0.000000 0.000000
vn -0.100000 0.000000 0.000000
vn -0.100000 0.000000 0.000000
vn -0.100000 0.000000 0.000000
vn 0.000000 -0.100000 0.000000
vn 0.000000 -0.100000 0.000000
vn 0.000000 -0.100000 0.000000
vn 0.000000 -0.100000 0.000000
vn 0.000000 0.100000 0.000000
vn 0.000000 0.100000 0.000000
vn 0.000000 0.100000 0.000000
vn 0.000000 0.100000 0.000000
vn 0.000000 0.100000 0.000000
vn 0.000000 0.100000 0.000000
vn 0.000000 0.100000 0.000000
vn 0.000000 0.100000 0.000000
vn 0.000000 0.100000 0.000000
vn 0.000000 0.100000 0.000000
vn 0.000000 0.100000 0.000000
vn 0.000000 0.100000 0.000000
vn 0.086603 -0.050000 0.000000
vn 0.086603 -0.050000 0.000000
vn 0.086603 -0.050000 0.000000
vn 0.086603 -0.050000 0.000000
vn 0.000000 -0.100000 0.000000
vn 0.000000 -0.100000 0.000000
vn 0.000000 -0.100000 0.000000
vn 0.000000 -0.100000 0.000000
vn -0.086602 0.050000 0.000000
vn -0.086602 0.050000 0.000000
vn -0.086602 0.050000 0.000000
vn -0.086602 0.050000 0.000000
vn -0.086602 0.050000 0.000000
vn -0.086602 0.050000 0.000000
vn -0.086602 0.050000 0.000000
vn -0.086602 0.050000 0.000000
vn -0.086602 0.050000 -0.000000
vn -0.086602 0.050000 -0.000000
vn -0.086602 0.050000 -0.000000
vn 0.000000 0.100000 0.000000
vn 0.000000 0.100000 0.000000
vn 0.000000 0.100000 0.000000
vn 0.000000 0.100000 0.000000
vn 0.086603 0.050000 0.000000
vn 0.086603 0.050000 0.000000
vn 0.086603 0.050000 0.000000
vn 0.086603 0.050000 0.000000
vn 0.000000 0.000000 0.100000
vn 0.000000 0.000000 0.100000
vn 0.000000 0.000000 0.100000
vn 0.000000 0.000000 0.100000
vn 0.000000 0.000000 0.100000
vn 0.000000 0.000000 0.100000
vn 0.000000 0.000000 0.100000
vn 0.000000 0.000000 0.100000
vn 0.000000 0.000000 0.100000
vn 0.000000 0.000000 0.100000
vn 0.000000 0.000000 0.100000
vn 0.000000 0.000000 0.100000
vn 0.000000 0.000000 0.100000
vn 0.000000 0.000000 0.100000
vn 0.000000 0.000000 0.100000
vn 0.000000 0.000000 0.100000
vn 0.000000 0.000000 0.100000
vn 0.000000 0.000000 0.100000
vn 0.000000 0.000000 0.100000
vn 0.000000 0.000000 0.100000
vn 0.000000 0.000000 0.100000
vn 0.000000 0.000000 0.100000
vn 0.000000 0.000000 0.100000
vn 0.000000 0.000000 0.100000
vn 0.000000 0.000000 0.100000
vn 0.000000 0.000000 0.100000
vn 0.000000 0.000000 0.100000
vn 0.000000 0.000000 0.100000
vn 0.000000 0.000000 0.100000
vn 0.000000 0.000000 0.100000
vn 0.000000 0.000000 0.100000
vn 0.000000 0.000000 0.100000
vn 0.000000 0.000000 0.100000
vn 0.000000 0.000000 0.100000
vn 0.000000 0.000000 0.100000
vn 0.000000 0.000000 0.100000
vn 0.000000 0.000000 0.100000
vn 0.000000 0.000000 0.100000
vn 0.000000 0.000000 0.100000
vn 0.000000 0.000000 0.100000
vn 0.000000 0.000000 0.100000
vn 0.000000 0.000000 0.100000
vn 0.000000 0.000000 0.100000
vn 0.000000 0.000000 0.100000
vn 0.000000 0.000000 0.100000
vn 0.000000 0.000000 0.100000
vn 0.000000 0.000000 0.100000
vn 0.000000 0.000000 0.100000
vn 0.000000 0.000000 0.100000
vn 0.000000 0.000000 0.100000
vn 0.000000 0.000000 0.100000
vn 0.000000 0.000000 0.100000
vn 0.000000 0.000000 0.100000
vn 0.000000 0.000000 0.100000
vn 0.000000 0.000000 0.100000
vn 0.000000 0.000000 0.100000
vn 0.000000 0.000000 0.100000
vn 0.000000 0.000000 0.100000
vn 0.000000 0.000000 0.100000
vn 0.000000 0.000000 0.100000
vn 0.000000 0.000000 0.100000
vn 0.000000 0.000000 0.100000
vn 0.000000 0.000000 0.100000
vn 0.000000 0.000000 0.100000
vn 0.000000 0.000000 0.100000
vn 0.000000 0.000000 0.100000
vn 0.000000 0.000000 0.100000
vn 0.000000 0.000000 0.100000
vn 0.000000 0.000000 0.100000
vn 0.000000 0.000000 0.100000
vn 0.000000 0.000000 0.100000
vn 0.000000 0.000000 0.100000
vn 0.000000 0.000000 0.100000
vn 0.000000 0.000000 0.100000
vn 0.000000 0.000000 0.100000
vn 0.000000 0.000000 0.100000
vn 0.000000 0.000000 0.100000
vn 0.000000 0.000000 0.100000
vn 0.000000 0.000000 0.100000
vn 0.000000 0.000000 0.100000
vn 0.000000 0.000000 0.100000
vn 0.000000 0.000000 0.100000
vn 0.000000 0.000000 0.100000
vn 0.000000 0.000000 0.100000
vn 0.000000 0.000000 0.100000
vn 0.000000 0.000000 0.100000
vn 0.000000 0.000000 0.100000
vn 0.000000 0.000000 0.100000
vn 0.000000 0.000000 0.100000
vn 0.000000 0.000000 0.100000
vn 0.000000 0.000000 0.100000
vn 0.000000 0.000000 0.100000
vn 0.000000 0.000000 0.100000
vn 0.000000 0.000000 0.100000
vn 0.000000 0.000000 0.100000
vn 0.000000 0.000000 0.100000
vn 0.000000 0.000000 0.100000
vn 0.000000 0.000000 0.100000
vn 0.000000 0.000000 0.100000
vn 0.000000 0.000000 0.100000
vn 0.000000 0.000000 0.100000
vn 0.000000 0.000000 0.100000
vn 0.000000 0.000000 0.100000
vn 0.000000 0.000000 0.100000
vn 0.000000 0.000000 0.100000
vn 0.000000 0.000000 0.100000
vn 0.000000 0.000000 0.100000
vn 0.000000 0.000000 0.100000
vn 0.000000 0.000000 0.100000
vn 0.000000 0.000000 0.100000
vn 0.000000 0.000000 0.100000
vn 0.000000 0.000000 0.100000
vn 0.000000 0.000000 0.100000
vn 0.000000 0.000000 0.100000
vn 0.000000 0.000000 0.100000
vn 0.000000 0.000000 0.100000
vn 0.000000 0.000000 0.100000
vn 0.000000 0.000000 0.100000
vn 0.000000 0.000000 0.100000
vn 0.000000 0.000000 0.100000
vn 0.000000 0.000000 0.100000
vn 0.000000 0.000000 0.100000
vn 0.000000 0.000000 0.100000
vn 0.000000 0.000000 0.100000
vn 0.000000 0.000000 0.100000
vn 0.000000 0.000000 0.100000
vn 0.000000 0.000000 0.100000
vn 0.000000 0.000000 0.100000
vn 0.000000 0.000000 0.100000
vn 0.000000 0.000000 0.100000
vn 0.000000 0.000000 0.100000
vn 0.000000 0.000000 0.100000
vn 0.000000 0.000000 0.100000
vn 0.000000 0.000000 0.100000
vn 0.000000 0.000000 0.100000
vn 0.000000 0.000000 0.100000
vn 0.000000 0.000000 0.100000
vn 0.000000 0.000000 0.100000
vn 0.000000 0.000000 0.100000
vn 0.000000 0.000000 0.100000
vn 0.000000 0.000000 0.100000
vn 0.000000 0.000000 0.100000
vn 0.000000 0.000000 0.100000
vn 0.000000 0.000000 0.100000
vn 0.000000 0.000000 0.100000
vn 0.000000 0.000000 0.100000
vn 0.000000 0.000000 0.100000
vn 0.000000 0.000000 0.100000
vn 0.000000 0.000000 0.100000
vn 0.000000 0.000000 0.100000
vn 0.000000 0.000000 0.100000
vn 0.000000 0.000000 0.100000
vn 0.000000 0.000000 0.100000
vn 0.000000 0.000000 0.100000
vn 0.000000 0.000000 0.100000
vn 0.000000 0.000000 0.100000
vn 0.000000 0.000000 0.100000
vn 0.000000 0.000000 0.100000
vn 0.000000 0.000000 0.100000
vn 0.000000 0.000000 0.100000
vn 0.000000 0.000000 0.100000
vn 0.000000 0.000000 0.100000
vn 0.000000 0.000000 0.100000
vn 0.000000 0.000000 0.100000
vn 0.000000 0.000000 0.100000
vn 0.000000 0.000000 0.100000
vn 0.000000 0.000000 0.100000
vn 0.000000 0.000000 0.100000
vn 0.000000 0.000000 0.100000
vn 0.000000 0.000000 0.100000
vn 0.000000 0.000000 0.100000
vn 0.000000 0.000000 0.100000
vn 0.000000 0.000000 0.100000
vn 0.000000 0.000000 0.100000
vn 0.000000 0.000000 0.100000
vn 0.000000 0.000000 0.100000
vn 0.000000 0.000000 0.100000
vn 0.000000 0.000000 0.100000
vn 0.000000 0.000000 0.100000
vn 0.000000 0.000000 0.100000
vn 0.000000 0.000000 0.100000
vn 0.000000 0.000000 0.100000
vn 0.000000 0.000000 0.100000
vn 0.000000 0.000000 0.100000
vn 0.000000 0.000000 0.100000
vn 0.000000 0.000000 0.100000
vn 0.000000 0.000000 0.100000
vn 0.000000 0.000000 0.100000
vn 0.000000 0.000000 0.100000
vn 0.000000 0.000000 0.100000
vn 0.000000 0.000000 0.100000
vn 0.000000 0.000000 0.100000
vn 0.000000 0.000000 0.100000
vn 0.000000 0.000000 0.100000
vn 0.000000 0.000000 0.100000
vn 0.000000 0.000000 0.100000
vn 0.000000 0.000000 0.100000
vn 0.000000 0.000000 0.100000
vn 0.000000 0.000000 0.100000
vn 0.000000 0.000000 0.100000
vn 0.000000 0.000000 0.100000
vn 0.000000 0.000000 0.100000
vn 0.000000 0.000000 0.100000
vn 0.000000 0.000000 0.100000
vn 0.000000 0.000000 0.100000
vn 0.000000 0.000000 0.100000
vn 0.000000 0.000000 0.100000
vn 0.000000 0.000000 0.100000
vn 0.000000 0.000000 0.100000
vn 0.000000 0.000000 0.100000
vn 0.000000 0.000000 0.100000
vn 0.000000 0.000000 0.100000
vn 0.000000 0.000000 0.100000
vn 0.000000 0.000000 0.100000
vn 0.000000 0.000000 0.100000
vn 0.000000 0.000000 0.100000
vn 0.000000 0.000000 0.100000
vn 0.000000 0.000000 0.100000
vn 0.000000 0.000000 0.100000
vn 0.000000 0.000000 0.100000
vn 0.000000 0.000000 0.100000
vn 0.000000 0.000000 0.100000
vn 0.000000 0.000000 0.100000
vn 0.000000 0.000000 0.100000
vn 0.000000 0.000000 0.100000
vn 0.000000 0.000000 0.100000
vn 0.000000 0.000000 0.100000
vn 0.000000 0.000000 0.100000
vn 0.000000 0.000000 0.100000
vn 0.000000 0.000000 0.100000
vn 0.000000 0.000000 0.100000
vn 0.000000 0.000000 0.100000
vn 0.000000 0.000000 0.100000
vn 0.000000 0.000000 0.100000
vn 0.000000 0.000000 0.100000
vn 0.000000 0.000000 0.100000
vn 0.099745 -0.007134 0.000000
vn 0.099745 -0.007134 0.000000
vn 0.099745 -0.007134 0.000000
vn 0.099745 -0.007134 0.000000
vn 0.097714 -0.021258 0.000000
vn 0.097714 -0.021258 0.000000
vn 0.097714 -0.021258 0.000000
vn 0.097714 -0.021258 0.000000
vn 0.093695 -0.034947 0.000000
vn 0.093695 -0.034947 0.000000
vn 0.093695 -0.034947 0.000000
vn 0.093695 -0.034947 0.000000
vn 0.087768 -0.047925 0.000000
vn 0.087768 -0.047925 0.000000
vn 0.087768 -0.047925 0.000000
vn 0.087768 -0.047925 0.000000
vn 0.080054 -0.059928 0.000000
vn 0.080054 -0.059928 0.000000
vn 0.080054 -0.059928 0.000000
vn 0.080054 -0.059928 0.000000
vn 0.070711 -0.070711 0.000000
vn 0.070711 -0.070711 0.000000
vn 0.070711 -0.070711 0.000000
vn 0.070711 -0.070711 0.000000
vn 0.059928 -0.080054 0.000000
vn 0.059928 -0.080054 0.000000
vn 0.059928 -0.080054 0.000000
vn 0.059928 -0.080054 0.000000
vn 0.047925 -0.087768 0.000000
vn 0.047925 -0.087768 0.000000
vn 0.047925 -0.087768 0.000000
vn 0.047925 -0.087768 0.000000
vn 0.034946 -0.093695 0.000000
vn 0.034946 -0.093695 0.000000
vn 0.034946 -0.093695 0.000000
vn 0.034946 -0.093695 0.000000
vn 0.021257 -0.097715 0.000000
vn 0.021257 -0.097715 0.000000
vn 0.021257 -0.097715 0.000000
vn 0.021257 -0.097715 0.000000
vn 0.007134 -0.099745 0.000000
vn 0.007134 -0.099745 0.000000
vn 0.007134 -0.099745 0.000000
vn 0.007134 -0.099745 0.000000
vn 0.100000 0.000000 0.000000
vn 0.100000 0.000000 0.000000
vn 0.100000 0.000000 0.000000
vn 0.100000 0.000000 0.000000
vn 0.100000 0.000000 0.000000
vn 0.100000 0.000000 0.000000
vn 0.000000 0.100000 0.000000
vn 0.000000 0.100000 0.000000
vn 0.000000 0.100000 0.000000
vn 0.000000 0.100000 0.000000
vn -0.086603 0.050000 0.000000
vn -0.086603 0.050000 0.000000
vn -0.086603 0.050000 0.000000
vn -0.086603 0.050000 0.000000
vn 0.000000 0.100000 0.000000
vn 0.000000 0.100000 0.000000
vn 0.000000 0.100000 0.000000
vn 0.000000 0.100000 0.000000
vn 0.086603 -0.049999 0.000000
vn 0.086603 -0.049999 0.000000
vn 0.086603 -0.049999 0.000000
vn 0.086603 -0.050000 -0.000000
vn 0.086603 -0.050000 -0.000000
vn 0.086603 -0.050000 -0.000000
vn 0.086602 -0.050000 0.000000
vn 0.086602 -0.050000 0.000000
vn 0.086602 -0.050000 0.000000
vn 0.086602 -0.050000 0.000000
vn 0.086602 -0.050000 0.000000
vn 0.000000 -0.100000 0.000000
vn 0.000000 -0.100000 0.000000
vn 0.000000 -0.100000 0.000000
vn 0.000000 -0.100000 0.000000
vn -0.086603 -0.050000 0.000000
vn -0.086603 -0.050000 0.000000
vn -0.086603 -0.050000 0.000000
vn -0.086603 -0.050000 -0.000000
vn -0.086603 -0.050000 -0.000000
vn -0.086603 -0.050000 -0.000000
vn -0.086603 -0.050000 0.000000
vn -0.086603 -0.050000 0.000000
vn -0.086603 -0.050000 0.000000
vn -0.086603 -0.050000 0.000000
vn -0.086603 -0.050000 0.000000
vn 0.000000 -0.100000 0.000000
vn 0.000000 -0.100000 0.000000
vn 0.000000 -0.100000 0.000000
vn 0.000000 -0.100000 0.000000
vn 0.000000 -0.100000 0.000000
vn 0.000000 -0.100000 0.000000
vn 0.000000 -0.100000 0.000000
vn 0.000000 -0.100000 0.000000
vn 0.000000 -0.100000 0.000000
vn 0.000000 -0.100000 0.000000
vn 0.000000 -0.100000 0.000000
vn 0.000000 -0.100000 0.000000
vn 0.086603 0.050000 -0.000000
vn 0.086603 0.050000 -0.000000
vn 0.086603 0.050000 -0.000000
vn 0.086603 0.050000 0.000000
vn 0.086603 0.050000 0.000000
vn 0.086603 0.050000 0.000000
vn -0.086602 -0.050000 0.000000
vn -0.086602 -0.050000 0.000000
vn -0.086602 -0.050000 0.000000
vn -0.086602 -0.050000 0.000000
vn -0.086602 -0.050000 0.000000
vn -0.086602 -0.050000 -0.000000
vn -0.086602 -0.050000 -0.000000
vn -0.086602 -0.050000 -0.000000
vn -0.086602 -0.050000 0.000000
vn -0.086602 -0.050000 0.000000
vn -0.086602 -0.050000 0.000000
vn -0.100000 0.000000 0.000000
vn -0.100000 0.000000 0.000000
vn -0.100000 0.000000 0.000000
vn -0.100000 0.000000 0.000000
vn 0.000000 0.100000 0.000000
vn 0.000000 0.100000 0.000000
vn 0.000000 0.100000 0.000000
vn 0.000000 0.100000 0.000000
vn -0.100000 0.000000 0.000000
vn -0.100000 0.000000 0.000000
vn -0.100000 0.000000 0.000000
vn -0.100000 0.000000 0.000000
vn -0.086602 -0.050000 0.000000
vn -0.086602 -0.050000 0.000000
vn -0.086602 -0.050000 0.000000
vn -0.086602 -0.050000 0.000000
vn -0.086602 -0.050000 0.000000
vn -0.086602 -0.050000 -0.000000
vn -0.086602 -0.050000 -0.000000
vn -0.086602 -0.050000 -0.000000
vn -0.086603 -0.050000 0.000000
vn -0.086603 -0.050000 0.000000
vn -0.086603 -0.050000 0.000000
vn 0.086603 -0.050000 0.000000
vn 0.086603 -0.050000 0.000000
vn 0.086603 -0.050000 0.000000
vn 0.086603 -0.050000 0.000000
vn 0.086603 -0.050000 0.000000
vn 0.086603 -0.050000 -0.000000
vn 0.086603 -0.050000 -0.000000
vn 0.086603 -0.050000 -0.000000
vn 0.086603 -0.050000 0.000000
vn 0.086603 -0.050000 0.000000
vn 0.086603 -0.050000 0.000000
vn 0.000000 0.000000 0.100000
vn 0.000000 0.000000 0.100000
vn 0.000000 0.000000 0.100000
vn 0.000000 0.000000 0.100000
vn 0.000000 0.000000 0.100000
vn 0.000000 0.000000 0.100000
vn 0.000000 0.000000 0.100000
vn 0.000000 0.000000 0.100000
vn 0.000000 0.000000 0.100000
vn 0.000000 0.000000 0.100000
vn 0.000000 0.000000 0.100000
vn 0.000000 0.000000 0.100000
vn 0.000000 0.000000 0.100000
vn 0.000000 0.000000 0.100000
vn 0.000000 0.000000 0.100000
vn 0.000000 0.000000 0.100000
vn 0.000000 0.000000 0.100000
vn 0.000000 0.000000 0.100000
vn 0.000000 0.000000 0.100000
vn 0.000000 0.000000 0.100000
vn 0.000000 0.000000 0.100000
vn 0.000000 -0.100000 0.000000
vn 0.000000 -0.100000 0.000000
vn 0.000000 -0.100000 0.000000
vn 0.000000 -0.100000 0.000000
vn 0.000000 -0.100000 0.000000
vn 0.000000 -0.100000 0.000000
vn 0.000000 -0.100000 0.000000
vn 0.000000 -0.100000 0.000000
vn 0.000000 -0.100000 0.000000
vn 0.000000 -0.100000 0.000000
vn 0.000000 -0.100000 0.000000
vn 0.000000 -0.100000 0.000000
vn 0.086603 -0.050000 0.000000
vn 0.086603 -0.050000 0.000000
vn 0.086603 -0.050000 0.000000
vn 0.086603 -0.050000 -0.000000
vn 0.086603 -0.050000 -0.000000
vn 0.086603 -0.050000 -0.000000
vn 0.086602 0.050000 0.000000
vn 0.086602 0.050000 0.000000
vn 0.086602 0.050000 0.000000
vn 0.086602 0.050000 0.000000
vn 0.086602 0.050000 0.000000
vn 0.086603 0.050000 -0.000000
vn 0.086603 0.050000 -0.000000
vn 0.086603 0.050000 -0.000000
vn 0.086603 0.050000 0.000000
vn 0.086603 0.050000 0.000000
vn 0.086603 0.050000 0.000000
vn 0.000000 0.100000 0.000000
vn 0.000000 0.100000 0.000000
vn 0.000000 0.100000 0.000000
vn 0.000000 0.100000 0.000000
vn 0.000000 0.100000 0.000000
vn 0.000000 0.100000 0.000000
vn 0.000000 0.100000 0.000000
vn 0.000000 0.100000 0.000000
vn 0.000000 0.100000 0.000000
vn 0.000000 0.100000 0.000000
vn 0.000000 0.100000 0.000000
vn 0.000000 0.100000 0.000000
vn 0.000000 0.000000 0.100000
vn 0.000000 0.000000 0.100000
vn 0.000000 0.000000 0.100000
vn 0.000000 0.000000 0.100000
vn 0.000000 0.000000 0.100000
vn 0.000000 0.000000 0.100000
vn 0.000000 0.000000 0.100000
vn 0.000000 0.000000 0.100000
vn 0.000000 0.000000 0.100000
vn 0.000000 0.000000 0.100000
vn 0.000000 0.000000 0.100000
vn 0.000000 0.000000 0.100000
vn 0.000000 0.000000 0.100000
vn 0.000000 0.000000 0.100000
vn 0.000000 0.000000 0.100000
vn 0.000000 0.000000 -0.100000
vn 0.000000 0.000000 -0.100000
vn 0.000000 0.000000 -0.100000
vn 0.000000 0.000000 -0.100000
vn 0.000000 0.000000 -0.100000
vn 0.000000 0.000000 -0.100000
vn 0.000000 0.000000 -0.100000
vn 0.000000 0.000000 -0.100000
vn 0.000000 0.000000 -0.100000
vn 0.000000 0.000000 -0.100000
vn 0.000000 0.000000 -0.100000
vn 0.000000 0.000000 -0.100000
vn 0.000000 0.000000 -0.100000
vn 0.000000 0.000000 -0.100000
vn 0.000000 0.000000 -0.100000
vn 0.000000 0.000000 -0.100000
vn 0.000000 0.000000 -0.100000
vn 0.000000 0.000000 -0.100000
vn 0.000000 0.000000 -0.100000
vn 0.000000 0.000000 -0.100000
vn 0.000000 0.000000 -0.100000
vn 0.000000 0.000000 -0.100000
vn 0.000000 0.000000 -0.100000
vn 0.000000 0.000000 -0.100000
vn 0.000000 0.000000 -0.100000
vn 0.000000 0.000000 -0.100000
vn 0.000000 0.000000 -0.100000
vn 0.000000 0.000000 -0.100000
vn 0.000000 0.000000 -0.100000
vn 0.000000 0.000000 -0.100000
vn 0.000000 0.000000 -0.100000
vn 0.000000 0.000000 -0.100000
vn 0.000000 0.000000 -0.100000
vn 0.000000 0.000000 -0.100000
vn 0.000000 0.000000 -0.100000
vn 0.000000 0.000000 -0.100000
vn 0.000000 0.000000 -0.100000
vn 0.000000 0.000000 -0.100000
vn 0.000000 0.000000 -0.100000
vn 0.000000 0.000000 -0.100000
vn 0.000000 0.000000 -0.100000
vn 0.000000 0.000000 -0.100000
vn 0.000000 0.000000 -0.100000
vn 0.000000 0.000000 -0.100000
vn 0.000000 0.000000 -0.100000
vn 0.000000 0.000000 -0.100000
vn 0.000000 0.000000 -0.100000
vn 0.000000 0.000000 -0.100000
vn 0.000000 0.000000 -0.100000
vn 0.000000 0.000000 -0.100000
vn 0.000000 0.000000 -0.100000
vn 0.000000 0.000000 -0.100000
vn 0.000000 0.000000 -0.100000
vn 0.000000 0.000000 -0.100000
vn 0.000000 0.000000 -0.100000
vn 0.000000 0.000000 -0.100000
vn 0.000000 0.000000 -0.100000
vn 0.000000 0.000000 -0.100000
vn 0.000000 0.000000 -0.100000
vn 0.000000 0.000000 -0.100000
vn 0.000000 0.000000 -0.100000
vn 0.000000 0.000000 -0.100000
vn 0.000000 0.000000 -0.100000
vn 0.000000 0.000000 -0.100000
vn 0.000000 0.000000 -0.100000
vn 0.000000 0.000000 -0.100000
vn 0.000000 0.000000 -0.100000
vn 0.000000 0.000000 -0.100000
vn 0.000000 0.000000 -0.100000
vn 0.000000 0.000000 -0.100000
vn 0.000000 0.000000 -0.100000
vn 0.000000 0.000000 -0.100000
vn 0.000000 0.000000 -0.100000
vn 0.000000 0.000000 -0.100000
vn 0.000000 0.000000 -0.100000
vn 0.000000 0.000000 -0.100000
vn 0.000000 0.000000 -0.100000
vn 0.000000 0.000000 -0.100000
vn 0.000000 0.000000 -0.100000
vn 0.000000 0.000000 -0.100000
vn 0.000000 0.000000 -0.100000
vn 0.000000 0.000000 -0.100000
vn 0.000000 0.000000 -0.100000
vn 0.000000 0.000000 -0.100000
vn 0.000000 0.000000 -0.100000
vn 0.000000 0.000000 -0.100000
vn 0.000000 0.000000 -0.100000
vn 0.000000 0.000000 -0.100000
vn 0.000000 0.000000 -0.100000
vn 0.000000 0.000000 -0.100000
vn 0.000000 0.000000 -0.100000
vn 0.000000 0.000000 -0.100000
vn 0.000000 0.000000 -0.100000
vn 0.000000 0.000000 -0.100000
vn 0.000000 0.000000 -0.100000
vn 0.000000 0.000000 -0.100000
vn 0.000000 0.000000 -0.100000
vn 0.000000 0.000000 -0.100000
vn 0.000000 0.000000 -0.100000
vn 0.000000 0.000000 -0.100000
vn 0.000000 0.000000 -0.100000
vn 0.000000 0.000000 -0.100000
vn 0.000000 0.000000 -0.100000
vn 0.000000 0.000000 -0.100000
vn 0.000000 0.000000 -0.100000
vn 0.000000 0.000000 -0.100000
vn 0.000000 0.000000 -0.100000
vn 0.000000 0.000000 -0.100000
vn 0.000000 0.000000 -0.100000
vn 0.000000 0.000000 -0.100000
vn 0.000000 0.000000 -0.100000
vn 0.000000 0.000000 -0.100000
vn 0.000000 0.000000 -0.100000
vn 0.000000 0.000000 -0.100000
vn 0.000000 0.000000 -0.100000
vn 0.000000 0.000000 -0.100000
vn 0.000000 0.000000 -0.100000
vn 0.000000 0.000000 -0.100000
vn 0.000000 0.000000 -0.100000
vn 0.000000 0.000000 -0.100000
vn 0.000000 0.000000 -0.100000
vn 0.000000 0.000000 -0.100000
vn 0.000000 0.000000 -0.100000
vn 0.000000 0.000000 -0.100000
vn 0.000000 0.000000 -0.100000
vn 0.000000 0.000000 -0.100000
vn 0.000000 0.000000 -0.100000
vn 0.000000 0.000000 -0.100000
vn 0.000000 0.000000 -0.100000
vn 0.000000 0.000000 -0.100000
vn 0.000000 0.000000 -0.100000
vn 0.000000 0.000000 -0.100000
vn 0.000000 0.000000 -0.100000
vn 0.000000 0.000000 -0.100000
vn 0.000000 0.000000 -0.100000
vn 0.000000 0.000000 -0.100000
vn 0.000000 0.000000 -0.100000
vn 0.000000 0.000000 -0.100000
vn 0.000000 0.000000 -0.100000
vn 0.000000 0.000000 -0.100000
vn 0.000000 0.000000 -0.100000
vn 0.000000 0.000000 -0.100000
vn 0.000000 0.000000 -0.100000
vn 0.000000 0.000000 -0.100000
vn 0.000000 0.000000 -0.100000
vn 0.000000 0.000000 -0.100000
vn 0.000000 0.000000 -0.100000
vn 0.000000 0.000000 -0.100000
vn 0.000000 0.000000 -0.100000
vn 0.000000 0.000000 -0.100000
vn 0.000000 0.000000 -0.100000
vn 0.000000 0.000000 -0.100000
vn 0.000000 0.000000 -0.100000
vn 0.000000 0.000000 -0.100000
vn 0.000000 0.000000 -0.100000
vn 0.000000 0.000000 -0.100000
vn 0.000000 0.000000 -0.100000
vn 0.000000 0.000000 -0.100000
vn 0.000000 0.000000 -0.100000
vn 0.000000 0.000000 -0.100000
vn 0.000000 0.000000 -0.100000
vn 0.000000 0.000000 -0.100000
vn 0.000000 0.000000 -0.100000
vn 0.000000 0.000000 -0.100000
vn 0.000000 0.000000 -0.100000
vn 0.000000 0.000000 -0.100000
vn 0.000000 0.000000 -0.100000
vn 0.000000 0.000000 -0.100000
vn 0.000000 0.000000 -0.100000
vn 0.000000 0.000000 -0.100000
vn 0.000000 0.000000 -0.100000
vn 0.000000 0.000000 -0.100000
vn 0.000000 0.000000 -0.100000
vn 0.000000 0.000000 -0.100000
vn 0.000000 0.000000 -0.100000
vn 0.000000 0.000000 -0.100000
vn -0.099818 -0.006038 0.000000
vn -0.099818 -0.006038 0.000000
vn -0.099818 -0.006038 0.000000
vn -0.099818 -0.006038 0.000000
vn -0.098362 -0.018025 0.000000
vn -0.098362 -0.018025 0.000000
vn -0.098362 -0.018025 0.000000
vn -0.098362 -0.018025 0.000000
vn -0.095472 -0.029751 0.000000
vn -0.095472 -0.029751 0.000000
vn -0.095472 -0.029751 0.000000
vn -0.095472 -0.029751 0.000000
vn -0.091190 -0.041040 0.000000
vn -0.091190 -0.041040 0.000000
vn -0.091190 -0.041040 0.000000
vn -0.091190 -0.041040 0.000000
vn -0.085578 -0.051734 0.000000
vn -0.085578 -0.051734 0.000000
vn -0.085578 -0.051734 0.000000
vn -0.085578 -0.051734 0.000000
vn -0.078719 -0.061672 0.000000
vn -0.078719 -0.061672 0.000000
vn -0.078719 -0.061672 0.000000
vn -0.078719 -0.061672 0.000000
vn -0.070710 -0.070711 0.000000
vn -0.070710 -0.070711 0.000000
vn -0.070710 -0.070711 0.000000
vn -0.070710 -0.070711 0.000000
vn -0.061672 -0.078718 0.000000
vn -0.061672 -0.078718 0.000000
vn -0.061672 -0.078718 0.000000
vn -0.061672 -0.078718 0.000000
vn -0.051733 -0.085578 0.000000
vn -0.051733 -0.085578 0.000000
vn -0.051733 -0.085578 0.000000
vn -0.051733 -0.085578 0.000000
vn -0.041042 -0.091190 0.000000
vn -0.041042 -0.091190 0.000000
vn -0.041042 -0.091190 0.000000
vn -0.041042 -0.091190 0.000000
vn -0.029750 -0.095472 0.000000
vn -0.029750 -0.095472 0.000000
vn -0.029750 -0.095472 0.000000
vn -0.029750 -0.095472 0.000000
vn -0.018026 -0.098362 0.000000
vn -0.018026 -0.098362 0.000000
vn -0.018026 -0.098362 0.000000
vn -0.018026 -0.098362 0.000000
vn -0.006038 -0.099818 0.000000
vn -0.006038 -0.099818 0.000000
vn -0.006038 -0.099818 0.000000
vn -0.006038 -0.099818 0.000000
vn 0.000000 -0.100000 0.000000
vn 0.000000 -0.100000 0.000000
vn 0.000000 -0.100000 0.000000
vn 0.000000 -0.100000 0.000000
vn 0.006038 -0.099818 0.000000
vn 0.006038 -0.099818 0.000000
vn 0.006038 -0.099818 0.000000
vn 0.006038 -0.099818 0.000000
vn 0.018026 -0.098362 0.000000
vn 0.018026 -0.098362 0.000000
vn 0.018026 -0.098362 0.000000
vn 0.018026 -0.098362 0.000000
vn 0.029751 -0.095472 0.000000
vn 0.029751 -0.095472 0.000000
vn 0.029751 -0.095472 0.000000
vn 0.029751 -0.095472 0.000000
vn 0.041041 -0.091190 0.000000
vn 0.041041 -0.091190 0.000000
vn 0.041041 -0.091190 0.000000
vn 0.041041 -0.091190 0.000000
vn 0.051734 -0.085578 0.000000
vn 0.051734 -0.085578 0.000000
vn 0.051734 -0.085578 0.000000
vn 0.051734 -0.085578 0.000000
vn 0.061672 -0.078718 0.000000
vn 0.061672 -0.078718 0.000000
vn 0.061672 -0.078718 0.000000
vn 0.061672 -0.078718 0.000000
vn 0.070710 -0.070711 0.000000
vn 0.070710 -0.070711 0.000000
vn 0.070710 -0.070711 0.000000
vn 0.070710 -0.070711 0.000000
vn 0.078719 -0.061672 0.000000
vn 0.078719 -0.061672 0.000000
vn 0.078719 -0.061672 0.000000
vn 0.078719 -0.061672 0.000000
vn 0.085578 -0.051734 0.000000
vn 0.085578 -0.051734 0.000000
vn 0.085578 -0.051734 0.000000
vn 0.085578 -0.051734 0.000000
vn 0.091190 -0.041042 0.000000
vn 0.091190 -0.041042 0.000000
vn 0.091190 -0.041042 0.000000
vn 0.091190 -0.041042 0.000000
vn 0.095472 -0.029751 0.000000
vn 0.095472 -0.029751 0.000000
vn 0.095472 -0.029751 0.000000
vn 0.095472 -0.029751 0.000000
vn 0.098362 -0.018025 0.000000
vn 0.098362 -0.018025 0.000000
vn 0.098362 -0.018025 0.000000
vn 0.098362 -0.018025 0.000000
vn 0.099818 -0.006038 0.000000
vn 0.099818 -0.006038 0.000000
vn 0.099818 -0.006038 0.000000
vn 0.099818 -0.006038 0.000000
vn 0.013053 0.000000 0.099144
vn 0.013053 0.000000 0.099144
vn 0.013053 0.000000 0.099144
vn 0.038269 0.000000 0.092388
vn 0.038269 0.000000 0.092388
vn 0.038269 0.000000 0.092388
vn 0.038269 0.000000 0.092388
vn 0.060876 0.000000 0.079336
vn 0.060876 0.000000 0.079336
vn 0.060876 0.000000 0.079336
vn 0.060876 0.000000 0.079336
vn 0.079335 0.000000 0.060876
vn 0.079335 0.000000 0.060876
vn 0.079335 0.000000 0.060876
vn 0.079335 0.000000 0.060876
vn 0.092388 0.000000 0.038267
vn 0.092388 0.000000 0.038267
vn 0.092388 0.000000 0.038267
vn 0.092388 0.000000 0.038267
vn 0.099144 0.000000 0.013053
vn 0.099144 0.000000 0.013053
vn 0.099144 0.000000 0.013053
vn 0.099144 0.000000 0.013053
vn 0.099534 -0.000163 0.009641
vn 0.099534 -0.000163 0.009641
vn 0.099534 -0.000163 0.009641
vn 0.095671 0.000082 0.029103
vn 0.095671 0.000082 0.029103
vn 0.095671 0.000082 0.029103
vn 0.092388 -0.000167 0.038267
vn 0.092388 -0.000167 0.038267
vn 0.092388 -0.000167 0.038267
vn 0.088158 0.000086 0.047203
vn 0.088158 0.000086 0.047203
vn 0.088158 0.000086 0.047203
vn 0.079335 -0.000130 0.060876
vn 0.079335 -0.000130 0.060876
vn 0.079335 -0.000130 0.060876
vn 0.077300 0.000000 0.063441
vn 0.077300 0.000000 0.063441
vn 0.077300 0.000000 0.063441
vn 0.063439 0.000000 0.077301
vn 0.063439 0.000000 0.077301
vn 0.063439 0.000000 0.077301
vn 0.060875 -0.000137 0.079336
vn 0.060875 -0.000137 0.079336
vn 0.060875 -0.000137 0.079336
vn 0.047102 0.000092 0.088212
vn 0.047102 0.000092 0.088212
vn 0.047102 0.000092 0.088212
vn 0.038269 -0.000187 0.092387
vn 0.038269 -0.000187 0.092387
vn 0.038269 -0.000187 0.092387
vn 0.029001 0.000094 0.095702
vn 0.029001 0.000094 0.095702
vn 0.029001 0.000094 0.095702
vn 0.014691 -0.000118 0.098915
vn 0.014691 -0.000118 0.098915
vn 0.014691 -0.000118 0.098915
vn 0.015158 -0.000101 0.098845
vn 0.015158 -0.000101 0.098845
vn 0.015158 -0.000101 0.098845
vn 0.004907 0.000000 0.099880
vn 0.004907 0.000000 0.099880
vn 0.004907 0.000000 0.099880
vn 0.002357 -0.012862 0.099141
vn 0.002357 -0.012862 0.099141
vn 0.002357 -0.012862 0.099141
vn 0.002357 -0.012862 0.099141
vn 0.002357 -0.012862 0.099141
vn 0.002357 -0.012862 0.099141
vn 0.003890 -0.012484 0.099141
vn 0.003890 -0.012484 0.099141
vn 0.003890 -0.012484 0.099141
vn 0.003890 -0.012484 0.099141
vn 0.003890 -0.012484 0.099141
vn 0.003890 -0.012484 0.099141
vn 0.005366 -0.011924 0.099141
vn 0.005366 -0.011924 0.099141
vn 0.005366 -0.011924 0.099141
vn 0.005367 -0.011924 0.099141
vn 0.005367 -0.011924 0.099141
vn 0.005367 -0.011924 0.099141
vn 0.006765 -0.011190 0.099141
vn 0.006765 -0.011190 0.099141
vn 0.006765 -0.011190 0.099141
vn 0.006765 -0.011190 0.099141
vn 0.006765 -0.011190 0.099141
vn 0.006765 -0.011190 0.099141
vn 0.008064 -0.010293 0.099141
vn 0.008064 -0.010293 0.099141
vn 0.008064 -0.010293 0.099141
vn 0.008064 -0.010293 0.099141
vn 0.008064 -0.010293 0.099141
vn 0.008064 -0.010293 0.099141
vn 0.009246 -0.009246 0.099141
vn 0.009246 -0.009246 0.099141
vn 0.009246 -0.009246 0.099141
vn 0.009246 -0.009246 0.099141
vn 0.009246 -0.009246 0.099141
vn 0.009246 -0.009246 0.099141
vn 0.010293 -0.008064 0.099141
vn 0.010293 -0.008064 0.099141
vn 0.010293 -0.008064 0.099141
vn 0.010293 -0.008064 0.099141
vn 0.010293 -0.008064 0.099141
vn 0.010293 -0.008064 0.099141
vn 0.011190 -0.006765 0.099141
vn 0.011190 -0.006765 0.099141
vn 0.011190 -0.006765 0.099141
vn 0.011190 -0.006765 0.099141
vn 0.011190 -0.006765 0.099141
vn 0.011190 -0.006765 0.099141
vn 0.011924 -0.005366 0.099141
vn 0.011924 -0.005366 0.099141
vn 0.011924 -0.005366 0.099141
vn 0.011924 -0.005366 0.099141
vn 0.011924 -0.005366 0.099141
vn 0.011924 -0.005366 0.099141
vn 0.012484 -0.003890 0.099141
vn 0.012484 -0.003890 0.099141
vn 0.012484 -0.003890 0.099141
vn 0.012484 -0.003890 0.099141
vn 0.012484 -0.003890 0.099141
vn 0.012484 -0.003890 0.099141
vn 0.012862 -0.002357 0.099141
vn 0.012862 -0.002357 0.099141
vn 0.012862 -0.002357 0.099141
vn 0.012862 -0.002357 0.099141
vn 0.012862 -0.002357 0.099141
vn 0.012862 -0.002357 0.099141
vn 0.013052 -0.000790 0.099141
vn 0.013052 -0.000790 0.099141
vn 0.013052 -0.000790 0.099141
vn 0.013052 -0.000790 0.099141
vn 0.013052 -0.000790 0.099141
vn 0.013052 -0.000790 0.099141
vn 0.006909 -0.037701 0.092363
vn 0.006909 -0.037701 0.092363
vn 0.006909 -0.037701 0.092363
vn 0.006909 -0.037700 0.092363
vn 0.006909 -0.037700 0.092363
vn 0.006909 -0.037700 0.092363
vn 0.011403 -0.036592 0.092363
vn 0.011403 -0.036592 0.092363
vn 0.011403 -0.036592 0.092363
vn 0.011403 -0.036592 0.092363
vn 0.011403 -0.036592 0.092363
vn 0.011403 -0.036592 0.092363
vn 0.015730 -0.034951 0.092363
vn 0.015730 -0.034951 0.092363
vn 0.015730 -0.034951 0.092363
vn 0.015730 -0.034951 0.092363
vn 0.015730 -0.034951 0.092363
vn 0.015730 -0.034951 0.092363
vn 0.019828 -0.032800 0.092363
vn 0.019828 -0.032800 0.092363
vn 0.019828 -0.032800 0.092363
vn 0.019828 -0.032800 0.092363
vn 0.019828 -0.032800 0.092363
vn 0.019828 -0.032800 0.092363
vn 0.023637 -0.030171 0.092363
vn 0.023637 -0.030171 0.092363
vn 0.023637 -0.030171 0.092363
vn 0.023638 -0.030171 0.092363
vn 0.023638 -0.030171 0.092363
vn 0.023638 -0.030171 0.092363
vn 0.027102 -0.027102 0.092363
vn 0.027102 -0.027102 0.092363
vn 0.027102 -0.027102 0.092363
vn 0.027102 -0.027102 0.092363
vn 0.027102 -0.027102 0.092363
vn 0.027102 -0.027102 0.092363
vn 0.030171 -0.023637 0.092363
vn 0.030171 -0.023637 0.092363
vn 0.030171 -0.023637 0.092363
vn 0.030171 -0.023638 0.092363
vn 0.030171 -0.023638 0.092363
vn 0.030171 -0.023638 0.092363
vn 0.032801 -0.019829 0.092363
vn 0.032801 -0.019829 0.092363
vn 0.032801 -0.019829 0.092363
vn 0.032800 -0.019829 0.092363
vn 0.032800 -0.019829 0.092363
vn 0.032800 -0.019829 0.092363
vn 0.034951 -0.015730 0.092363
vn 0.034951 -0.015730 0.092363
vn 0.034951 -0.015730 0.092363
vn 0.034952 -0.015730 0.092363
vn 0.034952 -0.015730 0.092363
vn 0.034952 -0.015730 0.092363
vn 0.036593 -0.011403 0.092363
vn 0.036593 -0.011403 0.092363
vn 0.036593 -0.011403 0.092363
vn 0.036593 -0.011403 0.092363
vn 0.036593 -0.011403 0.092363
vn 0.036593 -0.011403 0.092363
vn 0.037700 -0.006909 0.092363
vn 0.037700 -0.006909 0.092363
vn 0.037700 -0.006909 0.092363
vn 0.037701 -0.006909 0.092363
vn 0.037701 -0.006909 0.092363
vn 0.037701 -0.006909 0.092363
vn 0.038259 -0.002314 0.092363
vn 0.038259 -0.002314 0.092363
vn 0.038259 -0.002314 0.092363
vn 0.038259 -0.002314 0.092363
vn 0.038259 -0.002314 0.092363
vn 0.038259 -0.002314 0.092363
vn 0.010985 -0.059947 0.079282
vn 0.010985 -0.059947 0.079282
vn 0.010985 -0.059947 0.079282
vn 0.010986 -0.059948 0.079281
vn 0.010986 -0.059948 0.079281
vn 0.010986 -0.059948 0.079281
vn 0.018132 -0.058187 0.079281
vn 0.018132 -0.058187 0.079281
vn 0.018132 -0.058187 0.079281
vn 0.018132 -0.058186 0.079282
vn 0.018132 -0.058186 0.079282
vn 0.018132 -0.058186 0.079282
vn 0.025013 -0.055576 0.079282
vn 0.025013 -0.055576 0.079282
vn 0.025013 -0.055576 0.079282
vn 0.025013 -0.055577 0.079281
vn 0.025013 -0.055577 0.079281
vn 0.025013 -0.055577 0.079281
vn 0.031530 -0.052157 0.079281
vn 0.031530 -0.052157 0.079281
vn 0.031530 -0.052157 0.079281
vn 0.031530 -0.052157 0.079281
vn 0.031530 -0.052157 0.079281
vn 0.031530 -0.052157 0.079281
vn 0.037587 -0.047976 0.079282
vn 0.037587 -0.047976 0.079282
vn 0.037587 -0.047976 0.079282
vn 0.037587 -0.047976 0.079282
vn 0.037587 -0.047976 0.079282
vn 0.037587 -0.047976 0.079282
vn 0.043095 -0.043095 0.079282
vn 0.043095 -0.043095 0.079282
vn 0.043095 -0.043095 0.079282
vn 0.043095 -0.043095 0.079282
vn 0.047976 -0.037586 0.079282
vn 0.047976 -0.037586 0.079282
vn 0.047976 -0.037586 0.079282
vn 0.047975 -0.037586 0.079283
vn 0.047975 -0.037586 0.079283
vn 0.047975 -0.037586 0.079283
vn 0.052155 -0.031529 0.079283
vn 0.052155 -0.031529 0.079283
vn 0.052155 -0.031529 0.079283
vn 0.052157 -0.031530 0.079281
vn 0.052157 -0.031530 0.079281
vn 0.052157 -0.031530 0.079281
vn 0.055577 -0.025013 0.079281
vn 0.055577 -0.025013 0.079281
vn 0.055577 -0.025013 0.079281
vn 0.055578 -0.025013 0.079281
vn 0.055578 -0.025013 0.079281
vn 0.055578 -0.025013 0.079281
vn 0.058187 -0.018132 0.079281
vn 0.058187 -0.018132 0.079281
vn 0.058187 -0.018132 0.079281
vn 0.058186 -0.018132 0.079282
vn 0.058186 -0.018132 0.079282
vn 0.058186 -0.018132 0.079282
vn 0.059947 -0.010986 0.079282
vn 0.059947 -0.010986 0.079282
vn 0.059947 -0.010986 0.079282
vn 0.059947 -0.010986 0.079282
vn 0.059947 -0.010986 0.079282
vn 0.059947 -0.010986 0.079282
vn 0.060834 -0.003680 0.079283
vn 0.060834 -0.003680 0.079283
vn 0.060834 -0.003680 0.079283
vn 0.060834 -0.003680 0.079282
vn 0.060834 -0.003680 0.079282
vn 0.060834 -0.003680 0.079282
vn 0.014310 -0.078088 0.060807
vn 0.014310 -0.078088 0.060807
vn 0.014310 -0.078088 0.060807
vn 0.014310 -0.078089 0.060806
vn 0.014310 -0.078089 0.060806
vn 0.014310 -0.078089 0.060806
vn 0.023619 -0.075794 0.060806
vn 0.023619 -0.075794 0.060806
vn 0.023619 -0.075794 0.060806
vn 0.023618 -0.075794 0.060806
vn 0.023618 -0.075794 0.060806
vn 0.023618 -0.075794 0.060806
vn 0.032583 -0.072395 0.060806
vn 0.032583 -0.072395 0.060806
vn 0.032583 -0.072395 0.060806
vn 0.032582 -0.072394 0.060807
vn 0.032582 -0.072394 0.060807
vn 0.032582 -0.072394 0.060807
vn 0.041070 -0.067939 0.060807
vn 0.041070 -0.067939 0.060807
vn 0.041070 -0.067939 0.060807
vn 0.041071 -0.067940 0.060806
vn 0.041071 -0.067940 0.060806
vn 0.041071 -0.067940 0.060806
vn 0.048961 -0.062494 0.060806
vn 0.048961 -0.062494 0.060806
vn 0.048961 -0.062494 0.060806
vn 0.048960 -0.062494 0.060807
vn 0.048960 -0.062494 0.060807
vn 0.048960 -0.062494 0.060807
vn 0.056136 -0.056136 0.060807
vn 0.056136 -0.056136 0.060807
vn 0.056136 -0.056136 0.060807
vn 0.056137 -0.056137 0.060806
vn 0.056137 -0.056137 0.060806
vn 0.056137 -0.056137 0.060806
vn 0.062494 -0.048961 0.060806
vn 0.062494 -0.048961 0.060806
vn 0.062494 -0.048961 0.060806
vn 0.062494 -0.048961 0.060806
vn 0.062494 -0.048961 0.060806
vn 0.062494 -0.048961 0.060806
vn 0.067940 -0.041071 0.060806
vn 0.067940 -0.041071 0.060806
vn 0.067940 -0.041071 0.060806
vn 0.067939 -0.041071 0.060806
vn 0.067939 -0.041071 0.060806
vn 0.067939 -0.041071 0.060806
vn 0.072395 -0.032582 0.060806
vn 0.072395 -0.032582 0.060806
vn 0.072395 -0.032582 0.060806
vn 0.072395 -0.032582 0.060807
vn 0.072395 -0.032582 0.060807
vn 0.072395 -0.032582 0.060807
vn 0.075794 -0.023619 0.060807
vn 0.075794 -0.023619 0.060807
vn 0.075794 -0.023619 0.060807
vn 0.075794 -0.023619 0.060807
vn 0.075794 -0.023619 0.060807
vn 0.075794 -0.023619 0.060807
vn 0.078088 -0.014310 0.060807
vn 0.078088 -0.014310 0.060807
vn 0.078088 -0.014310 0.060807
vn 0.078089 -0.014310 0.060806
vn 0.078089 -0.014310 0.060806
vn 0.078089 -0.014310 0.060806
vn 0.079245 -0.004793 0.060805
vn 0.079245 -0.004793 0.060805
vn 0.079245 -0.004793 0.060805
vn 0.079244 -0.004793 0.060807
vn 0.079244 -0.004793 0.060807
vn 0.079244 -0.004793 0.060807
vn 0.016658 -0.090899 0.038209
vn 0.016658 -0.090899 0.038209
vn 0.016658 -0.090899 0.038209
vn 0.016658 -0.090899 0.038209
vn 0.016658 -0.090899 0.038209
vn 0.016658 -0.090899 0.038209
vn 0.027493 -0.088228 0.038209
vn 0.027493 -0.088228 0.038209
vn 0.027493 -0.088228 0.038209
vn 0.027493 -0.088229 0.038208
vn 0.027493 -0.088229 0.038208
vn 0.027493 -0.088229 0.038208
vn 0.037928 -0.084271 0.038208
vn 0.037928 -0.084271 0.038208
vn 0.037928 -0.084271 0.038208
vn 0.037927 -0.084271 0.038209
vn 0.037927 -0.084271 0.038209
vn 0.037927 -0.084271 0.038209
vn 0.047809 -0.079085 0.038209
vn 0.047809 -0.079085 0.038209
vn 0.047809 -0.079085 0.038209
vn 0.047809 -0.079085 0.038209
vn 0.047809 -0.079085 0.038209
vn 0.047809 -0.079085 0.038209
vn 0.056992 -0.072746 0.038209
vn 0.056992 -0.072746 0.038209
vn 0.056992 -0.072746 0.038209
vn 0.056993 -0.072746 0.038207
vn 0.056993 -0.072746 0.038207
vn 0.056993 -0.072746 0.038207
vn 0.065346 -0.065346 0.038207
vn 0.065346 -0.065346 0.038207
vn 0.065346 -0.065346 0.038207
vn 0.065345 -0.065346 0.038209
vn 0.065345 -0.065346 0.038209
vn 0.065345 -0.065346 0.038209
vn 0.072745 -0.056993 0.038209
vn 0.072745 -0.056993 0.038209
vn 0.072745 -0.056993 0.038209
vn 0.072746 -0.056993 0.038208
vn 0.072746 -0.056993 0.038208
vn 0.072746 -0.056993 0.038208
vn 0.079085 -0.047809 0.038208
vn 0.079085 -0.047809 0.038208
vn 0.079085 -0.047809 0.038208
vn 0.079086 -0.047809 0.038207
vn 0.079086 -0.047809 0.038207
vn 0.079086 -0.047809 0.038207
vn 0.084272 -0.037927 0.038207
vn 0.084272 -0.037927 0.038207
vn 0.084272 -0.037927 0.038207
vn 0.084271 -0.037927 0.038210
vn 0.084271 -0.037927 0.038210
vn 0.084271 -0.037927 0.038210
vn 0.088228 -0.027494 0.038210
vn 0.088228 -0.027494 0.038210
vn 0.088228 -0.027494 0.038210
vn 0.088230 -0.027493 0.038206
vn 0.088230 -0.027493 0.038206
vn 0.088230 -0.027493 0.038206
vn 0.090900 -0.016658 0.038206
vn 0.090900 -0.016658 0.038206
vn 0.090900 -0.016658 0.038206
vn 0.090899 -0.016658 0.038209
vn 0.090899 -0.016658 0.038209
vn 0.090899 -0.016658 0.038209
vn 0.092244 -0.005580 0.038209
vn 0.092244 -0.005580 0.038209
vn 0.092244 -0.005580 0.038209
vn 0.092244 -0.005580 0.038208
vn 0.092244 -0.005580 0.038208
vn 0.092244 -0.005580 0.038208
vn 0.000790 -0.013052 0.099141
vn 0.000790 -0.013052 0.099141
vn 0.000790 -0.013052 0.099141
vn 0.000789 -0.013052 0.099141
vn 0.000789 -0.013052 0.099141
vn 0.000789 -0.013052 0.099141
vn 0.002314 -0.038258 0.092363
vn 0.002314 -0.038258 0.092363
vn 0.002314 -0.038258 0.092363
vn 0.002314 -0.038259 0.092363
vn 0.002314 -0.038259 0.092363
vn 0.002314 -0.038259 0.092363
vn 0.003680 -0.060835 0.079281
vn 0.003680 -0.060835 0.079281
vn 0.003680 -0.060835 0.079281
vn 0.003680 -0.060835 0.079282
vn 0.003680 -0.060835 0.079282
vn 0.003680 -0.060835 0.079282
vn 0.004794 -0.079245 0.060805
vn 0.004794 -0.079245 0.060805
vn 0.004794 -0.079245 0.060805
vn 0.004793 -0.079244 0.060807
vn 0.004793 -0.079244 0.060807
vn 0.004793 -0.079244 0.060807
vn 0.005579 -0.092243 0.038211
vn 0.005579 -0.092243 0.038211
vn 0.005579 -0.092243 0.038211
vn 0.005580 -0.092244 0.038209
vn 0.005580 -0.092244 0.038209
vn 0.005580 -0.092244 0.038209
vn 0.005987 -0.098967 0.013028
vn 0.005987 -0.098967 0.013028
vn 0.005987 -0.098967 0.013028
vn 0.005986 -0.098967 0.013030
vn 0.005986 -0.098967 0.013030
vn 0.005986 -0.098967 0.013030
vn 0.017872 -0.097523 0.013030
vn 0.017872 -0.097523 0.013030
vn 0.017872 -0.097523 0.013030
vn 0.017872 -0.097524 0.013029
vn 0.017872 -0.097524 0.013029
vn 0.017872 -0.097524 0.013029
vn 0.029497 -0.094658 0.013029
vn 0.029497 -0.094658 0.013029
vn 0.029497 -0.094658 0.013029
vn 0.029497 -0.094658 0.013028
vn 0.029497 -0.094658 0.013028
vn 0.029497 -0.094658 0.013028
vn 0.040691 -0.090413 0.013028
vn 0.040691 -0.090413 0.013028
vn 0.040691 -0.090413 0.013028
vn 0.040691 -0.090413 0.013029
vn 0.040691 -0.090413 0.013029
vn 0.040691 -0.090413 0.013029
vn 0.051293 -0.084849 0.013030
vn 0.051293 -0.084849 0.013030
vn 0.051293 -0.084849 0.013030
vn 0.051293 -0.084849 0.013030
vn 0.051293 -0.084849 0.013030
vn 0.051293 -0.084849 0.013030
vn 0.061146 -0.078047 0.013030
vn 0.061146 -0.078047 0.013030
vn 0.061146 -0.078047 0.013030
vn 0.061146 -0.078047 0.013031
vn 0.061146 -0.078047 0.013031
vn 0.061146 -0.078047 0.013031
vn 0.070108 -0.070108 0.013031
vn 0.070108 -0.070108 0.013031
vn 0.070108 -0.070108 0.013031
vn 0.070108 -0.070108 0.013031
vn 0.070108 -0.070108 0.013031
vn 0.070108 -0.070108 0.013031
vn 0.078047 -0.061146 0.013031
vn 0.078047 -0.061146 0.013031
vn 0.078047 -0.061146 0.013031
vn 0.078048 -0.061146 0.013029
vn 0.078048 -0.061146 0.013029
vn 0.078048 -0.061146 0.013029
vn 0.084849 -0.051293 0.013028
vn 0.084849 -0.051293 0.013028
vn 0.084849 -0.051293 0.013028
vn 0.084849 -0.051293 0.013029
vn 0.084849 -0.051293 0.013029
vn 0.084849 -0.051293 0.013029
vn 0.090412 -0.040692 0.013030
vn 0.090412 -0.040692 0.013030
vn 0.090412 -0.040692 0.013030
vn 0.090412 -0.040692 0.013030
vn 0.090412 -0.040692 0.013030
vn 0.090412 -0.040692 0.013030
vn 0.094658 -0.029496 0.013030
vn 0.094658 -0.029496 0.013030
vn 0.094658 -0.029496 0.013030
vn 0.094658 -0.029497 0.013033
vn 0.094658 -0.029497 0.013033
vn 0.094658 -0.029497 0.013033
vn 0.097523 -0.017872 0.013033
vn 0.097523 -0.017872 0.013033
vn 0.097523 -0.017872 0.013033
vn 0.097524 -0.017871 0.013030
vn 0.097524 -0.017871 0.013030
vn 0.097524 -0.017871 0.013030
vn 0.098967 -0.005986 0.013030
vn 0.098967 -0.005986 0.013030
vn 0.098967 -0.005986 0.013030
vn 0.098967 -0.005986 0.013029
vn 0.098967 -0.005986 0.013029
vn 0.098967 -0.005986 0.013029
vn 0.000000 -0.092387 0.038270
vn 0.000000 -0.092387 0.038270
vn 0.000000 -0.092387 0.038270
vn 0.000000 -0.092387 0.038270
vn 0.000000 -0.079336 0.060875
vn 0.000000 -0.079336 0.060875
vn 0.000000 -0.079336 0.060875
vn 0.000000 -0.079336 0.060875
vn 0.000000 -0.013053 0.099144
vn 0.000000 -0.013053 0.099144
vn 0.000000 -0.013053 0.099144
vn 0.000000 -0.013053 0.099144
vn 0.000000 -0.038268 0.092388
vn 0.000000 -0.038268 0.092388
vn 0.000000 -0.038268 0.092388
vn 0.000000 -0.038268 0.092388
vn 0.000000 -0.060876 0.079335
vn 0.000000 -0.060876 0.079335
vn 0.000000 -0.060876 0.079335
vn 0.000000 -0.060876 0.079335
vn 0.000000 -0.099145 0.013051
vn 0.000000 -0.099145 0.013051
vn 0.000000 -0.099145 0.013051
vn 0.000000 -0.099145 0.013051
vn -0.012861 -0.002357 0.099141
vn -0.012861 -0.002357 0.099141
vn -0.012861 -0.002357 0.099141
vn -0.012861 -0.002357 0.099141
vn -0.012861 -0.002357 0.099141
vn -0.012861 -0.002357 0.099141
vn -0.012483 -0.003890 0.099141
vn -0.012483 -0.003890 0.099141
vn -0.012483 -0.003890 0.099141
vn -0.012485 -0.003890 0.099141
vn -0.012485 -0.003890 0.099141
vn -0.012485 -0.003890 0.099141
vn -0.011925 -0.005367 0.099141
vn -0.011925 -0.005367 0.099141
vn -0.011925 -0.005367 0.099141
vn -0.011924 -0.005367 0.099141
vn -0.011924 -0.005367 0.099141
vn -0.011924 -0.005367 0.099141
vn -0.011190 -0.006765 0.099141
vn -0.011190 -0.006765 0.099141
vn -0.011190 -0.006765 0.099141
vn -0.011190 -0.006764 0.099141
vn -0.011190 -0.006764 0.099141
vn -0.011190 -0.006764 0.099141
vn -0.010293 -0.008064 0.099141
vn -0.010293 -0.008064 0.099141
vn -0.010293 -0.008064 0.099141
vn -0.010293 -0.008064 0.099141
vn -0.010293 -0.008064 0.099141
vn -0.010293 -0.008064 0.099141
vn -0.009246 -0.009246 0.099141
vn -0.009246 -0.009246 0.099141
vn -0.009246 -0.009246 0.099141
vn -0.009246 -0.009246 0.099141
vn -0.008064 -0.010293 0.099141
vn -0.008064 -0.010293 0.099141
vn -0.008064 -0.010293 0.099141
vn -0.008064 -0.010294 0.099141
vn -0.008064 -0.010294 0.099141
vn -0.008064 -0.010294 0.099141
vn -0.006765 -0.011191 0.099141
vn -0.006765 -0.011191 0.099141
vn -0.006765 -0.011191 0.099141
vn -0.006765 -0.011190 0.099141
vn -0.006765 -0.011190 0.099141
vn -0.006765 -0.011190 0.099141
vn -0.005366 -0.011924 0.099141
vn -0.005366 -0.011924 0.099141
vn -0.005366 -0.011924 0.099141
vn -0.005366 -0.011924 0.099141
vn -0.005366 -0.011924 0.099141
vn -0.005366 -0.011924 0.099141
vn -0.003890 -0.012484 0.099141
vn -0.003890 -0.012484 0.099141
vn -0.003890 -0.012484 0.099141
vn -0.003890 -0.012484 0.099141
vn -0.003890 -0.012484 0.099141
vn -0.003890 -0.012484 0.099141
vn -0.002357 -0.012862 0.099141
vn -0.002357 -0.012862 0.099141
vn -0.002357 -0.012862 0.099141
vn -0.002357 -0.012862 0.099141
vn -0.002357 -0.012862 0.099141
vn -0.002357 -0.012862 0.099141
vn -0.000790 -0.013052 0.099141
vn -0.000790 -0.013052 0.099141
vn -0.000790 -0.013052 0.099141
vn -0.000789 -0.013052 0.099141
vn -0.000789 -0.013052 0.099141
vn -0.000789 -0.013052 0.099141
vn -0.037699 -0.006908 0.092364
vn -0.037699 -0.006908 0.092364
vn -0.037699 -0.006908 0.092364
vn -0.037701 -0.006909 0.092363
vn -0.037701 -0.006909 0.092363
vn -0.037701 -0.006909 0.092363
vn -0.036594 -0.011403 0.092363
vn -0.036594 -0.011403 0.092363
vn -0.036594 -0.011403 0.092363
vn -0.036593 -0.011403 0.092363
vn -0.036593 -0.011403 0.092363
vn -0.036593 -0.011403 0.092363
vn -0.034952 -0.015731 0.092363
vn -0.034952 -0.015731 0.092363
vn -0.034952 -0.015731 0.092363
vn -0.034950 -0.015729 0.092364
vn -0.034950 -0.015729 0.092364
vn -0.034950 -0.015729 0.092364
vn -0.032800 -0.019827 0.092364
vn -0.032800 -0.019827 0.092364
vn -0.032800 -0.019827 0.092364
vn -0.032801 -0.019829 0.092363
vn -0.032801 -0.019829 0.092363
vn -0.032801 -0.019829 0.092363
vn -0.030172 -0.023639 0.092363
vn -0.030172 -0.023639 0.092363
vn -0.030172 -0.023639 0.092363
vn -0.030171 -0.023637 0.092363
vn -0.030171 -0.023637 0.092363
vn -0.030171 -0.023637 0.092363
vn -0.027102 -0.027102 0.092363
vn -0.027102 -0.027102 0.092363
vn -0.027102 -0.027102 0.092363
vn -0.027102 -0.027102 0.092363
vn -0.027102 -0.027102 0.092363
vn -0.027102 -0.027102 0.092363
vn -0.023638 -0.030172 0.092363
vn -0.023638 -0.030172 0.092363
vn -0.023638 -0.030172 0.092363
vn -0.023637 -0.030170 0.092364
vn -0.023637 -0.030170 0.092364
vn -0.023637 -0.030170 0.092364
vn -0.019828 -0.032799 0.092364
vn -0.019828 -0.032799 0.092364
vn -0.019828 -0.032799 0.092364
vn -0.019829 -0.032801 0.092363
vn -0.019829 -0.032801 0.092363
vn -0.019829 -0.032801 0.092363
vn -0.015730 -0.034952 0.092363
vn -0.015730 -0.034952 0.092363
vn -0.015730 -0.034952 0.092363
vn -0.015730 -0.034951 0.092363
vn -0.015730 -0.034951 0.092363
vn -0.015730 -0.034951 0.092363
vn -0.011403 -0.036592 0.092363
vn -0.011403 -0.036592 0.092363
vn -0.011403 -0.036592 0.092363
vn -0.011403 -0.036593 0.092363
vn -0.011403 -0.036593 0.092363
vn -0.011403 -0.036593 0.092363
vn -0.006909 -0.037700 0.092363
vn -0.006909 -0.037700 0.092363
vn -0.006909 -0.037700 0.092363
vn -0.006909 -0.037701 0.092363
vn -0.006909 -0.037701 0.092363
vn -0.006909 -0.037701 0.092363
vn -0.002314 -0.038259 0.092363
vn -0.002314 -0.038259 0.092363
vn -0.002314 -0.038259 0.092363
vn -0.002314 -0.038258 0.092363
vn -0.002314 -0.038258 0.092363
vn -0.002314 -0.038258 0.092363
vn -0.059948 -0.010986 0.079281
vn -0.059948 -0.010986 0.079281
vn -0.059948 -0.010986 0.079281
vn -0.059947 -0.010986 0.079282
vn -0.059947 -0.010986 0.079282
vn -0.059947 -0.010986 0.079282
vn -0.058186 -0.018132 0.079282
vn -0.058186 -0.018132 0.079282
vn -0.058186 -0.018132 0.079282
vn -0.058186 -0.018132 0.079282
vn -0.058186 -0.018132 0.079282
vn -0.058186 -0.018132 0.079282
vn -0.055576 -0.025012 0.079282
vn -0.055576 -0.025012 0.079282
vn -0.055576 -0.025012 0.079282
vn -0.055579 -0.025014 0.079280
vn -0.055579 -0.025014 0.079280
vn -0.055579 -0.025014 0.079280
vn -0.052158 -0.031531 0.079280
vn -0.052158 -0.031531 0.079280
vn -0.052158 -0.031531 0.079280
vn -0.052157 -0.031530 0.079281
vn -0.052157 -0.031530 0.079281
vn -0.052157 -0.031530 0.079281
vn -0.047976 -0.037587 0.079282
vn -0.047976 -0.037587 0.079282
vn -0.047976 -0.037587 0.079282
vn -0.047975 -0.037585 0.079283
vn -0.047975 -0.037585 0.079283
vn -0.047975 -0.037585 0.079283
vn -0.043094 -0.043095 0.079283
vn -0.043094 -0.043095 0.079283
vn -0.043094 -0.043095 0.079283
vn -0.043094 -0.043095 0.079283
vn -0.043094 -0.043095 0.079283
vn -0.043094 -0.043095 0.079283
vn -0.037586 -0.047974 0.079282
vn -0.037586 -0.047974 0.079282
vn -0.037586 -0.047974 0.079282
vn -0.037587 -0.047977 0.079281
vn -0.037587 -0.047977 0.079281
vn -0.037587 -0.047977 0.079281
vn -0.031530 -0.052158 0.079281
vn -0.031530 -0.052158 0.079281
vn -0.031530 -0.052158 0.079281
vn -0.031530 -0.052157 0.079281
vn -0.031530 -0.052157 0.079281
vn -0.031530 -0.052157 0.079281
vn -0.025013 -0.055577 0.079281
vn -0.025013 -0.055577 0.079281
vn -0.025013 -0.055577 0.079281
vn -0.025013 -0.055577 0.079281
vn -0.025013 -0.055577 0.079281
vn -0.025013 -0.055577 0.079281
vn -0.018132 -0.058187 0.079281
vn -0.018132 -0.058187 0.079281
vn -0.018132 -0.058187 0.079281
vn -0.018132 -0.058186 0.079282
vn -0.018132 -0.058186 0.079282
vn -0.018132 -0.058186 0.079282
vn -0.010986 -0.059948 0.079282
vn -0.010986 -0.059948 0.079282
vn -0.010986 -0.059948 0.079282
vn -0.010986 -0.059948 0.079281
vn -0.010986 -0.059948 0.079281
vn -0.010986 -0.059948 0.079281
vn -0.003680 -0.060835 0.079282
vn -0.003680 -0.060835 0.079282
vn -0.003680 -0.060835 0.079282
vn -0.003680 -0.060835 0.079281
vn -0.003680 -0.060835 0.079281
vn -0.003680 -0.060835 0.079281
vn -0.078089 -0.014310 0.060806
vn -0.078089 -0.014310 0.060806
vn -0.078089 -0.014310 0.060806
vn -0.078088 -0.014310 0.060807
vn -0.078088 -0.014310 0.060807
vn -0.078088 -0.014310 0.060807
vn -0.075794 -0.023619 0.060807
vn -0.075794 -0.023619 0.060807
vn -0.075794 -0.023619 0.060807
vn -0.075792 -0.023618 0.060809
vn -0.075792 -0.023618 0.060809
vn -0.075792 -0.023618 0.060809
vn -0.072393 -0.032582 0.060809
vn -0.072393 -0.032582 0.060809
vn -0.072393 -0.032582 0.060809
vn -0.072393 -0.032582 0.060808
vn -0.072393 -0.032582 0.060808
vn -0.072393 -0.032582 0.060808
vn -0.067938 -0.041070 0.060808
vn -0.067938 -0.041070 0.060808
vn -0.067938 -0.041070 0.060808
vn -0.067940 -0.041071 0.060806
vn -0.067940 -0.041071 0.060806
vn -0.067940 -0.041071 0.060806
vn -0.062494 -0.048960 0.060806
vn -0.062494 -0.048960 0.060806
vn -0.062494 -0.048960 0.060806
vn -0.062495 -0.048962 0.060804
vn -0.062495 -0.048962 0.060804
vn -0.062495 -0.048962 0.060804
vn -0.056137 -0.056138 0.060804
vn -0.056137 -0.056138 0.060804
vn -0.056137 -0.056138 0.060804
vn -0.056136 -0.056136 0.060807
vn -0.056136 -0.056136 0.060807
vn -0.056136 -0.056136 0.060807
vn -0.048960 -0.062493 0.060807
vn -0.048960 -0.062493 0.060807
vn -0.048960 -0.062493 0.060807
vn -0.048961 -0.062494 0.060806
vn -0.048961 -0.062494 0.060806
vn -0.048961 -0.062494 0.060806
vn -0.041071 -0.067940 0.060806
vn -0.041071 -0.067940 0.060806
vn -0.041071 -0.067940 0.060806
vn -0.041071 -0.067939 0.060807
vn -0.041071 -0.067939 0.060807
vn -0.041071 -0.067939 0.060807
vn -0.032582 -0.072394 0.060807
vn -0.032582 -0.072394 0.060807
vn -0.032582 -0.072394 0.060807
vn -0.032582 -0.072394 0.060807
vn -0.032582 -0.072394 0.060807
vn -0.032582 -0.072394 0.060807
vn -0.023619 -0.075794 0.060807
vn -0.023619 -0.075794 0.060807
vn -0.023619 -0.075794 0.060807
vn -0.023618 -0.075794 0.060806
vn -0.023618 -0.075794 0.060806
vn -0.023618 -0.075794 0.060806
vn -0.014310 -0.078089 0.060806
vn -0.014310 -0.078089 0.060806
vn -0.014310 -0.078089 0.060806
vn -0.014310 -0.078088 0.060807
vn -0.014310 -0.078088 0.060807
vn -0.014310 -0.078088 0.060807
vn -0.004794 -0.079244 0.060807
vn -0.004794 -0.079244 0.060807
vn -0.004794 -0.079244 0.060807
vn -0.004793 -0.079245 0.060805
vn -0.004793 -0.079245 0.060805
vn -0.004793 -0.079245 0.060805
vn -0.090900 -0.016658 0.038206
vn -0.090900 -0.016658 0.038206
vn -0.090900 -0.016658 0.038206
vn -0.090900 -0.016658 0.038206
vn -0.090900 -0.016658 0.038206
vn -0.090900 -0.016658 0.038206
vn -0.088230 -0.027493 0.038206
vn -0.088230 -0.027493 0.038206
vn -0.088230 -0.027493 0.038206
vn -0.088229 -0.027493 0.038207
vn -0.088229 -0.027493 0.038207
vn -0.088229 -0.027493 0.038207
vn -0.084272 -0.037928 0.038207
vn -0.084272 -0.037928 0.038207
vn -0.084272 -0.037928 0.038207
vn -0.084271 -0.037927 0.038210
vn -0.084271 -0.037927 0.038210
vn -0.084271 -0.037927 0.038210
vn -0.079084 -0.047809 0.038210
vn -0.079084 -0.047809 0.038210
vn -0.079084 -0.047809 0.038210
vn -0.079084 -0.047808 0.038211
vn -0.079084 -0.047808 0.038211
vn -0.079084 -0.047808 0.038211
vn -0.072745 -0.056992 0.038211
vn -0.072745 -0.056992 0.038211
vn -0.072745 -0.056992 0.038211
vn -0.072745 -0.056992 0.038212
vn -0.072745 -0.056992 0.038212
vn -0.072745 -0.056992 0.038212
vn -0.065345 -0.065345 0.038211
vn -0.065345 -0.065345 0.038211
vn -0.065345 -0.065345 0.038211
vn -0.065346 -0.065347 0.038207
vn -0.065346 -0.065347 0.038207
vn -0.065346 -0.065347 0.038207
vn -0.056993 -0.072746 0.038207
vn -0.056993 -0.072746 0.038207
vn -0.056993 -0.072746 0.038207
vn -0.056993 -0.072746 0.038209
vn -0.056993 -0.072746 0.038209
vn -0.056993 -0.072746 0.038209
vn -0.047809 -0.079085 0.038209
vn -0.047809 -0.079085 0.038209
vn -0.047809 -0.079085 0.038209
vn -0.047809 -0.079085 0.038209
vn -0.047809 -0.079085 0.038209
vn -0.047809 -0.079085 0.038209
vn -0.037927 -0.084271 0.038209
vn -0.037927 -0.084271 0.038209
vn -0.037927 -0.084271 0.038209
vn -0.037927 -0.084271 0.038208
vn -0.037927 -0.084271 0.038208
vn -0.037927 -0.084271 0.038208
vn -0.027493 -0.088229 0.038208
vn -0.027493 -0.088229 0.038208
vn -0.027493 -0.088229 0.038208
vn -0.027493 -0.088228 0.038208
vn -0.027493 -0.088228 0.038208
vn -0.027493 -0.088228 0.038208
vn -0.016658 -0.090899 0.038208
vn -0.016658 -0.090899 0.038208
vn -0.016658 -0.090899 0.038208
vn -0.016658 -0.090899 0.038209
vn -0.016658 -0.090899 0.038209
vn -0.016658 -0.090899 0.038209
vn -0.005579 -0.092244 0.038209
vn -0.005579 -0.092244 0.038209
vn -0.005579 -0.092244 0.038209
vn -0.005580 -0.092243 0.038211
vn -0.005580 -0.092243 0.038211
vn -0.005580 -0.092243 0.038211
vn -0.013053 -0.000790 0.099141
vn -0.013053 -0.000790 0.099141
vn -0.013053 -0.000790 0.099141
vn -0.013052 -0.000789 0.099141
vn -0.013052 -0.000789 0.099141
vn -0.013052 -0.000789 0.099141
vn -0.038258 -0.002314 0.092363
vn -0.038258 -0.002314 0.092363
vn -0.038258 -0.002314 0.092363
vn -0.038257 -0.002314 0.092364
vn -0.038257 -0.002314 0.092364
vn -0.038257 -0.002314 0.092364
vn -0.060833 -0.003679 0.079283
vn -0.060833 -0.003679 0.079283
vn -0.060833 -0.003679 0.079283
vn -0.060835 -0.003680 0.079281
vn -0.060835 -0.003680 0.079281
vn -0.060835 -0.003680 0.079281
vn -0.079247 -0.004794 0.060802
vn -0.079247 -0.004794 0.060802
vn -0.079247 -0.004794 0.060802
vn -0.079245 -0.004793 0.060805
vn -0.079245 -0.004793 0.060805
vn -0.079245 -0.004793 0.060805
vn -0.092243 -0.005579 0.038211
vn -0.092243 -0.005579 0.038211
vn -0.092243 -0.005579 0.038211
vn -0.092245 -0.005580 0.038206
vn -0.092245 -0.005580 0.038206
vn -0.092245 -0.005580 0.038206
vn -0.098966 -0.005987 0.013033
vn -0.098966 -0.005987 0.013033
vn -0.098966 -0.005987 0.013033
vn -0.098966 -0.005987 0.013033
vn -0.098966 -0.005987 0.013033
vn -0.098966 -0.005987 0.013033
vn -0.097523 -0.017871 0.013033
vn -0.097523 -0.017871 0.013033
vn -0.097523 -0.017871 0.013033
vn -0.097523 -0.017871 0.013033
vn -0.097523 -0.017871 0.013033
vn -0.097523 -0.017871 0.013033
vn -0.094658 -0.029496 0.013033
vn -0.094658 -0.029496 0.013033
vn -0.094658 -0.029496 0.013033
vn -0.094658 -0.029498 0.013027
vn -0.094658 -0.029498 0.013027
vn -0.094658 -0.029498 0.013027
vn -0.090413 -0.040691 0.013027
vn -0.090413 -0.040691 0.013027
vn -0.090413 -0.040691 0.013027
vn -0.090413 -0.040690 0.013030
vn -0.090413 -0.040690 0.013030
vn -0.090413 -0.040690 0.013030
vn -0.084848 -0.051293 0.013029
vn -0.084848 -0.051293 0.013029
vn -0.084848 -0.051293 0.013029
vn -0.084848 -0.051293 0.013028
vn -0.084848 -0.051293 0.013028
vn -0.084848 -0.051293 0.013028
vn -0.078048 -0.061146 0.013029
vn -0.078048 -0.061146 0.013029
vn -0.078048 -0.061146 0.013029
vn -0.078048 -0.061146 0.013029
vn -0.078048 -0.061146 0.013029
vn -0.078048 -0.061146 0.013029
vn -0.070107 -0.070109 0.013029
vn -0.070107 -0.070109 0.013029
vn -0.070107 -0.070109 0.013029
vn -0.070108 -0.070108 0.013031
vn -0.070108 -0.070108 0.013031
vn -0.070108 -0.070108 0.013031
vn -0.061146 -0.078047 0.013031
vn -0.061146 -0.078047 0.013031
vn -0.061146 -0.078047 0.013031
vn -0.061146 -0.078047 0.013030
vn -0.061146 -0.078047 0.013030
vn -0.061146 -0.078047 0.013030
vn -0.051293 -0.084849 0.013030
vn -0.051293 -0.084849 0.013030
vn -0.051293 -0.084849 0.013030
vn -0.051293 -0.084849 0.013028
vn -0.051293 -0.084849 0.013028
vn -0.051293 -0.084849 0.013028
vn -0.040691 -0.090413 0.013028
vn -0.040691 -0.090413 0.013028
vn -0.040691 -0.090413 0.013028
vn -0.040692 -0.090412 0.013030
vn -0.040692 -0.090412 0.013030
vn -0.040692 -0.090412 0.013030
vn -0.029497 -0.094658 0.013029
vn -0.029497 -0.094658 0.013029
vn -0.029497 -0.094658 0.013029
vn -0.029497 -0.094658 0.013030
vn -0.029497 -0.094658 0.013030
vn -0.029497 -0.094658 0.013030
vn -0.017872 -0.097524 0.013029
vn -0.017872 -0.097524 0.013029
vn -0.017872 -0.097524 0.013029
vn -0.017872 -0.097523 0.013030
vn -0.017872 -0.097523 0.013030
vn -0.017872 -0.097523 0.013030
vn -0.005987 -0.098967 0.013030
vn -0.005987 -0.098967 0.013030
vn -0.005987 -0.098967 0.013030
vn -0.005986 -0.098967 0.013028
vn -0.005986 -0.098967 0.013028
vn -0.005986 -0.098967 0.013028
vn -0.095673 0.000082 0.029099
vn -0.095673 0.000082 0.029099
vn -0.095673 0.000082 0.029099
vn -0.092387 -0.000167 0.038270
vn -0.092387 -0.000167 0.038270
vn -0.092387 -0.000167 0.038270
vn -0.088156 0.000085 0.047206
vn -0.088156 0.000085 0.047206
vn -0.088156 0.000085 0.047206
vn -0.079339 -0.000130 0.060872
vn -0.079339 -0.000130 0.060872
vn -0.079339 -0.000130 0.060872
vn -0.077302 0.000000 0.063438
vn -0.077302 0.000000 0.063438
vn -0.077302 0.000000 0.063438
vn -0.063439 0.000000 0.077301
vn -0.063439 0.000000 0.077301
vn -0.063439 0.000000 0.077301
vn -0.060874 -0.000137 0.079337
vn -0.060874 -0.000137 0.079337
vn -0.060874 -0.000137 0.079337
vn -0.047098 0.000092 0.088214
vn -0.047098 0.000092 0.088214
vn -0.047098 0.000092 0.088214
vn -0.038268 -0.000187 0.092388
vn -0.038268 -0.000187 0.092388
vn -0.038268 -0.000187 0.092388
vn -0.029003 0.000094 0.095702
vn -0.029003 0.000094 0.095702
vn -0.029003 0.000094 0.095702
vn -0.014692 -0.000118 0.098915
vn -0.014692 -0.000118 0.098915
vn -0.014692 -0.000118 0.098915
vn -0.004906 0.000000 0.099880
vn -0.004906 0.000000 0.099880
vn -0.004906 0.000000 0.099880
vn -0.013053 -0.000080 0.099144
vn -0.013053 -0.000080 0.099144
vn -0.013053 -0.000080 0.099144
vn -0.017903 0.000000 0.098384
vn -0.017903 0.000000 0.098384
vn -0.017903 0.000000 0.098384
vn -0.038268 0.000000 0.092388
vn -0.038268 0.000000 0.092388
vn -0.038268 0.000000 0.092388
vn -0.038268 0.000000 0.092388
vn -0.060874 0.000000 0.079337
vn -0.060874 0.000000 0.079337
vn -0.060874 0.000000 0.079337
vn -0.060874 0.000000 0.079337
vn -0.079339 0.000000 0.060872
vn -0.079339 0.000000 0.060872
vn -0.079339 0.000000 0.060872
vn -0.079339 0.000000 0.060872
vn -0.092387 0.000000 0.038270
vn -0.092387 0.000000 0.038270
vn -0.092387 0.000000 0.038270
vn -0.092387 0.000000 0.038270
vn -0.099518 0.000000 0.009807
vn -0.099518 0.000000 0.009807
vn -0.099518 0.000000 0.009807
vn -0.098860 -0.000096 0.015059
vn -0.098860 -0.000096 0.015059
vn -0.098860 -0.000096 0.015059
vn -0.099144 0.000000 0.013056
vn -0.099144 0.000000 0.013056
vn -0.099144 0.000000 0.013056
vn 0.099144 0.000000 0.013053
vn 0.099144 0.000000 0.013053
vn 0.099144 0.000000 0.013053
vn 0.099144 0.000000 0.013053
vn 0.092388 0.000000 0.038267
vn 0.092388 0.000000 0.038267
vn 0.092388 0.000000 0.038267
vn 0.092388 0.000000 0.038267
vn 0.079335 0.000000 0.060876
vn 0.079335 0.000000 0.060876
vn 0.079335 0.000000 0.060876
vn 0.079335 0.000000 0.060876
vn 0.060876 0.000000 0.079336
vn 0.060876 0.000000 0.079336
vn 0.060876 0.000000 0.079336
vn 0.060876 0.000000 0.079336
vn 0.038269 0.000000 0.092388
vn 0.038269 0.000000 0.092388
vn 0.038269 0.000000 0.092388
vn 0.038269 0.000000 0.092388
vn 0.013053 0.000000 0.099144
vn 0.013053 0.000000 0.099144
vn 0.013053 0.000000 0.099144
vn 0.013053 0.000000 0.099144
vn -0.099144 0.000000 0.013056
vn -0.099144 0.000000 0.013056
vn -0.099144 0.000000 0.013056
vn -0.099144 0.000000 0.013056
vn -0.092387 0.000000 0.038270
vn -0.092387 0.000000 0.038270
vn -0.092387 0.000000 0.038270
vn -0.092387 0.000000 0.038270
vn -0.079339 0.000000 0.060872
vn -0.079339 0.000000 0.060872
vn -0.079339 0.000000 0.060872
vn -0.079339 0.000000 0.060872
vn -0.060874 0.000000 0.079337
vn -0.060874 0.000000 0.079337
vn -0.060874 0.000000 0.079337
vn -0.060874 0.000000 0.079337
vn -0.038268 0.000000 0.092388
vn -0.038268 0.000000 0.092388
vn -0.038268 0.000000 0.092388
vn -0.038268 0.000000 0.092388
vn -0.013053 0.000000 0.099144
vn -0.013053 0.000000 0.099144
vn -0.013053 0.000000 0.099144
vn -0.013053 0.000000 0.099144
vn 0.099818 0.006038 0.000000
vn 0.099818 0.006038 0.000000
vn 0.099818 0.006038 0.000000
vn 0.099818 0.006038 0.000000
vn 0.098362 0.018025 0.000000
vn 0.098362 0.018025 0.000000
vn 0.098362 0.018025 0.000000
vn 0.098362 0.018025 0.000000
vn 0.095472 0.029751 0.000000
vn 0.095472 0.029751 0.000000
vn 0.095472 0.029751 0.000000
vn 0.095472 0.029751 0.000000
vn 0.091190 0.041042 0.000000
vn 0.091190 0.041042 0.000000
vn 0.091190 0.041042 0.000000
vn 0.091190 0.041042 0.000000
vn 0.085578 0.051734 0.000000
vn 0.085578 0.051734 0.000000
vn 0.085578 0.051734 0.000000
vn 0.085578 0.051734 0.000000
vn 0.078719 0.061672 0.000000
vn 0.078719 0.061672 0.000000
vn 0.078719 0.061672 0.000000
vn 0.078719 0.061672 0.000000
vn 0.070710 0.070711 0.000000
vn 0.070710 0.070711 0.000000
vn 0.070710 0.070711 0.000000
vn 0.070710 0.070711 0.000000
vn 0.061672 0.078718 0.000000
vn 0.061672 0.078718 0.000000
vn 0.061672 0.078718 0.000000
vn 0.061672 0.078718 0.000000
vn 0.051734 0.085578 0.000000
vn 0.051734 0.085578 0.000000
vn 0.051734 0.085578 0.000000
vn 0.051734 0.085578 0.000000
vn 0.041041 0.091190 0.000000
vn 0.041041 0.091190 0.000000
vn 0.041041 0.091190 0.000000
vn 0.041041 0.091190 0.000000
vn 0.029751 0.095472 0.000000
vn 0.029751 0.095472 0.000000
vn 0.029751 0.095472 0.000000
vn 0.029751 0.095472 0.000000
vn 0.018026 0.098362 0.000000
vn 0.018026 0.098362 0.000000
vn 0.018026 0.098362 0.000000
vn 0.018026 0.098362 0.000000
vn 0.006038 0.099818 0.000000
vn 0.006038 0.099818 0.000000
vn 0.006038 0.099818 0.000000
vn 0.006038 0.099818 0.000000
vn 0.000000 0.100000 0.000000
vn 0.000000 0.100000 0.000000
vn 0.000000 0.100000 0.000000
vn 0.000000 0.100000 0.000000
vn -0.006038 0.099818 0.000000
vn -0.006038 0.099818 0.000000
vn -0.006038 0.099818 0.000000
vn -0.006038 0.099818 0.000000
vn -0.018026 0.098362 0.000000
vn -0.018026 0.098362 0.000000
vn -0.018026 0.098362 0.000000
vn -0.018026 0.098362 0.000000
vn -0.029750 0.095472 0.000000
vn -0.029750 0.095472 0.000000
vn -0.029750 0.095472 0.000000
vn -0.029750 0.095472 0.000000
vn -0.041042 0.091190 0.000000
vn -0.041042 0.091190 0.000000
vn -0.041042 0.091190 0.000000
vn -0.041042 0.091190 0.000000
vn -0.051733 0.085578 0.000000
vn -0.051733 0.085578 0.000000
vn -0.051733 0.085578 0.000000
vn -0.051733 0.085578 0.000000
vn -0.061672 0.078718 0.000000
vn -0.061672 0.078718 0.000000
vn -0.061672 0.078718 0.000000
vn -0.061672 0.078718 0.000000
vn -0.070710 0.070711 0.000000
vn -0.070710 0.070711 0.000000
vn -0.070710 0.070711 0.000000
vn -0.070710 0.070711 0.000000
vn -0.078719 0.061672 0.000000
vn -0.078719 0.061672 0.000000
vn -0.078719 0.061672 0.000000
vn -0.078719 0.061672 0.000000
vn -0.085578 0.051734 0.000000
vn -0.085578 0.051734 0.000000
vn -0.085578 0.051734 0.000000
vn -0.085578 0.051734 0.000000
vn -0.091190 0.041040 0.000000
vn -0.091190 0.041040 0.000000
vn -0.091190 0.041040 0.000000
vn -0.091190 0.041040 0.000000
vn -0.095472 0.029751 0.000000
vn -0.095472 0.029751 0.000000
vn -0.095472 0.029751 0.000000
vn -0.095472 0.029751 0.000000
vn -0.098362 0.018025 0.000000
vn -0.098362 0.018025 0.000000
vn -0.098362 0.018025 0.000000
vn -0.098362 0.018025 0.000000
vn -0.099818 0.006038 0.000000
vn -0.099818 0.006038 0.000000
vn -0.099818 0.006038 0.000000
vn -0.099818 0.006038 0.000000
vn -0.013053 0.000000 0.099144
vn -0.013053 0.000000 0.099144
vn -0.013053 0.000000 0.099144
vn -0.038268 0.000000 0.092388
vn -0.038268 0.000000 0.092388
vn -0.038268 0.000000 0.092388
vn -0.038268 0.000000 0.092388
vn -0.060874 0.000000 0.079337
vn -0.060874 0.000000 0.079337
vn -0.060874 0.000000 0.079337
vn -0.060874 0.000000 0.079337
vn -0.079339 0.000000 0.060872
vn -0.079339 0.000000 0.060872
vn -0.079339 0.000000 0.060872
vn -0.079339 0.000000 0.060872
vn -0.092387 0.000000 0.038270
vn -0.092387 0.000000 0.038270
vn -0.092387 0.000000 0.038270
vn -0.092387 0.000000 0.038270
vn -0.099144 0.000000 0.013056
vn -0.099144 0.000000 0.013056
vn -0.099144 0.000000 0.013056
vn -0.099144 0.000000 0.013056
vn -0.099534 0.000163 0.009646
vn -0.099534 0.000163 0.009646
vn -0.099534 0.000163 0.009646
vn -0.095673 -0.000082 0.029099
vn -0.095673 -0.000082 0.029099
vn -0.095673 -0.000082 0.029099
vn -0.092387 0.000167 0.038270
vn -0.092387 0.000167 0.038270
vn -0.092387 0.000167 0.038270
vn -0.088156 -0.000085 0.047206
vn -0.088156 -0.000085 0.047206
vn -0.088156 -0.000085 0.047206
vn -0.079339 0.000130 0.060872
vn -0.079339 0.000130 0.060872
vn -0.079339 0.000130 0.060872
vn -0.077302 0.000000 0.063438
vn -0.077302 0.000000 0.063438
vn -0.077302 0.000000 0.063438
vn -0.063439 0.000000 0.077301
vn -0.063439 0.000000 0.077301
vn -0.063439 0.000000 0.077301
vn -0.060874 0.000137 0.079337
vn -0.060874 0.000137 0.079337
vn -0.060874 0.000137 0.079337
vn -0.047098 -0.000092 0.088214
vn -0.047098 -0.000092 0.088214
vn -0.047098 -0.000092 0.088214
vn -0.038268 0.000187 0.092388
vn -0.038268 0.000187 0.092388
vn -0.038268 0.000187 0.092388
vn -0.029003 -0.000094 0.095702
vn -0.029003 -0.000094 0.095702
vn -0.029003 -0.000094 0.095702
vn -0.014692 0.000118 0.098915
vn -0.014692 0.000118 0.098915
vn -0.014692 0.000118 0.098915
vn -0.015159 0.000101 0.098844
vn -0.015159 0.000101 0.098844
vn -0.015159 0.000101 0.098844
vn -0.004906 0.000000 0.099880
vn -0.004906 0.000000 0.099880
vn -0.004906 0.000000 0.099880
vn -0.002357 0.012862 0.099141
vn -0.002357 0.012862 0.099141
vn -0.002357 0.012862 0.099141
vn -0.002357 0.012862 0.099141
vn -0.002357 0.012862 0.099141
vn -0.002357 0.012862 0.099141
vn -0.003890 0.012484 0.099141
vn -0.003890 0.012484 0.099141
vn -0.003890 0.012484 0.099141
vn -0.003890 0.012484 0.099141
vn -0.003890 0.012484 0.099141
vn -0.003890 0.012484 0.099141
vn -0.005367 0.011924 0.099141
vn -0.005367 0.011924 0.099141
vn -0.005367 0.011924 0.099141
vn -0.005366 0.011924 0.099141
vn -0.005366 0.011924 0.099141
vn -0.005366 0.011924 0.099141
vn -0.006765 0.011190 0.099141
vn -0.006765 0.011190 0.099141
vn -0.006765 0.011190 0.099141
vn -0.006765 0.011190 0.099141
vn -0.006765 0.011190 0.099141
vn -0.006765 0.011190 0.099141
vn -0.008064 0.010294 0.099141
vn -0.008064 0.010294 0.099141
vn -0.008064 0.010294 0.099141
vn -0.008064 0.010293 0.099141
vn -0.008064 0.010293 0.099141
vn -0.008064 0.010293 0.099141
vn -0.009246 0.009246 0.099141
vn -0.009246 0.009246 0.099141
vn -0.009246 0.009246 0.099141
vn -0.009246 0.009246 0.099141
vn -0.010293 0.008064 0.099141
vn -0.010293 0.008064 0.099141
vn -0.010293 0.008064 0.099141
vn -0.010293 0.008064 0.099141
vn -0.010293 0.008064 0.099141
vn -0.010293 0.008064 0.099141
vn -0.011190 0.006765 0.099141
vn -0.011190 0.006765 0.099141
vn -0.011190 0.006765 0.099141
vn -0.011190 0.006765 0.099141
vn -0.011190 0.006765 0.099141
vn -0.011190 0.006765 0.099141
vn -0.011924 0.005367 0.099141
vn -0.011924 0.005367 0.099141
vn -0.011924 0.005367 0.099141
vn -0.011925 0.005367 0.099141
vn -0.011925 0.005367 0.099141
vn -0.011925 0.005367 0.099141
vn -0.012485 0.003890 0.099141
vn -0.012485 0.003890 0.099141
vn -0.012485 0.003890 0.099141
vn -0.012483 0.003890 0.099141
vn -0.012483 0.003890 0.099141
vn -0.012483 0.003890 0.099141
vn -0.012861 0.002357 0.099141
vn -0.012861 0.002357 0.099141
vn -0.012861 0.002357 0.099141
vn -0.012861 0.002357 0.099141
vn -0.012861 0.002357 0.099141
vn -0.012861 0.002357 0.099141
vn -0.013052 0.000790 0.099141
vn -0.013052 0.000790 0.099141
vn -0.013052 0.000790 0.099141
vn -0.013053 0.000789 0.099141
vn -0.013053 0.000789 0.099141
vn -0.013053 0.000789 0.099141
vn -0.006909 0.037701 0.092363
vn -0.006909 0.037701 0.092363
vn -0.006909 0.037701 0.092363
vn -0.006909 0.037700 0.092363
vn -0.006909 0.037700 0.092363
vn -0.006909 0.037700 0.092363
vn -0.011403 0.036593 0.092363
vn -0.011403 0.036593 0.092363
vn -0.011403 0.036593 0.092363
vn -0.011403 0.036592 0.092363
vn -0.011403 0.036592 0.092363
vn -0.011403 0.036592 0.092363
vn -0.015730 0.034951 0.092363
vn -0.015730 0.034951 0.092363
vn -0.015730 0.034951 0.092363
vn -0.015731 0.034952 0.092363
vn -0.015731 0.034952 0.092363
vn -0.015731 0.034952 0.092363
vn -0.019829 0.032801 0.092363
vn -0.019829 0.032801 0.092363
vn -0.019829 0.032801 0.092363
vn -0.019828 0.032799 0.092364
vn -0.019828 0.032799 0.092364
vn -0.019828 0.032799 0.092364
vn -0.023636 0.030170 0.092364
vn -0.023636 0.030170 0.092364
vn -0.023636 0.030170 0.092364
vn -0.023638 0.030171 0.092363
vn -0.023638 0.030171 0.092363
vn -0.023638 0.030171 0.092363
vn -0.027102 0.027102 0.092363
vn -0.027102 0.027102 0.092363
vn -0.027102 0.027102 0.092363
vn -0.027101 0.027102 0.092363
vn -0.027101 0.027102 0.092363
vn -0.027101 0.027102 0.092363
vn -0.030171 0.023638 0.092363
vn -0.030171 0.023638 0.092363
vn -0.030171 0.023638 0.092363
vn -0.030172 0.023638 0.092363
vn -0.030172 0.023638 0.092363
vn -0.030172 0.023638 0.092363
vn -0.032802 0.019829 0.092363
vn -0.032802 0.019829 0.092363
vn -0.032802 0.019829 0.092363
vn -0.032799 0.019828 0.092364
vn -0.032799 0.019828 0.092364
vn -0.032799 0.019828 0.092364
vn -0.034950 0.015730 0.092364
vn -0.034950 0.015730 0.092364
vn -0.034950 0.015730 0.092364
vn -0.034952 0.015730 0.092363
vn -0.034952 0.015730 0.092363
vn -0.034952 0.015730 0.092363
vn -0.036593 0.011403 0.092363
vn -0.036593 0.011403 0.092363
vn -0.036593 0.011403 0.092363
vn -0.036594 0.011403 0.092363
vn -0.036594 0.011403 0.092363
vn -0.036594 0.011403 0.092363
vn -0.037701 0.006909 0.092363
vn -0.037701 0.006909 0.092363
vn -0.037701 0.006909 0.092363
vn -0.037699 0.006909 0.092364
vn -0.037699 0.006909 0.092364
vn -0.037699 0.006909 0.092364
vn -0.038257 0.002314 0.092364
vn -0.038257 0.002314 0.092364
vn -0.038257 0.002314 0.092364
vn -0.038258 0.002314 0.092363
vn -0.038258 0.002314 0.092363
vn -0.038258 0.002314 0.092363
vn -0.010986 0.059948 0.079281
vn -0.010986 0.059948 0.079281
vn -0.010986 0.059948 0.079281
vn -0.010986 0.059948 0.079282
vn -0.010986 0.059948 0.079282
vn -0.010986 0.059948 0.079282
vn -0.018132 0.058186 0.079282
vn -0.018132 0.058186 0.079282
vn -0.018132 0.058186 0.079282
vn -0.018132 0.058187 0.079281
vn -0.018132 0.058187 0.079281
vn -0.018132 0.058187 0.079281
vn -0.025013 0.055577 0.079281
vn -0.025013 0.055577 0.079281
vn -0.025013 0.055577 0.079281
vn -0.025013 0.055577 0.079281
vn -0.025013 0.055577 0.079281
vn -0.025013 0.055577 0.079281
vn -0.031530 0.052157 0.079281
vn -0.031530 0.052157 0.079281
vn -0.031530 0.052157 0.079281
vn -0.031530 0.052158 0.079281
vn -0.031530 0.052158 0.079281
vn -0.031530 0.052158 0.079281
vn -0.037588 0.047976 0.079281
vn -0.037588 0.047976 0.079281
vn -0.037588 0.047976 0.079281
vn -0.037586 0.047975 0.079282
vn -0.037586 0.047975 0.079282
vn -0.037586 0.047975 0.079282
vn -0.043094 0.043095 0.079283
vn -0.043094 0.043095 0.079283
vn -0.043094 0.043095 0.079283
vn -0.043094 0.043095 0.079283
vn -0.043094 0.043095 0.079283
vn -0.043094 0.043095 0.079283
vn -0.047975 0.037586 0.079283
vn -0.047975 0.037586 0.079283
vn -0.047975 0.037586 0.079283
vn -0.047976 0.037586 0.079282
vn -0.047976 0.037586 0.079282
vn -0.047976 0.037586 0.079282
vn -0.052157 0.031530 0.079281
vn -0.052157 0.031530 0.079281
vn -0.052157 0.031530 0.079281
vn -0.052158 0.031531 0.079280
vn -0.052158 0.031531 0.079280
vn -0.052158 0.031531 0.079280
vn -0.055579 0.025013 0.079280
vn -0.055579 0.025013 0.079280
vn -0.055579 0.025013 0.079280
vn -0.055576 0.025013 0.079282
vn -0.055576 0.025013 0.079282
vn -0.055576 0.025013 0.079282
vn -0.058186 0.018132 0.079282
vn -0.058186 0.018132 0.079282
vn -0.058186 0.018132 0.079282
vn -0.058186 0.018132 0.079282
vn -0.058186 0.018132 0.079282
vn -0.058186 0.018132 0.079282
vn -0.059947 0.010986 0.079282
vn -0.059947 0.010986 0.079282
vn -0.059947 0.010986 0.079282
vn -0.059948 0.010986 0.079281
vn -0.059948 0.010986 0.079281
vn -0.059948 0.010986 0.079281
vn -0.060836 0.003679 0.079281
vn -0.060836 0.003679 0.079281
vn -0.060836 0.003679 0.079281
vn -0.060833 0.003680 0.079283
vn -0.060833 0.003680 0.079283
vn -0.060833 0.003680 0.079283
vn -0.014310 0.078088 0.060807
vn -0.014310 0.078088 0.060807
vn -0.014310 0.078088 0.060807
vn -0.014310 0.078089 0.060806
vn -0.014310 0.078089 0.060806
vn -0.014310 0.078089 0.060806
vn -0.023619 0.075794 0.060806
vn -0.023619 0.075794 0.060806
vn -0.023619 0.075794 0.060806
vn -0.023618 0.075794 0.060807
vn -0.023618 0.075794 0.060807
vn -0.023618 0.075794 0.060807
vn -0.032582 0.072394 0.060807
vn -0.032582 0.072394 0.060807
vn -0.032582 0.072394 0.060807
vn -0.032582 0.072394 0.060807
vn -0.032582 0.072394 0.060807
vn -0.032582 0.072394 0.060807
vn -0.041070 0.067939 0.060807
vn -0.041070 0.067939 0.060807
vn -0.041070 0.067939 0.060807
vn -0.041071 0.067940 0.060806
vn -0.041071 0.067940 0.060806
vn -0.041071 0.067940 0.060806
vn -0.048961 0.062494 0.060806
vn -0.048961 0.062494 0.060806
vn -0.048961 0.062494 0.060806
vn -0.048960 0.062494 0.060807
vn -0.048960 0.062494 0.060807
vn -0.048960 0.062494 0.060807
vn -0.056136 0.056137 0.060807
vn -0.056136 0.056137 0.060807
vn -0.056136 0.056137 0.060807
vn -0.056138 0.056137 0.060804
vn -0.056138 0.056137 0.060804
vn -0.056138 0.056137 0.060804
vn -0.062495 0.048961 0.060804
vn -0.062495 0.048961 0.060804
vn -0.062495 0.048961 0.060804
vn -0.062494 0.048961 0.060806
vn -0.062494 0.048961 0.060806
vn -0.062494 0.048961 0.060806
vn -0.067940 0.041071 0.060806
vn -0.067940 0.041071 0.060806
vn -0.067940 0.041071 0.060806
vn -0.067938 0.041070 0.060808
vn -0.067938 0.041070 0.060808
vn -0.067938 0.041070 0.060808
vn -0.072393 0.032582 0.060808
vn -0.072393 0.032582 0.060808
vn -0.072393 0.032582 0.060808
vn -0.072393 0.032582 0.060809
vn -0.072393 0.032582 0.060809
vn -0.072393 0.032582 0.060809
vn -0.075792 0.023618 0.060809
vn -0.075792 0.023618 0.060809
vn -0.075792 0.023618 0.060809
vn -0.075794 0.023618 0.060807
vn -0.075794 0.023618 0.060807
vn -0.075794 0.023618 0.060807
vn -0.078088 0.014310 0.060807
vn -0.078088 0.014310 0.060807
vn -0.078088 0.014310 0.060807
vn -0.078089 0.014310 0.060806
vn -0.078089 0.014310 0.060806
vn -0.078089 0.014310 0.060806
vn -0.079245 0.004794 0.060805
vn -0.079245 0.004794 0.060805
vn -0.079245 0.004794 0.060805
vn -0.079247 0.004793 0.060802
vn -0.079247 0.004793 0.060802
vn -0.079247 0.004793 0.060802
vn -0.016658 0.090899 0.038209
vn -0.016658 0.090899 0.038209
vn -0.016658 0.090899 0.038209
vn -0.016658 0.090899 0.038208
vn -0.016658 0.090899 0.038208
vn -0.016658 0.090899 0.038208
vn -0.027493 0.088229 0.038208
vn -0.027493 0.088229 0.038208
vn -0.027493 0.088229 0.038208
vn -0.027493 0.088229 0.038208
vn -0.027493 0.088229 0.038208
vn -0.027493 0.088229 0.038208
vn -0.037928 0.084271 0.038208
vn -0.037928 0.084271 0.038208
vn -0.037928 0.084271 0.038208
vn -0.037927 0.084271 0.038209
vn -0.037927 0.084271 0.038209
vn -0.037927 0.084271 0.038209
vn -0.047809 0.079085 0.038209
vn -0.047809 0.079085 0.038209
vn -0.047809 0.079085 0.038209
vn -0.047809 0.079085 0.038209
vn -0.047809 0.079085 0.038209
vn -0.047809 0.079085 0.038209
vn -0.056992 0.072746 0.038209
vn -0.056992 0.072746 0.038209
vn -0.056992 0.072746 0.038209
vn -0.056993 0.072746 0.038207
vn -0.056993 0.072746 0.038207
vn -0.056993 0.072746 0.038207
vn -0.065346 0.065346 0.038207
vn -0.065346 0.065346 0.038207
vn -0.065346 0.065346 0.038207
vn -0.065344 0.065345 0.038211
vn -0.065344 0.065345 0.038211
vn -0.065344 0.065345 0.038211
vn -0.072745 0.056992 0.038212
vn -0.072745 0.056992 0.038212
vn -0.072745 0.056992 0.038212
vn -0.072745 0.056992 0.038211
vn -0.072745 0.056992 0.038211
vn -0.072745 0.056992 0.038211
vn -0.079084 0.047809 0.038211
vn -0.079084 0.047809 0.038211
vn -0.079084 0.047809 0.038211
vn -0.079084 0.047809 0.038210
vn -0.079084 0.047809 0.038210
vn -0.079084 0.047809 0.038210
vn -0.084270 0.037927 0.038210
vn -0.084270 0.037927 0.038210
vn -0.084270 0.037927 0.038210
vn -0.084272 0.037927 0.038207
vn -0.084272 0.037927 0.038207
vn -0.084272 0.037927 0.038207
vn -0.088229 0.027493 0.038207
vn -0.088229 0.027493 0.038207
vn -0.088229 0.027493 0.038207
vn -0.088230 0.027493 0.038206
vn -0.088230 0.027493 0.038206
vn -0.088230 0.027493 0.038206
vn -0.090900 0.016658 0.038206
vn -0.090900 0.016658 0.038206
vn -0.090900 0.016658 0.038206
vn -0.090900 0.016658 0.038206
vn -0.090900 0.016658 0.038206
vn -0.090900 0.016658 0.038206
vn -0.092245 0.005579 0.038206
vn -0.092245 0.005579 0.038206
vn -0.092245 0.005579 0.038206
vn -0.092243 0.005580 0.038211
vn -0.092243 0.005580 0.038211
vn -0.092243 0.005580 0.038211
vn -0.000790 0.013052 0.099141
vn -0.000790 0.013052 0.099141
vn -0.000790 0.013052 0.099141
vn -0.000789 0.013052 0.099141
vn -0.000789 0.013052 0.099141
vn -0.000789 0.013052 0.099141
vn -0.002314 0.038258 0.092363
vn -0.002314 0.038258 0.092363
vn -0.002314 0.038258 0.092363
vn -0.002314 0.038259 0.092363
vn -0.002314 0.038259 0.092363
vn -0.002314 0.038259 0.092363
vn -0.003680 0.060835 0.079281
vn -0.003680 0.060835 0.079281
vn -0.003680 0.060835 0.079281
vn -0.003680 0.060835 0.079282
vn -0.003680 0.060835 0.079282
vn -0.003680 0.060835 0.079282
vn -0.004794 0.079245 0.060805
vn -0.004794 0.079245 0.060805
vn -0.004794 0.079245 0.060805
vn -0.004793 0.079244 0.060807
vn -0.004793 0.079244 0.060807
vn -0.004793 0.079244 0.060807
vn -0.005579 0.092243 0.038211
vn -0.005579 0.092243 0.038211
vn -0.005579 0.092243 0.038211
vn -0.005580 0.092244 0.038209
vn -0.005580 0.092244 0.038209
vn -0.005580 0.092244 0.038209
vn -0.005987 0.098967 0.013028
vn -0.005987 0.098967 0.013028
vn -0.005987 0.098967 0.013028
vn -0.005986 0.098967 0.013030
vn -0.005986 0.098967 0.013030
vn -0.005986 0.098967 0.013030
vn -0.017872 0.097523 0.013030
vn -0.017872 0.097523 0.013030
vn -0.017872 0.097523 0.013030
vn -0.017872 0.097523 0.013029
vn -0.017872 0.097523 0.013029
vn -0.017872 0.097523 0.013029
vn -0.029497 0.094658 0.013030
vn -0.029497 0.094658 0.013030
vn -0.029497 0.094658 0.013030
vn -0.029497 0.094658 0.013029
vn -0.029497 0.094658 0.013029
vn -0.029497 0.094658 0.013029
vn -0.040691 0.090413 0.013030
vn -0.040691 0.090413 0.013030
vn -0.040691 0.090413 0.013030
vn -0.040692 0.090413 0.013028
vn -0.040692 0.090413 0.013028
vn -0.040692 0.090413 0.013028
vn -0.051293 0.084849 0.013028
vn -0.051293 0.084849 0.013028
vn -0.051293 0.084849 0.013028
vn -0.051292 0.084849 0.013030
vn -0.051292 0.084849 0.013030
vn -0.051292 0.084849 0.013030
vn -0.061146 0.078047 0.013030
vn -0.061146 0.078047 0.013030
vn -0.061146 0.078047 0.013030
vn -0.061146 0.078047 0.013031
vn -0.061146 0.078047 0.013031
vn -0.061146 0.078047 0.013031
vn -0.070107 0.070108 0.013031
vn -0.070107 0.070108 0.013031
vn -0.070107 0.070108 0.013031
vn -0.070108 0.070108 0.013029
vn -0.070108 0.070108 0.013029
vn -0.070108 0.070108 0.013029
vn -0.078048 0.061146 0.013029
vn -0.078048 0.061146 0.013029
vn -0.078048 0.061146 0.013029
vn -0.078048 0.061146 0.013029
vn -0.078048 0.061146 0.013029
vn -0.078048 0.061146 0.013029
vn -0.084849 0.051293 0.013028
vn -0.084849 0.051293 0.013028
vn -0.084849 0.051293 0.013028
vn -0.084848 0.051293 0.013029
vn -0.084848 0.051293 0.013029
vn -0.084848 0.051293 0.013029
vn -0.090413 0.040691 0.013030
vn -0.090413 0.040691 0.013030
vn -0.090413 0.040691 0.013030
vn -0.090413 0.040691 0.013027
vn -0.090413 0.040691 0.013027
vn -0.090413 0.040691 0.013027
vn -0.094659 0.029496 0.013027
vn -0.094659 0.029496 0.013027
vn -0.094659 0.029496 0.013027
vn -0.094658 0.029497 0.013033
vn -0.094658 0.029497 0.013033
vn -0.094658 0.029497 0.013033
vn -0.097523 0.017871 0.013033
vn -0.097523 0.017871 0.013033
vn -0.097523 0.017871 0.013033
vn -0.097523 0.017871 0.013033
vn -0.097523 0.017871 0.013033
vn -0.097523 0.017871 0.013033
vn -0.098966 0.005987 0.013033
vn -0.098966 0.005987 0.013033
vn -0.098966 0.005987 0.013033
vn -0.098966 0.005987 0.013033
vn -0.098966 0.005987 0.013033
vn -0.098966 0.005987 0.013033
vn 0.000000 0.092387 0.038270
vn 0.000000 0.092387 0.038270
vn 0.000000 0.092387 0.038270
vn 0.000000 0.092387 0.038270
vn 0.000000 0.079336 0.060875
vn 0.000000 0.079336 0.060875
vn 0.000000 0.079336 0.060875
vn 0.000000 0.079336 0.060875
vn 0.000000 0.013053 0.099144
vn 0.000000 0.013053 0.099144
vn 0.000000 0.013053 0.099144
vn 0.000000 0.013053 0.099144
vn 0.000000 0.038268 0.092388
vn 0.000000 0.038268 0.092388
vn 0.000000 0.038268 0.092388
vn 0.000000 0.038268 0.092388
vn 0.000000 0.060876 0.079335
vn 0.000000 0.060876 0.079335
vn 0.000000 0.060876 0.079335
vn 0.000000 0.060876 0.079335
vn 0.000000 0.099145 0.013051
vn 0.000000 0.099145 0.013051
vn 0.000000 0.099145 0.013051
vn 0.000000 0.099145 0.013051
vn 0.012862 0.002357 0.099141
vn 0.012862 0.002357 0.099141
vn 0.012862 0.002357 0.099141
vn 0.012862 0.002357 0.099141
vn 0.012862 0.002357 0.099141
vn 0.012862 0.002357 0.099141
vn 0.012484 0.003890 0.099141
vn 0.012484 0.003890 0.099141
vn 0.012484 0.003890 0.099141
vn 0.012484 0.003890 0.099141
vn 0.012484 0.003890 0.099141
vn 0.012484 0.003890 0.099141
vn 0.011924 0.005366 0.099141
vn 0.011924 0.005366 0.099141
vn 0.011924 0.005366 0.099141
vn 0.011924 0.005366 0.099141
vn 0.011924 0.005366 0.099141
vn 0.011924 0.005366 0.099141
vn 0.011190 0.006765 0.099141
vn 0.011190 0.006765 0.099141
vn 0.011190 0.006765 0.099141
vn 0.011190 0.006765 0.099141
vn 0.011190 0.006765 0.099141
vn 0.011190 0.006765 0.099141
vn 0.010293 0.008064 0.099141
vn 0.010293 0.008064 0.099141
vn 0.010293 0.008064 0.099141
vn 0.010293 0.008064 0.099141
vn 0.010293 0.008064 0.099141
vn 0.010293 0.008064 0.099141
vn 0.009246 0.009246 0.099141
vn 0.009246 0.009246 0.099141
vn 0.009246 0.009246 0.099141
vn 0.009246 0.009246 0.099141
vn 0.009246 0.009246 0.099141
vn 0.009246 0.009246 0.099141
vn 0.008064 0.010293 0.099141
vn 0.008064 0.010293 0.099141
vn 0.008064 0.010293 0.099141
vn 0.008064 0.010293 0.099141
vn 0.008064 0.010293 0.099141
vn 0.008064 0.010293 0.099141
vn 0.006765 0.011190 0.099141
vn 0.006765 0.011190 0.099141
vn 0.006765 0.011190 0.099141
vn 0.006765 0.011190 0.099141
vn 0.006765 0.011190 0.099141
vn 0.006765 0.011190 0.099141
vn 0.005367 0.011924 0.099141
vn 0.005367 0.011924 0.099141
vn 0.005367 0.011924 0.099141
vn 0.005367 0.011924 0.099141
vn 0.005367 0.011924 0.099141
vn 0.005367 0.011924 0.099141
vn 0.003890 0.012484 0.099141
vn 0.003890 0.012484 0.099141
vn 0.003890 0.012484 0.099141
vn 0.003890 0.012484 0.099141
vn 0.003890 0.012484 0.099141
vn 0.003890 0.012484 0.099141
vn 0.002357 0.012862 0.099141
vn 0.002357 0.012862 0.099141
vn 0.002357 0.012862 0.099141
vn 0.002357 0.012862 0.099141
vn 0.002357 0.012862 0.099141
vn 0.002357 0.012862 0.099141
vn 0.000790 0.013052 0.099141
vn 0.000790 0.013052 0.099141
vn 0.000790 0.013052 0.099141
vn 0.000789 0.013052 0.099141
vn 0.000789 0.013052 0.099141
vn 0.000789 0.013052 0.099141
vn 0.037701 0.006909 0.092363
vn 0.037701 0.006909 0.092363
vn 0.037701 0.006909 0.092363
vn 0.037700 0.006909 0.092363
vn 0.037700 0.006909 0.092363
vn 0.037700 0.006909 0.092363
vn 0.036593 0.011403 0.092363
vn 0.036593 0.011403 0.092363
vn 0.036593 0.011403 0.092363
vn 0.036593 0.011403 0.092363
vn 0.036593 0.011403 0.092363
vn 0.036593 0.011403 0.092363
vn 0.034952 0.015731 0.092363
vn 0.034952 0.015731 0.092363
vn 0.034952 0.015731 0.092363
vn 0.034951 0.015730 0.092363
vn 0.034951 0.015730 0.092363
vn 0.034951 0.015730 0.092363
vn 0.032800 0.019829 0.092363
vn 0.032800 0.019829 0.092363
vn 0.032800 0.019829 0.092363
vn 0.032801 0.019829 0.092363
vn 0.032801 0.019829 0.092363
vn 0.032801 0.019829 0.092363
vn 0.030171 0.023638 0.092363
vn 0.030171 0.023638 0.092363
vn 0.030171 0.023638 0.092363
vn 0.030171 0.023637 0.092363
vn 0.030171 0.023637 0.092363
vn 0.030171 0.023637 0.092363
vn 0.027102 0.027101 0.092363
vn 0.027102 0.027101 0.092363
vn 0.027102 0.027101 0.092363
vn 0.027102 0.027102 0.092363
vn 0.027102 0.027102 0.092363
vn 0.027102 0.027102 0.092363
vn 0.023638 0.030172 0.092363
vn 0.023638 0.030172 0.092363
vn 0.023638 0.030172 0.092363
vn 0.023637 0.030171 0.092363
vn 0.023637 0.030171 0.092363
vn 0.023637 0.030171 0.092363
vn 0.019828 0.032800 0.092363
vn 0.019828 0.032800 0.092363
vn 0.019828 0.032800 0.092363
vn 0.019828 0.032800 0.092363
vn 0.019828 0.032800 0.092363
vn 0.019828 0.032800 0.092363
vn 0.015730 0.034951 0.092363
vn 0.015730 0.034951 0.092363
vn 0.015730 0.034951 0.092363
vn 0.015730 0.034951 0.092363
vn 0.015730 0.034951 0.092363
vn 0.015730 0.034951 0.092363
vn 0.011403 0.036592 0.092363
vn 0.011403 0.036592 0.092363
vn 0.011403 0.036592 0.092363
vn 0.011403 0.036592 0.092363
vn 0.011403 0.036592 0.092363
vn 0.011403 0.036592 0.092363
vn 0.006909 0.037700 0.092363
vn 0.006909 0.037700 0.092363
vn 0.006909 0.037700 0.092363
vn 0.006909 0.037701 0.092363
vn 0.006909 0.037701 0.092363
vn 0.006909 0.037701 0.092363
vn 0.002314 0.038259 0.092363
vn 0.002314 0.038259 0.092363
vn 0.002314 0.038259 0.092363
vn 0.002314 0.038258 0.092363
vn 0.002314 0.038258 0.092363
vn 0.002314 0.038258 0.092363
vn 0.059947 0.010986 0.079282
vn 0.059947 0.010986 0.079282
vn 0.059947 0.010986 0.079282
vn 0.059947 0.010986 0.079282
vn 0.059947 0.010986 0.079282
vn 0.059947 0.010986 0.079282
vn 0.058186 0.018131 0.079282
vn 0.058186 0.018131 0.079282
vn 0.058186 0.018131 0.079282
vn 0.058187 0.018132 0.079281
vn 0.058187 0.018132 0.079281
vn 0.058187 0.018132 0.079281
vn 0.055578 0.025013 0.079281
vn 0.055578 0.025013 0.079281
vn 0.055578 0.025013 0.079281
vn 0.055577 0.025013 0.079281
vn 0.055577 0.025013 0.079281
vn 0.055577 0.025013 0.079281
vn 0.052157 0.031530 0.079281
vn 0.052157 0.031530 0.079281
vn 0.052157 0.031530 0.079281
vn 0.052156 0.031529 0.079283
vn 0.052156 0.031529 0.079283
vn 0.052156 0.031529 0.079283
vn 0.047975 0.037586 0.079283
vn 0.047975 0.037586 0.079283
vn 0.047975 0.037586 0.079283
vn 0.047976 0.037587 0.079282
vn 0.047976 0.037587 0.079282
vn 0.047976 0.037587 0.079282
vn 0.043095 0.043095 0.079282
vn 0.043095 0.043095 0.079282
vn 0.043095 0.043095 0.079282
vn 0.043095 0.043095 0.079282
vn 0.037587 0.047976 0.079282
vn 0.037587 0.047976 0.079282
vn 0.037587 0.047976 0.079282
vn 0.037587 0.047976 0.079282
vn 0.037587 0.047976 0.079282
vn 0.037587 0.047976 0.079282
vn 0.031530 0.052157 0.079281
vn 0.031530 0.052157 0.079281
vn 0.031530 0.052157 0.079281
vn 0.031530 0.052157 0.079281
vn 0.031530 0.052157 0.079281
vn 0.031530 0.052157 0.079281
vn 0.025013 0.055577 0.079281
vn 0.025013 0.055577 0.079281
vn 0.025013 0.055577 0.079281
vn 0.025013 0.055576 0.079282
vn 0.025013 0.055576 0.079282
vn 0.025013 0.055576 0.079282
vn 0.018132 0.058186 0.079282
vn 0.018132 0.058186 0.079282
vn 0.018132 0.058186 0.079282
vn 0.018132 0.058187 0.079281
vn 0.018132 0.058187 0.079281
vn 0.018132 0.058187 0.079281
vn 0.010985 0.059948 0.079281
vn 0.010985 0.059948 0.079281
vn 0.010985 0.059948 0.079281
vn 0.010986 0.059947 0.079282
vn 0.010986 0.059947 0.079282
vn 0.010986 0.059947 0.079282
vn 0.003680 0.060835 0.079282
vn 0.003680 0.060835 0.079282
vn 0.003680 0.060835 0.079282
vn 0.003680 0.060835 0.079281
vn 0.003680 0.060835 0.079281
vn 0.003680 0.060835 0.079281
vn 0.078089 0.014310 0.060806
vn 0.078089 0.014310 0.060806
vn 0.078089 0.014310 0.060806
vn 0.078088 0.014310 0.060807
vn 0.078088 0.014310 0.060807
vn 0.078088 0.014310 0.060807
vn 0.075794 0.023619 0.060807
vn 0.075794 0.023619 0.060807
vn 0.075794 0.023619 0.060807
vn 0.075794 0.023619 0.060807
vn 0.075794 0.023619 0.060807
vn 0.075794 0.023619 0.060807
vn 0.072395 0.032582 0.060807
vn 0.072395 0.032582 0.060807
vn 0.072395 0.032582 0.060807
vn 0.072395 0.032582 0.060806
vn 0.072395 0.032582 0.060806
vn 0.072395 0.032582 0.060806
vn 0.067940 0.041071 0.060806
vn 0.067940 0.041071 0.060806
vn 0.067940 0.041071 0.060806
vn 0.067940 0.041071 0.060806
vn 0.067940 0.041071 0.060806
vn 0.067940 0.041071 0.060806
vn 0.062494 0.048961 0.060806
vn 0.062494 0.048961 0.060806
vn 0.062494 0.048961 0.060806
vn 0.062494 0.048961 0.060806
vn 0.062494 0.048961 0.060806
vn 0.062494 0.048961 0.060806
vn 0.056137 0.056137 0.060806
vn 0.056137 0.056137 0.060806
vn 0.056137 0.056137 0.060806
vn 0.056136 0.056136 0.060807
vn 0.056136 0.056136 0.060807
vn 0.056136 0.056136 0.060807
vn 0.048960 0.062493 0.060807
vn 0.048960 0.062493 0.060807
vn 0.048960 0.062493 0.060807
vn 0.048961 0.062494 0.060806
vn 0.048961 0.062494 0.060806
vn 0.048961 0.062494 0.060806
vn 0.041071 0.067940 0.060806
vn 0.041071 0.067940 0.060806
vn 0.041071 0.067940 0.060806
vn 0.041071 0.067939 0.060807
vn 0.041071 0.067939 0.060807
vn 0.041071 0.067939 0.060807
vn 0.032582 0.072394 0.060807
vn 0.032582 0.072394 0.060807
vn 0.032582 0.072394 0.060807
vn 0.032582 0.072395 0.060806
vn 0.032582 0.072395 0.060806
vn 0.032582 0.072395 0.060806
vn 0.023619 0.075794 0.060806
vn 0.023619 0.075794 0.060806
vn 0.023619 0.075794 0.060806
vn 0.023618 0.075794 0.060806
vn 0.023618 0.075794 0.060806
vn 0.023618 0.075794 0.060806
vn 0.014310 0.078089 0.060806
vn 0.014310 0.078089 0.060806
vn 0.014310 0.078089 0.060806
vn 0.014310 0.078088 0.060807
vn 0.014310 0.078088 0.060807
vn 0.014310 0.078088 0.060807
vn 0.004793 0.079244 0.060807
vn 0.004793 0.079244 0.060807
vn 0.004793 0.079244 0.060807
vn 0.004793 0.079245 0.060805
vn 0.004793 0.079245 0.060805
vn 0.004793 0.079245 0.060805
vn 0.090899 0.016657 0.038209
vn 0.090899 0.016657 0.038209
vn 0.090899 0.016657 0.038209
vn 0.090900 0.016658 0.038206
vn 0.090900 0.016658 0.038206
vn 0.090900 0.016658 0.038206
vn 0.088229 0.027494 0.038206
vn 0.088229 0.027494 0.038206
vn 0.088229 0.027494 0.038206
vn 0.088228 0.027493 0.038210
vn 0.088228 0.027493 0.038210
vn 0.088228 0.027493 0.038210
vn 0.084271 0.037927 0.038210
vn 0.084271 0.037927 0.038210
vn 0.084271 0.037927 0.038210
vn 0.084271 0.037928 0.038207
vn 0.084271 0.037928 0.038207
vn 0.084271 0.037928 0.038207
vn 0.079085 0.047809 0.038207
vn 0.079085 0.047809 0.038207
vn 0.079085 0.047809 0.038207
vn 0.079085 0.047808 0.038208
vn 0.079085 0.047808 0.038208
vn 0.079085 0.047808 0.038208
vn 0.072746 0.056993 0.038208
vn 0.072746 0.056993 0.038208
vn 0.072746 0.056993 0.038208
vn 0.072745 0.056993 0.038209
vn 0.072745 0.056993 0.038209
vn 0.072745 0.056993 0.038209
vn 0.065346 0.065345 0.038209
vn 0.065346 0.065345 0.038209
vn 0.065346 0.065345 0.038209
vn 0.065346 0.065346 0.038207
vn 0.065346 0.065346 0.038207
vn 0.065346 0.065346 0.038207
vn 0.056993 0.072746 0.038207
vn 0.056993 0.072746 0.038207
vn 0.056993 0.072746 0.038207
vn 0.056993 0.072746 0.038209
vn 0.056993 0.072746 0.038209
vn 0.056993 0.072746 0.038209
vn 0.047809 0.079085 0.038209
vn 0.047809 0.079085 0.038209
vn 0.047809 0.079085 0.038209
vn 0.047809 0.079085 0.038209
vn 0.047809 0.079085 0.038209
vn 0.047809 0.079085 0.038209
vn 0.037927 0.084271 0.038209
vn 0.037927 0.084271 0.038209
vn 0.037927 0.084271 0.038209
vn 0.037927 0.084271 0.038208
vn 0.037927 0.084271 0.038208
vn 0.037927 0.084271 0.038208
vn 0.027493 0.088229 0.038208
vn 0.027493 0.088229 0.038208
vn 0.027493 0.088229 0.038208
vn 0.027493 0.088228 0.038209
vn 0.027493 0.088228 0.038209
vn 0.027493 0.088228 0.038209
vn 0.016658 0.090899 0.038209
vn 0.016658 0.090899 0.038209
vn 0.016658 0.090899 0.038209
vn 0.016658 0.090899 0.038209
vn 0.016658 0.090899 0.038209
vn 0.016658 0.090899 0.038209
vn 0.005579 0.092244 0.038209
vn 0.005579 0.092244 0.038209
vn 0.005579 0.092244 0.038209
vn 0.005580 0.092243 0.038211
vn 0.005580 0.092243 0.038211
vn 0.005580 0.092243 0.038211
vn 0.013052 0.000790 0.099141
vn 0.013052 0.000790 0.099141
vn 0.013052 0.000790 0.099141
vn 0.013052 0.000790 0.099141
vn 0.013052 0.000790 0.099141
vn 0.013052 0.000790 0.099141
vn 0.038259 0.002314 0.092363
vn 0.038259 0.002314 0.092363
vn 0.038259 0.002314 0.092363
vn 0.038259 0.002314 0.092363
vn 0.038259 0.002314 0.092363
vn 0.038259 0.002314 0.092363
vn 0.060834 0.003680 0.079282
vn 0.060834 0.003680 0.079282
vn 0.060834 0.003680 0.079282
vn 0.060834 0.003680 0.079283
vn 0.060834 0.003680 0.079283
vn 0.060834 0.003680 0.079283
vn 0.079244 0.004793 0.060807
vn 0.079244 0.004793 0.060807
vn 0.079244 0.004793 0.060807
vn 0.079245 0.004793 0.060805
vn 0.079245 0.004793 0.060805
vn 0.079245 0.004793 0.060805
vn 0.092244 0.005580 0.038208
vn 0.092244 0.005580 0.038208
vn 0.092244 0.005580 0.038208
vn 0.092244 0.005580 0.038209
vn 0.092244 0.005580 0.038209
vn 0.092244 0.005580 0.038209
vn 0.098967 0.005986 0.013029
vn 0.098967 0.005986 0.013029
vn 0.098967 0.005986 0.013029
vn 0.098967 0.005986 0.013030
vn 0.098967 0.005986 0.013030
vn 0.098967 0.005986 0.013030
vn 0.097523 0.017872 0.013030
vn 0.097523 0.017872 0.013030
vn 0.097523 0.017872 0.013030
vn 0.097523 0.017871 0.013033
vn 0.097523 0.017871 0.013033
vn 0.097523 0.017871 0.013033
vn 0.094658 0.029496 0.013033
vn 0.094658 0.029496 0.013033
vn 0.094658 0.029496 0.013033
vn 0.094658 0.029497 0.013030
vn 0.094658 0.029497 0.013030
vn 0.094658 0.029497 0.013030
vn 0.090412 0.040692 0.013030
vn 0.090412 0.040692 0.013030
vn 0.090412 0.040692 0.013030
vn 0.090412 0.040692 0.013030
vn 0.090412 0.040692 0.013030
vn 0.090412 0.040692 0.013030
vn 0.084849 0.051293 0.013029
vn 0.084849 0.051293 0.013029
vn 0.084849 0.051293 0.013029
vn 0.084849 0.051293 0.013028
vn 0.084849 0.051293 0.013028
vn 0.084849 0.051293 0.013028
vn 0.078047 0.061146 0.013029
vn 0.078047 0.061146 0.013029
vn 0.078047 0.061146 0.013029
vn 0.078047 0.061146 0.013031
vn 0.078047 0.061146 0.013031
vn 0.078047 0.061146 0.013031
vn 0.070108 0.070108 0.013031
vn 0.070108 0.070108 0.013031
vn 0.070108 0.070108 0.013031
vn 0.070108 0.070108 0.013031
vn 0.070108 0.070108 0.013031
vn 0.070108 0.070108 0.013031
vn 0.061146 0.078047 0.013031
vn 0.061146 0.078047 0.013031
vn 0.061146 0.078047 0.013031
vn 0.061146 0.078047 0.013030
vn 0.061146 0.078047 0.013030
vn 0.061146 0.078047 0.013030
vn 0.051293 0.084849 0.013030
vn 0.051293 0.084849 0.013030
vn 0.051293 0.084849 0.013030
vn 0.051293 0.084849 0.013030
vn 0.051293 0.084849 0.013030
vn 0.051293 0.084849 0.013030
vn 0.040691 0.090413 0.013029
vn 0.040691 0.090413 0.013029
vn 0.040691 0.090413 0.013029
vn 0.040691 0.090413 0.013028
vn 0.040691 0.090413 0.013028
vn 0.040691 0.090413 0.013028
vn 0.029497 0.094658 0.013028
vn 0.029497 0.094658 0.013028
vn 0.029497 0.094658 0.013028
vn 0.029497 0.094658 0.013029
vn 0.029497 0.094658 0.013029
vn 0.029497 0.094658 0.013029
vn 0.017872 0.097524 0.013029
vn 0.017872 0.097524 0.013029
vn 0.017872 0.097524 0.013029
vn 0.017872 0.097523 0.013030
vn 0.017872 0.097523 0.013030
vn 0.017872 0.097523 0.013030
vn 0.005987 0.098967 0.013030
vn 0.005987 0.098967 0.013030
vn 0.005987 0.098967 0.013030
vn 0.005986 0.098967 0.013028
vn 0.005986 0.098967 0.013028
vn 0.005986 0.098967 0.013028
vn 0.095671 -0.000082 0.029103
vn 0.095671 -0.000082 0.029103
vn 0.095671 -0.000082 0.029103
vn 0.092388 0.000167 0.038267
vn 0.092388 0.000167 0.038267
vn 0.092388 0.000167 0.038267
vn 0.088158 -0.000086 0.047203
vn 0.088158 -0.000086 0.047203
vn 0.088158 -0.000086 0.047203
vn 0.079335 0.000130 0.060876
vn 0.079335 0.000130 0.060876
vn 0.079335 0.000130 0.060876
vn 0.077300 0.000000 0.063441
vn 0.077300 0.000000 0.063441
vn 0.077300 0.000000 0.063441
vn 0.063439 0.000000 0.077301
vn 0.063439 0.000000 0.077301
vn 0.063439 0.000000 0.077301
vn 0.060875 0.000137 0.079336
vn 0.060875 0.000137 0.079336
vn 0.060875 0.000137 0.079336
vn 0.047102 -0.000092 0.088212
vn 0.047102 -0.000092 0.088212
vn 0.047102 -0.000092 0.088212
vn 0.038269 0.000187 0.092387
vn 0.038269 0.000187 0.092387
vn 0.038269 0.000187 0.092387
vn 0.029001 -0.000094 0.095702
vn 0.029001 -0.000094 0.095702
vn 0.029001 -0.000094 0.095702
vn 0.014691 0.000118 0.098915
vn 0.014691 0.000118 0.098915
vn 0.014691 0.000118 0.098915
vn 0.004907 0.000000 0.099880
vn 0.004907 0.000000 0.099880
vn 0.004907 0.000000 0.099880
vn 0.013053 0.000080 0.099144
vn 0.013053 0.000080 0.099144
vn 0.013053 0.000080 0.099144
vn 0.017901 0.000000 0.098385
vn 0.017901 0.000000 0.098385
vn 0.017901 0.000000 0.098385
vn 0.038269 0.000000 0.092388
vn 0.038269 0.000000 0.092388
vn 0.038269 0.000000 0.092388
vn 0.038269 0.000000 0.092388
vn 0.060876 0.000000 0.079336
vn 0.060876 0.000000 0.079336
vn 0.060876 0.000000 0.079336
vn 0.060876 0.000000 0.079336
vn 0.079335 0.000000 0.060876
vn 0.079335 0.000000 0.060876
vn 0.079335 0.000000 0.060876
vn 0.079335 0.000000 0.060876
vn 0.092388 0.000000 0.038267
vn 0.092388 0.000000 0.038267
vn 0.092388 0.000000 0.038267
vn 0.092388 0.000000 0.038267
vn 0.099518 0.000000 0.009803
vn 0.099518 0.000000 0.009803
vn 0.099518 0.000000 0.009803
vn 0.098860 0.000096 0.015056
vn 0.098860 0.000096 0.015056
vn 0.098860 0.000096 0.015056
vn 0.099144 0.000000 0.013053
vn 0.099144 0.000000 0.013053
vn 0.099144 0.000000 0.013053
vn 0.000000 0.100000 0.000000
vn 0.000000 0.100000 0.000000
vn 0.000000 0.100000 0.000000
vn 0.000000 0.100000 0.000000
vn 0.004906 0.099880 0.000000
vn 0.004906 0.099880 0.000000
vn 0.004906 0.099880 0.000000
vn 0.038270 0.092387 0.000000
vn 0.038270 0.092387 0.000000
vn 0.038270 0.092387 0.000000
vn 0.038270 0.092387 0.000000
vn 0.060875 0.079336 0.000000
vn 0.060875 0.079336 0.000000
vn 0.060875 0.079336 0.000000
vn 0.060875 0.079336 0.000000
vn 0.079335 0.060876 0.000000
vn 0.079335 0.060876 0.000000
vn 0.079335 0.060876 0.000000
vn 0.079335 0.060876 0.000000
vn 0.092388 0.038268 0.000000
vn 0.092388 0.038268 0.000000
vn 0.092388 0.038268 0.000000
vn 0.092388 0.038268 0.000000
vn 0.099144 0.013053 0.000000
vn 0.099144 0.013053 0.000000
vn 0.099144 0.013053 0.000000
vn 0.099144 0.013053 0.000000
vn 0.099540 0.009576 0.000228
vn 0.099540 0.009576 0.000228
vn 0.099540 0.009576 0.000228
vn 0.095662 0.029133 -0.000114
vn 0.095662 0.029133 -0.000114
vn 0.095662 0.029133 -0.000114
vn 0.092388 0.038267 0.000236
vn 0.092388 0.038267 0.000236
vn 0.092388 0.038267 0.000236
vn 0.088143 0.047231 -0.000122
vn 0.088143 0.047231 -0.000122
vn 0.088143 0.047231 -0.000122
vn 0.079335 0.060876 0.000186
vn 0.079335 0.060876 0.000186
vn 0.079335 0.060876 0.000186
vn 0.077300 0.063441 0.000000
vn 0.077300 0.063441 0.000000
vn 0.077300 0.063441 0.000000
vn 0.063439 0.077301 0.000000
vn 0.063439 0.077301 0.000000
vn 0.063439 0.077301 0.000000
vn 0.060875 0.079336 0.000202
vn 0.060875 0.079336 0.000202
vn 0.060875 0.079336 0.000202
vn 0.047083 0.088222 -0.000136
vn 0.047083 0.088222 -0.000136
vn 0.047083 0.088222 -0.000136
vn 0.038270 0.092387 0.000278
vn 0.038270 0.092387 0.000278
vn 0.038270 0.092387 0.000278
vn 0.028989 0.095706 -0.000141
vn 0.028989 0.095706 -0.000141
vn 0.028989 0.095706 -0.000141
vn 0.014699 0.098914 0.000176
vn 0.014699 0.098914 0.000176
vn 0.014699 0.098914 0.000176
vn 0.016087 0.098697 0.000100
vn 0.016087 0.098697 0.000100
vn 0.016087 0.098697 0.000100
vn 0.013052 0.099145 0.000000
vn 0.013052 0.099145 0.000000
vn 0.013052 0.099145 0.000000
vn 0.100000 0.000000 0.000000
vn 0.100000 0.000000 0.000000
vn 0.100000 0.000000 0.000000
vn 0.100000 0.000000 0.000000
vn 0.100000 0.000000 0.000000
vn 0.100000 0.000000 0.000000
vn 0.100000 0.000000 0.000000
vn 0.100000 0.000000 0.000000
vn 0.100000 0.000000 0.000000
vn 0.100000 0.000000 0.000000
vn 0.100000 0.000000 0.000000
vn 0.100000 0.000000 0.000000
vn 0.000000 0.000000 0.100000
vn 0.000000 0.000000 0.100000
vn 0.000000 0.000000 0.100000
vn 0.000000 0.000000 0.100000
vn 0.000000 0.000000 0.100000
vn 0.000000 0.000000 0.100000
vn 0.000000 0.000000 0.100000
vn 0.000000 0.000000 0.100000
vn 0.000000 0.000000 0.100000
vn 0.000000 0.000000 0.100000
vn 0.000000 0.000000 0.100000
vn 0.000000 0.000000 0.100000
vn 0.000000 0.000000 0.100000
vn 0.000000 0.000000 0.100000
vn 0.000000 0.000000 0.100000
vn 0.099518 -0.009803 0.000000
vn 0.099518 -0.009803 0.000000
vn 0.099518 -0.009803 0.000000
vn 0.004906 -0.099880 0.000000
vn 0.004906 -0.099880 0.000000
vn 0.004906 -0.099880 0.000000
vn 0.013052 -0.099145 0.000073
vn 0.013052 -0.099145 0.000073
vn 0.013052 -0.099145 0.000073
vn 0.092388 -0.038268 0.000000
vn 0.092388 -0.038268 0.000000
vn 0.092388 -0.038268 0.000000
vn 0.092388 -0.038268 0.000000
vn 0.079335 -0.060876 0.000000
vn 0.079335 -0.060876 0.000000
vn 0.079335 -0.060876 0.000000
vn 0.079335 -0.060876 0.000000
vn 0.060875 -0.079336 0.000000
vn 0.060875 -0.079336 0.000000
vn 0.060875 -0.079336 0.000000
vn 0.060875 -0.079336 0.000000
vn 0.038270 -0.092387 0.000000
vn 0.038270 -0.092387 0.000000
vn 0.038270 -0.092387 0.000000
vn 0.038270 -0.092387 0.000000
vn 0.017901 -0.098385 0.000000
vn 0.017901 -0.098385 0.000000
vn 0.017901 -0.098385 0.000000
vn 0.014699 -0.098914 0.000176
vn 0.014699 -0.098914 0.000176
vn 0.014699 -0.098914 0.000176
vn 0.028989 -0.095706 -0.000141
vn 0.028989 -0.095706 -0.000141
vn 0.028989 -0.095706 -0.000141
vn 0.038270 -0.092387 0.000278
vn 0.038270 -0.092387 0.000278
vn 0.038270 -0.092387 0.000278
vn 0.047083 -0.088222 -0.000136
vn 0.047083 -0.088222 -0.000136
vn 0.047083 -0.088222 -0.000136
vn 0.060875 -0.079336 0.000202
vn 0.060875 -0.079336 0.000202
vn 0.060875 -0.079336 0.000202
vn 0.063439 -0.077301 0.000000
vn 0.063439 -0.077301 0.000000
vn 0.063439 -0.077301 0.000000
vn 0.077300 -0.063441 0.000000
vn 0.077300 -0.063441 0.000000
vn 0.077300 -0.063441 0.000000
vn 0.079335 -0.060876 0.000186
vn 0.079335 -0.060876 0.000186
vn 0.079335 -0.060876 0.000186
vn 0.088143 -0.047231 -0.000122
vn 0.088143 -0.047231 -0.000122
vn 0.088143 -0.047231 -0.000122
vn 0.092388 -0.038267 0.000236
vn 0.092388 -0.038267 0.000236
vn 0.092388 -0.038267 0.000236
vn 0.095662 -0.029133 -0.000114
vn 0.095662 -0.029133 -0.000114
vn 0.095662 -0.029133 -0.000114
vn 0.098646 -0.016402 0.000110
vn 0.098646 -0.016402 0.000110
vn 0.098646 -0.016402 0.000110
vn 0.099144 -0.013053 0.000000
vn 0.099144 -0.013053 0.000000
vn 0.099144 -0.013053 0.000000
vn 0.000000 -0.100000 0.000000
vn 0.000000 -0.100000 0.000000
vn 0.000000 -0.100000 0.000000
vn 0.000000 -0.100000 0.000000
vn -0.004905 -0.099880 0.000000
vn -0.004905 -0.099880 0.000000
vn -0.004905 -0.099880 0.000000
vn -0.038268 -0.092388 0.000000
vn -0.038268 -0.092388 0.000000
vn -0.038268 -0.092388 0.000000
vn -0.038268 -0.092388 0.000000
vn -0.060874 -0.079337 0.000000
vn -0.060874 -0.079337 0.000000
vn -0.060874 -0.079337 0.000000
vn -0.060874 -0.079337 0.000000
vn -0.079339 -0.060872 0.000000
vn -0.079339 -0.060872 0.000000
vn -0.079339 -0.060872 0.000000
vn -0.079339 -0.060872 0.000000
vn -0.092387 -0.038271 0.000000
vn -0.092387 -0.038271 0.000000
vn -0.092387 -0.038271 0.000000
vn -0.092387 -0.038271 0.000000
vn -0.099144 -0.013056 0.000000
vn -0.099144 -0.013056 0.000000
vn -0.099144 -0.013056 0.000000
vn -0.099144 -0.013056 0.000000
vn -0.099540 -0.009581 0.000228
vn -0.099540 -0.009581 0.000228
vn -0.099540 -0.009581 0.000228
vn -0.095663 -0.029129 -0.000114
vn -0.095663 -0.029129 -0.000114
vn -0.095663 -0.029129 -0.000114
vn -0.092387 -0.038271 0.000237
vn -0.092387 -0.038271 0.000237
vn -0.092387 -0.038271 0.000237
vn -0.088141 -0.047235 -0.000122
vn -0.088141 -0.047235 -0.000122
vn -0.088141 -0.047235 -0.000122
vn -0.079338 -0.060872 0.000186
vn -0.079338 -0.060872 0.000186
vn -0.079338 -0.060872 0.000186
vn -0.077302 -0.063438 0.000000
vn -0.077302 -0.063438 0.000000
vn -0.077302 -0.063438 0.000000
vn -0.063439 -0.077301 0.000000
vn -0.063439 -0.077301 0.000000
vn -0.063439 -0.077301 0.000000
vn -0.060874 -0.079337 0.000203
vn -0.060874 -0.079337 0.000203
vn -0.060874 -0.079337 0.000203
vn -0.047079 -0.088224 -0.000136
vn -0.047079 -0.088224 -0.000136
vn -0.047079 -0.088224 -0.000136
vn -0.038268 -0.092388 0.000278
vn -0.038268 -0.092388 0.000278
vn -0.038268 -0.092388 0.000278
vn -0.028990 -0.095706 -0.000141
vn -0.028990 -0.095706 -0.000141
vn -0.028990 -0.095706 -0.000141
vn -0.014701 -0.098913 0.000176
vn -0.014701 -0.098913 0.000176
vn -0.014701 -0.098913 0.000176
vn -0.016089 -0.098697 0.000100
vn -0.016089 -0.098697 0.000100
vn -0.016089 -0.098697 0.000100
vn -0.013052 -0.099145 0.000000
vn -0.013052 -0.099145 0.000000
vn -0.013052 -0.099145 0.000000
vn -0.100000 0.000000 0.000000
vn -0.100000 0.000000 0.000000
vn -0.100000 0.000000 0.000000
vn -0.100000 0.000000 0.000000
vn -0.100000 0.000000 0.000000
vn -0.100000 0.000000 0.000000
vn -0.100000 0.000000 0.000000
vn -0.100000 0.000000 0.000000
vn -0.100000 0.000000 0.000000
vn -0.100000 0.000000 0.000000
vn -0.100000 0.000000 0.000000
vn -0.100000 0.000000 0.000000
vn 0.000000 0.000000 0.100000
vn 0.000000 0.000000 0.100000
vn 0.000000 0.000000 0.100000
vn 0.000000 0.000000 0.100000
vn 0.000000 0.000000 0.100000
vn 0.000000 0.000000 0.100000
vn 0.000000 0.000000 0.100000
vn 0.000000 0.000000 0.100000
vn 0.000000 0.000000 0.100000
vn 0.000000 0.000000 0.100000
vn 0.000000 0.000000 0.100000
vn 0.000000 0.000000 0.100000
vn 0.000000 0.000000 0.100000
vn 0.000000 0.000000 0.100000
vn 0.000000 0.000000 0.100000
vn 0.000000 0.000000 0.100000
vn 0.000000 0.000000 0.100000
vn 0.000000 0.000000 0.100000
vn 0.000000 0.000000 0.100000
vn -0.099518 0.009807 0.000000
vn -0.099518 0.009807 0.000000
vn -0.099518 0.009807 0.000000
vn -0.004905 0.099880 0.000000
vn -0.004905 0.099880 0.000000
vn -0.004905 0.099880 0.000000
vn -0.013052 0.099144 0.000073
vn -0.013052 0.099144 0.000073
vn -0.013052 0.099144 0.000073
vn -0.092387 0.038271 0.000000
vn -0.092387 0.038271 0.000000
vn -0.092387 0.038271 0.000000
vn -0.092387 0.038271 0.000000
vn -0.079339 0.060872 0.000000
vn -0.079339 0.060872 0.000000
vn -0.079339 0.060872 0.000000
vn -0.079339 0.060872 0.000000
vn -0.060874 0.079337 0.000000
vn -0.060874 0.079337 0.000000
vn -0.060874 0.079337 0.000000
vn -0.060874 0.079337 0.000000
vn -0.038268 0.092388 0.000000
vn -0.038268 0.092388 0.000000
vn -0.038268 0.092388 0.000000
vn -0.038268 0.092388 0.000000
vn -0.017903 0.098384 0.000000
vn -0.017903 0.098384 0.000000
vn -0.017903 0.098384 0.000000
vn -0.014701 0.098913 0.000176
vn -0.014701 0.098913 0.000176
vn -0.014701 0.098913 0.000176
vn -0.028990 0.095706 -0.000141
vn -0.028990 0.095706 -0.000141
vn -0.028990 0.095706 -0.000141
vn -0.038268 0.092388 0.000278
vn -0.038268 0.092388 0.000278
vn -0.038268 0.092388 0.000278
vn -0.047079 0.088224 -0.000136
vn -0.047079 0.088224 -0.000136
vn -0.047079 0.088224 -0.000136
vn -0.060874 0.079337 0.000203
vn -0.060874 0.079337 0.000203
vn -0.060874 0.079337 0.000203
vn -0.063439 0.077301 0.000000
vn -0.063439 0.077301 0.000000
vn -0.063439 0.077301 0.000000
vn -0.077302 0.063438 0.000000
vn -0.077302 0.063438 0.000000
vn -0.077302 0.063438 0.000000
vn -0.079338 0.060872 0.000186
vn -0.079338 0.060872 0.000186
vn -0.079338 0.060872 0.000186
vn -0.088141 0.047235 -0.000122
vn -0.088141 0.047235 -0.000122
vn -0.088141 0.047235 -0.000122
vn -0.092387 0.038271 0.000237
vn -0.092387 0.038271 0.000237
vn -0.092387 0.038271 0.000237
vn -0.095663 0.029129 -0.000114
vn -0.095663 0.029129 -0.000114
vn -0.095663 0.029129 -0.000114
vn -0.098645 0.016405 0.000110
vn -0.098645 0.016405 0.000110
vn -0.098645 0.016405 0.000110
vn -0.099144 0.013056 0.000000
vn -0.099144 0.013056 0.000000
vn -0.099144 0.013056 0.000000
usemtl Steel_-_Satin
f 2/1/1 3/2/2 1/3/3
f 1/3/3 3/2/2 5/4/4
f 5/4/4 3/2/2 4/5/5
f 6/6/6 7/7/7 3/8/8
f 3/8/8 7/7/7 4/9/9
f 8/10/10 9/11/11 11/12/12
f 11/12/12 9/11/11 10/13/13
f 12/14/14 13/15/15 10/16/16
f 10/16/16 13/15/15 11/17/17
f 14/18/18 15/19/19 17/20/20
f 17/20/20 15/19/19 16/21/21
f 18/22/22 19/23/23 14/24/24
f 14/24/24 19/23/23 20/25/25
f 14/24/24 20/25/25 15/26/26
f 14/27/27 17/28/28 18/29/29
f 18/29/29 17/28/28 38/30/30
f 38/30/30 17/28/28 21/31/31
f 38/30/30 21/31/31 37/32/32
f 37/32/32 21/31/31 22/33/33
f 37/32/32 22/33/33 23/34/34
f 23/34/34 24/35/35 37/32/32
f 37/32/32 24/35/35 25/36/36
f 37/32/32 25/36/36 26/37/37
f 26/37/37 27/38/38 37/32/32
f 37/32/32 27/38/38 28/39/39
f 37/32/32 28/39/39 29/40/40
f 37/32/32 29/40/40 36/41/41
f 36/41/41 29/40/40 30/42/42
f 36/41/41 30/42/42 31/43/43
f 31/43/43 32/44/44 36/41/41
f 36/41/41 32/44/44 33/45/45
f 36/41/41 33/45/45 35/46/46
f 35/46/46 33/45/45 34/47/47
f 39/48/48 40/49/49 42/50/50
f 42/50/50 40/49/49 41/51/51
f 40/52/52 43/53/53 41/54/54
f 41/54/54 43/53/53 44/55/55
f 41/54/54 44/55/55 45/56/56
f 44/57/57 46/58/58 45/59/59
f 45/59/59 46/58/58 47/60/60
f 45/59/59 47/60/60 48/61/61
f 45/62/62 48/63/63 41/64/64
f 41/64/64 48/63/63 42/65/65
f 49/66/66 34/67/67 50/68/68
f 50/68/68 34/67/67 33/69/69
f 51/70/70 52/71/71 54/72/72
f 54/72/72 52/71/71 53/73/73
f 56/74/74 57/75/75 55/76/76
f 55/76/76 57/75/75 59/77/77
f 59/77/77 57/75/75 58/78/78
f 58/79/79 57/80/80 61/81/81
f 61/81/81 57/80/80 60/82/82
f 57/83/83 56/84/84 60/85/85
f 60/85/85 56/84/84 62/86/86
f 60/85/85 62/86/86 63/87/87
f 58/88/88 61/89/89 59/90/90
f 59/90/90 61/89/89 75/91/91
f 59/90/90 75/91/91 77/92/92
f 77/92/92 75/91/91 76/93/93
f 77/92/92 76/93/93 52/94/94
f 52/94/94 76/93/93 53/95/95
f 64/96/96 69/97/97 61/89/89
f 61/89/89 69/97/97 70/98/98
f 61/89/89 70/98/98 71/99/99
f 64/96/96 65/100/100 69/97/97
f 69/97/97 65/100/100 68/101/101
f 68/101/101 65/100/100 66/102/102
f 68/101/101 66/102/102 67/103/103
f 71/99/99 72/104/104 61/89/89
f 61/89/89 72/104/104 73/105/105
f 61/89/89 73/105/105 74/106/106
f 74/106/106 75/91/91 61/89/89
f 63/107/107 64/108/108 60/109/109
f 60/109/109 64/108/108 61/110/110
f 79/111/111 80/112/112 78/113/113
f 78/113/113 80/112/112 65/114/114
f 65/114/114 80/112/112 66/115/115
f 81/116/116 67/117/117 80/118/118
f 80/118/118 67/117/117 66/119/119
f 82/120/120 83/121/121 86/122/122
f 86/122/122 83/121/121 1/123/123
f 86/122/122 1/123/123 85/124/124
f 85/124/124 1/123/123 84/125/125
f 87/126/126 88/127/127 90/128/128
f 90/128/128 88/127/127 89/129/129
f 91/130/130 92/131/131 87/132/132
f 87/132/132 92/131/131 88/133/133
f 93/134/134 94/135/135 91/136/136
f 91/136/136 94/135/135 92/137/137
f 95/138/138 96/139/139 93/140/140
f 93/140/140 96/139/139 94/141/141
f 97/142/142 98/143/143 95/144/144
f 95/144/144 98/143/143 96/145/145
f 99/146/146 100/147/147 97/148/148
f 97/148/148 100/147/147 98/149/149
f 101/150/150 102/151/151 99/152/152
f 99/152/152 102/151/151 100/153/153
f 103/154/154 104/155/155 101/156/156
f 101/156/156 104/155/155 102/157/157
f 105/158/158 106/159/159 103/160/160
f 103/160/160 106/159/159 104/161/161
f 107/162/162 108/163/163 105/164/164
f 105/164/164 108/163/163 106/165/165
f 109/166/166 110/167/167 107/168/168
f 107/168/168 110/167/167 108/169/169
f 111/170/170 112/171/171 109/172/172
f 109/172/172 112/171/171 110/173/173
f 113/174/174 114/175/175 111/176/176
f 111/176/176 114/175/175 112/177/177
f 115/178/178 116/179/179 113/180/180
f 113/180/180 116/179/179 114/181/181
f 117/182/182 118/183/183 115/184/184
f 115/184/184 118/183/183 116/185/185
f 119/186/186 120/187/187 117/188/188
f 117/188/188 120/187/187 118/189/189
f 121/190/190 122/191/191 119/192/192
f 119/192/192 122/191/191 120/193/193
f 123/194/194 124/195/195 121/196/196
f 121/196/196 124/195/195 122/197/197
f 125/198/198 126/199/199 123/200/200
f 123/200/200 126/199/199 124/201/201
f 127/202/202 128/203/203 125/204/204
f 125/204/204 128/203/203 126/205/205
f 129/206/206 130/207/207 127/208/208
f 127/208/208 130/207/207 128/209/209
f 131/210/210 132/211/211 129/212/212
f 129/212/212 132/211/211 130/213/213
f 133/214/214 134/215/215 131/216/216
f 131/216/216 134/215/215 132/217/217
f 135/218/218 136/219/219 133/220/220
f 133/220/220 136/219/219 134/221/221
f 137/222/222 138/223/223 135/224/224
f 135/224/224 138/223/223 136/225/225
f 139/226/226 140/227/227 137/228/228
f 137/228/228 140/227/227 138/229/229
f 141/230/230 142/231/231 139/232/232
f 139/232/232 142/231/231 140/233/233
f 143/234/234 144/235/235 141/236/236
f 141/236/236 144/235/235 142/237/237
f 145/238/238 146/239/239 143/240/240
f 143/240/240 146/239/239 144/241/241
f 90/242/242 89/243/243 145/244/244
f 145/244/244 89/243/243 146/245/245
f 147/246/246 148/247/247 150/248/248
f 150/248/248 148/247/247 149/249/249
f 151/250/250 152/251/251 147/252/252
f 147/252/252 152/251/251 148/253/253
f 153/254/254 154/255/255 151/256/256
f 151/256/256 154/255/255 152/257/257
f 155/258/258 156/259/259 153/260/260
f 153/260/260 156/259/259 154/261/261
f 157/262/262 158/263/263 155/264/264
f 155/264/264 158/263/263 156/265/265
f 159/266/266 160/267/267 157/268/268
f 157/268/268 160/267/267 158/269/269
f 161/270/270 162/271/271 159/272/272
f 159/272/272 162/271/271 160/273/273
f 163/274/274 164/275/275 161/276/276
f 161/276/276 164/275/275 162/277/277
f 165/278/278 166/279/279 163/280/280
f 163/280/280 166/279/279 164/281/281
f 167/282/282 168/283/283 165/284/284
f 165/284/284 168/283/283 166/285/285
f 169/286/286 170/287/287 167/288/288
f 167/288/288 170/287/287 168/289/289
f 171/290/290 172/291/291 169/292/292
f 169/292/292 172/291/291 170/293/293
f 173/294/294 174/295/295 171/296/296
f 171/296/296 174/295/295 172/297/297
f 175/298/298 176/299/299 173/300/300
f 173/300/300 176/299/299 174/301/301
f 177/302/302 178/303/303 175/304/304
f 175/304/304 178/303/303 176/305/305
f 179/306/306 180/307/307 177/308/308
f 177/308/308 180/307/307 178/309/309
f 181/310/310 182/311/311 179/312/312
f 179/312/312 182/311/311 180/313/313
f 183/314/314 184/315/315 181/316/316
f 181/316/316 184/315/315 182/317/317
f 185/318/318 186/319/319 183/320/320
f 183/320/320 186/319/319 184/321/321
f 187/322/322 188/323/323 185/324/324
f 185/324/324 188/323/323 186/325/325
f 189/326/326 190/327/327 187/328/328
f 187/328/328 190/327/327 188/329/329
f 191/330/330 192/331/331 189/332/332
f 189/332/332 192/331/331 190/333/333
f 193/334/334 194/335/335 191/336/336
f 191/336/336 194/335/335 192/337/337
f 195/338/338 196/339/339 193/340/340
f 193/340/340 196/339/339 194/341/341
f 197/342/342 198/343/343 195/344/344
f 195/344/344 198/343/343 196/345/345
f 199/346/346 200/347/347 197/348/348
f 197/348/348 200/347/347 198/349/349
f 201/350/350 202/351/351 199/352/352
f 199/352/352 202/351/351 200/353/353
f 203/354/354 204/355/355 201/356/356
f 201/356/356 204/355/355 202/357/357
f 205/358/358 206/359/359 203/360/360
f 203/360/360 206/359/359 204/361/361
f 150/362/362 149/363/363 205/364/364
f 205/364/364 149/363/363 206/365/365
f 207/366/366 208/367/367 210/368/368
f 210/368/368 208/367/367 209/369/369
f 211/370/370 212/371/371 207/372/372
f 207/372/372 212/371/371 208/373/373
f 213/374/374 214/375/375 211/376/376
f 211/376/376 214/375/375 212/377/377
f 215/378/378 216/379/379 213/380/380
f 213/380/380 216/379/379 214/381/381
f 217/382/382 218/383/383 215/384/384
f 215/384/384 218/383/383 216/385/385
f 219/386/386 220/387/387 217/388/388
f 217/388/388 220/387/387 218/389/389
f 221/390/390 222/391/391 219/392/392
f 219/392/392 222/391/391 220/393/393
f 223/394/394 224/395/395 221/396/396
f 221/396/396 224/395/395 222/397/397
f 225/398/398 226/399/399 223/400/400
f 223/400/400 226/399/399 224/401/401
f 227/402/402 228/403/403 225/404/404
f 225/404/404 228/403/403 226/405/405
f 229/406/406 230/407/407 227/408/408
f 227/408/408 230/407/407 228/409/409
f 231/410/410 232/411/411 229/412/412
f 229/412/412 232/411/411 230/413/413
f 233/414/414 234/415/415 231/416/416
f 231/416/416 234/415/415 232/417/417
f 235/418/418 236/419/419 233/420/420
f 233/420/420 236/419/419 234/421/421
f 237/422/422 238/423/423 235/424/424
f 235/424/424 238/423/423 236/425/425
f 239/426/426 240/427/427 237/428/428
f 237/428/428 240/427/427 238/429/429
f 241/430/430 242/431/431 239/432/432
f 239/432/432 242/431/431 240/433/433
f 243/434/434 244/435/435 241/436/436
f 241/436/436 244/435/435 242/437/437
f 245/438/438 246/439/439 243/440/440
f 243/440/440 246/439/439 244/441/441
f 247/442/442 248/443/443 245/444/444
f 245/444/444 248/443/443 246/445/445
f 249/446/446 250/447/447 247/448/448
f 247/448/448 250/447/447 248/449/449
f 251/450/450 252/451/451 249/452/452
f 249/452/452 252/451/451 250/453/453
f 253/454/454 254/455/455 251/456/456
f 251/456/456 254/455/455 252/457/457
f 255/458/458 256/459/459 253/460/460
f 253/460/460 256/459/459 254/461/461
f 257/462/462 258/463/463 255/464/464
f 255/464/464 258/463/463 256/465/465
f 259/466/466 260/467/467 257/468/468
f 257/468/468 260/467/467 258/469/469
f 261/470/470 262/471/471 259/472/472
f 259/472/472 262/471/471 260/473/473
f 263/474/474 264/475/475 261/476/476
f 261/476/476 264/475/475 262/477/477
f 265/478/478 266/479/479 263/480/480
f 263/480/480 266/479/479 264/481/481
f 210/482/482 209/483/483 265/484/484
f 265/484/484 209/483/483 266/485/485
f 267/486/486 268/487/487 270/488/488
f 270/488/488 268/487/487 269/489/489
f 271/490/490 272/491/491 267/492/492
f 267/492/492 272/491/491 268/493/493
f 273/494/494 274/495/495 271/496/496
f 271/496/496 274/495/495 272/497/497
f 275/498/498 276/499/499 273/500/500
f 273/500/500 276/499/499 274/501/501
f 277/502/502 278/503/503 275/504/504
f 275/504/504 278/503/503 276/505/505
f 279/506/506 280/507/507 277/508/508
f 277/508/508 280/507/507 278/509/509
f 281/510/510 282/511/511 279/512/512
f 279/512/512 282/511/511 280/513/513
f 283/514/514 284/515/515 281/516/516
f 281/516/516 284/515/515 282/517/517
f 285/518/518 286/519/519 283/520/520
f 283/520/520 286/519/519 284/521/521
f 287/522/522 288/523/523 285/524/524
f 285/524/524 288/523/523 286/525/525
f 289/526/526 290/527/527 287/528/528
f 287/528/528 290/527/527 288/529/529
f 291/530/530 292/531/531 289/532/532
f 289/532/532 292/531/531 290/533/533
f 293/534/534 294/535/535 291/536/536
f 291/536/536 294/535/535 292/537/537
f 295/538/538 296/539/539 293/540/540
f 293/540/540 296/539/539 294/541/541
f 297/542/542 298/543/543 295/544/544
f 295/544/544 298/543/543 296/545/545
f 299/546/546 300/547/547 297/548/548
f 297/548/548 300/547/547 298/549/549
f 301/550/550 302/551/551 299/552/552
f 299/552/552 302/551/551 300/553/553
f 303/554/554 304/555/555 301/556/556
f 301/556/556 304/555/555 302/557/557
f 305/558/558 306/559/559 303/560/560
f 303/560/560 306/559/559 304/561/561
f 307/562/562 308/563/563 305/564/564
f 305/564/564 308/563/563 306/565/565
f 309/566/566 310/567/567 307/568/568
f 307/568/568 310/567/567 308/569/569
f 311/570/570 312/571/571 309/572/572
f 309/572/572 312/571/571 310/573/573
f 313/574/574 314/575/575 311/576/576
f 311/576/576 314/575/575 312/577/577
f 315/578/578 316/579/579 313/580/580
f 313/580/580 316/579/579 314/581/581
f 317/582/582 318/583/583 315/584/584
f 315/584/584 318/583/583 316/585/585
f 319/586/586 320/587/587 317/588/588
f 317/588/588 320/587/587 318/589/589
f 321/590/590 322/591/591 319/592/592
f 319/592/592 322/591/591 320/593/593
f 323/594/594 324/595/595 321/596/596
f 321/596/596 324/595/595 322/597/597
f 325/598/598 326/599/599 323/600/600
f 323/600/600 326/599/599 324/601/601
f 270/602/602 269/603/603 325/604/604
f 325/604/604 269/603/603 326/605/605
f 327/606/606 328/607/607 332/608/608
f 332/608/608 328/607/607 329/609/609
f 332/608/608 329/609/609 330/610/610
f 330/610/610 331/611/611 332/608/608
f 334/612/612 11/613/613 333/614/614
f 333/614/614 11/613/613 13/615/615
f 333/614/614 13/615/615 350/616/616
f 350/616/616 13/615/615 336/617/617
f 350/616/616 336/617/617 337/618/618
f 334/612/612 335/619/619 11/613/613
f 11/613/613 335/619/619 8/620/620
f 337/618/618 338/621/621 350/616/616
f 350/616/616 338/621/621 339/622/622
f 350/616/616 339/622/622 340/623/623
f 340/623/623 341/624/624 350/616/616
f 350/616/616 341/624/624 349/625/625
f 349/625/625 341/624/624 342/626/626
f 349/625/625 342/626/626 343/627/627
f 343/627/627 344/628/628 349/625/625
f 349/625/625 344/628/628 345/629/629
f 349/625/625 345/629/629 346/630/630
f 346/630/630 347/631/631 349/625/625
f 349/625/625 347/631/631 348/632/632
f 348/632/632 347/631/631 6/633/633
f 348/632/632 6/633/633 2/634/634
f 2/634/634 6/633/633 3/635/635
f 346/636/636 351/637/637 347/638/638
f 347/638/638 351/637/637 352/639/639
f 345/640/640 353/641/641 346/642/642
f 346/642/642 353/641/641 351/643/643
f 344/644/644 354/645/645 345/646/646
f 345/646/646 354/645/645 353/647/647
f 343/648/648 355/649/649 344/650/650
f 344/650/650 355/649/649 354/651/651
f 342/652/652 356/653/653 343/654/654
f 343/654/654 356/653/653 355/655/655
f 341/656/656 357/657/657 342/658/658
f 342/658/658 357/657/657 356/659/659
f 340/660/660 358/661/661 341/662/662
f 341/662/662 358/661/661 357/663/663
f 339/664/664 359/665/665 340/666/666
f 340/666/666 359/665/665 358/667/667
f 338/668/668 360/669/669 339/670/670
f 339/670/670 360/669/669 359/671/671
f 337/672/672 361/673/673 338/674/674
f 338/674/674 361/673/673 360/675/675
f 336/676/676 362/677/677 337/678/678
f 337/678/678 362/677/677 361/679/679
f 12/680/680 363/681/681 13/682/682
f 13/682/682 363/681/681 364/683/683
f 13/682/682 364/683/683 362/684/684
f 362/684/684 336/685/685 13/682/682
f 86/686/686 350/687/687 82/688/688
f 82/688/688 350/687/687 349/689/689
f 85/690/690 333/691/691 86/692/692
f 86/692/692 333/691/691 350/693/693
f 84/694/694 334/695/695 85/696/696
f 85/696/696 334/695/695 333/697/697
f 82/698/698 349/699/699 83/700/700
f 83/700/700 349/699/699 348/701/701
f 365/702/702 366/703/703 368/704/704
f 368/704/704 366/703/703 78/705/705
f 368/704/704 78/705/705 55/706/706
f 55/706/706 367/707/707 368/704/704
f 53/708/708 76/709/709 54/710/710
f 54/710/710 76/709/709 369/711/711
f 54/710/710 369/711/711 370/712/712
f 370/712/712 371/713/713 54/710/710
f 372/714/714 373/715/715 375/716/716
f 375/716/716 373/715/715 374/717/717
f 376/718/718 377/719/719 372/720/720
f 372/720/720 377/719/719 373/721/721
f 378/722/722 379/723/723 376/724/724
f 376/724/724 379/723/723 377/725/725
f 380/726/726 381/727/727 378/728/728
f 378/728/728 381/727/727 379/729/729
f 382/730/730 383/731/731 380/732/732
f 380/732/732 383/731/731 381/733/733
f 384/734/734 385/735/735 382/736/736
f 382/736/736 385/735/735 383/737/737
f 386/738/738 387/739/739 384/740/740
f 384/740/740 387/739/739 385/741/741
f 388/742/742 389/743/743 386/744/744
f 386/744/744 389/743/743 387/745/745
f 390/746/746 391/747/747 388/748/748
f 388/748/748 391/747/747 389/749/749
f 392/750/750 393/751/751 390/752/752
f 390/752/752 393/751/751 391/753/753
f 371/754/754 370/755/755 392/756/756
f 392/756/756 370/755/755 393/757/757
f 365/758/758 394/759/759 366/760/760
f 366/760/760 394/759/759 395/761/761
f 368/762/762 396/763/763 365/764/764
f 365/764/764 396/763/763 394/765/765
f 55/766/766 59/767/767 367/768/768
f 367/768/768 59/767/767 77/769/769
f 79/770/770 366/771/771 395/772/772
f 79/773/773 78/774/774 366/775/775
f 397/776/776 46/777/777 400/778/778
f 400/778/778 46/777/777 19/779/779
f 400/778/778 19/779/779 399/780/780
f 399/780/780 19/779/779 398/781/781
f 402/782/782 406/783/783 401/784/784
f 401/784/784 406/783/783 407/785/785
f 401/784/784 407/785/785 424/786/786
f 424/786/786 407/785/785 423/787/787
f 423/787/787 407/785/785 422/788/788
f 422/788/788 407/785/785 421/789/789
f 421/789/789 407/785/785 420/790/790
f 420/790/790 407/785/785 419/791/791
f 419/791/791 407/785/785 408/792/792
f 419/791/791 408/792/792 418/793/793
f 418/793/793 408/792/792 417/794/794
f 417/794/794 408/792/792 416/795/795
f 416/795/795 408/792/792 415/796/796
f 415/796/796 408/792/792 414/797/797
f 414/797/797 408/792/792 413/798/798
f 413/798/798 408/792/792 409/799/799
f 413/798/798 409/799/799 412/800/800
f 412/800/800 409/799/799 410/801/801
f 412/800/800 410/801/801 411/802/802
f 403/803/803 404/804/804 402/782/782
f 402/782/782 404/804/804 405/805/805
f 402/782/782 405/805/805 406/783/783
f 423/806/806 425/807/807 424/808/808
f 424/808/808 425/807/807 426/809/809
f 422/810/810 427/811/811 423/812/812
f 423/812/812 427/811/811 425/813/813
f 421/814/814 428/815/815 422/816/816
f 422/816/816 428/815/815 427/817/817
f 420/818/818 429/819/819 421/820/820
f 421/820/820 429/819/819 428/821/821
f 419/822/822 430/823/823 420/824/824
f 420/824/824 430/823/823 429/825/825
f 418/826/826 431/827/827 419/828/828
f 419/828/828 431/827/827 430/829/829
f 417/830/830 432/831/831 418/832/832
f 418/832/832 432/831/831 431/833/833
f 416/834/834 433/835/835 417/836/836
f 417/836/836 433/835/835 432/837/837
f 415/838/838 434/839/839 416/840/840
f 416/840/840 434/839/839 433/841/841
f 414/842/842 435/843/843 415/844/844
f 415/844/844 435/843/843 434/845/845
f 413/846/846 436/847/847 414/848/848
f 414/848/848 436/847/847 435/849/849
f 424/850/850 426/851/851 401/852/852
f 401/852/852 426/851/851 437/853/853
f 401/852/852 437/853/853 438/854/854
f 438/854/854 439/855/855 401/852/852
f 438/856/856 437/857/857 440/858/858
f 440/858/858 437/857/857 441/859/859
f 442/860/860 443/861/861 412/862/862
f 412/862/862 443/861/861 446/863/863
f 412/862/862 446/863/863 447/864/864
f 444/865/865 445/866/866 443/861/861
f 443/861/861 445/866/866 446/863/863
f 447/864/864 448/867/867 412/862/862
f 412/862/862 448/867/867 449/868/868
f 412/862/862 449/868/868 450/869/869
f 450/869/869 436/870/870 412/862/862
f 412/862/862 436/870/870 413/871/871
f 331/872/872 408/873/873 332/874/874
f 332/874/874 408/873/873 407/875/875
f 330/876/876 409/877/877 331/878/878
f 331/878/878 409/877/877 408/879/879
f 451/880/880 452/881/881 403/882/882
f 403/882/882 452/881/881 329/883/883
f 403/882/882 329/883/883 404/884/884
f 404/885/885 328/886/886 405/887/887
f 404/888/888 329/889/889 328/890/890
f 327/891/891 406/892/892 328/893/893
f 328/893/893 406/892/892 405/894/894
f 332/895/895 407/896/896 327/897/897
f 327/897/897 407/896/896 406/898/898
f 454/899/899 264/900/900 453/901/901
f 453/901/901 264/900/900 266/902/902
f 453/901/901 266/902/902 523/903/903
f 523/903/903 266/902/902 522/904/904
f 522/904/904 266/902/902 521/905/905
f 521/905/905 266/902/902 520/906/906
f 520/906/906 266/902/902 519/907/907
f 519/907/907 266/902/902 209/908/908
f 519/907/907 209/908/908 518/909/909
f 518/909/909 209/908/908 208/910/910
f 518/909/909 208/910/910 517/911/911
f 517/911/911 208/910/910 212/912/912
f 517/911/911 212/912/912 516/913/913
f 516/913/913 212/912/912 214/914/914
f 516/913/913 214/914/914 515/915/915
f 515/915/915 214/914/914 216/916/916
f 515/915/915 216/916/916 218/917/917
f 264/900/900 454/899/899 262/918/918
f 262/918/918 454/899/899 455/919/919
f 262/918/918 455/919/919 260/920/920
f 260/920/920 455/919/919 258/921/921
f 258/921/921 455/919/919 256/922/922
f 256/922/922 455/919/919 254/923/923
f 254/923/923 455/919/919 252/924/924
f 252/924/924 455/919/919 250/925/925
f 250/925/925 455/919/919 248/926/926
f 248/926/926 455/919/919 456/927/927
f 248/926/926 456/927/927 246/928/928
f 246/928/928 456/927/927 244/929/929
f 244/929/929 456/927/927 457/930/930
f 244/929/929 457/930/930 242/931/931
f 242/931/931 457/930/930 200/932/932
f 242/931/931 200/932/932 240/933/933
f 240/933/933 200/932/932 202/934/934
f 240/933/933 202/934/934 238/935/935
f 238/935/935 202/934/934 204/936/936
f 238/935/935 204/936/936 236/937/937
f 236/937/937 204/936/936 206/938/938
f 236/937/937 206/938/938 234/939/939
f 234/939/939 206/938/938 149/940/940
f 234/939/939 149/940/940 232/941/941
f 232/941/941 149/940/940 148/942/942
f 232/941/941 148/942/942 152/943/943
f 458/944/944 391/945/945 457/930/930
f 457/930/930 391/945/945 393/946/946
f 457/930/930 393/946/946 200/932/932
f 200/932/932 393/946/946 198/947/947
f 198/947/947 393/946/946 370/948/948
f 198/947/947 370/948/948 196/949/949
f 196/949/949 370/948/948 194/950/950
f 194/950/950 370/948/948 369/951/951
f 194/950/950 369/951/951 192/952/952
f 192/952/952 369/951/951 190/953/953
f 190/953/953 369/951/951 188/954/954
f 188/954/954 369/951/951 186/955/955
f 186/955/955 369/951/951 184/956/956
f 184/956/956 369/951/951 182/957/957
f 182/957/957 369/951/951 180/958/958
f 180/958/958 369/951/951 500/959/959
f 180/958/958 500/959/959 178/960/960
f 178/960/960 500/959/959 501/961/961
f 178/960/960 501/961/961 176/962/962
f 176/962/962 501/961/961 506/963/963
f 176/962/962 506/963/963 507/964/964
f 459/965/965 359/966/966 458/944/944
f 458/944/944 359/966/966 360/967/967
f 458/944/944 360/967/967 427/968/968
f 427/968/968 360/967/967 361/969/969
f 427/968/968 361/969/969 425/970/970
f 425/970/970 361/969/969 92/971/971
f 425/970/970 92/971/971 426/972/972
f 426/972/972 92/971/971 94/973/973
f 426/972/972 94/973/973 96/974/974
f 459/965/965 460/975/975 359/966/966
f 359/966/966 460/975/975 358/976/976
f 358/976/976 460/975/975 461/977/977
f 358/976/976 461/977/977 357/978/978
f 357/978/978 461/977/977 356/979/979
f 356/979/979 461/977/977 462/980/980
f 356/979/979 462/980/980 463/981/981
f 356/979/979 463/981/981 355/982/982
f 355/982/982 463/981/981 464/983/983
f 355/982/982 464/983/983 354/984/984
f 354/984/984 464/983/983 465/985/985
f 354/984/984 465/985/985 353/986/986
f 353/986/986 465/985/985 466/987/987
f 353/986/986 466/987/987 351/988/988
f 351/988/988 466/987/987 467/989/989
f 351/988/988 467/989/989 352/990/990
f 352/990/990 467/989/989 468/991/991
f 352/990/990 468/991/991 469/992/992
f 92/971/971 361/969/969 290/993/993
f 290/993/993 361/969/969 362/994/994
f 290/993/993 362/994/994 288/995/995
f 288/995/995 362/994/994 286/996/996
f 286/996/996 362/994/994 364/997/997
f 286/996/996 364/997/997 284/998/998
f 284/998/998 364/997/997 282/999/999
f 282/999/999 364/997/997 280/1000/1000
f 280/1000/1000 364/997/997 278/1001/1001
f 278/1001/1001 364/997/997 276/1002/1002
f 276/1002/1002 364/997/997 274/1003/1003
f 274/1003/1003 364/997/997 272/1004/1004
f 272/1004/1004 364/997/997 268/1005/1005
f 268/1005/1005 364/997/997 470/1006/1006
f 268/1005/1005 470/1006/1006 269/1007/1007
f 269/1007/1007 470/1006/1006 471/1008/1008
f 269/1007/1007 471/1008/1008 326/1009/1009
f 326/1009/1009 471/1008/1008 476/1010/1010
f 326/1009/1009 476/1010/1010 477/1011/1011
f 472/1012/1012 473/1013/1013 471/1008/1008
f 471/1008/1008 473/1013/1013 474/1014/1014
f 471/1008/1008 474/1014/1014 475/1015/1015
f 475/1015/1015 476/1010/1010 471/1008/1008
f 477/1011/1011 478/1016/1016 326/1009/1009
f 326/1009/1009 478/1016/1016 479/1017/1017
f 326/1009/1009 479/1017/1017 480/1018/1018
f 326/1009/1009 480/1018/1018 324/1019/1019
f 324/1019/1019 480/1018/1018 481/1020/1020
f 324/1019/1019 481/1020/1020 322/1021/1021
f 322/1021/1021 481/1020/1020 482/1022/1022
f 322/1021/1021 482/1022/1022 320/1023/1023
f 320/1023/1023 482/1022/1022 483/1024/1024
f 320/1023/1023 483/1024/1024 318/1025/1025
f 318/1025/1025 483/1024/1024 484/1026/1026
f 318/1025/1025 484/1026/1026 316/1027/1027
f 316/1027/1027 484/1026/1026 314/1028/1028
f 314/1028/1028 484/1026/1026 312/1029/1029
f 312/1029/1029 484/1026/1026 310/1030/1030
f 310/1030/1030 484/1026/1026 308/1031/1031
f 308/1031/1031 484/1026/1026 306/1032/1032
f 306/1032/1032 484/1026/1026 304/1033/1033
f 304/1033/1033 484/1026/1026 485/1034/1034
f 304/1033/1033 485/1034/1034 138/1035/1035
f 138/1035/1035 485/1034/1034 136/1036/1036
f 136/1036/1036 485/1034/1034 134/1037/1037
f 134/1037/1037 485/1034/1034 132/1038/1038
f 132/1038/1038 485/1034/1034 130/1039/1039
f 130/1039/1039 485/1034/1034 128/1040/1040
f 128/1040/1040 485/1034/1034 126/1041/1041
f 126/1041/1041 485/1034/1034 124/1042/1042
f 124/1042/1042 485/1034/1034 486/1043/1043
f 124/1042/1042 486/1043/1043 122/1044/1044
f 122/1044/1044 486/1043/1043 487/1045/1045
f 122/1044/1044 487/1045/1045 120/1046/1046
f 120/1046/1046 487/1045/1045 488/1047/1047
f 120/1046/1046 488/1047/1047 118/1048/1048
f 118/1048/1048 488/1047/1047 489/1049/1049
f 118/1048/1048 489/1049/1049 116/1050/1050
f 116/1050/1050 489/1049/1049 490/1051/1051
f 116/1050/1050 490/1051/1051 491/1052/1052
f 491/1052/1052 492/1053/1053 116/1050/1050
f 116/1050/1050 492/1053/1053 493/1054/1054
f 116/1050/1050 493/1054/1054 498/1055/1055
f 498/1055/1055 493/1054/1054 494/1056/1056
f 498/1055/1055 494/1056/1056 495/1057/1057
f 495/1057/1057 496/1058/1058 498/1055/1055
f 498/1055/1055 496/1058/1058 497/1059/1059
f 116/1050/1050 498/1055/1055 114/1060/1060
f 114/1060/1060 498/1055/1055 441/1061/1061
f 114/1060/1060 441/1061/1061 112/1062/1062
f 112/1062/1062 441/1061/1061 437/1063/1063
f 112/1062/1062 437/1063/1063 110/1064/1064
f 110/1064/1064 437/1063/1063 108/1065/1065
f 108/1065/1065 437/1063/1063 106/1066/1066
f 106/1066/1066 437/1063/1063 104/1067/1067
f 104/1067/1067 437/1063/1063 102/1068/1068
f 102/1068/1068 437/1063/1063 100/1069/1069
f 100/1069/1069 437/1063/1063 98/1070/1070
f 98/1070/1070 437/1063/1063 96/974/974
f 96/974/974 437/1063/1063 426/972/972
f 458/944/944 427/968/968 391/945/945
f 391/945/945 427/968/968 428/1071/1071
f 391/945/945 428/1071/1071 389/1072/1072
f 389/1072/1072 428/1071/1071 387/1073/1073
f 387/1073/1073 428/1071/1071 429/1074/1074
f 387/1073/1073 429/1074/1074 385/1075/1075
f 385/1075/1075 429/1074/1074 430/1076/1076
f 385/1075/1075 430/1076/1076 431/1077/1077
f 432/1078/1078 381/1079/1079 431/1077/1077
f 431/1077/1077 381/1079/1079 383/1080/1080
f 431/1077/1077 383/1080/1080 385/1075/1075
f 381/1079/1079 432/1078/1078 379/1081/1081
f 379/1081/1081 432/1078/1078 433/1082/1082
f 379/1081/1081 433/1082/1082 377/1083/1083
f 377/1083/1083 433/1082/1082 434/1084/1084
f 377/1083/1083 434/1084/1084 373/1085/1085
f 373/1085/1085 434/1084/1084 435/1086/1086
f 373/1085/1085 435/1086/1086 374/1087/1087
f 374/1087/1087 435/1086/1086 436/1088/1088
f 374/1087/1087 436/1088/1088 450/1089/1089
f 450/1089/1089 499/1090/1090 374/1087/1087
f 502/1091/1091 503/1092/1092 501/961/961
f 501/961/961 503/1092/1092 504/1093/1093
f 501/961/961 504/1093/1093 505/1094/1094
f 505/1094/1094 506/963/963 501/961/961
f 507/964/964 508/1095/1095 176/962/962
f 176/962/962 508/1095/1095 509/1096/1096
f 176/962/962 509/1096/1096 510/1097/1097
f 176/962/962 510/1097/1097 174/1098/1098
f 174/1098/1098 510/1097/1097 511/1099/1099
f 174/1098/1098 511/1099/1099 172/1100/1100
f 172/1100/1100 511/1099/1099 512/1101/1101
f 172/1100/1100 512/1101/1101 170/1102/1102
f 170/1102/1102 512/1101/1101 513/1103/1103
f 170/1102/1102 513/1103/1103 168/1104/1104
f 168/1104/1104 513/1103/1103 514/1105/1105
f 168/1104/1104 514/1105/1105 166/1106/1106
f 166/1106/1106 514/1105/1105 164/1107/1107
f 164/1107/1107 514/1105/1105 162/1108/1108
f 162/1108/1108 514/1105/1105 160/1109/1109
f 160/1109/1109 514/1105/1105 158/1110/1110
f 158/1110/1110 514/1105/1105 156/1111/1111
f 156/1111/1111 514/1105/1105 154/1112/1112
f 154/1112/1112 514/1105/1105 228/1113/1113
f 154/1112/1112 228/1113/1113 152/943/943
f 152/943/943 228/1113/1113 230/1114/1114
f 152/943/943 230/1114/1114 232/941/941
f 514/1105/1105 515/915/915 228/1113/1113
f 228/1113/1113 515/915/915 226/1115/1115
f 226/1115/1115 515/915/915 224/1116/1116
f 224/1116/1116 515/915/915 222/1117/1117
f 222/1117/1117 515/915/915 220/1118/1118
f 220/1118/1118 515/915/915 218/917/917
f 523/903/903 524/1119/1119 453/901/901
f 453/901/901 524/1119/1119 525/1120/1120
f 453/901/901 525/1120/1120 526/1121/1121
f 526/1121/1121 527/1122/1122 453/901/901
f 290/993/993 292/1123/1123 92/971/971
f 92/971/971 292/1123/1123 88/1124/1124
f 88/1124/1124 292/1123/1123 89/1125/1125
f 89/1125/1125 292/1123/1123 294/1126/1126
f 89/1125/1125 294/1126/1126 146/1127/1127
f 146/1127/1127 294/1126/1126 296/1128/1128
f 146/1127/1127 296/1128/1128 144/1129/1129
f 144/1129/1129 296/1128/1128 298/1130/1130
f 144/1129/1129 298/1130/1130 142/1131/1131
f 142/1131/1131 298/1130/1130 300/1132/1132
f 142/1131/1131 300/1132/1132 140/1133/1133
f 140/1133/1133 300/1132/1132 302/1134/1134
f 140/1133/1133 302/1134/1134 304/1033/1033
f 138/1035/1035 140/1133/1133 304/1033/1033
f 31/1135/1135 457/1136/1136 32/1137/1137
f 32/1137/1137 457/1136/1136 456/1138/1138
f 30/1139/1139 458/1140/1140 31/1141/1141
f 31/1141/1141 458/1140/1140 457/1142/1142
f 29/1143/1143 459/1144/1144 30/1145/1145
f 30/1145/1145 459/1144/1144 458/1146/1146
f 28/1147/1147 460/1148/1148 29/1149/1149
f 29/1149/1149 460/1148/1148 459/1150/1150
f 27/1151/1151 461/1152/1152 28/1153/1153
f 28/1153/1153 461/1152/1152 460/1154/1154
f 26/1155/1155 462/1156/1156 27/1157/1157
f 27/1157/1157 462/1156/1156 461/1158/1158
f 25/1159/1159 463/1160/1160 26/1161/1161
f 26/1161/1161 463/1160/1160 462/1162/1162
f 24/1163/1163 464/1164/1164 25/1165/1165
f 25/1165/1165 464/1164/1164 463/1166/1166
f 23/1167/1167 465/1168/1168 24/1169/1169
f 24/1169/1169 465/1168/1168 464/1170/1170
f 22/1171/1171 466/1172/1172 23/1173/1173
f 23/1173/1173 466/1172/1172 465/1174/1174
f 21/1175/1175 467/1176/1176 22/1177/1177
f 22/1177/1177 467/1176/1176 466/1178/1178
f 32/1179/1179 456/1180/1180 33/1181/1181
f 33/1181/1181 456/1180/1180 455/1182/1182
f 33/1181/1181 455/1182/1182 528/1183/1183
f 528/1183/1183 50/1184/1184 33/1181/1181
f 528/1185/1185 455/1186/1186 529/1187/1187
f 529/1187/1187 455/1186/1186 454/1188/1188
f 399/1189/1189 37/1190/1190 400/1191/1191
f 400/1191/1191 37/1190/1190 36/1192/1192
f 398/1193/1193 38/1194/1194 399/1195/1195
f 399/1195/1195 38/1194/1194 37/1196/1196
f 43/1197/1197 46/1198/1198 44/1199/1199
f 43/1200/1200 19/1201/1201 46/1202/1202
f 39/1203/1203 20/1204/1204 40/1205/1205
f 40/1205/1205 20/1204/1204 19/1206/1206
f 40/1205/1205 19/1206/1206 43/1207/1207
f 397/1208/1208 530/1209/1209 46/1210/1210
f 46/1210/1210 530/1209/1209 47/1211/1211
f 35/1212/1212 400/1213/1213 36/1214/1214
f 35/1215/1215 397/1216/1216 400/1217/1217
f 49/1218/1218 530/1219/1219 34/1220/1220
f 34/1220/1220 530/1219/1219 397/1221/1221
f 34/1220/1220 397/1221/1221 35/1222/1222
f 531/1223/1223 532/1224/1224 537/1225/1225
f 537/1225/1225 532/1224/1224 533/1226/1226
f 537/1225/1225 533/1226/1226 17/1227/1227
f 17/1227/1227 533/1226/1226 534/1228/1228
f 17/1227/1227 534/1228/1228 535/1229/1229
f 535/1229/1229 536/1230/1230 17/1227/1227
f 17/1227/1227 536/1230/1230 468/1231/1231
f 17/1227/1227 468/1231/1231 467/1232/1232
f 467/1232/1232 21/1233/1233 17/1227/1227
f 17/1227/1227 16/1234/1234 537/1225/1225
f 18/1235/1235 398/1236/1236 19/1237/1237
f 18/1238/1238 38/1239/1239 398/1240/1240
f 410/1241/1241 329/1242/1242 411/1243/1243
f 411/1243/1243 329/1242/1242 452/1244/1244
f 411/1243/1243 452/1244/1244 538/1245/1245
f 410/1246/1246 330/1247/1247 329/1248/1248
f 409/1249/1249 330/1250/1250 410/1251/1251
f 442/1252/1252 412/1253/1253 538/1254/1254
f 538/1254/1254 412/1253/1253 411/1255/1255
f 539/1256/1256 402/1257/1257 439/1258/1258
f 439/1258/1258 402/1257/1257 401/1259/1259
f 402/1260/1260 539/1261/1261 403/1262/1262
f 403/1262/1262 539/1261/1261 451/1263/1263
f 64/1264/1264 63/1265/1265 65/1266/1266
f 65/1266/1266 63/1265/1265 78/1267/1267
f 78/1267/1267 63/1265/1265 62/1268/1268
f 62/1269/1269 55/1270/1270 78/1271/1271
f 56/1272/1272 55/1273/1273 62/1274/1274
f 52/1275/1275 51/1276/1276 77/1277/1277
f 77/1277/1277 51/1276/1276 367/1278/1278
f 367/1278/1278 51/1276/1276 540/1279/1279
f 540/1280/1280 368/1281/1281 367/1282/1282
f 540/1283/1283 396/1284/1284 368/1285/1285
f 81/1286/1286 395/1287/1287 375/1288/1288
f 375/1288/1288 395/1287/1287 394/1289/1289
f 375/1288/1288 394/1289/1289 372/1290/1290
f 372/1290/1290 394/1289/1289 376/1291/1291
f 376/1291/1291 394/1289/1289 378/1292/1292
f 378/1292/1292 394/1289/1289 380/1293/1293
f 380/1293/1293 394/1289/1289 382/1294/1294
f 382/1294/1294 394/1289/1289 384/1295/1295
f 384/1295/1295 394/1289/1289 386/1296/1296
f 386/1296/1296 394/1289/1289 388/1297/1297
f 388/1297/1297 394/1289/1289 396/1298/1298
f 388/1297/1297 396/1298/1298 390/1299/1299
f 390/1299/1299 396/1298/1298 392/1300/1300
f 392/1300/1300 396/1298/1298 371/1301/1301
f 371/1301/1301 396/1298/1298 54/1302/1302
f 54/1302/1302 396/1298/1298 540/1303/1303
f 54/1302/1302 540/1303/1303 51/1304/1304
f 80/1305/1305 79/1306/1306 81/1286/1286
f 81/1286/1286 79/1306/1306 395/1287/1287
f 375/1307/1307 374/1308/1308 81/1309/1309
f 81/1309/1309 374/1308/1308 499/1310/1310
f 81/1309/1309 499/1310/1310 541/1311/1311
f 541/1311/1311 542/1312/1312 81/1309/1309
f 81/1309/1309 542/1312/1312 543/1313/1313
f 81/1309/1309 543/1313/1313 544/1314/1314
f 81/1309/1309 544/1314/1314 68/1315/1315
f 68/1315/1315 544/1314/1314 545/1316/1316
f 68/1315/1315 545/1316/1316 546/1317/1317
f 68/1315/1315 67/1318/1318 81/1309/1309
f 2/1319/1319 83/1320/1320 348/1321/1321
f 2/1322/1322 1/1323/1323 83/1324/1324
f 9/1325/1325 8/1326/1326 5/1327/1327
f 5/1327/1327 8/1326/1326 1/1328/1328
f 1/1328/1328 8/1326/1326 335/1329/1329
f 335/1330/1330 84/1331/1331 1/1332/1332
f 335/1333/1333 334/1334/1334 84/1335/1335
f 347/1336/1336 352/1337/1337 6/1338/1338
f 6/1338/1338 352/1337/1337 469/1339/1339
f 6/1338/1338 469/1339/1339 547/1340/1340
f 547/1340/1340 548/1341/1341 6/1338/1338
f 6/1338/1338 548/1341/1341 549/1342/1342
f 6/1338/1338 549/1342/1342 550/1343/1343
f 6/1338/1338 550/1343/1343 553/1344/1344
f 553/1344/1344 550/1343/1343 551/1345/1345
f 553/1344/1344 551/1345/1345 552/1346/1346
f 553/1344/1344 7/1347/1347 6/1338/1338
f 560/1348/1348 554/1349/1349 10/1350/1350
f 10/1350/1350 554/1349/1349 555/1351/1351
f 10/1350/1350 555/1351/1351 556/1352/1352
f 556/1352/1352 557/1353/1353 10/1350/1350
f 10/1350/1350 557/1353/1353 558/1354/1354
f 10/1350/1350 558/1354/1354 559/1355/1355
f 559/1355/1355 363/1356/1356 10/1350/1350
f 10/1350/1350 363/1356/1356 12/1357/1357
f 10/1350/1350 9/1358/1358 560/1348/1348
f 560/1348/1348 9/1358/1358 5/1359/1359
f 560/1348/1348 5/1359/1359 553/1360/1360
f 553/1360/1360 5/1359/1359 4/1361/1361
f 553/1360/1360 4/1361/1361 7/1362/1362
f 143/1363/1363 297/1364/1364 145/1365/1365
f 145/1365/1365 297/1364/1364 295/1366/1366
f 145/1365/1365 295/1366/1366 90/1367/1367
f 90/1367/1367 295/1366/1366 293/1368/1368
f 90/1367/1367 293/1368/1368 87/1369/1369
f 87/1369/1369 293/1368/1368 291/1370/1370
f 87/1369/1369 291/1370/1370 91/1371/1371
f 91/1371/1371 291/1370/1370 289/1372/1372
f 91/1371/1371 289/1372/1372 287/1373/1373
f 297/1364/1364 143/1363/1363 299/1374/1374
f 299/1374/1374 143/1363/1363 141/1375/1375
f 299/1374/1374 141/1375/1375 139/1376/1376
f 137/1377/1377 303/1378/1378 139/1376/1376
f 139/1376/1376 303/1378/1378 301/1379/1379
f 139/1376/1376 301/1379/1379 299/1374/1374
f 303/1378/1378 137/1377/1377 588/1380/1380
f 588/1380/1380 137/1377/1377 135/1381/1381
f 588/1380/1380 135/1381/1381 133/1382/1382
f 133/1382/1382 131/1383/1383 588/1380/1380
f 588/1380/1380 131/1383/1383 129/1384/1384
f 588/1380/1380 129/1384/1384 127/1385/1385
f 127/1385/1385 125/1386/1386 588/1380/1380
f 588/1380/1380 125/1386/1386 123/1387/1387
f 588/1380/1380 123/1387/1387 587/1388/1388
f 587/1388/1388 123/1387/1387 121/1389/1389
f 587/1388/1388 121/1389/1389 586/1390/1390
f 586/1390/1390 121/1389/1389 119/1391/1391
f 586/1390/1390 119/1391/1391 585/1392/1392
f 585/1392/1392 119/1391/1391 117/1393/1393
f 585/1392/1392 117/1393/1393 584/1394/1394
f 584/1394/1394 117/1393/1393 115/1395/1395
f 584/1394/1394 115/1395/1395 583/1396/1396
f 583/1396/1396 115/1395/1395 582/1397/1397
f 582/1397/1397 115/1395/1395 581/1398/1398
f 581/1398/1398 115/1395/1395 580/1399/1399
f 580/1399/1399 115/1395/1395 575/1400/1400
f 580/1399/1399 575/1400/1400 579/1401/1401
f 579/1401/1401 575/1400/1400 578/1402/1402
f 578/1402/1402 575/1400/1400 577/1403/1403
f 577/1403/1403 575/1400/1400 576/1404/1404
f 115/1395/1395 113/1405/1405 575/1400/1400
f 575/1400/1400 113/1405/1405 111/1406/1406
f 575/1400/1400 111/1406/1406 109/1407/1407
f 109/1407/1407 107/1408/1408 575/1400/1400
f 575/1400/1400 107/1408/1408 574/1409/1409
f 574/1409/1409 107/1408/1408 183/1410/1410
f 574/1409/1409 183/1410/1410 181/1411/1411
f 107/1408/1408 105/1412/1412 183/1410/1410
f 183/1410/1410 105/1412/1412 185/1413/1413
f 185/1413/1413 105/1412/1412 187/1414/1414
f 187/1414/1414 105/1412/1412 103/1415/1415
f 187/1414/1414 103/1415/1415 101/1416/1416
f 187/1414/1414 101/1416/1416 189/1417/1417
f 189/1417/1417 101/1416/1416 99/1418/1418
f 189/1417/1417 99/1418/1418 191/1419/1419
f 191/1419/1419 99/1418/1418 193/1420/1420
f 193/1420/1420 99/1418/1418 97/1421/1421
f 193/1420/1420 97/1421/1421 95/1422/1422
f 193/1420/1420 95/1422/1422 195/1423/1423
f 195/1423/1423 95/1422/1422 93/1424/1424
f 195/1423/1423 93/1424/1424 197/1425/1425
f 197/1425/1425 93/1424/1424 287/1373/1373
f 197/1425/1425 287/1373/1373 243/1426/1426
f 243/1426/1426 287/1373/1373 245/1427/1427
f 245/1427/1427 287/1373/1373 285/1428/1428
f 245/1427/1427 285/1428/1428 247/1429/1429
f 247/1429/1429 285/1428/1428 283/1430/1430
f 247/1429/1429 283/1430/1430 281/1431/1431
f 93/1424/1424 91/1371/1371 287/1373/1373
f 197/1425/1425 243/1426/1426 199/1432/1432
f 199/1432/1432 243/1426/1426 241/1433/1433
f 199/1432/1432 241/1433/1433 239/1434/1434
f 237/1435/1435 203/1436/1436 239/1434/1434
f 239/1434/1434 203/1436/1436 201/1437/1437
f 239/1434/1434 201/1437/1437 199/1432/1432
f 203/1436/1436 237/1435/1435 205/1438/1438
f 205/1438/1438 237/1435/1435 235/1439/1439
f 205/1438/1438 235/1439/1439 150/1440/1440
f 150/1440/1440 235/1439/1439 233/1441/1441
f 150/1440/1440 233/1441/1441 147/1442/1442
f 147/1442/1442 233/1441/1441 231/1443/1443
f 147/1442/1442 231/1443/1443 151/1444/1444
f 151/1444/1444 231/1443/1443 229/1445/1445
f 151/1444/1444 229/1445/1445 227/1446/1446
f 225/1447/1447 616/1448/1448 227/1446/1446
f 227/1446/1446 616/1448/1448 561/1449/1449
f 227/1446/1446 561/1449/1449 153/1450/1450
f 153/1450/1450 561/1449/1449 155/1451/1451
f 155/1451/1451 561/1449/1449 157/1452/1452
f 157/1452/1452 561/1449/1449 159/1453/1453
f 159/1453/1453 561/1449/1449 161/1454/1454
f 161/1454/1454 561/1449/1449 163/1455/1455
f 163/1455/1455 561/1449/1449 165/1456/1456
f 165/1456/1456 561/1449/1449 167/1457/1457
f 167/1457/1457 561/1449/1449 562/1458/1458
f 167/1457/1457 562/1458/1458 169/1459/1459
f 169/1459/1459 562/1458/1458 563/1460/1460
f 169/1459/1459 563/1460/1460 171/1461/1461
f 171/1461/1461 563/1460/1460 564/1462/1462
f 171/1461/1461 564/1462/1462 173/1463/1463
f 173/1463/1463 564/1462/1462 565/1464/1464
f 173/1463/1463 565/1464/1464 175/1465/1465
f 175/1465/1465 565/1464/1464 566/1466/1466
f 175/1465/1465 566/1466/1466 567/1467/1467
f 225/1447/1447 223/1468/1468 616/1448/1448
f 616/1448/1448 223/1468/1468 221/1469/1469
f 616/1448/1448 221/1469/1469 219/1470/1470
f 219/1470/1470 217/1471/1471 616/1448/1448
f 616/1448/1448 217/1471/1471 215/1472/1472
f 616/1448/1448 215/1472/1472 213/1473/1473
f 616/1448/1448 213/1473/1473 615/1474/1474
f 615/1474/1474 213/1473/1473 211/1475/1475
f 615/1474/1474 211/1475/1475 614/1476/1476
f 614/1476/1476 211/1475/1475 207/1477/1477
f 614/1476/1476 207/1477/1477 613/1478/1478
f 613/1478/1478 207/1477/1477 210/1479/1479
f 613/1478/1478 210/1479/1479 612/1480/1480
f 612/1480/1480 210/1479/1479 265/1481/1481
f 612/1480/1480 265/1481/1481 611/1482/1482
f 611/1482/1482 265/1481/1481 610/1483/1483
f 610/1483/1483 265/1481/1481 609/1484/1484
f 609/1484/1484 265/1481/1481 608/1485/1485
f 608/1485/1485 265/1481/1481 603/1486/1486
f 608/1485/1485 603/1486/1486 607/1487/1487
f 607/1487/1487 603/1486/1486 606/1488/1488
f 606/1488/1488 603/1486/1486 605/1489/1489
f 605/1489/1489 603/1486/1486 604/1490/1490
f 265/1481/1481 263/1491/1491 603/1486/1486
f 603/1486/1486 263/1491/1491 261/1492/1492
f 603/1486/1486 261/1492/1492 259/1493/1493
f 259/1493/1493 257/1494/1494 603/1486/1486
f 603/1486/1486 257/1494/1494 273/1495/1495
f 603/1486/1486 273/1495/1495 602/1496/1496
f 602/1496/1496 273/1495/1495 271/1497/1497
f 602/1496/1496 271/1497/1497 267/1498/1498
f 273/1495/1495 257/1494/1494 275/1499/1499
f 275/1499/1499 257/1494/1494 255/1500/1500
f 275/1499/1499 255/1500/1500 253/1501/1501
f 251/1502/1502 279/1503/1503 253/1501/1501
f 253/1501/1501 279/1503/1503 277/1504/1504
f 253/1501/1501 277/1504/1504 275/1499/1499
f 251/1502/1502 249/1505/1505 279/1503/1503
f 279/1503/1503 249/1505/1505 281/1431/1431
f 281/1431/1431 249/1505/1505 247/1429/1429
f 567/1467/1467 568/1506/1506 175/1465/1465
f 175/1465/1465 568/1506/1506 569/1507/1507
f 175/1465/1465 569/1507/1507 574/1409/1409
f 574/1409/1409 569/1507/1507 570/1508/1508
f 574/1409/1409 570/1508/1508 571/1509/1509
f 571/1509/1509 572/1510/1510 574/1409/1409
f 574/1409/1409 572/1510/1510 573/1511/1511
f 588/1380/1380 589/1512/1512 303/1378/1378
f 303/1378/1378 589/1512/1512 305/1513/1513
f 305/1513/1513 589/1512/1512 307/1514/1514
f 307/1514/1514 589/1512/1512 309/1515/1515
f 309/1515/1515 589/1512/1512 311/1516/1516
f 311/1516/1516 589/1512/1512 313/1517/1517
f 313/1517/1517 589/1512/1512 315/1518/1518
f 315/1518/1518 589/1512/1512 317/1519/1519
f 317/1519/1519 589/1512/1512 590/1520/1520
f 317/1519/1519 590/1520/1520 319/1521/1521
f 319/1521/1521 590/1520/1520 591/1522/1522
f 319/1521/1521 591/1522/1522 321/1523/1523
f 321/1523/1523 591/1522/1522 592/1524/1524
f 321/1523/1523 592/1524/1524 323/1525/1525
f 323/1525/1525 592/1524/1524 593/1526/1526
f 323/1525/1525 593/1526/1526 325/1527/1527
f 325/1527/1527 593/1526/1526 594/1528/1528
f 325/1527/1527 594/1528/1528 595/1529/1529
f 595/1529/1529 596/1530/1530 325/1527/1527
f 325/1527/1527 596/1530/1530 597/1531/1531
f 325/1527/1527 597/1531/1531 602/1496/1496
f 602/1496/1496 597/1531/1531 598/1532/1532
f 602/1496/1496 598/1532/1532 599/1533/1533
f 599/1533/1533 600/1534/1534 602/1496/1496
f 602/1496/1496 600/1534/1534 601/1535/1535
f 181/1411/1411 179/1536/1536 574/1409/1409
f 574/1409/1409 179/1536/1536 177/1537/1537
f 574/1409/1409 177/1537/1537 175/1465/1465
f 153/1450/1450 151/1444/1444 227/1446/1446
f 267/1498/1498 270/1538/1538 602/1496/1496
f 602/1496/1496 270/1538/1538 325/1527/1527
f 601/1539/1539 617/1540/1540 602/1541/1541
f 602/1541/1541 617/1540/1540 618/1542/1542
f 600/1543/1543 619/1544/1544 601/1545/1545
f 601/1545/1545 619/1544/1544 617/1546/1546
f 599/1547/1547 620/1548/1548 600/1549/1549
f 600/1549/1549 620/1548/1548 619/1550/1550
f 598/1551/1551 621/1552/1552 599/1553/1553
f 599/1553/1553 621/1552/1552 620/1554/1554
f 597/1555/1555 622/1556/1556 598/1557/1557
f 598/1557/1557 622/1556/1556 621/1558/1558
f 596/1559/1559 623/1560/1560 597/1561/1561
f 597/1561/1561 623/1560/1560 622/1562/1562
f 595/1563/1563 624/1564/1564 596/1565/1565
f 596/1565/1565 624/1564/1564 623/1566/1566
f 594/1567/1567 625/1568/1568 595/1569/1569
f 595/1569/1569 625/1568/1568 624/1570/1570
f 593/1571/1571 626/1572/1572 594/1573/1573
f 594/1573/1573 626/1572/1572 625/1574/1574
f 592/1575/1575 627/1576/1576 593/1577/1577
f 593/1577/1577 627/1576/1576 626/1578/1578
f 591/1579/1579 628/1580/1580 592/1581/1581
f 592/1581/1581 628/1580/1580 627/1582/1582
f 590/1583/1583 629/1584/1584 591/1585/1585
f 591/1585/1585 629/1584/1584 628/1586/1586
f 589/1587/1587 630/1588/1588 590/1589/1589
f 590/1589/1589 630/1588/1588 629/1590/1590
f 630/1591/1591 589/1592/1592 631/1593/1593
f 631/1593/1593 589/1592/1592 588/1594/1594
f 587/1595/1595 632/1596/1596 588/1597/1597
f 588/1597/1597 632/1596/1596 631/1598/1598
f 586/1599/1599 633/1600/1600 587/1601/1601
f 587/1601/1601 633/1600/1600 632/1602/1602
f 585/1603/1603 634/1604/1604 586/1605/1605
f 586/1605/1605 634/1604/1604 633/1606/1606
f 584/1607/1607 635/1608/1608 585/1609/1609
f 585/1609/1609 635/1608/1608 634/1610/1610
f 583/1611/1611 636/1612/1612 584/1613/1613
f 584/1613/1613 636/1612/1612 635/1614/1614
f 582/1615/1615 637/1616/1616 583/1617/1617
f 583/1617/1617 637/1616/1616 636/1618/1618
f 581/1619/1619 638/1620/1620 582/1621/1621
f 582/1621/1621 638/1620/1620 637/1622/1622
f 580/1623/1623 639/1624/1624 581/1625/1625
f 581/1625/1625 639/1624/1624 638/1626/1626
f 579/1627/1627 640/1628/1628 580/1629/1629
f 580/1629/1629 640/1628/1628 639/1630/1630
f 578/1631/1631 641/1632/1632 579/1633/1633
f 579/1633/1633 641/1632/1632 640/1634/1634
f 577/1635/1635 642/1636/1636 578/1637/1637
f 578/1637/1637 642/1636/1636 641/1638/1638
f 576/1639/1639 643/1640/1640 577/1641/1641
f 577/1641/1641 643/1640/1640 642/1642/1642
f 575/1643/1643 644/1644/1644 576/1645/1645
f 576/1645/1645 644/1644/1644 643/1646/1646
f 645/1647/1647 646/1648/1648 498/1649/1649
f 648/1650/1650 646/1651/1651 647/1652/1652
f 647/1652/1652 646/1651/1651 645/1653/1653
f 650/1654/1654 648/1655/1655 649/1656/1656
f 649/1656/1656 648/1655/1655 647/1657/1657
f 652/1658/1658 650/1659/1659 651/1660/1660
f 651/1660/1660 650/1659/1659 649/1661/1661
f 654/1662/1662 652/1663/1663 653/1664/1664
f 653/1664/1664 652/1663/1663 651/1665/1665
f 655/1666/1666 654/1667/1667 644/1668/1668
f 644/1668/1668 654/1667/1667 653/1669/1669
f 656/1670/1670 654/1671/1671 655/1672/1672
f 657/1673/1673 654/1674/1674 656/1675/1675
f 657/1676/1676 652/1677/1677 654/1678/1678
f 658/1679/1679 652/1680/1680 657/1681/1681
f 658/1682/1682 650/1683/1683 652/1684/1684
f 659/1685/1685 650/1686/1686 658/1687/1687
f 660/1688/1688 650/1689/1689 659/1690/1690
f 660/1691/1691 648/1692/1692 650/1693/1693
f 661/1694/1694 648/1695/1695 660/1696/1696
f 661/1697/1697 646/1698/1698 648/1699/1699
f 662/1700/1700 646/1701/1701 661/1702/1702
f 663/1703/1703 646/1704/1704 662/1705/1705
f 663/1706/1706 498/1707/1707 646/1708/1708
f 441/1709/1709 498/1710/1710 663/1711/1711
f 664/1712/1712 487/1713/1713 486/1714/1714
f 665/1715/1715 487/1716/1716 664/1717/1717
f 665/1718/1718 488/1719/1719 487/1720/1720
f 666/1721/1721 488/1722/1722 665/1723/1723
f 666/1724/1724 489/1725/1725 488/1726/1726
f 667/1727/1727 489/1728/1728 666/1729/1729
f 667/1730/1730 490/1731/1731 489/1732/1732
f 668/1733/1733 490/1734/1734 667/1735/1735
f 668/1736/1736 491/1737/1737 490/1738/1738
f 669/1739/1739 491/1740/1740 668/1741/1741
f 669/1742/1742 492/1743/1743 491/1744/1744
f 670/1745/1745 492/1746/1746 669/1747/1747
f 670/1748/1748 493/1749/1749 492/1750/1750
f 671/1751/1751 493/1752/1752 670/1753/1753
f 671/1754/1754 494/1755/1755 493/1756/1756
f 672/1757/1757 494/1758/1758 671/1759/1759
f 672/1760/1760 495/1761/1761 494/1762/1762
f 673/1763/1763 495/1764/1764 672/1765/1765
f 673/1766/1766 496/1767/1767 495/1768/1768
f 674/1769/1769 496/1770/1770 673/1771/1771
f 674/1772/1772 497/1773/1773 496/1774/1774
f 675/1775/1775 497/1776/1776 674/1777/1777
f 675/1778/1778 498/1779/1779 497/1780/1780
f 645/1781/1781 498/1782/1782 675/1783/1783
f 676/1784/1784 665/1785/1785 664/1786/1786
f 677/1787/1787 665/1788/1788 676/1789/1789
f 677/1790/1790 666/1791/1791 665/1792/1792
f 678/1793/1793 666/1794/1794 677/1795/1795
f 678/1796/1796 667/1797/1797 666/1798/1798
f 679/1799/1799 667/1800/1800 678/1801/1801
f 679/1802/1802 668/1803/1803 667/1804/1804
f 680/1805/1805 668/1806/1806 679/1807/1807
f 680/1808/1808 669/1809/1809 668/1810/1810
f 681/1811/1811 669/1812/1812 680/1813/1813
f 681/1814/1814 670/1815/1815 669/1816/1816
f 682/1817/1817 670/1818/1818 681/1819/1819
f 682/1820/1820 671/1821/1821 670/1822/1822
f 683/1823/1823 671/1824/1824 682/1825/1825
f 683/1826/1826 672/1827/1827 671/1828/1828
f 684/1829/1829 672/1830/1830 683/1831/1831
f 684/1832/1832 673/1833/1833 672/1834/1834
f 685/1835/1835 673/1836/1836 684/1837/1837
f 685/1838/1838 674/1839/1839 673/1840/1840
f 686/1841/1841 674/1842/1842 685/1843/1843
f 686/1844/1844 675/1845/1845 674/1846/1846
f 687/1847/1847 675/1848/1848 686/1849/1849
f 687/1850/1850 645/1851/1851 675/1852/1852
f 647/1853/1853 645/1854/1854 687/1855/1855
f 688/1856/1856 677/1857/1857 676/1858/1858
f 689/1859/1859 677/1860/1860 688/1861/1861
f 689/1862/1862 678/1863/1863 677/1864/1864
f 690/1865/1865 678/1866/1866 689/1867/1867
f 690/1868/1868 679/1869/1869 678/1870/1870
f 691/1871/1871 679/1872/1872 690/1873/1873
f 691/1874/1874 680/1875/1875 679/1876/1876
f 692/1877/1877 680/1878/1878 691/1879/1879
f 692/1880/1880 681/1881/1881 680/1882/1882
f 693/1883/1883 681/1884/1884 692/1885/1885
f 694/1886/1886 682/1887/1887 693/1888/1888
f 693/1888/1888 682/1887/1887 681/1889/1889
f 694/1890/1890 683/1891/1891 682/1892/1892
f 695/1893/1893 683/1894/1894 694/1895/1895
f 695/1896/1896 684/1897/1897 683/1898/1898
f 696/1899/1899 684/1900/1900 695/1901/1901
f 696/1902/1902 685/1903/1903 684/1904/1904
f 697/1905/1905 685/1906/1906 696/1907/1907
f 697/1908/1908 686/1909/1909 685/1910/1910
f 698/1911/1911 686/1912/1912 697/1913/1913
f 698/1914/1914 687/1915/1915 686/1916/1916
f 699/1917/1917 687/1918/1918 698/1919/1919
f 699/1920/1920 647/1921/1921 687/1922/1922
f 649/1923/1923 647/1924/1924 699/1925/1925
f 700/1926/1926 689/1927/1927 688/1928/1928
f 701/1929/1929 689/1930/1930 700/1931/1931
f 701/1932/1932 690/1933/1933 689/1934/1934
f 702/1935/1935 690/1936/1936 701/1937/1937
f 702/1938/1938 691/1939/1939 690/1940/1940
f 703/1941/1941 691/1942/1942 702/1943/1943
f 703/1944/1944 692/1945/1945 691/1946/1946
f 704/1947/1947 692/1948/1948 703/1949/1949
f 704/1950/1950 693/1951/1951 692/1952/1952
f 705/1953/1953 693/1954/1954 704/1955/1955
f 705/1956/1956 694/1957/1957 693/1958/1958
f 706/1959/1959 694/1960/1960 705/1961/1961
f 706/1962/1962 695/1963/1963 694/1964/1964
f 707/1965/1965 695/1966/1966 706/1967/1967
f 707/1968/1968 696/1969/1969 695/1970/1970
f 708/1971/1971 696/1972/1972 707/1973/1973
f 708/1974/1974 697/1975/1975 696/1976/1976
f 709/1977/1977 697/1978/1978 708/1979/1979
f 709/1980/1980 698/1981/1981 697/1982/1982
f 710/1983/1983 698/1984/1984 709/1985/1985
f 710/1986/1986 699/1987/1987 698/1988/1988
f 711/1989/1989 699/1990/1990 710/1991/1991
f 711/1992/1992 649/1993/1993 699/1994/1994
f 651/1995/1995 649/1996/1996 711/1997/1997
f 712/1998/1998 701/1999/1999 700/2000/2000
f 713/2001/2001 701/2002/2002 712/2003/2003
f 713/2004/2004 702/2005/2005 701/2006/2006
f 714/2007/2007 702/2008/2008 713/2009/2009
f 714/2010/2010 703/2011/2011 702/2012/2012
f 715/2013/2013 703/2014/2014 714/2015/2015
f 715/2016/2016 704/2017/2017 703/2018/2018
f 716/2019/2019 704/2020/2020 715/2021/2021
f 716/2022/2022 705/2023/2023 704/2024/2024
f 717/2025/2025 705/2026/2026 716/2027/2027
f 717/2028/2028 706/2029/2029 705/2030/2030
f 718/2031/2031 706/2032/2032 717/2033/2033
f 718/2034/2034 707/2035/2035 706/2036/2036
f 719/2037/2037 707/2038/2038 718/2039/2039
f 719/2040/2040 708/2041/2041 707/2042/2042
f 720/2043/2043 708/2044/2044 719/2045/2045
f 720/2046/2046 709/2047/2047 708/2048/2048
f 721/2049/2049 709/2050/2050 720/2051/2051
f 721/2052/2052 710/2053/2053 709/2054/2054
f 722/2055/2055 710/2056/2056 721/2057/2057
f 722/2058/2058 711/2059/2059 710/2060/2060
f 723/2061/2061 711/2062/2062 722/2063/2063
f 723/2064/2064 651/2065/2065 711/2066/2066
f 653/2067/2067 651/2068/2068 723/2069/2069
f 724/2070/2070 486/2071/2071 485/2072/2072
f 724/2073/2073 664/2074/2074 486/2075/2075
f 725/2076/2076 664/2077/2077 724/2078/2078
f 725/2079/2079 676/2080/2080 664/2081/2081
f 726/2082/2082 676/2083/2083 725/2084/2084
f 726/2085/2085 688/2086/2086 676/2087/2087
f 727/2088/2088 688/2089/2089 726/2090/2090
f 727/2091/2091 700/2092/2092 688/2093/2093
f 728/2094/2094 700/2095/2095 727/2096/2096
f 728/2097/2097 712/2098/2098 700/2099/2099
f 631/2100/2100 712/2101/2101 728/2102/2102
f 632/2103/2103 712/2104/2104 631/2105/2105
f 632/2106/2106 713/2107/2107 712/2108/2108
f 633/2109/2109 713/2110/2110 632/2111/2111
f 633/2112/2112 714/2113/2113 713/2114/2114
f 634/2115/2115 714/2116/2116 633/2117/2117
f 634/2118/2118 715/2119/2119 714/2120/2120
f 635/2121/2121 715/2122/2122 634/2123/2123
f 635/2124/2124 716/2125/2125 715/2126/2126
f 636/2127/2127 716/2128/2128 635/2129/2129
f 636/2130/2130 717/2131/2131 716/2132/2132
f 637/2133/2133 717/2134/2134 636/2135/2135
f 637/2136/2136 718/2137/2137 717/2138/2138
f 638/2139/2139 718/2140/2140 637/2141/2141
f 638/2142/2142 719/2143/2143 718/2144/2144
f 639/2145/2145 719/2146/2146 638/2147/2147
f 639/2148/2148 720/2149/2149 719/2150/2150
f 640/2151/2151 720/2152/2152 639/2153/2153
f 640/2154/2154 721/2155/2155 720/2156/2156
f 641/2157/2157 721/2158/2158 640/2159/2159
f 641/2160/2160 722/2161/2161 721/2162/2162
f 642/2163/2163 722/2164/2164 641/2165/2165
f 642/2166/2166 723/2167/2167 722/2168/2168
f 643/2169/2169 723/2170/2170 642/2171/2171
f 643/2172/2172 653/2173/2173 723/2174/2174
f 644/2175/2175 653/2176/2176 643/2177/2177
f 729/2178/2178 730/2179/2179 727/2180/2180
f 727/2180/2180 730/2179/2179 728/2181/2181
f 726/2182/2182 731/2183/2183 727/2184/2184
f 727/2184/2184 731/2183/2183 729/2185/2185
f 732/2186/2186 724/2187/2187 484/2188/2188
f 484/2188/2188 724/2187/2187 485/2189/2189
f 733/2190/2190 725/2191/2191 732/2192/2192
f 732/2192/2192 725/2191/2191 724/2193/2193
f 731/2194/2194 726/2195/2195 733/2196/2196
f 733/2196/2196 726/2195/2195 725/2197/2197
f 730/2198/2198 630/2199/2199 728/2200/2200
f 728/2200/2200 630/2199/2199 631/2201/2201
f 734/2202/2202 473/2203/2203 472/2204/2204
f 735/2205/2205 473/2206/2206 734/2207/2207
f 735/2208/2208 474/2209/2209 473/2210/2210
f 736/2211/2211 474/2212/2212 735/2213/2213
f 736/2214/2214 475/2215/2215 474/2216/2216
f 737/2217/2217 475/2218/2218 736/2219/2219
f 737/2220/2220 476/2221/2221 475/2222/2222
f 738/2223/2223 476/2224/2224 737/2225/2225
f 738/2226/2226 477/2227/2227 476/2228/2228
f 739/2229/2229 477/2230/2230 738/2231/2231
f 478/2232/2232 477/2233/2233 740/2234/2234
f 740/2234/2234 477/2233/2233 739/2235/2235
f 740/2236/2236 479/2237/2237 478/2238/2238
f 741/2239/2239 479/2240/2240 740/2241/2241
f 741/2242/2242 480/2243/2243 479/2244/2244
f 742/2245/2245 480/2246/2246 741/2247/2247
f 742/2248/2248 481/2249/2249 480/2250/2250
f 743/2251/2251 481/2252/2252 742/2253/2253
f 743/2254/2254 482/2255/2255 481/2256/2256
f 744/2257/2257 482/2258/2258 743/2259/2259
f 744/2260/2260 483/2261/2261 482/2262/2262
f 745/2263/2263 483/2264/2264 744/2265/2265
f 745/2266/2266 484/2267/2267 483/2268/2268
f 732/2269/2269 484/2270/2270 745/2271/2271
f 746/2272/2272 735/2273/2273 734/2274/2274
f 747/2275/2275 735/2276/2276 746/2277/2277
f 747/2278/2278 736/2279/2279 735/2280/2280
f 748/2281/2281 736/2282/2282 747/2283/2283
f 748/2284/2284 737/2285/2285 736/2286/2286
f 749/2287/2287 737/2288/2288 748/2289/2289
f 749/2290/2290 738/2291/2291 737/2292/2292
f 750/2293/2293 738/2294/2294 749/2295/2295
f 750/2296/2296 739/2297/2297 738/2298/2298
f 751/2299/2299 739/2300/2300 750/2301/2301
f 751/2302/2302 740/2303/2303 739/2304/2304
f 752/2305/2305 740/2306/2306 751/2307/2307
f 752/2308/2308 741/2309/2309 740/2310/2310
f 753/2311/2311 741/2312/2312 752/2313/2313
f 753/2314/2314 742/2315/2315 741/2316/2316
f 754/2317/2317 742/2318/2318 753/2319/2319
f 754/2320/2320 743/2321/2321 742/2322/2322
f 755/2323/2323 743/2324/2324 754/2325/2325
f 755/2326/2326 744/2327/2327 743/2328/2328
f 756/2329/2329 744/2330/2330 755/2331/2331
f 756/2332/2332 745/2333/2333 744/2334/2334
f 757/2335/2335 745/2336/2336 756/2337/2337
f 757/2338/2338 732/2339/2339 745/2340/2340
f 733/2341/2341 732/2342/2342 757/2343/2343
f 758/2344/2344 747/2345/2345 746/2346/2346
f 759/2347/2347 747/2348/2348 758/2349/2349
f 759/2350/2350 748/2351/2351 747/2352/2352
f 760/2353/2353 748/2354/2354 759/2355/2355
f 760/2356/2356 749/2357/2357 748/2358/2358
f 761/2359/2359 749/2360/2360 760/2361/2361
f 761/2362/2362 750/2363/2363 749/2364/2364
f 762/2365/2365 750/2366/2366 761/2367/2367
f 762/2368/2368 751/2369/2369 750/2370/2370
f 763/2371/2371 751/2372/2372 762/2373/2373
f 763/2374/2374 752/2375/2375 751/2376/2376
f 764/2377/2377 752/2378/2378 763/2379/2379
f 764/2380/2380 753/2381/2381 752/2382/2382
f 765/2383/2383 753/2384/2384 764/2385/2385
f 765/2386/2386 754/2387/2387 753/2388/2388
f 766/2389/2389 754/2390/2390 765/2391/2391
f 766/2392/2392 755/2393/2393 754/2394/2394
f 767/2395/2395 755/2396/2396 766/2397/2397
f 767/2398/2398 756/2399/2399 755/2400/2400
f 768/2401/2401 756/2402/2402 767/2403/2403
f 768/2404/2404 757/2405/2405 756/2406/2406
f 769/2407/2407 757/2408/2408 768/2409/2409
f 769/2410/2410 733/2411/2411 757/2412/2412
f 731/2413/2413 733/2414/2414 769/2415/2415
f 770/2416/2416 759/2417/2417 758/2418/2418
f 771/2419/2419 759/2420/2420 770/2421/2421
f 771/2422/2422 760/2423/2423 759/2424/2424
f 772/2425/2425 760/2426/2426 771/2427/2427
f 772/2428/2428 761/2429/2429 760/2430/2430
f 773/2431/2431 761/2432/2432 772/2433/2433
f 773/2434/2434 762/2435/2435 761/2436/2436
f 774/2437/2437 762/2438/2438 773/2439/2439
f 774/2440/2440 763/2441/2441 762/2442/2442
f 775/2443/2443 763/2444/2444 774/2445/2445
f 775/2446/2446 764/2447/2447 763/2448/2448
f 776/2449/2449 764/2450/2450 775/2451/2451
f 776/2452/2452 765/2453/2453 764/2454/2454
f 777/2455/2455 765/2456/2456 776/2457/2457
f 777/2458/2458 766/2459/2459 765/2460/2460
f 778/2461/2461 766/2462/2462 777/2463/2463
f 778/2464/2464 767/2465/2465 766/2466/2466
f 779/2467/2467 767/2468/2468 778/2469/2469
f 779/2470/2470 768/2471/2471 767/2472/2472
f 780/2473/2473 768/2474/2474 779/2475/2475
f 780/2476/2476 769/2477/2477 768/2478/2478
f 781/2479/2479 769/2480/2480 780/2481/2481
f 781/2482/2482 731/2483/2483 769/2484/2484
f 729/2485/2485 731/2486/2486 781/2487/2487
f 782/2488/2488 771/2489/2489 770/2490/2490
f 783/2491/2491 771/2492/2492 782/2493/2493
f 783/2494/2494 772/2495/2495 771/2496/2496
f 784/2497/2497 772/2498/2498 783/2499/2499
f 784/2500/2500 773/2501/2501 772/2502/2502
f 785/2503/2503 773/2504/2504 784/2505/2505
f 785/2506/2506 774/2507/2507 773/2508/2508
f 786/2509/2509 774/2510/2510 785/2511/2511
f 786/2512/2512 775/2513/2513 774/2514/2514
f 787/2515/2515 775/2516/2516 786/2517/2517
f 787/2518/2518 776/2519/2519 775/2520/2520
f 788/2521/2521 776/2522/2522 787/2523/2523
f 788/2524/2524 777/2525/2525 776/2526/2526
f 789/2527/2527 777/2528/2528 788/2529/2529
f 789/2530/2530 778/2531/2531 777/2532/2532
f 790/2533/2533 778/2534/2534 789/2535/2535
f 790/2536/2536 779/2537/2537 778/2538/2538
f 791/2539/2539 779/2540/2540 790/2541/2541
f 791/2542/2542 780/2543/2543 779/2544/2544
f 792/2545/2545 780/2546/2546 791/2547/2547
f 792/2548/2548 781/2549/2549 780/2550/2550
f 793/2551/2551 781/2552/2552 792/2553/2553
f 793/2554/2554 729/2555/2555 781/2556/2556
f 730/2557/2557 729/2558/2558 793/2559/2559
f 794/2560/2560 472/2561/2561 471/2562/2562
f 794/2563/2563 734/2564/2564 472/2565/2565
f 795/2566/2566 734/2567/2567 794/2568/2568
f 795/2569/2569 746/2570/2570 734/2571/2571
f 796/2572/2572 746/2573/2573 795/2574/2574
f 796/2575/2575 758/2576/2576 746/2577/2577
f 797/2578/2578 758/2579/2579 796/2580/2580
f 797/2581/2581 770/2582/2582 758/2583/2583
f 798/2584/2584 770/2585/2585 797/2586/2586
f 798/2587/2587 782/2588/2588 770/2589/2589
f 618/2590/2590 782/2591/2591 798/2592/2592
f 617/2593/2593 782/2594/2594 618/2595/2595
f 617/2596/2596 783/2597/2597 782/2598/2598
f 619/2599/2599 783/2600/2600 617/2601/2601
f 619/2602/2602 784/2603/2603 783/2604/2604
f 620/2605/2605 784/2606/2606 619/2607/2607
f 620/2608/2608 785/2609/2609 784/2610/2610
f 621/2611/2611 785/2612/2612 620/2613/2613
f 621/2614/2614 786/2615/2615 785/2616/2616
f 622/2617/2617 786/2618/2618 621/2619/2619
f 622/2620/2620 787/2621/2621 786/2622/2622
f 623/2623/2623 787/2624/2624 622/2625/2625
f 623/2626/2626 788/2627/2627 787/2628/2628
f 624/2629/2629 788/2630/2630 623/2631/2631
f 624/2632/2632 789/2633/2633 788/2634/2634
f 625/2635/2635 789/2636/2636 624/2637/2637
f 625/2638/2638 790/2639/2639 789/2640/2640
f 626/2641/2641 790/2642/2642 625/2643/2643
f 626/2644/2644 791/2645/2645 790/2646/2646
f 627/2647/2647 791/2648/2648 626/2649/2649
f 627/2650/2650 792/2651/2651 791/2652/2652
f 628/2653/2653 792/2654/2654 627/2655/2655
f 628/2656/2656 793/2657/2657 792/2658/2658
f 629/2659/2659 793/2660/2660 628/2661/2661
f 629/2662/2662 730/2663/2663 793/2664/2664
f 630/2665/2665 730/2666/2666 629/2667/2667
f 799/2668/2668 800/2669/2669 801/2670/2670
f 802/2671/2671 800/2672/2672 799/2673/2673
f 802/2674/2674 803/2675/2675 800/2676/2676
f 804/2677/2677 803/2678/2678 802/2679/2679
f 804/2680/2680 805/2681/2681 803/2682/2682
f 804/2683/2683 806/2684/2684 805/2685/2685
f 807/2686/2686 806/2687/2687 804/2688/2688
f 807/2689/2689 808/2690/2690 806/2691/2691
f 809/2692/2692 808/2693/2693 807/2694/2694
f 809/2695/2695 810/2696/2696 808/2697/2697
f 811/2698/2698 810/2699/2699 809/2700/2700
f 811/2701/2701 471/2702/2702 470/2703/2703
f 811/2704/2704 794/2705/2705 471/2706/2706
f 809/2707/2707 794/2708/2708 811/2709/2709
f 795/2710/2710 794/2711/2711 807/2712/2712
f 807/2712/2712 794/2711/2711 809/2713/2713
f 796/2714/2714 795/2715/2715 804/2716/2716
f 804/2716/2716 795/2715/2715 807/2717/2717
f 797/2718/2718 796/2719/2719 802/2720/2720
f 802/2720/2720 796/2719/2719 804/2721/2721
f 798/2722/2722 797/2723/2723 799/2724/2724
f 799/2724/2724 797/2723/2723 802/2725/2725
f 618/2726/2726 801/2727/2727 812/2728/2728
f 618/2729/2729 799/2730/2730 801/2731/2731
f 798/2732/2732 799/2733/2733 618/2734/2734
f 445/2735/2735 444/2736/2736 545/2737/2737
f 545/2737/2737 444/2736/2736 546/2738/2738
f 446/2739/2739 445/2740/2740 544/2741/2741
f 544/2741/2741 445/2740/2740 545/2742/2742
f 447/2743/2743 446/2744/2744 543/2745/2745
f 543/2745/2745 446/2744/2744 544/2746/2746
f 448/2747/2747 447/2748/2748 542/2749/2749
f 542/2749/2749 447/2748/2748 543/2750/2750
f 449/2751/2751 448/2752/2752 541/2753/2753
f 541/2753/2753 448/2752/2752 542/2754/2754
f 541/2755/2755 499/2756/2756 449/2757/2757
f 449/2757/2757 499/2756/2756 450/2758/2758
f 532/2759/2759 531/2760/2760 551/2761/2761
f 551/2761/2761 531/2760/2760 552/2762/2762
f 533/2763/2763 532/2764/2764 550/2765/2765
f 550/2765/2765 532/2764/2764 551/2766/2766
f 534/2767/2767 533/2768/2768 549/2769/2769
f 549/2769/2769 533/2768/2768 550/2770/2770
f 535/2771/2771 534/2772/2772 548/2773/2773
f 548/2773/2773 534/2772/2772 549/2774/2774
f 536/2775/2775 535/2776/2776 547/2777/2777
f 547/2777/2777 535/2776/2776 548/2778/2778
f 547/2779/2779 469/2780/2780 536/2781/2781
f 536/2781/2781 469/2780/2780 468/2782/2782
f 573/2783/2783 813/2784/2784 574/2785/2785
f 574/2785/2785 813/2784/2784 814/2786/2786
f 572/2787/2787 815/2788/2788 573/2789/2789
f 573/2789/2789 815/2788/2788 813/2790/2790
f 571/2791/2791 816/2792/2792 572/2793/2793
f 572/2793/2793 816/2792/2792 815/2794/2794
f 570/2795/2795 817/2796/2796 571/2797/2797
f 571/2797/2797 817/2796/2796 816/2798/2798
f 569/2799/2799 818/2800/2800 570/2801/2801
f 570/2801/2801 818/2800/2800 817/2802/2802
f 568/2803/2803 819/2804/2804 569/2805/2805
f 569/2805/2805 819/2804/2804 818/2806/2806
f 567/2807/2807 820/2808/2808 568/2809/2809
f 568/2809/2809 820/2808/2808 819/2810/2810
f 566/2811/2811 821/2812/2812 567/2813/2813
f 567/2813/2813 821/2812/2812 820/2814/2814
f 565/2815/2815 822/2816/2816 566/2817/2817
f 566/2817/2817 822/2816/2816 821/2818/2818
f 564/2819/2819 823/2820/2820 565/2821/2821
f 565/2821/2821 823/2820/2820 822/2822/2822
f 563/2823/2823 824/2824/2824 564/2825/2825
f 564/2825/2825 824/2824/2824 823/2826/2826
f 562/2827/2827 825/2828/2828 563/2829/2829
f 563/2829/2829 825/2828/2828 824/2830/2830
f 561/2831/2831 826/2832/2832 562/2833/2833
f 562/2833/2833 826/2832/2832 825/2834/2834
f 826/2835/2835 561/2836/2836 827/2837/2837
f 827/2837/2837 561/2836/2836 616/2838/2838
f 615/2839/2839 828/2840/2840 616/2841/2841
f 616/2841/2841 828/2840/2840 827/2842/2842
f 614/2843/2843 829/2844/2844 615/2845/2845
f 615/2845/2845 829/2844/2844 828/2846/2846
f 613/2847/2847 830/2848/2848 614/2849/2849
f 614/2849/2849 830/2848/2848 829/2850/2850
f 612/2851/2851 831/2852/2852 613/2853/2853
f 613/2853/2853 831/2852/2852 830/2854/2854
f 611/2855/2855 832/2856/2856 612/2857/2857
f 612/2857/2857 832/2856/2856 831/2858/2858
f 610/2859/2859 833/2860/2860 611/2861/2861
f 611/2861/2861 833/2860/2860 832/2862/2862
f 609/2863/2863 834/2864/2864 610/2865/2865
f 610/2865/2865 834/2864/2864 833/2866/2866
f 608/2867/2867 835/2868/2868 609/2869/2869
f 609/2869/2869 835/2868/2868 834/2870/2870
f 607/2871/2871 836/2872/2872 608/2873/2873
f 608/2873/2873 836/2872/2872 835/2874/2874
f 606/2875/2875 837/2876/2876 607/2877/2877
f 607/2877/2877 837/2876/2876 836/2878/2878
f 605/2879/2879 838/2880/2880 606/2881/2881
f 606/2881/2881 838/2880/2880 837/2882/2882
f 604/2883/2883 839/2884/2884 605/2885/2885
f 605/2885/2885 839/2884/2884 838/2886/2886
f 603/2887/2887 840/2888/2888 604/2889/2889
f 604/2889/2889 840/2888/2888 839/2890/2890
f 841/2891/2891 842/2892/2892 453/2893/2893
f 844/2894/2894 842/2895/2895 843/2896/2896
f 843/2896/2896 842/2895/2895 841/2897/2897
f 846/2898/2898 844/2899/2899 845/2900/2900
f 845/2900/2900 844/2899/2899 843/2901/2901
f 848/2902/2902 846/2903/2903 847/2904/2904
f 847/2904/2904 846/2903/2903 845/2905/2905
f 850/2906/2906 848/2907/2907 849/2908/2908
f 849/2908/2908 848/2907/2907 847/2909/2909
f 851/2910/2910 850/2911/2911 840/2912/2912
f 840/2912/2912 850/2911/2911 849/2913/2913
f 852/2914/2914 850/2915/2915 851/2916/2916
f 853/2917/2917 850/2918/2918 852/2919/2919
f 853/2920/2920 848/2921/2921 850/2922/2922
f 854/2923/2923 848/2924/2924 853/2925/2925
f 854/2926/2926 846/2927/2927 848/2928/2928
f 855/2929/2929 846/2930/2930 854/2931/2931
f 856/2932/2932 846/2933/2933 855/2934/2934
f 856/2935/2935 844/2936/2936 846/2937/2937
f 857/2938/2938 844/2939/2939 856/2940/2940
f 857/2941/2941 842/2942/2942 844/2943/2943
f 858/2944/2944 842/2945/2945 857/2946/2946
f 859/2947/2947 842/2948/2948 858/2949/2949
f 859/2950/2950 453/2951/2951 842/2952/2952
f 454/2953/2953 453/2954/2954 859/2955/2955
f 860/2956/2956 517/2957/2957 516/2958/2958
f 861/2959/2959 517/2960/2960 860/2961/2961
f 861/2962/2962 518/2963/2963 517/2964/2964
f 862/2965/2965 518/2966/2966 861/2967/2967
f 862/2968/2968 519/2969/2969 518/2970/2970
f 863/2971/2971 519/2972/2972 862/2973/2973
f 863/2974/2974 520/2975/2975 519/2976/2976
f 864/2977/2977 520/2978/2978 863/2979/2979
f 864/2980/2980 521/2981/2981 520/2982/2982
f 865/2983/2983 521/2984/2984 864/2985/2985
f 866/2986/2986 522/2987/2987 865/2988/2988
f 865/2988/2988 522/2987/2987 521/2989/2989
f 866/2990/2990 523/2991/2991 522/2992/2992
f 867/2993/2993 523/2994/2994 866/2995/2995
f 867/2996/2996 524/2997/2997 523/2998/2998
f 868/2999/2999 524/3000/3000 867/3001/3001
f 868/3002/3002 525/3003/3003 524/3004/3004
f 869/3005/3005 525/3006/3006 868/3007/3007
f 869/3008/3008 526/3009/3009 525/3010/3010
f 870/3011/3011 526/3012/3012 869/3013/3013
f 870/3014/3014 527/3015/3015 526/3016/3016
f 871/3017/3017 527/3018/3018 870/3019/3019
f 871/3020/3020 453/3021/3021 527/3022/3022
f 841/3023/3023 453/3024/3024 871/3025/3025
f 872/3026/3026 861/3027/3027 860/3028/3028
f 873/3029/3029 861/3030/3030 872/3031/3031
f 873/3032/3032 862/3033/3033 861/3034/3034
f 874/3035/3035 862/3036/3036 873/3037/3037
f 874/3038/3038 863/3039/3039 862/3040/3040
f 875/3041/3041 863/3042/3042 874/3043/3043
f 875/3044/3044 864/3045/3045 863/3046/3046
f 876/3047/3047 864/3048/3048 875/3049/3049
f 876/3050/3050 865/3051/3051 864/3052/3052
f 877/3053/3053 865/3054/3054 876/3055/3055
f 877/3056/3056 866/3057/3057 865/3058/3058
f 878/3059/3059 866/3060/3060 877/3061/3061
f 878/3062/3062 867/3063/3063 866/3064/3064
f 879/3065/3065 867/3066/3066 878/3067/3067
f 879/3068/3068 868/3069/3069 867/3070/3070
f 880/3071/3071 868/3072/3072 879/3073/3073
f 880/3074/3074 869/3075/3075 868/3076/3076
f 881/3077/3077 869/3078/3078 880/3079/3079
f 881/3080/3080 870/3081/3081 869/3082/3082
f 882/3083/3083 870/3084/3084 881/3085/3085
f 882/3086/3086 871/3087/3087 870/3088/3088
f 883/3089/3089 871/3090/3090 882/3091/3091
f 883/3092/3092 841/3093/3093 871/3094/3094
f 843/3095/3095 841/3096/3096 883/3097/3097
f 884/3098/3098 873/3099/3099 872/3100/3100
f 885/3101/3101 873/3102/3102 884/3103/3103
f 885/3104/3104 874/3105/3105 873/3106/3106
f 886/3107/3107 874/3108/3108 885/3109/3109
f 886/3110/3110 875/3111/3111 874/3112/3112
f 887/3113/3113 875/3114/3114 886/3115/3115
f 887/3116/3116 876/3117/3117 875/3118/3118
f 888/3119/3119 876/3120/3120 887/3121/3121
f 888/3122/3122 877/3123/3123 876/3124/3124
f 889/3125/3125 877/3126/3126 888/3127/3127
f 889/3128/3128 878/3129/3129 877/3130/3130
f 890/3131/3131 878/3132/3132 889/3133/3133
f 890/3134/3134 879/3135/3135 878/3136/3136
f 891/3137/3137 879/3138/3138 890/3139/3139
f 891/3140/3140 880/3141/3141 879/3142/3142
f 892/3143/3143 880/3144/3144 891/3145/3145
f 892/3146/3146 881/3147/3147 880/3148/3148
f 893/3149/3149 881/3150/3150 892/3151/3151
f 893/3152/3152 882/3153/3153 881/3154/3154
f 894/3155/3155 882/3156/3156 893/3157/3157
f 894/3158/3158 883/3159/3159 882/3160/3160
f 895/3161/3161 883/3162/3162 894/3163/3163
f 895/3164/3164 843/3165/3165 883/3166/3166
f 845/3167/3167 843/3168/3168 895/3169/3169
f 896/3170/3170 885/3171/3171 884/3172/3172
f 897/3173/3173 885/3174/3174 896/3175/3175
f 897/3176/3176 886/3177/3177 885/3178/3178
f 898/3179/3179 886/3180/3180 897/3181/3181
f 898/3182/3182 887/3183/3183 886/3184/3184
f 899/3185/3185 887/3186/3186 898/3187/3187
f 899/3188/3188 888/3189/3189 887/3190/3190
f 900/3191/3191 888/3192/3192 899/3193/3193
f 900/3194/3194 889/3195/3195 888/3196/3196
f 901/3197/3197 889/3198/3198 900/3199/3199
f 901/3200/3200 890/3201/3201 889/3202/3202
f 902/3203/3203 890/3204/3204 901/3205/3205
f 902/3206/3206 891/3207/3207 890/3208/3208
f 903/3209/3209 891/3210/3210 902/3211/3211
f 903/3212/3212 892/3213/3213 891/3214/3214
f 904/3215/3215 892/3216/3216 903/3217/3217
f 904/3218/3218 893/3219/3219 892/3220/3220
f 905/3221/3221 893/3222/3222 904/3223/3223
f 905/3224/3224 894/3225/3225 893/3226/3226
f 906/3227/3227 894/3228/3228 905/3229/3229
f 906/3230/3230 895/3231/3231 894/3232/3232
f 907/3233/3233 895/3234/3234 906/3235/3235
f 907/3236/3236 845/3237/3237 895/3238/3238
f 847/3239/3239 845/3240/3240 907/3241/3241
f 908/3242/3242 897/3243/3243 896/3244/3244
f 909/3245/3245 897/3246/3246 908/3247/3247
f 909/3248/3248 898/3249/3249 897/3250/3250
f 910/3251/3251 898/3252/3252 909/3253/3253
f 910/3254/3254 899/3255/3255 898/3256/3256
f 911/3257/3257 899/3258/3258 910/3259/3259
f 911/3260/3260 900/3261/3261 899/3262/3262
f 912/3263/3263 900/3264/3264 911/3265/3265
f 912/3266/3266 901/3267/3267 900/3268/3268
f 913/3269/3269 901/3270/3270 912/3271/3271
f 913/3272/3272 902/3273/3273 901/3274/3274
f 914/3275/3275 902/3276/3276 913/3277/3277
f 914/3278/3278 903/3279/3279 902/3280/3280
f 915/3281/3281 903/3282/3282 914/3283/3283
f 915/3284/3284 904/3285/3285 903/3286/3286
f 916/3287/3287 904/3288/3288 915/3289/3289
f 916/3290/3290 905/3291/3291 904/3292/3292
f 917/3293/3293 905/3294/3294 916/3295/3295
f 917/3296/3296 906/3297/3297 905/3298/3298
f 918/3299/3299 906/3300/3300 917/3301/3301
f 918/3302/3302 907/3303/3303 906/3304/3304
f 919/3305/3305 907/3306/3306 918/3307/3307
f 919/3308/3308 847/3309/3309 907/3310/3310
f 849/3311/3311 847/3312/3312 919/3313/3313
f 920/3314/3314 516/3315/3315 515/3316/3316
f 920/3317/3317 860/3318/3318 516/3319/3319
f 921/3320/3320 860/3321/3321 920/3322/3322
f 921/3323/3323 872/3324/3324 860/3325/3325
f 922/3326/3326 872/3327/3327 921/3328/3328
f 922/3329/3329 884/3330/3330 872/3331/3331
f 923/3332/3332 884/3333/3333 922/3334/3334
f 923/3335/3335 896/3336/3336 884/3337/3337
f 924/3338/3338 896/3339/3339 923/3340/3340
f 924/3341/3341 908/3342/3342 896/3343/3343
f 827/3344/3344 908/3345/3345 924/3346/3346
f 828/3347/3347 908/3348/3348 827/3349/3349
f 828/3350/3350 909/3351/3351 908/3352/3352
f 829/3353/3353 909/3354/3354 828/3355/3355
f 829/3356/3356 910/3357/3357 909/3358/3358
f 830/3359/3359 910/3360/3360 829/3361/3361
f 830/3362/3362 911/3363/3363 910/3364/3364
f 831/3365/3365 911/3366/3366 830/3367/3367
f 831/3368/3368 912/3369/3369 911/3370/3370
f 832/3371/3371 912/3372/3372 831/3373/3373
f 832/3374/3374 913/3375/3375 912/3376/3376
f 833/3377/3377 913/3378/3378 832/3379/3379
f 833/3380/3380 914/3381/3381 913/3382/3382
f 834/3383/3383 914/3384/3384 833/3385/3385
f 834/3386/3386 915/3387/3387 914/3388/3388
f 835/3389/3389 915/3390/3390 834/3391/3391
f 835/3392/3392 916/3393/3393 915/3394/3394
f 836/3395/3395 916/3396/3396 835/3397/3397
f 836/3398/3398 917/3399/3399 916/3400/3400
f 837/3401/3401 917/3402/3402 836/3403/3403
f 837/3404/3404 918/3405/3405 917/3406/3406
f 838/3407/3407 918/3408/3408 837/3409/3409
f 838/3410/3410 919/3411/3411 918/3412/3412
f 839/3413/3413 919/3414/3414 838/3415/3415
f 839/3416/3416 849/3417/3417 919/3418/3418
f 840/3419/3419 849/3420/3420 839/3421/3421
f 925/3422/3422 926/3423/3423 923/3424/3424
f 923/3424/3424 926/3423/3423 924/3425/3425
f 922/3426/3426 927/3427/3427 923/3428/3428
f 923/3428/3428 927/3427/3427 925/3429/3429
f 928/3430/3430 920/3431/3431 514/3432/3432
f 514/3432/3432 920/3431/3431 515/3433/3433
f 929/3434/3434 921/3435/3435 928/3436/3436
f 928/3436/3436 921/3435/3435 920/3437/3437
f 927/3438/3438 922/3439/3439 929/3440/3440
f 929/3440/3440 922/3439/3439 921/3441/3441
f 926/3442/3442 826/3443/3443 924/3444/3444
f 924/3444/3444 826/3443/3443 827/3445/3445
f 930/3446/3446 503/3447/3447 502/3448/3448
f 931/3449/3449 503/3450/3450 930/3451/3451
f 931/3452/3452 504/3453/3453 503/3454/3454
f 932/3455/3455 504/3456/3456 931/3457/3457
f 932/3458/3458 505/3459/3459 504/3460/3460
f 933/3461/3461 505/3462/3462 932/3463/3463
f 933/3464/3464 506/3465/3465 505/3466/3466
f 934/3467/3467 506/3468/3468 933/3469/3469
f 934/3470/3470 507/3471/3471 506/3472/3472
f 935/3473/3473 507/3474/3474 934/3475/3475
f 935/3476/3476 508/3477/3477 507/3478/3478
f 936/3479/3479 508/3480/3480 935/3481/3481
f 936/3482/3482 509/3483/3483 508/3484/3484
f 937/3485/3485 509/3486/3486 936/3487/3487
f 937/3488/3488 510/3489/3489 509/3490/3490
f 938/3491/3491 510/3492/3492 937/3493/3493
f 938/3494/3494 511/3495/3495 510/3496/3496
f 939/3497/3497 511/3498/3498 938/3499/3499
f 939/3500/3500 512/3501/3501 511/3502/3502
f 940/3503/3503 512/3504/3504 939/3505/3505
f 940/3506/3506 513/3507/3507 512/3508/3508
f 941/3509/3509 513/3510/3510 940/3511/3511
f 941/3512/3512 514/3513/3513 513/3514/3514
f 928/3515/3515 514/3516/3516 941/3517/3517
f 942/3518/3518 931/3519/3519 930/3520/3520
f 943/3521/3521 931/3522/3522 942/3523/3523
f 943/3524/3524 932/3525/3525 931/3526/3526
f 944/3527/3527 932/3528/3528 943/3529/3529
f 944/3530/3530 933/3531/3531 932/3532/3532
f 945/3533/3533 933/3534/3534 944/3535/3535
f 945/3536/3536 934/3537/3537 933/3538/3538
f 946/3539/3539 934/3540/3540 945/3541/3541
f 946/3542/3542 935/3543/3543 934/3544/3544
f 947/3545/3545 935/3546/3546 946/3547/3547
f 947/3548/3548 936/3549/3549 935/3550/3550
f 948/3551/3551 936/3552/3552 947/3553/3553
f 948/3554/3554 937/3555/3555 936/3556/3556
f 949/3557/3557 937/3558/3558 948/3559/3559
f 949/3560/3560 938/3561/3561 937/3562/3562
f 950/3563/3563 938/3564/3564 949/3565/3565
f 950/3566/3566 939/3567/3567 938/3568/3568
f 951/3569/3569 939/3570/3570 950/3571/3571
f 951/3572/3572 940/3573/3573 939/3574/3574
f 952/3575/3575 940/3576/3576 951/3577/3577
f 952/3578/3578 941/3579/3579 940/3580/3580
f 953/3581/3581 941/3582/3582 952/3583/3583
f 953/3584/3584 928/3585/3585 941/3586/3586
f 929/3587/3587 928/3588/3588 953/3589/3589
f 954/3590/3590 943/3591/3591 942/3592/3592
f 955/3593/3593 943/3594/3594 954/3595/3595
f 955/3596/3596 944/3597/3597 943/3598/3598
f 956/3599/3599 944/3600/3600 955/3601/3601
f 956/3602/3602 945/3603/3603 944/3604/3604
f 957/3605/3605 945/3606/3606 956/3607/3607
f 957/3608/3608 946/3609/3609 945/3610/3610
f 958/3611/3611 946/3612/3612 957/3613/3613
f 958/3614/3614 947/3615/3615 946/3616/3616
f 959/3617/3617 947/3618/3618 958/3619/3619
f 948/3620/3620 947/3621/3621 960/3622/3622
f 960/3622/3622 947/3621/3621 959/3623/3623
f 960/3624/3624 949/3625/3625 948/3626/3626
f 961/3627/3627 949/3628/3628 960/3629/3629
f 961/3630/3630 950/3631/3631 949/3632/3632
f 962/3633/3633 950/3634/3634 961/3635/3635
f 962/3636/3636 951/3637/3637 950/3638/3638
f 963/3639/3639 951/3640/3640 962/3641/3641
f 963/3642/3642 952/3643/3643 951/3644/3644
f 964/3645/3645 952/3646/3646 963/3647/3647
f 964/3648/3648 953/3649/3649 952/3650/3650
f 965/3651/3651 953/3652/3652 964/3653/3653
f 965/3654/3654 929/3655/3655 953/3656/3656
f 927/3657/3657 929/3658/3658 965/3659/3659
f 966/3660/3660 955/3661/3661 954/3662/3662
f 967/3663/3663 955/3664/3664 966/3665/3665
f 967/3666/3666 956/3667/3667 955/3668/3668
f 968/3669/3669 956/3670/3670 967/3671/3671
f 968/3672/3672 957/3673/3673 956/3674/3674
f 969/3675/3675 957/3676/3676 968/3677/3677
f 969/3678/3678 958/3679/3679 957/3680/3680
f 970/3681/3681 958/3682/3682 969/3683/3683
f 970/3684/3684 959/3685/3685 958/3686/3686
f 971/3687/3687 959/3688/3688 970/3689/3689
f 971/3690/3690 960/3691/3691 959/3692/3692
f 972/3693/3693 960/3694/3694 971/3695/3695
f 972/3696/3696 961/3697/3697 960/3698/3698
f 973/3699/3699 961/3700/3700 972/3701/3701
f 973/3702/3702 962/3703/3703 961/3704/3704
f 974/3705/3705 962/3706/3706 973/3707/3707
f 974/3708/3708 963/3709/3709 962/3710/3710
f 975/3711/3711 963/3712/3712 974/3713/3713
f 975/3714/3714 964/3715/3715 963/3716/3716
f 976/3717/3717 964/3718/3718 975/3719/3719
f 976/3720/3720 965/3721/3721 964/3722/3722
f 977/3723/3723 965/3724/3724 976/3725/3725
f 977/3726/3726 927/3727/3727 965/3728/3728
f 925/3729/3729 927/3730/3730 977/3731/3731
f 978/3732/3732 967/3733/3733 966/3734/3734
f 979/3735/3735 967/3736/3736 978/3737/3737
f 979/3738/3738 968/3739/3739 967/3740/3740
f 980/3741/3741 968/3742/3742 979/3743/3743
f 980/3744/3744 969/3745/3745 968/3746/3746
f 981/3747/3747 969/3748/3748 980/3749/3749
f 981/3750/3750 970/3751/3751 969/3752/3752
f 982/3753/3753 970/3754/3754 981/3755/3755
f 982/3756/3756 971/3757/3757 970/3758/3758
f 983/3759/3759 971/3760/3760 982/3761/3761
f 983/3762/3762 972/3763/3763 971/3764/3764
f 984/3765/3765 972/3766/3766 983/3767/3767
f 984/3768/3768 973/3769/3769 972/3770/3770
f 985/3771/3771 973/3772/3772 984/3773/3773
f 985/3774/3774 974/3775/3775 973/3776/3776
f 986/3777/3777 974/3778/3778 985/3779/3779
f 986/3780/3780 975/3781/3781 974/3782/3782
f 987/3783/3783 975/3784/3784 986/3785/3785
f 987/3786/3786 976/3787/3787 975/3788/3788
f 988/3789/3789 976/3790/3790 987/3791/3791
f 988/3792/3792 977/3793/3793 976/3794/3794
f 989/3795/3795 977/3796/3796 988/3797/3797
f 989/3798/3798 925/3799/3799 977/3800/3800
f 926/3801/3801 925/3802/3802 989/3803/3803
f 990/3804/3804 502/3805/3805 501/3806/3806
f 990/3807/3807 930/3808/3808 502/3809/3809
f 991/3810/3810 930/3811/3811 990/3812/3812
f 991/3813/3813 942/3814/3814 930/3815/3815
f 992/3816/3816 942/3817/3817 991/3818/3818
f 992/3819/3819 954/3820/3820 942/3821/3821
f 993/3822/3822 954/3823/3823 992/3824/3824
f 993/3825/3825 966/3826/3826 954/3827/3827
f 994/3828/3828 966/3829/3829 993/3830/3830
f 994/3831/3831 978/3832/3832 966/3833/3833
f 814/3834/3834 978/3835/3835 994/3836/3836
f 813/3837/3837 978/3838/3838 814/3839/3839
f 813/3840/3840 979/3841/3841 978/3842/3842
f 815/3843/3843 979/3844/3844 813/3845/3845
f 815/3846/3846 980/3847/3847 979/3848/3848
f 816/3849/3849 980/3850/3850 815/3851/3851
f 816/3852/3852 981/3853/3853 980/3854/3854
f 817/3855/3855 981/3856/3856 816/3857/3857
f 817/3858/3858 982/3859/3859 981/3860/3860
f 818/3861/3861 982/3862/3862 817/3863/3863
f 818/3864/3864 983/3865/3865 982/3866/3866
f 819/3867/3867 983/3868/3868 818/3869/3869
f 819/3870/3870 984/3871/3871 983/3872/3872
f 820/3873/3873 984/3874/3874 819/3875/3875
f 820/3876/3876 985/3877/3877 984/3878/3878
f 821/3879/3879 985/3880/3880 820/3881/3881
f 821/3882/3882 986/3883/3883 985/3884/3884
f 822/3885/3885 986/3886/3886 821/3887/3887
f 822/3888/3888 987/3889/3889 986/3890/3890
f 823/3891/3891 987/3892/3892 822/3893/3893
f 823/3894/3894 988/3895/3895 987/3896/3896
f 824/3897/3897 988/3898/3898 823/3899/3899
f 824/3900/3900 989/3901/3901 988/3902/3902
f 825/3903/3903 989/3904/3904 824/3905/3905
f 825/3906/3906 926/3907/3907 989/3908/3908
f 826/3909/3909 926/3910/3910 825/3911/3911
f 995/3912/3912 996/3913/3913 997/3914/3914
f 998/3915/3915 996/3916/3916 995/3917/3917
f 998/3918/3918 999/3919/3919 996/3920/3920
f 1000/3921/3921 999/3922/3922 998/3923/3923
f 1000/3924/3924 1001/3925/3925 999/3926/3926
f 1000/3927/3927 1002/3928/3928 1001/3929/3929
f 1003/3930/3930 1002/3931/3931 1000/3932/3932
f 1003/3933/3933 1004/3934/3934 1002/3935/3935
f 1005/3936/3936 1004/3937/3937 1003/3938/3938
f 1005/3939/3939 1006/3940/3940 1004/3941/3941
f 1007/3942/3942 1006/3943/3943 1005/3944/3944
f 1007/3945/3945 501/3946/3946 500/3947/3947
f 1007/3948/3948 990/3949/3949 501/3950/3950
f 1005/3951/3951 990/3952/3952 1007/3953/3953
f 991/3954/3954 990/3955/3955 1003/3956/3956
f 1003/3956/3956 990/3955/3955 1005/3957/3957
f 992/3958/3958 991/3959/3959 1000/3960/3960
f 1000/3960/3960 991/3959/3959 1003/3961/3961
f 993/3962/3962 992/3963/3963 998/3964/3964
f 998/3964/3964 992/3963/3963 1000/3965/3965
f 994/3966/3966 993/3967/3967 995/3968/3968
f 995/3968/3968 993/3967/3967 998/3969/3969
f 814/3970/3970 997/3971/3971 1008/3972/3972
f 814/3973/3973 995/3974/3974 997/3975/3975
f 994/3976/3976 995/3977/3977 814/3978/3978
f 369/3979/3979 76/3980/3980 500/3981/3981
f 500/3981/3981 76/3980/3980 75/3982/3982
f 1007/3983/3983 500/3984/3984 75/3985/3985
f 73/3986/3986 1009/3987/3987 74/3988/3988
f 74/3988/3988 1009/3987/3987 1010/3989/3989
f 72/3990/3990 1011/3991/3991 73/3992/3992
f 73/3992/3992 1011/3991/3991 1009/3993/3993
f 71/3994/3994 1012/3995/3995 72/3996/3996
f 72/3996/3996 1012/3995/3995 1011/3997/3997
f 70/3998/3998 1013/3999/3999 71/4000/4000
f 71/4000/4000 1013/3999/3999 1012/4001/4001
f 1008/4002/4002 1013/4003/4003 69/4004/4004
f 69/4004/4004 1013/4003/4003 70/4005/4005
f 997/4006/4006 1013/4007/4007 1008/4008/4008
f 996/4009/4009 1013/4010/4010 997/4011/4011
f 996/4012/4012 1012/4013/4013 1013/4014/4014
f 999/4015/4015 1012/4016/4016 996/4017/4017
f 999/4018/4018 1011/4019/4019 1012/4020/4020
f 1001/4021/4021 1011/4022/4022 999/4023/4023
f 1002/4024/4024 1011/4025/4025 1001/4026/4026
f 1002/4027/4027 1009/4028/4028 1011/4029/4029
f 1004/4030/4030 1009/4031/4031 1002/4032/4032
f 1004/4033/4033 1010/4034/4034 1009/4035/4035
f 1006/4036/4036 1010/4037/4037 1004/4038/4038
f 1007/4039/4039 1010/4040/4040 1006/4041/4041
f 75/4042/4042 1010/4043/4043 1007/4044/4044
f 74/4045/4045 1010/4046/4046 75/4047/4047
f 1014/4048/4048 655/4049/4049 443/4050/4050
f 443/4050/4050 655/4049/4049 444/4051/4051
f 444/4051/4051 655/4049/4049 575/4052/4052
f 444/4051/4051 575/4052/4052 574/4053/4053
f 655/4049/4049 644/4054/4054 575/4052/4052
f 814/4055/4055 1008/4056/4056 574/4053/4053
f 574/4053/4053 1008/4056/4056 546/4057/4057
f 574/4053/4053 546/4057/4057 444/4051/4051
f 1008/4056/4056 69/4058/4058 546/4057/4057
f 546/4057/4057 69/4058/4058 68/4059/4059
f 439/4060/4060 438/4061/4061 539/4062/4062
f 539/4062/4062 438/4061/4061 440/4063/4063
f 539/4062/4062 440/4063/4063 1015/4064/4064
f 1015/4064/4064 1016/4065/4065 539/4062/4062
f 539/4062/4062 1016/4065/4065 1017/4066/4066
f 539/4062/4062 1017/4066/4066 1018/4067/4067
f 1018/4067/4067 1019/4068/4068 539/4062/4062
f 539/4062/4062 1019/4068/4068 1014/4069/4069
f 539/4062/4062 1014/4069/4069 451/4070/4070
f 451/4070/4070 1014/4069/4069 452/4071/4071
f 452/4071/4071 1014/4069/4069 443/4072/4072
f 452/4071/4071 443/4072/4072 538/4073/4073
f 538/4073/4073 443/4072/4072 442/4074/4074
f 656/4075/4075 655/4076/4076 1014/4077/4077
f 663/4078/4078 440/4079/4079 441/4080/4080
f 1015/4081/4081 440/4082/4082 663/4083/4083
f 1018/4084/4084 1020/4085/4085 1019/4086/4086
f 1019/4086/4086 1020/4085/4085 1021/4087/4087
f 1017/4088/4088 1022/4089/4089 1018/4090/4090
f 1018/4090/4090 1022/4089/4089 1020/4091/4091
f 1016/4092/4092 1023/4093/4093 1017/4094/4094
f 1017/4094/4094 1023/4093/4093 1022/4095/4095
f 1015/4096/4096 1024/4097/4097 1016/4098/4098
f 1016/4098/4098 1024/4097/4097 1023/4099/4099
f 663/4100/4100 1024/4101/4101 1015/4102/4102
f 662/4103/4103 1024/4104/4104 663/4105/4105
f 661/4106/4106 1024/4107/4107 662/4108/4108
f 661/4109/4109 1023/4110/4110 1024/4111/4111
f 660/4112/4112 1023/4113/4113 661/4114/4114
f 660/4115/4115 1022/4116/4116 1023/4117/4117
f 659/4118/4118 1022/4119/4119 660/4120/4120
f 658/4121/4121 1022/4122/4122 659/4123/4123
f 658/4124/4124 1020/4125/4125 1022/4126/4126
f 657/4127/4127 1020/4128/4128 658/4129/4129
f 657/4130/4130 1021/4131/4131 1020/4132/4132
f 656/4133/4133 1021/4134/4134 657/4135/4135
f 1014/4136/4136 1021/4137/4137 656/4138/4138
f 1019/4139/4139 1021/4140/4140 1014/4141/4141
f 364/4142/4142 363/4143/4143 470/4144/4144
f 470/4144/4144 363/4143/4143 559/4145/4145
f 811/4146/4146 470/4147/4147 559/4148/4148
f 557/4149/4149 1025/4150/4150 558/4151/4151
f 558/4151/4151 1025/4150/4150 1026/4152/4152
f 556/4153/4153 1027/4154/4154 557/4155/4155
f 557/4155/4155 1027/4154/4154 1025/4156/4156
f 555/4157/4157 1028/4158/4158 556/4159/4159
f 556/4159/4159 1028/4158/4158 1027/4160/4160
f 554/4161/4161 1029/4162/4162 555/4163/4163
f 555/4163/4163 1029/4162/4162 1028/4164/4164
f 812/4165/4165 1029/4166/4166 560/4167/4167
f 560/4167/4167 1029/4166/4166 554/4168/4168
f 801/4169/4169 1029/4170/4170 812/4171/4171
f 800/4172/4172 1029/4173/4173 801/4174/4174
f 800/4175/4175 1028/4176/4176 1029/4177/4177
f 803/4178/4178 1028/4179/4179 800/4180/4180
f 803/4181/4181 1027/4182/4182 1028/4183/4183
f 805/4184/4184 1027/4185/4185 803/4186/4186
f 806/4187/4187 1027/4188/4188 805/4189/4189
f 806/4190/4190 1025/4191/4191 1027/4192/4192
f 808/4193/4193 1025/4194/4194 806/4195/4195
f 808/4196/4196 1026/4197/4197 1025/4198/4198
f 810/4199/4199 1026/4200/4200 808/4201/4201
f 811/4202/4202 1026/4203/4203 810/4204/4204
f 559/4205/4205 1026/4206/4206 811/4207/4207
f 558/4208/4208 1026/4209/4209 559/4210/4210
f 1030/4211/4211 851/4212/4212 537/4213/4213
f 537/4213/4213 851/4212/4212 531/4214/4214
f 531/4214/4214 851/4212/4212 603/4215/4215
f 531/4214/4214 603/4215/4215 552/4216/4216
f 552/4216/4216 603/4215/4215 602/4217/4217
f 552/4216/4216 602/4217/4217 812/4218/4218
f 812/4218/4218 602/4217/4217 618/4219/4219
f 851/4212/4212 840/4220/4220 603/4215/4215
f 812/4218/4218 560/4221/4221 552/4216/4216
f 552/4216/4216 560/4221/4221 553/4222/4222
f 50/4223/4223 528/4224/4224 49/4225/4225
f 49/4225/4225 528/4224/4224 530/4226/4226
f 530/4226/4226 528/4224/4224 529/4227/4227
f 530/4226/4226 529/4227/4227 47/4228/4228
f 47/4228/4228 529/4227/4227 42/4229/4229
f 47/4228/4228 42/4229/4229 48/4230/4230
f 529/4227/4227 1031/4231/4231 42/4229/4229
f 42/4229/4229 1031/4231/4231 1032/4232/4232
f 42/4229/4229 1032/4232/4232 1033/4233/4233
f 1033/4233/4233 1034/4234/4234 42/4229/4229
f 42/4229/4229 1034/4234/4234 1035/4235/4235
f 42/4229/4229 1035/4235/4235 1030/4236/4236
f 537/4237/4237 20/4238/4238 1030/4236/4236
f 1030/4236/4236 20/4238/4238 39/4239/4239
f 1030/4236/4236 39/4239/4239 42/4229/4229
f 16/4240/4240 15/4241/4241 537/4237/4237
f 537/4237/4237 15/4241/4241 20/4238/4238
f 852/4242/4242 851/4243/4243 1030/4244/4244
f 859/4245/4245 529/4246/4246 454/4247/4247
f 1031/4248/4248 529/4249/4249 859/4250/4250
f 1034/4251/4251 1036/4252/4252 1035/4253/4253
f 1035/4253/4253 1036/4252/4252 1037/4254/4254
f 1033/4255/4255 1038/4256/4256 1034/4257/4257
f 1034/4257/4257 1038/4256/4256 1036/4258/4258
f 1032/4259/4259 1039/4260/4260 1033/4261/4261
f 1033/4261/4261 1039/4260/4260 1038/4262/4262
f 1031/4263/4263 1040/4264/4264 1032/4265/4265
f 1032/4265/4265 1040/4264/4264 1039/4266/4266
f 859/4267/4267 1040/4268/4268 1031/4269/4269
f 858/4270/4270 1040/4271/4271 859/4272/4272
f 857/4273/4273 1040/4274/4274 858/4275/4275
f 857/4276/4276 1039/4277/4277 1040/4278/4278
f 856/4279/4279 1039/4280/4280 857/4281/4281
f 856/4282/4282 1038/4283/4283 1039/4284/4284
f 855/4285/4285 1038/4286/4286 856/4287/4287
f 854/4288/4288 1038/4289/4289 855/4290/4290
f 854/4291/4291 1036/4292/4292 1038/4293/4293
f 853/4294/4294 1036/4295/4295 854/4296/4296
f 853/4297/4297 1037/4298/4298 1036/4299/4299
f 852/4300/4300 1037/4301/4301 853/4302/4302
f 1030/4303/4303 1037/4304/4304 852/4305/4305
f 1035/4306/4306 1037/4307/4307 1030/4308/4308
# 1040 vertices
# 4308 texture params
# 4308 normals
# 2092 facets

# 1 groups
